Case_ID,Case_Sequence,Mine,Date,Year,Month,Planned_Production_Tonnes,Actual_Production_Tonnes,Production_Shortfall_Tonnes,Shortfall_Percentage,Operational_Efficiency,Equipment_Availability,Weather_Impact,Shortfall_Risk,Equipment_ID,Equipment_Type,Failure_Mode,Component_Failed,Downtime_Hours,Maintenance_Type,Was_Scheduled,Failure_Severity,Temperature_C,Precipitation_mm,Wind_Speed_m_s,Soil_Moisture_0_100cm_pct,Rock_Type,Transition_Zone,Rotation_Pressure_Variance,Primary_Cause_Category,Problem_Identified,Action_Taken,Action_Outcome,Action_Status,Follow_Up_Action,Weather_Data_Basis,Equipment_Data_Basis,Rock_Data_Basis
CASE-BAL-202001-0001,1,Balaghat,2020-01-01,2020,1,14583.94,12661.6,1922.34,13.18,0.99,0.933,0.94,Medium,UNIT-4088,haul_truck,preventive,oil_change,2.9,preventive,True,routine,15.58,0.0,2.23,41.0,Rhomb_porphyry,False,77.17,Weather,"Weather impact score 0.94 — rainfall 0.0mm, wind 2.2 m/s, soil moisture (0-100cm) 41.0%, affecting haul-road and pit access (2025 seasonal pattern used as proxy for this calendar date).",Haulage rescheduled around peak rainfall hours; drainage and access-road reinforcement carried out.,Failed,Escalated,Escalate: Contingency haulage plan activated (alternate route / stockpile buffer) until conditions normalise.,Proxy (2025 same-calendar-date pattern),"Proxy (global reference dataset, not MOIL-specific)","Proxy (generic MWD reference dataset, not MOIL-specific)"
CASE-BAL-202001-0002,2,Balaghat,2020-01-05,2020,1,14583.94,12661.6,1922.34,13.18,0.99,0.933,0.94,Medium,UNIT-4088,haul_truck,preventive,oil_change,2.9,preventive,True,routine,15.58,0.0,2.23,41.0,Rhomb_porphyry,False,77.17,Weather,Issue persists after initial action ('Haulage rescheduled around peak rainfall hours; drainage and access-road reinforcement carried out.') did not fully resolve it.,Contingency haulage plan activated (alternate route / stockpile buffer) until conditions normalise.,Reduced,In Progress,Re-inspect within 7 days; escalate if shortfall persists.,Proxy (2025 same-calendar-date pattern),"Proxy (global reference dataset, not MOIL-specific)","Proxy (generic MWD reference dataset, not MOIL-specific)"
CASE-BEL-202001-0003,1,Beldongri,2020-01-01,2020,1,6239.27,3885.28,2354.0,37.73,0.831,0.765,0.98,High,UNIT-7773,haul_truck,electrical,alternator,24.0,corrective,False,major,17.14,0.0,2.41,35.3,Rhomb_porphyry,False,102.112,Equipment,"Equipment availability below target. haul truck (UNIT-7773) recorded a major 'electrical' issue affecting the alternator; 24.0h downtime, unscheduled corrective maintenance logged.",Emergency corrective maintenance dispatched; haul truck isolated from production circuit until repaired.,Reduced,In Progress,Re-inspect within 7 days; escalate if shortfall persists.,Proxy (2025 same-calendar-date pattern),"Proxy (global reference dataset, not MOIL-specific)","Proxy (generic MWD reference dataset, not MOIL-specific)"
CASE-BEL-202001-0004,2,Beldongri,2020-01-10,2020,1,6239.27,3885.28,2354.0,37.73,0.831,0.765,0.98,High,UNIT-7773,haul_truck,electrical,alternator,24.0,corrective,False,major,17.14,0.0,2.41,35.3,Rhomb_porphyry,False,102.112,Equipment,Issue persists after initial action ('Emergency corrective maintenance dispatched; haul truck isolated from production circuit until repaired.') did not fully resolve it.,Component replacement / major overhaul scheduled; equipment flagged for engineering review.,Resolved,Successful,Continue routine monitoring; no further action required.,Proxy (2025 same-calendar-date pattern),"Proxy (global reference dataset, not MOIL-specific)","Proxy (generic MWD reference dataset, not MOIL-specific)"
CASE-CHI-202001-0005,1,Chikla,2020-01-01,2020,1,8391.7,5940.04,2451.66,29.22,0.942,0.755,0.995,High,UNIT-8438,pump,seal,general_component,6.3,major_overhaul,True,major,17.75,0.0,2.2,39.900000000000006,Granittic_gneiss,True,637.312,Equipment,"Equipment availability below target. pump (UNIT-8438) recorded a major 'seal' issue affecting the general component; 6.3h downtime, scheduled major_overhaul maintenance logged.",Preventive/predictive maintenance carried out on general component per maintenance schedule.,Reduced,In Progress,Re-inspect within 7 days; escalate if shortfall persists.,Proxy (2025 same-calendar-date pattern),"Proxy (global reference dataset, not MOIL-specific)","Proxy (generic MWD reference dataset, not MOIL-specific)"
CASE-DON-202001-0006,1,Dongri Buzurg,2020-01-01,2020,1,11445.17,6730.45,4714.72,41.19,0.842,0.795,0.878,High,UNIT-3595,grader,transmission,torque_converter,5.3,corrective,False,minor,17.14,0.0,2.41,32.5,Granittic_gneiss,False,129.166,Operational/Workforce,"Operational efficiency at 0.84, below target — indicates shift, workflow or crew utilisation gap.","Shift roster reallocated, additional crew deployed to bottleneck section, workflow reviewed with site supervisor.",Reduced,In Progress,Re-inspect within 7 days; escalate if shortfall persists.,Proxy (2025 same-calendar-date pattern),"Proxy (global reference dataset, not MOIL-specific)","Proxy (generic MWD reference dataset, not MOIL-specific)"
CASE-DON-202001-0007,2,Dongri Buzurg,2020-01-05,2020,1,11445.17,6730.45,4714.72,41.19,0.842,0.795,0.878,High,UNIT-3595,grader,transmission,torque_converter,5.3,corrective,False,minor,17.14,0.0,2.41,32.5,Granittic_gneiss,False,129.166,Operational/Workforce,"Issue persists after initial action ('Shift roster reallocated, additional crew deployed to bottleneck section, workflow reviewed with site supervisor.') did not fully resolve it.",Escalated to operations manager for full process and staffing audit.,Reduced,In Progress,Re-inspect within 7 days; escalate if shortfall persists.,Proxy (2025 same-calendar-date pattern),"Proxy (global reference dataset, not MOIL-specific)","Proxy (generic MWD reference dataset, not MOIL-specific)"
CASE-GUM-202001-0008,1,Gumgaon,2020-01-01,2020,1,7240.06,5023.79,2216.26,30.61,0.905,0.858,0.894,High,UNIT-3793,conveyor,motor,general_component,4.5,corrective,False,minor,17.43,0.0,2.05,35.6,Blackshale,False,124.719,Weather,"Weather impact score 0.89 — rainfall 0.0mm, wind 2.0 m/s, soil moisture (0-100cm) 35.6%, affecting haul-road and pit access (2025 seasonal pattern used as proxy for this calendar date).",Operations continued with adjusted shift timing to work around weather window.,Failed,Escalated,Escalate: Contingency haulage plan activated (alternate route / stockpile buffer) until conditions normalise.,Proxy (2025 same-calendar-date pattern),"Proxy (global reference dataset, not MOIL-specific)","Proxy (generic MWD reference dataset, not MOIL-specific)"
CASE-GUM-202001-0009,2,Gumgaon,2020-01-09,2020,1,7240.06,5023.79,2216.26,30.61,0.905,0.858,0.894,High,UNIT-3793,conveyor,motor,general_component,4.5,corrective,False,minor,17.43,0.0,2.05,35.6,Blackshale,False,124.719,Weather,Issue persists after initial action ('Operations continued with adjusted shift timing to work around weather window.') did not fully resolve it.,Contingency haulage plan activated (alternate route / stockpile buffer) until conditions normalise.,Reduced,In Progress,Re-inspect within 7 days; escalate if shortfall persists.,Proxy (2025 same-calendar-date pattern),"Proxy (global reference dataset, not MOIL-specific)","Proxy (generic MWD reference dataset, not MOIL-specific)"
CASE-KAN-202001-0010,1,Kandri,2020-01-01,2020,1,7467.21,4604.49,2862.73,38.34,0.828,0.823,0.905,High,UNIT-3568,pump,casing,general_component,1.4,predictive,False,routine,17.14,0.0,2.41,35.5,Granittic_gneiss,False,541.872,Operational/Workforce,"Operational efficiency at 0.83, below target — indicates shift, workflow or crew utilisation gap.","Shift roster reallocated, additional crew deployed to bottleneck section, workflow reviewed with site supervisor.",Resolved,Successful,Continue routine monitoring; no further action required.,Proxy (2025 same-calendar-date pattern),"Proxy (global reference dataset, not MOIL-specific)","Proxy (generic MWD reference dataset, not MOIL-specific)"
CASE-MUN-202001-0011,1,Munsar,2020-01-01,2020,1,6433.15,4566.05,1867.1,29.02,0.957,0.8,0.927,High,UNIT-7773,haul_truck,electrical,alternator,24.0,corrective,False,major,17.14,0.0,2.41,35.5,Granittic_gneiss,False,188.342,Equipment,"Equipment availability below target. haul truck (UNIT-7773) recorded a major 'electrical' issue affecting the alternator; 24.0h downtime, unscheduled corrective maintenance logged.",Emergency corrective maintenance dispatched; haul truck isolated from production circuit until repaired.,Reduced,In Progress,Re-inspect within 7 days; escalate if shortfall persists.,Proxy (2025 same-calendar-date pattern),"Proxy (global reference dataset, not MOIL-specific)","Proxy (generic MWD reference dataset, not MOIL-specific)"
CASE-SIT-202001-0012,1,Sitapatore,2020-01-01,2020,1,7452.86,4762.93,2689.93,36.09,0.809,0.902,0.876,High,UNIT-2813,haul_truck,engine,cooling_system,6.1,corrective,False,minor,17.14,0.0,2.41,36.0,Granittic_gneiss,False,148.765,Operational/Workforce,"Operational efficiency at 0.81, below target — indicates shift, workflow or crew utilisation gap.","Shift roster reallocated, additional crew deployed to bottleneck section, workflow reviewed with site supervisor.",Resolved,Successful,Continue routine monitoring; no further action required.,Proxy (2025 same-calendar-date pattern),"Proxy (global reference dataset, not MOIL-specific)","Proxy (generic MWD reference dataset, not MOIL-specific)"
CASE-UKW-202001-0013,1,Ukwa,2020-01-01,2020,1,11765.54,8135.28,3630.26,30.86,0.82,0.921,0.916,High,UNIT-5452,excavator,preventive,adjustment,4.1,preventive,True,routine,15.94,0.0,1.77,34.699999999999996,Elnes_lime_shale,False,51.204,Operational/Workforce,"Operational efficiency at 0.82, below target — indicates shift, workflow or crew utilisation gap.","Shift roster reallocated, additional crew deployed to bottleneck section, workflow reviewed with site supervisor.",Resolved,Successful,Continue routine monitoring; no further action required.,Proxy (2025 same-calendar-date pattern),"Proxy (global reference dataset, not MOIL-specific)","Proxy (generic MWD reference dataset, not MOIL-specific)"
CASE-BAL-202002-0014,1,Balaghat,2020-02-01,2020,2,14211.01,9560.16,4650.85,32.73,0.899,0.759,0.986,High,UNIT-8815,haul_truck,electrical,wiring,6.3,corrective,False,minor,23.89,0.0,1.79,35.699999999999996,Augen_gneiss,False,160.008,Equipment,"Equipment availability below target. haul truck (UNIT-8815) recorded a minor 'electrical' issue affecting the wiring; 6.3h downtime, unscheduled corrective maintenance logged.",Corrective maintenance performed on wiring.,Reduced,In Progress,Re-inspect within 7 days; escalate if shortfall persists.,Proxy (2025 same-calendar-date pattern),"Proxy (global reference dataset, not MOIL-specific)","Proxy (generic MWD reference dataset, not MOIL-specific)"
CASE-BEL-202002-0015,1,Beldongri,2020-02-01,2020,2,6305.67,4517.81,1787.87,28.35,0.933,0.828,0.928,High,UNIT-5583,haul_truck,preventive,inspection,1.8,preventive,True,routine,24.97,0.0,1.66,27.6,Blackshale,False,60.453,Equipment,"Equipment availability below target. haul truck (UNIT-5583) recorded a routine 'preventive' issue affecting the inspection; 1.8h downtime, scheduled preventive maintenance logged.",Preventive/predictive maintenance carried out on inspection per maintenance schedule.,Resolved,Successful,Continue routine monitoring; no further action required.,Proxy (2025 same-calendar-date pattern),"Proxy (global reference dataset, not MOIL-specific)","Proxy (generic MWD reference dataset, not MOIL-specific)"
CASE-CHI-202002-0016,1,Chikla,2020-02-01,2020,2,8346.5,6698.82,1647.68,19.74,0.837,0.992,0.966,Medium,UNIT-6861,haul_truck,preventive,inspection,3.1,preventive,True,routine,25.63,0.0,1.6,32.6,Elnes_lime_shale,False,114.345,Operational/Workforce,"Operational efficiency at 0.84, below target — indicates shift, workflow or crew utilisation gap.","Shift roster reallocated, additional crew deployed to bottleneck section, workflow reviewed with site supervisor.",Resolved,Successful,Continue routine monitoring; no further action required.,Proxy (2025 same-calendar-date pattern),"Proxy (global reference dataset, not MOIL-specific)","Proxy (generic MWD reference dataset, not MOIL-specific)"
CASE-DON-202002-0017,1,Dongri Buzurg,2020-02-01,2020,2,11563.75,10063.19,1500.56,12.98,0.979,0.899,0.988,Medium,UNIT-4288,haul_truck,transmission,driveshaft,10.3,predictive,False,minor,24.97,0.0,1.66,28.299999999999997,Granittic_gneiss,True,135.756,Geological/Drilling,"Drilling data flags a transition/variable rock zone (Rock type: Granittic_gneiss, rotation-pressure variance 135.8) — likely reduced penetration rate slowing blast-hole completion. [Hypothesis from generic MWD reference data — not yet validated against MOIL's own geology.]",Drill parameters and blast pattern adjusted for harder/variable rock; additional bit changes scheduled.,Resolved,Successful,Continue routine monitoring; no further action required.,Proxy (2025 same-calendar-date pattern),"Proxy (global reference dataset, not MOIL-specific)","Proxy (generic MWD reference dataset, not MOIL-specific)"
CASE-GUM-202002-0018,1,Gumgaon,2020-02-01,2020,2,7080.73,4065.97,3014.76,42.58,0.839,0.761,0.899,High,UNIT-1043,excavator,bucket,general_component,34.4,major_overhaul,True,major,24.32,0.0,1.67,30.3,Granittic_gneiss,False,50.624,Equipment,"Equipment availability below target. excavator (UNIT-1043) recorded a major 'bucket' issue affecting the general component; 34.4h downtime, scheduled major_overhaul maintenance logged.","Action scheduled, not yet executed.",Not Yet Assessed,Pending,Action logged; awaiting execution and outcome review.,Proxy (2025 same-calendar-date pattern),"Proxy (global reference dataset, not MOIL-specific)","Proxy (generic MWD reference dataset, not MOIL-specific)"
CASE-KAN-202002-0019,1,Kandri,2020-02-01,2020,2,7302.41,5395.0,1907.41,26.12,0.854,0.957,0.904,High,UNIT-9101,haul_truck,preventive,oil_change,8.8,preventive,True,minor,24.97,0.0,1.66,33.300000000000004,Amphibolittic_gneiss,False,140.675,Operational/Workforce,"Operational efficiency at 0.85, below target — indicates shift, workflow or crew utilisation gap.","Shift roster reallocated, additional crew deployed to bottleneck section, workflow reviewed with site supervisor.",Reduced,In Progress,Re-inspect within 7 days; escalate if shortfall persists.,Proxy (2025 same-calendar-date pattern),"Proxy (global reference dataset, not MOIL-specific)","Proxy (generic MWD reference dataset, not MOIL-specific)"
CASE-MUN-202002-0020,1,Munsar,2020-02-01,2020,2,6319.99,4374.99,1945.0,30.78,0.909,0.785,0.97,High,UNIT-3938,drill_rig,preventive,adjustment,3.0,preventive,True,routine,24.97,0.0,1.66,33.300000000000004,Granittic_gneiss,True,144.128,Equipment,"Equipment availability below target. drill rig (UNIT-3938) recorded a routine 'preventive' issue affecting the adjustment; 3.0h downtime, scheduled preventive maintenance logged.",Preventive/predictive maintenance carried out on adjustment per maintenance schedule.,Resolved,Successful,Continue routine monitoring; no further action required.,Proxy (2025 same-calendar-date pattern),"Proxy (global reference dataset, not MOIL-specific)","Proxy (generic MWD reference dataset, not MOIL-specific)"
CASE-SIT-202002-0021,1,Sitapatore,2020-02-01,2020,2,7070.44,5851.04,1219.39,17.25,0.997,0.943,0.88,Medium,UNIT-1004,haul_truck,preventive,adjustment,4.5,preventive,True,minor,24.97,0.0,1.66,31.3,Rhomb_porphyry,False,56.821,Weather,"Weather impact score 0.88 — rainfall 0.0mm, wind 1.7 m/s, soil moisture (0-100cm) 31.3%, affecting haul-road and pit access (2025 seasonal pattern used as proxy for this calendar date).",Operations continued with adjusted shift timing to work around weather window.,Reduced,In Progress,Re-inspect within 7 days; escalate if shortfall persists.,Proxy (2025 same-calendar-date pattern),"Proxy (global reference dataset, not MOIL-specific)","Proxy (generic MWD reference dataset, not MOIL-specific)"
CASE-TIR-202002-0022,1,Tirodi,2020-02-01,2020,2,10529.19,9015.43,1513.76,14.38,0.963,0.927,0.959,Medium,UNIT-4688,excavator,undercarriage,general_component,3.8,predictive,False,routine,25.63,0.0,1.6,27.800000000000004,Amphibolittic_gneiss,False,330.017,Weather,"Weather impact score 0.96 — rainfall 0.0mm, wind 1.6 m/s, soil moisture (0-100cm) 27.8%, affecting haul-road and pit access (2025 seasonal pattern used as proxy for this calendar date).",Operations continued with adjusted shift timing to work around weather window.,Reduced,In Progress,Re-inspect within 7 days; escalate if shortfall persists.,Proxy (2025 same-calendar-date pattern),"Proxy (global reference dataset, not MOIL-specific)","Proxy (generic MWD reference dataset, not MOIL-specific)"
CASE-UKW-202002-0023,1,Ukwa,2020-02-01,2020,2,12325.52,7313.95,5011.58,40.66,0.815,0.84,0.867,High,UNIT-2413,excavator,bucket,general_component,35.5,corrective,False,major,23.79,0.0,1.76,38.2,Augen_gneiss,True,215.689,Operational/Workforce,"Operational efficiency at 0.81, below target — indicates shift, workflow or crew utilisation gap.","Action scheduled, not yet executed.",Not Yet Assessed,Pending,Action logged; awaiting execution and outcome review.,Proxy (2025 same-calendar-date pattern),"Proxy (global reference dataset, not MOIL-specific)","Proxy (generic MWD reference dataset, not MOIL-specific)"
CASE-BAL-202003-0024,1,Balaghat,2020-03-01,2020,3,17346.24,11480.26,5865.99,33.82,0.925,0.833,0.86,High,UNIT-9134,loader,preventive,inspection,2.5,preventive,True,routine,26.55,0.0,1.98,32.2,Granittic_gneiss,False,139.822,Weather,"Weather impact score 0.86 — rainfall 0.0mm, wind 2.0 m/s, soil moisture (0-100cm) 32.2%, affecting haul-road and pit access (2025 seasonal pattern used as proxy for this calendar date).",Operations continued with adjusted shift timing to work around weather window.,Reduced,In Progress,Re-inspect within 7 days; escalate if shortfall persists.,Proxy (2025 same-calendar-date pattern),"Proxy (global reference dataset, not MOIL-specific)","Proxy (generic MWD reference dataset, not MOIL-specific)"
CASE-BEL-202003-0025,1,Beldongri,2020-03-01,2020,3,7184.66,5479.82,1704.84,23.73,0.865,0.932,0.946,Medium,UNIT-2587,grader,blade,general_component,15.7,corrective,False,major,27.32,0.0,1.79,28.000000000000004,Blackshale,False,149.66,Operational/Workforce,"Operational efficiency at 0.86, below target — indicates shift, workflow or crew utilisation gap.","Shift roster reallocated, additional crew deployed to bottleneck section, workflow reviewed with site supervisor.",Resolved,Successful,Continue routine monitoring; no further action required.,Proxy (2025 same-calendar-date pattern),"Proxy (global reference dataset, not MOIL-specific)","Proxy (generic MWD reference dataset, not MOIL-specific)"
CASE-CHI-202003-0026,1,Chikla,2020-03-01,2020,3,9779.96,6528.81,3251.15,33.24,0.894,0.78,0.957,High,UNIT-9647,excavator,engine,head_gasket,33.2,corrective,False,major,27.43,0.0,1.68,30.7,Granittic_gneiss,True,94.821,Equipment,"Equipment availability below target. excavator (UNIT-9647) recorded a major 'engine' issue affecting the head gasket; 33.2h downtime, unscheduled corrective maintenance logged.",Emergency corrective maintenance dispatched; excavator isolated from production circuit until repaired.,Reduced,In Progress,Re-inspect within 7 days; escalate if shortfall persists.,Proxy (2025 same-calendar-date pattern),"Proxy (global reference dataset, not MOIL-specific)","Proxy (generic MWD reference dataset, not MOIL-specific)"
CASE-DON-202003-0027,1,Dongri Buzurg,2020-03-01,2020,3,12881.23,10236.96,2644.27,20.53,0.912,0.943,0.924,Medium,UNIT-6431,loader,engine,turbo,12.1,corrective,False,minor,27.32,0.0,1.79,28.299999999999997,Granittic_gneiss,False,142.339,Operational/Workforce,"Operational efficiency at 0.91, below target — indicates shift, workflow or crew utilisation gap.","Shift roster reallocated, additional crew deployed to bottleneck section, workflow reviewed with site supervisor.",Reduced,In Progress,Re-inspect within 7 days; escalate if shortfall persists.,Proxy (2025 same-calendar-date pattern),"Proxy (global reference dataset, not MOIL-specific)","Proxy (generic MWD reference dataset, not MOIL-specific)"
CASE-DON-202003-0028,2,Dongri Buzurg,2020-03-04,2020,3,12881.23,10236.96,2644.27,20.53,0.912,0.943,0.924,Medium,UNIT-6431,loader,engine,turbo,12.1,corrective,False,minor,27.32,0.0,1.79,28.299999999999997,Granittic_gneiss,False,142.339,Operational/Workforce,"Issue persists after initial action ('Shift roster reallocated, additional crew deployed to bottleneck section, workflow reviewed with site supervisor.') did not fully resolve it.",Escalated to operations manager for full process and staffing audit.,Resolved,Successful,Continue routine monitoring; no further action required.,Proxy (2025 same-calendar-date pattern),"Proxy (global reference dataset, not MOIL-specific)","Proxy (generic MWD reference dataset, not MOIL-specific)"
CASE-GUM-202003-0029,1,Gumgaon,2020-03-01,2020,3,8388.26,4866.31,3521.95,41.99,0.886,0.756,0.866,High,UNIT-8768,conveyor,belt,general_component,7.5,corrective,False,major,26.9,0.0,1.91,28.9,Augen_gneiss,True,159.417,Equipment,"Equipment availability below target. conveyor (UNIT-8768) recorded a major 'belt' issue affecting the general component; 7.5h downtime, unscheduled corrective maintenance logged.",Emergency corrective maintenance dispatched; conveyor isolated from production circuit until repaired.,Resolved,Successful,Continue routine monitoring; no further action required.,Proxy (2025 same-calendar-date pattern),"Proxy (global reference dataset, not MOIL-specific)","Proxy (generic MWD reference dataset, not MOIL-specific)"
CASE-KAN-202003-0030,1,Kandri,2020-03-01,2020,3,7977.07,5677.27,2299.8,28.83,0.927,0.829,0.926,High,UNIT-4393,haul_truck,tires,rear_right,20.2,corrective,False,major,27.32,0.0,1.79,31.0,Elnes_lime_shale,True,52.561,Geological/Drilling,"Drilling data flags a transition/variable rock zone (Rock type: Elnes_lime_shale, rotation-pressure variance 52.6) — likely reduced penetration rate slowing blast-hole completion. [Hypothesis from generic MWD reference data — not yet validated against MOIL's own geology.]",Drill parameters and blast pattern adjusted for harder/variable rock; additional bit changes scheduled.,Reduced,In Progress,Re-inspect within 7 days; escalate if shortfall persists.,Proxy (2025 same-calendar-date pattern),"Proxy (global reference dataset, not MOIL-specific)","Proxy (generic MWD reference dataset, not MOIL-specific)"
CASE-MUN-202003-0031,1,Munsar,2020-03-01,2020,3,7621.54,5319.97,2301.58,30.2,0.85,0.853,0.963,High,UNIT-1125,conveyor,preventive,oil_change,0.9,preventive,True,routine,27.32,0.0,1.79,31.0,Amphibolittic_gneiss,True,206.37,Geological/Drilling,"Drilling data flags a transition/variable rock zone (Rock type: Amphibolittic_gneiss, rotation-pressure variance 206.4) — likely reduced penetration rate slowing blast-hole completion. [Hypothesis from generic MWD reference data — not yet validated against MOIL's own geology.]",Drill parameters and blast pattern adjusted for harder/variable rock; additional bit changes scheduled.,Reduced,In Progress,Re-inspect within 7 days; escalate if shortfall persists.,Proxy (2025 same-calendar-date pattern),"Proxy (global reference dataset, not MOIL-specific)","Proxy (generic MWD reference dataset, not MOIL-specific)"
CASE-SIT-202003-0032,1,Sitapatore,2020-03-01,2020,3,8142.26,4773.3,3368.95,41.38,0.815,0.822,0.874,High,UNIT-8952,haul_truck,electrical,starter,14.0,corrective,False,major,27.32,0.0,1.79,30.4,Huk_limestone,True,98.762,Operational/Workforce,"Operational efficiency at 0.81, below target — indicates shift, workflow or crew utilisation gap.","Shift roster reallocated, additional crew deployed to bottleneck section, workflow reviewed with site supervisor.",Failed,Escalated,Escalate: Escalated to operations manager for full process and staffing audit.,Proxy (2025 same-calendar-date pattern),"Proxy (global reference dataset, not MOIL-specific)","Proxy (generic MWD reference dataset, not MOIL-specific)"
CASE-SIT-202003-0033,2,Sitapatore,2020-03-04,2020,3,8142.26,4773.3,3368.95,41.38,0.815,0.822,0.874,High,UNIT-8952,haul_truck,electrical,starter,14.0,corrective,False,major,27.32,0.0,1.79,30.4,Huk_limestone,True,98.762,Operational/Workforce,"Issue persists after initial action ('Shift roster reallocated, additional crew deployed to bottleneck section, workflow reviewed with site supervisor.') did not fully resolve it.",Escalated to operations manager for full process and staffing audit.,Failed,Escalated,Escalate: Escalated to operations manager for full process and staffing audit.,Proxy (2025 same-calendar-date pattern),"Proxy (global reference dataset, not MOIL-specific)","Proxy (generic MWD reference dataset, not MOIL-specific)"
CASE-TIR-202003-0034,1,Tirodi,2020-03-01,2020,3,13093.28,11216.37,1876.92,14.33,0.962,0.908,0.981,Medium,UNIT-5854,haul_truck,preventive,oil_change,3.3,preventive,True,routine,27.43,0.0,1.68,28.000000000000004,Blackshale,True,61.441,Geological/Drilling,"Drilling data flags a transition/variable rock zone (Rock type: Blackshale, rotation-pressure variance 61.4) — likely reduced penetration rate slowing blast-hole completion. [Hypothesis from generic MWD reference data — not yet validated against MOIL's own geology.]",Drill parameters and blast pattern adjusted for harder/variable rock; additional bit changes scheduled.,Failed,Escalated,Escalate: Escalated to geology/blast engineering team for re-survey of the zone.,Proxy (2025 same-calendar-date pattern),"Proxy (global reference dataset, not MOIL-specific)","Proxy (generic MWD reference dataset, not MOIL-specific)"
CASE-TIR-202003-0035,2,Tirodi,2020-03-05,2020,3,13093.28,11216.37,1876.92,14.33,0.962,0.908,0.981,Medium,UNIT-5854,haul_truck,preventive,oil_change,3.3,preventive,True,routine,27.43,0.0,1.68,28.000000000000004,Blackshale,True,61.441,Geological/Drilling,Issue persists after initial action ('Drill parameters and blast pattern adjusted for harder/variable rock; additional bit changes scheduled.') did not fully resolve it.,Escalated to geology/blast engineering team for re-survey of the zone.,Reduced,In Progress,Re-inspect within 7 days; escalate if shortfall persists.,Proxy (2025 same-calendar-date pattern),"Proxy (global reference dataset, not MOIL-specific)","Proxy (generic MWD reference dataset, not MOIL-specific)"
CASE-UKW-202003-0036,1,Ukwa,2020-03-01,2020,3,14012.99,10629.14,3383.85,24.15,0.837,0.973,0.931,Medium,UNIT-9631,drill_rig,rotation,general_component,2.1,predictive,False,routine,25.93,0.0,1.94,32.2,Granittic_gneiss,False,120.197,Operational/Workforce,"Operational efficiency at 0.84, below target — indicates shift, workflow or crew utilisation gap.","Shift roster reallocated, additional crew deployed to bottleneck section, workflow reviewed with site supervisor.",Resolved,Successful,Continue routine monitoring; no further action required.,Proxy (2025 same-calendar-date pattern),"Proxy (global reference dataset, not MOIL-specific)","Proxy (generic MWD reference dataset, not MOIL-specific)"
CASE-BAL-202004-0037,1,Balaghat,2020-04-01,2020,4,16238.18,11428.95,4809.24,29.62,0.979,0.83,0.867,High,UNIT-1803,haul_truck,electrical,alternator,17.4,corrective,False,major,30.71,0.0,1.71,27.3,Hagaberg_shale,True,114.449,Geological/Drilling,"Drilling data flags a transition/variable rock zone (Rock type: Hagaberg_shale, rotation-pressure variance 114.4) — likely reduced penetration rate slowing blast-hole completion. [Hypothesis from generic MWD reference data — not yet validated against MOIL's own geology.]",Drill parameters and blast pattern adjusted for harder/variable rock; additional bit changes scheduled.,Resolved,Successful,Continue routine monitoring; no further action required.,Proxy (2025 same-calendar-date pattern),"Proxy (global reference dataset, not MOIL-specific)","Proxy (generic MWD reference dataset, not MOIL-specific)"
CASE-BEL-202004-0038,1,Beldongri,2020-04-01,2020,4,6704.79,5548.1,1156.69,17.25,0.885,0.955,0.979,Medium,UNIT-5583,haul_truck,preventive,inspection,1.8,preventive,True,routine,31.24,0.0,1.79,27.900000000000002,Drammensgranite,False,203.439,Operational/Workforce,"Operational efficiency at 0.89, below target — indicates shift, workflow or crew utilisation gap.","Shift roster reallocated, additional crew deployed to bottleneck section, workflow reviewed with site supervisor.",Resolved,Successful,Continue routine monitoring; no further action required.,Proxy (2025 same-calendar-date pattern),"Proxy (global reference dataset, not MOIL-specific)","Proxy (generic MWD reference dataset, not MOIL-specific)"
CASE-CHI-202004-0039,1,Chikla,2020-04-01,2020,4,8424.62,5735.65,2688.98,31.92,0.902,0.854,0.883,High,UNIT-4297,crusher,shaft,general_component,25.6,predictive,False,minor,31.42,0.0,1.63,34.1,Granittic_gneiss,False,129.931,Weather,"Weather impact score 0.88 — rainfall 0.0mm, wind 1.6 m/s, soil moisture (0-100cm) 34.1%, affecting haul-road and pit access (2025 seasonal pattern used as proxy for this calendar date).",Operations continued with adjusted shift timing to work around weather window.,Reduced,In Progress,Re-inspect within 7 days; escalate if shortfall persists.,Proxy (2025 same-calendar-date pattern),"Proxy (global reference dataset, not MOIL-specific)","Proxy (generic MWD reference dataset, not MOIL-specific)"
CASE-DON-202004-0040,1,Dongri Buzurg,2020-04-01,2020,4,11366.24,8733.0,2633.24,23.17,0.868,0.986,0.898,Medium,UNIT-7779,excavator,preventive,oil_change,2.8,preventive,True,routine,31.24,0.0,1.79,32.6,Elnes_lime_shale,False,53.29,Operational/Workforce,"Operational efficiency at 0.87, below target — indicates shift, workflow or crew utilisation gap.","Shift roster reallocated, additional crew deployed to bottleneck section, workflow reviewed with site supervisor.",Reduced,In Progress,Re-inspect within 7 days; escalate if shortfall persists.,Proxy (2025 same-calendar-date pattern),"Proxy (global reference dataset, not MOIL-specific)","Proxy (generic MWD reference dataset, not MOIL-specific)"
CASE-DON-202004-0041,2,Dongri Buzurg,2020-04-08,2020,4,11366.24,8733.0,2633.24,23.17,0.868,0.986,0.898,Medium,UNIT-7779,excavator,preventive,oil_change,2.8,preventive,True,routine,31.24,0.0,1.79,32.6,Elnes_lime_shale,False,53.29,Operational/Workforce,"Issue persists after initial action ('Shift roster reallocated, additional crew deployed to bottleneck section, workflow reviewed with site supervisor.') did not fully resolve it.",Escalated to operations manager for full process and staffing audit.,Resolved,Successful,Continue routine monitoring; no further action required.,Proxy (2025 same-calendar-date pattern),"Proxy (global reference dataset, not MOIL-specific)","Proxy (generic MWD reference dataset, not MOIL-specific)"
CASE-GUM-202004-0042,1,Gumgaon,2020-04-01,2020,4,7891.72,6215.62,1676.1,21.24,0.941,0.841,0.996,Medium,UNIT-3380,loader,preventive,filter_replace,2.9,preventive,True,routine,31.26,1.77,1.8,28.299999999999997,Granittic_gneiss,False,53.829,Equipment,"Equipment availability below target. loader (UNIT-3380) recorded a routine 'preventive' issue affecting the filter replace; 2.9h downtime, scheduled preventive maintenance logged.",Preventive/predictive maintenance carried out on filter replace per maintenance schedule.,Resolved,Successful,Continue routine monitoring; no further action required.,Proxy (2025 same-calendar-date pattern),"Proxy (global reference dataset, not MOIL-specific)","Proxy (generic MWD reference dataset, not MOIL-specific)"
CASE-KAN-202004-0043,1,Kandri,2020-04-01,2020,4,8241.19,5484.59,2756.6,33.45,0.85,0.874,0.895,High,UNIT-1953,haul_truck,hydraulics,hose,15.0,corrective,False,major,31.24,0.0,1.79,29.7,Granittic_gneiss,False,198.6,Operational/Workforce,"Operational efficiency at 0.85, below target — indicates shift, workflow or crew utilisation gap.","Shift roster reallocated, additional crew deployed to bottleneck section, workflow reviewed with site supervisor.",Reduced,In Progress,Re-inspect within 7 days; escalate if shortfall persists.,Proxy (2025 same-calendar-date pattern),"Proxy (global reference dataset, not MOIL-specific)","Proxy (generic MWD reference dataset, not MOIL-specific)"
CASE-KAN-202004-0044,2,Kandri,2020-04-10,2020,4,8241.19,5484.59,2756.6,33.45,0.85,0.874,0.895,High,UNIT-1953,haul_truck,hydraulics,hose,15.0,corrective,False,major,31.24,0.0,1.79,29.7,Granittic_gneiss,False,198.6,Operational/Workforce,"Issue persists after initial action ('Shift roster reallocated, additional crew deployed to bottleneck section, workflow reviewed with site supervisor.') did not fully resolve it.",Escalated to operations manager for full process and staffing audit.,Failed,Escalated,Escalate: Escalated to operations manager for full process and staffing audit.,Proxy (2025 same-calendar-date pattern),"Proxy (global reference dataset, not MOIL-specific)","Proxy (generic MWD reference dataset, not MOIL-specific)"
CASE-MUN-202004-0045,1,Munsar,2020-04-01,2020,4,6744.01,4546.95,2197.06,32.58,0.807,0.902,0.925,High,UNIT-6393,conveyor,preventive,filter_replace,5.6,preventive,True,minor,31.24,0.0,1.79,29.7,Granittic_gneiss,False,327.186,Operational/Workforce,"Operational efficiency at 0.81, below target — indicates shift, workflow or crew utilisation gap.","Shift roster reallocated, additional crew deployed to bottleneck section, workflow reviewed with site supervisor.",Resolved,Successful,Continue routine monitoring; no further action required.,Proxy (2025 same-calendar-date pattern),"Proxy (global reference dataset, not MOIL-specific)","Proxy (generic MWD reference dataset, not MOIL-specific)"
CASE-SIT-202004-0046,1,Sitapatore,2020-04-01,2020,4,7523.63,5573.0,1950.62,25.93,0.856,0.977,0.886,High,UNIT-4983,haul_truck,hydraulics,cylinder,16.8,corrective,False,major,31.24,0.0,1.79,29.4,Granittic_gneiss,False,449.184,Operational/Workforce,"Operational efficiency at 0.86, below target — indicates shift, workflow or crew utilisation gap.","Shift roster reallocated, additional crew deployed to bottleneck section, workflow reviewed with site supervisor.",Reduced,In Progress,Re-inspect within 7 days; escalate if shortfall persists.,Proxy (2025 same-calendar-date pattern),"Proxy (global reference dataset, not MOIL-specific)","Proxy (generic MWD reference dataset, not MOIL-specific)"
CASE-SIT-202004-0047,2,Sitapatore,2020-04-10,2020,4,7523.63,5573.0,1950.62,25.93,0.856,0.977,0.886,High,UNIT-4983,haul_truck,hydraulics,cylinder,16.8,corrective,False,major,31.24,0.0,1.79,29.4,Granittic_gneiss,False,449.184,Operational/Workforce,"Issue persists after initial action ('Shift roster reallocated, additional crew deployed to bottleneck section, workflow reviewed with site supervisor.') did not fully resolve it.",Escalated to operations manager for full process and staffing audit.,Resolved,Successful,Continue routine monitoring; no further action required.,Proxy (2025 same-calendar-date pattern),"Proxy (global reference dataset, not MOIL-specific)","Proxy (generic MWD reference dataset, not MOIL-specific)"
CASE-TIR-202004-0048,1,Tirodi,2020-04-01,2020,4,11395.81,9036.34,2359.47,20.7,0.898,0.996,0.886,Medium,UNIT-9385,conveyor,belt,general_component,37.1,corrective,False,critical,31.42,0.0,1.63,30.3,Rhomb_porphyry,True,182.514,Geological/Drilling,"Drilling data flags a transition/variable rock zone (Rock type: Rhomb_porphyry, rotation-pressure variance 182.5) — likely reduced penetration rate slowing blast-hole completion. [Hypothesis from generic MWD reference data — not yet validated against MOIL's own geology.]",Drill parameters and blast pattern adjusted for harder/variable rock; additional bit changes scheduled.,Reduced,In Progress,Re-inspect within 7 days; escalate if shortfall persists.,Proxy (2025 same-calendar-date pattern),"Proxy (global reference dataset, not MOIL-specific)","Proxy (generic MWD reference dataset, not MOIL-specific)"
CASE-UKW-202004-0049,1,Ukwa,2020-04-01,2020,4,13020.33,9627.18,3393.16,26.06,0.952,0.809,0.959,High,UNIT-6720,conveyor,preventive,filter_replace,1.3,preventive,True,routine,30.08,0.0,1.63,23.7,Drammensgranite,False,153.126,Equipment,"Equipment availability below target. conveyor (UNIT-6720) recorded a routine 'preventive' issue affecting the filter replace; 1.3h downtime, scheduled preventive maintenance logged.",Preventive/predictive maintenance carried out on filter replace per maintenance schedule.,Resolved,Successful,Continue routine monitoring; no further action required.,Proxy (2025 same-calendar-date pattern),"Proxy (global reference dataset, not MOIL-specific)","Proxy (generic MWD reference dataset, not MOIL-specific)"
CASE-BAL-202005-0050,1,Balaghat,2020-05-01,2020,5,16517.15,12932.57,3584.58,21.7,0.926,0.908,0.93,Medium,UNIT-8198,crusher,preventive,inspection,10.0,preventive,True,routine,31.5,0.81,3.23,27.6,Amphibolittic_gneiss,True,109.849,Geological/Drilling,"Drilling data flags a transition/variable rock zone (Rock type: Amphibolittic_gneiss, rotation-pressure variance 109.8) — likely reduced penetration rate slowing blast-hole completion. [Hypothesis from generic MWD reference data — not yet validated against MOIL's own geology.]","Action scheduled, not yet executed.",Not Yet Assessed,Pending,Action logged; awaiting execution and outcome review.,Proxy (2025 same-calendar-date pattern),"Proxy (global reference dataset, not MOIL-specific)","Proxy (generic MWD reference dataset, not MOIL-specific)"
CASE-BEL-202005-0051,1,Beldongri,2020-05-01,2020,5,7023.04,4950.43,2072.62,29.51,0.967,0.83,0.878,High,UNIT-5159,excavator,engine,turbo,20.2,corrective,False,major,33.22,0.4,3.06,28.4,Granittic_gneiss,False,224.942,Equipment,"Equipment availability below target. excavator (UNIT-5159) recorded a major 'engine' issue affecting the turbo; 20.2h downtime, unscheduled corrective maintenance logged.",Emergency corrective maintenance dispatched; excavator isolated from production circuit until repaired.,Resolved,Successful,Continue routine monitoring; no further action required.,Proxy (2025 same-calendar-date pattern),"Proxy (global reference dataset, not MOIL-specific)","Proxy (generic MWD reference dataset, not MOIL-specific)"
CASE-CHI-202005-0052,1,Chikla,2020-05-01,2020,5,8983.01,6464.54,2518.47,28.04,0.918,0.919,0.852,High,UNIT-3162,drill_rig,hydraulics,pump,3.6,predictive,False,minor,32.32,1.89,3.15,30.8,Drammensgranite,False,228.938,Weather,"Weather impact score 0.85 — rainfall 1.9mm, wind 3.1 m/s, soil moisture (0-100cm) 30.8%, affecting haul-road and pit access (2025 seasonal pattern used as proxy for this calendar date).",Operations continued with adjusted shift timing to work around weather window.,Reduced,In Progress,Re-inspect within 7 days; escalate if shortfall persists.,Proxy (2025 same-calendar-date pattern),"Proxy (global reference dataset, not MOIL-specific)","Proxy (generic MWD reference dataset, not MOIL-specific)"
CASE-CHI-202005-0053,2,Chikla,2020-05-09,2020,5,8983.01,6464.54,2518.47,28.04,0.918,0.919,0.852,High,UNIT-3162,drill_rig,hydraulics,pump,3.6,predictive,False,minor,32.32,1.89,3.15,30.8,Drammensgranite,False,228.938,Weather,Issue persists after initial action ('Operations continued with adjusted shift timing to work around weather window.') did not fully resolve it.,Contingency haulage plan activated (alternate route / stockpile buffer) until conditions normalise.,Resolved,Successful,Continue routine monitoring; no further action required.,Proxy (2025 same-calendar-date pattern),"Proxy (global reference dataset, not MOIL-specific)","Proxy (generic MWD reference dataset, not MOIL-specific)"
CASE-DON-202005-0054,1,Dongri Buzurg,2020-05-01,2020,5,12569.03,8483.03,4085.99,32.51,0.845,0.911,0.876,High,UNIT-9712,excavator,undercarriage,general_component,14.8,corrective,False,minor,33.22,0.4,3.06,30.4,Granittic_gneiss,True,63.544,Geological/Drilling,"Drilling data flags a transition/variable rock zone (Rock type: Granittic_gneiss, rotation-pressure variance 63.5) — likely reduced penetration rate slowing blast-hole completion. [Hypothesis from generic MWD reference data — not yet validated against MOIL's own geology.]",Drill parameters and blast pattern adjusted for harder/variable rock; additional bit changes scheduled.,Failed,Escalated,Escalate: Escalated to geology/blast engineering team for re-survey of the zone.,Proxy (2025 same-calendar-date pattern),"Proxy (global reference dataset, not MOIL-specific)","Proxy (generic MWD reference dataset, not MOIL-specific)"
CASE-DON-202005-0055,2,Dongri Buzurg,2020-05-09,2020,5,12569.03,8483.03,4085.99,32.51,0.845,0.911,0.876,High,UNIT-9712,excavator,undercarriage,general_component,14.8,corrective,False,minor,33.22,0.4,3.06,30.4,Granittic_gneiss,True,63.544,Geological/Drilling,Issue persists after initial action ('Drill parameters and blast pattern adjusted for harder/variable rock; additional bit changes scheduled.') did not fully resolve it.,Escalated to geology/blast engineering team for re-survey of the zone.,Resolved,Successful,Continue routine monitoring; no further action required.,Proxy (2025 same-calendar-date pattern),"Proxy (global reference dataset, not MOIL-specific)","Proxy (generic MWD reference dataset, not MOIL-specific)"
CASE-GUM-202005-0056,1,Gumgaon,2020-05-01,2020,5,8529.03,6411.79,2117.24,24.82,0.877,0.984,0.871,Medium,UNIT-2406,loader,transmission,clutch,10.4,corrective,False,minor,33.49,0.16,2.42,27.400000000000002,Granittic_gneiss,True,278.089,Geological/Drilling,"Drilling data flags a transition/variable rock zone (Rock type: Granittic_gneiss, rotation-pressure variance 278.1) — likely reduced penetration rate slowing blast-hole completion. [Hypothesis from generic MWD reference data — not yet validated against MOIL's own geology.]",Drill parameters and blast pattern adjusted for harder/variable rock; additional bit changes scheduled.,Reduced,In Progress,Re-inspect within 7 days; escalate if shortfall persists.,Proxy (2025 same-calendar-date pattern),"Proxy (global reference dataset, not MOIL-specific)","Proxy (generic MWD reference dataset, not MOIL-specific)"
CASE-KAN-202005-0057,1,Kandri,2020-05-01,2020,5,8236.22,6526.0,1710.21,20.76,0.823,0.981,0.982,Medium,UNIT-4754,loader,hydraulics,valve,7.6,corrective,False,minor,33.22,0.4,3.06,27.700000000000003,Granittic_gneiss,False,250.323,Operational/Workforce,"Operational efficiency at 0.82, below target — indicates shift, workflow or crew utilisation gap.","Shift roster reallocated, additional crew deployed to bottleneck section, workflow reviewed with site supervisor.",Failed,Escalated,Escalate: Escalated to operations manager for full process and staffing audit.,Proxy (2025 same-calendar-date pattern),"Proxy (global reference dataset, not MOIL-specific)","Proxy (generic MWD reference dataset, not MOIL-specific)"
CASE-KAN-202005-0058,2,Kandri,2020-05-08,2020,5,8236.22,6526.0,1710.21,20.76,0.823,0.981,0.982,Medium,UNIT-4754,loader,hydraulics,valve,7.6,corrective,False,minor,33.22,0.4,3.06,27.700000000000003,Granittic_gneiss,False,250.323,Operational/Workforce,"Issue persists after initial action ('Shift roster reallocated, additional crew deployed to bottleneck section, workflow reviewed with site supervisor.') did not fully resolve it.",Escalated to operations manager for full process and staffing audit.,Resolved,Successful,Continue routine monitoring; no further action required.,Proxy (2025 same-calendar-date pattern),"Proxy (global reference dataset, not MOIL-specific)","Proxy (generic MWD reference dataset, not MOIL-specific)"
CASE-MUN-202005-0059,1,Munsar,2020-05-01,2020,5,7145.82,5931.52,1214.3,16.99,0.932,0.954,0.933,Medium,UNIT-4131,haul_truck,preventive,adjustment,2.0,preventive,True,routine,33.22,0.4,3.06,27.700000000000003,Drammensgranite,False,155.318,Operational/Workforce,"Operational efficiency at 0.93, below target — indicates shift, workflow or crew utilisation gap.","Shift roster reallocated, additional crew deployed to bottleneck section, workflow reviewed with site supervisor.",Resolved,Successful,Continue routine monitoring; no further action required.,Proxy (2025 same-calendar-date pattern),"Proxy (global reference dataset, not MOIL-specific)","Proxy (generic MWD reference dataset, not MOIL-specific)"
CASE-SIT-202005-0060,1,Sitapatore,2020-05-01,2020,5,8394.05,5421.8,2972.25,35.41,0.848,0.773,0.985,High,UNIT-6553,drill_rig,preventive,inspection,2.5,preventive,True,routine,33.22,0.4,3.06,26.200000000000003,Amphibolittic_gneiss,False,201.032,Equipment,"Equipment availability below target. drill rig (UNIT-6553) recorded a routine 'preventive' issue affecting the inspection; 2.5h downtime, scheduled preventive maintenance logged.",Preventive/predictive maintenance carried out on inspection per maintenance schedule.,Failed,Escalated,Escalate: Component replacement / major overhaul scheduled; equipment flagged for engineering review.,Proxy (2025 same-calendar-date pattern),"Proxy (global reference dataset, not MOIL-specific)","Proxy (generic MWD reference dataset, not MOIL-specific)"
CASE-SIT-202005-0061,2,Sitapatore,2020-05-04,2020,5,8394.05,5421.8,2972.25,35.41,0.848,0.773,0.985,High,UNIT-6553,drill_rig,preventive,inspection,2.5,preventive,True,routine,33.22,0.4,3.06,26.200000000000003,Amphibolittic_gneiss,False,201.032,Equipment,Issue persists after initial action ('Preventive/predictive maintenance carried out on inspection per maintenance schedule.') did not fully resolve it.,Component replacement / major overhaul scheduled; equipment flagged for engineering review.,Reduced,In Progress,Re-inspect within 7 days; escalate if shortfall persists.,Proxy (2025 same-calendar-date pattern),"Proxy (global reference dataset, not MOIL-specific)","Proxy (generic MWD reference dataset, not MOIL-specific)"
CASE-TIR-202005-0062,1,Tirodi,2020-05-01,2020,5,13056.52,9113.39,3943.14,30.2,0.927,0.835,0.902,High,UNIT-8839,haul_truck,brakes,general_component,8.2,corrective,False,minor,32.32,1.89,3.15,27.900000000000002,Huk_limestone,False,136.927,Equipment,"Equipment availability below target. haul truck (UNIT-8839) recorded a minor 'brakes' issue affecting the general component; 8.2h downtime, unscheduled corrective maintenance logged.",Corrective maintenance performed on general component.,Failed,Escalated,Escalate: Component replacement / major overhaul scheduled; equipment flagged for engineering review.,Proxy (2025 same-calendar-date pattern),"Proxy (global reference dataset, not MOIL-specific)","Proxy (generic MWD reference dataset, not MOIL-specific)"
CASE-TIR-202005-0063,2,Tirodi,2020-05-07,2020,5,13056.52,9113.39,3943.14,30.2,0.927,0.835,0.902,High,UNIT-8839,haul_truck,brakes,general_component,8.2,corrective,False,minor,32.32,1.89,3.15,27.900000000000002,Huk_limestone,False,136.927,Equipment,Issue persists after initial action ('Corrective maintenance performed on general component.') did not fully resolve it.,Component replacement / major overhaul scheduled; equipment flagged for engineering review.,Resolved,Successful,Continue routine monitoring; no further action required.,Proxy (2025 same-calendar-date pattern),"Proxy (global reference dataset, not MOIL-specific)","Proxy (generic MWD reference dataset, not MOIL-specific)"
CASE-BAL-202006-0064,1,Balaghat,2020-06-01,2020,6,14979.0,7869.51,7109.49,47.46,0.817,0.79,0.814,High,UNIT-3713,excavator,preventive,inspection,5.8,preventive,True,routine,31.56,0.0,4.08,30.9,Granittic_gneiss,False,509.543,Operational/Workforce,"Operational efficiency at 0.82, below target — indicates shift, workflow or crew utilisation gap.","Shift roster reallocated, additional crew deployed to bottleneck section, workflow reviewed with site supervisor.",Resolved,Successful,Continue routine monitoring; no further action required.,Proxy (2025 same-calendar-date pattern),"Proxy (global reference dataset, not MOIL-specific)","Proxy (generic MWD reference dataset, not MOIL-specific)"
CASE-BEL-202006-0065,1,Beldongri,2020-06-01,2020,6,6144.4,3200.97,2943.44,47.9,0.82,0.916,0.693,High,UNIT-5824,crusher,preventive,adjustment,18.2,preventive,True,minor,31.72,0.0,4.71,37.2,Drammensgranite,False,87.595,Weather,"Weather impact score 0.69 — rainfall 0.0mm, wind 4.7 m/s, soil moisture (0-100cm) 37.2%, affecting haul-road and pit access (2025 seasonal pattern used as proxy for this calendar date).",Operations continued with adjusted shift timing to work around weather window.,Reduced,In Progress,Re-inspect within 7 days; escalate if shortfall persists.,Proxy (2025 same-calendar-date pattern),"Proxy (global reference dataset, not MOIL-specific)","Proxy (generic MWD reference dataset, not MOIL-specific)"
CASE-CHI-202006-0066,1,Chikla,2020-06-01,2020,6,8348.18,6024.17,2324.01,27.84,0.938,0.913,0.842,High,UNIT-6431,loader,engine,turbo,12.1,corrective,False,minor,32.0,0.0,4.1,38.9,Elnes_lime_shale,False,101.731,Weather,"Weather impact score 0.84 — rainfall 0.0mm, wind 4.1 m/s, soil moisture (0-100cm) 38.9%, affecting haul-road and pit access (2025 seasonal pattern used as proxy for this calendar date).",Operations continued with adjusted shift timing to work around weather window.,Failed,Escalated,Escalate: Contingency haulage plan activated (alternate route / stockpile buffer) until conditions normalise.,Proxy (2025 same-calendar-date pattern),"Proxy (global reference dataset, not MOIL-specific)","Proxy (generic MWD reference dataset, not MOIL-specific)"
CASE-CHI-202006-0067,2,Chikla,2020-06-05,2020,6,8348.18,6024.17,2324.01,27.84,0.938,0.913,0.842,High,UNIT-6431,loader,engine,turbo,12.1,corrective,False,minor,32.0,0.0,4.1,38.9,Elnes_lime_shale,False,101.731,Weather,Issue persists after initial action ('Operations continued with adjusted shift timing to work around weather window.') did not fully resolve it.,Contingency haulage plan activated (alternate route / stockpile buffer) until conditions normalise.,Resolved,Successful,Continue routine monitoring; no further action required.,Proxy (2025 same-calendar-date pattern),"Proxy (global reference dataset, not MOIL-specific)","Proxy (generic MWD reference dataset, not MOIL-specific)"
CASE-DON-202006-0068,1,Dongri Buzurg,2020-06-01,2020,6,10785.88,7684.38,3101.5,28.76,0.865,0.937,0.879,High,UNIT-8518,grader,preventive,oil_change,3.0,preventive,True,routine,31.72,0.0,4.71,38.2,Amphibolittic_gneiss,False,138.781,Operational/Workforce,"Operational efficiency at 0.86, below target — indicates shift, workflow or crew utilisation gap.","Shift roster reallocated, additional crew deployed to bottleneck section, workflow reviewed with site supervisor.",Reduced,In Progress,Re-inspect within 7 days; escalate if shortfall persists.,Proxy (2025 same-calendar-date pattern),"Proxy (global reference dataset, not MOIL-specific)","Proxy (generic MWD reference dataset, not MOIL-specific)"
CASE-DON-202006-0069,2,Dongri Buzurg,2020-06-10,2020,6,10785.88,7684.38,3101.5,28.76,0.865,0.937,0.879,High,UNIT-8518,grader,preventive,oil_change,3.0,preventive,True,routine,31.72,0.0,4.71,38.2,Amphibolittic_gneiss,False,138.781,Operational/Workforce,"Issue persists after initial action ('Shift roster reallocated, additional crew deployed to bottleneck section, workflow reviewed with site supervisor.') did not fully resolve it.",Escalated to operations manager for full process and staffing audit.,Resolved,Successful,Continue routine monitoring; no further action required.,Proxy (2025 same-calendar-date pattern),"Proxy (global reference dataset, not MOIL-specific)","Proxy (generic MWD reference dataset, not MOIL-specific)"
CASE-GUM-202006-0070,1,Gumgaon,2020-06-01,2020,6,7501.01,3824.89,3676.12,49.01,0.914,0.773,0.722,High,UNIT-5155,conveyor,preventive,adjustment,1.6,preventive,True,routine,30.69,0.0,4.96,32.1,Hagaberg_shale,False,184.454,Weather,"Weather impact score 0.72 — rainfall 0.0mm, wind 5.0 m/s, soil moisture (0-100cm) 32.1%, affecting haul-road and pit access (2025 seasonal pattern used as proxy for this calendar date).",Operations continued with adjusted shift timing to work around weather window.,Resolved,Successful,Continue routine monitoring; no further action required.,Proxy (2025 same-calendar-date pattern),"Proxy (global reference dataset, not MOIL-specific)","Proxy (generic MWD reference dataset, not MOIL-specific)"
CASE-KAN-202006-0071,1,Kandri,2020-06-01,2020,6,7195.56,4980.58,2214.98,30.78,0.995,0.848,0.82,High,UNIT-2633,grader,tires,rear_right,18.7,major_overhaul,True,major,31.72,0.0,4.71,34.300000000000004,Elnes_lime_shale,False,93.687,Weather,"Weather impact score 0.82 — rainfall 0.0mm, wind 4.7 m/s, soil moisture (0-100cm) 34.3%, affecting haul-road and pit access (2025 seasonal pattern used as proxy for this calendar date).",Operations continued with adjusted shift timing to work around weather window.,Resolved,Successful,Continue routine monitoring; no further action required.,Proxy (2025 same-calendar-date pattern),"Proxy (global reference dataset, not MOIL-specific)","Proxy (generic MWD reference dataset, not MOIL-specific)"
CASE-MUN-202006-0072,1,Munsar,2020-06-01,2020,6,6652.03,3764.25,2887.78,43.41,0.901,0.894,0.703,High,UNIT-9266,excavator,hydraulics,valve,17.5,corrective,False,minor,31.72,0.0,4.71,34.300000000000004,Hornfels,False,388.26,Weather,"Weather impact score 0.70 — rainfall 0.0mm, wind 4.7 m/s, soil moisture (0-100cm) 34.3%, affecting haul-road and pit access (2025 seasonal pattern used as proxy for this calendar date).",Operations continued with adjusted shift timing to work around weather window.,Reduced,In Progress,Re-inspect within 7 days; escalate if shortfall persists.,Proxy (2025 same-calendar-date pattern),"Proxy (global reference dataset, not MOIL-specific)","Proxy (generic MWD reference dataset, not MOIL-specific)"
CASE-SIT-202006-0073,1,Sitapatore,2020-06-01,2020,6,7548.89,3409.93,4138.96,54.83,0.856,0.756,0.698,High,UNIT-2670,grader,transmission,torque_converter,50.1,corrective,False,critical,31.72,0.0,4.71,28.199999999999996,Amphibolittic_gneiss,False,143.445,Weather,"Weather impact score 0.70 — rainfall 0.0mm, wind 4.7 m/s, soil moisture (0-100cm) 28.2%, affecting haul-road and pit access (2025 seasonal pattern used as proxy for this calendar date).",Operations continued with adjusted shift timing to work around weather window.,Reduced,In Progress,Re-inspect within 7 days; escalate if shortfall persists.,Proxy (2025 same-calendar-date pattern),"Proxy (global reference dataset, not MOIL-specific)","Proxy (generic MWD reference dataset, not MOIL-specific)"
CASE-TIR-202006-0074,1,Tirodi,2020-06-01,2020,6,11564.82,7336.15,4228.67,36.56,0.991,0.979,0.654,High,UNIT-2135,haul_truck,electrical,sensors,15.4,major_overhaul,True,major,32.0,0.0,4.1,32.7,Augen_gneiss,False,123.381,Weather,"Weather impact score 0.65 — rainfall 0.0mm, wind 4.1 m/s, soil moisture (0-100cm) 32.7%, affecting haul-road and pit access (2025 seasonal pattern used as proxy for this calendar date).",Operations continued with adjusted shift timing to work around weather window.,Resolved,Successful,Continue routine monitoring; no further action required.,Proxy (2025 same-calendar-date pattern),"Proxy (global reference dataset, not MOIL-specific)","Proxy (generic MWD reference dataset, not MOIL-specific)"
CASE-UKW-202006-0075,1,Ukwa,2020-06-01,2020,6,12513.98,9675.03,2838.95,22.69,0.886,0.992,0.88,Medium,UNIT-2176,haul_truck,tires,front_left,10.6,corrective,False,minor,30.45,0.0,3.49,36.9,Elnes_lime_shale,False,81.212,Weather,"Weather impact score 0.88 — rainfall 0.0mm, wind 3.5 m/s, soil moisture (0-100cm) 36.9%, affecting haul-road and pit access (2025 seasonal pattern used as proxy for this calendar date).",Operations continued with adjusted shift timing to work around weather window.,Reduced,In Progress,Re-inspect within 7 days; escalate if shortfall persists.,Proxy (2025 same-calendar-date pattern),"Proxy (global reference dataset, not MOIL-specific)","Proxy (generic MWD reference dataset, not MOIL-specific)"
CASE-BAL-202007-0076,1,Balaghat,2020-07-01,2020,7,12536.89,7365.28,5171.61,41.25,0.877,0.963,0.696,High,UNIT-1965,grader,blade,general_component,18.6,corrective,False,major,25.76,44.26,2.9,43.2,Granittic_gneiss,False,222.803,Weather,"Weather impact score 0.70 — rainfall 44.3mm, wind 2.9 m/s, soil moisture (0-100cm) 43.2%, affecting haul-road and pit access (2025 seasonal pattern used as proxy for this calendar date).",Haulage rescheduled around peak rainfall hours; drainage and access-road reinforcement carried out.,Reduced,In Progress,Re-inspect within 7 days; escalate if shortfall persists.,Proxy (2025 same-calendar-date pattern),"Proxy (global reference dataset, not MOIL-specific)","Proxy (generic MWD reference dataset, not MOIL-specific)"
CASE-BEL-202007-0077,1,Beldongri,2020-07-01,2020,7,5631.81,3474.09,2157.72,38.31,0.987,0.924,0.676,High,UNIT-3710,excavator,preventive,inspection,4.1,preventive,True,routine,26.25,30.35,3.77,44.6,Rhomb_porphyry,False,85.989,Weather,"Weather impact score 0.68 — rainfall 30.4mm, wind 3.8 m/s, soil moisture (0-100cm) 44.6%, affecting haul-road and pit access (2025 seasonal pattern used as proxy for this calendar date).",Haulage rescheduled around peak rainfall hours; drainage and access-road reinforcement carried out.,Reduced,In Progress,Re-inspect within 7 days; escalate if shortfall persists.,Proxy (2025 same-calendar-date pattern),"Proxy (global reference dataset, not MOIL-specific)","Proxy (generic MWD reference dataset, not MOIL-specific)"
CASE-BEL-202007-0078,2,Beldongri,2020-07-04,2020,7,5631.81,3474.09,2157.72,38.31,0.987,0.924,0.676,High,UNIT-3710,excavator,preventive,inspection,4.1,preventive,True,routine,26.25,30.35,3.77,44.6,Rhomb_porphyry,False,85.989,Weather,Issue persists after initial action ('Haulage rescheduled around peak rainfall hours; drainage and access-road reinforcement carried out.') did not fully resolve it.,Contingency haulage plan activated (alternate route / stockpile buffer) until conditions normalise.,Resolved,Successful,Continue routine monitoring; no further action required.,Proxy (2025 same-calendar-date pattern),"Proxy (global reference dataset, not MOIL-specific)","Proxy (generic MWD reference dataset, not MOIL-specific)"
CASE-CHI-202007-0079,1,Chikla,2020-07-01,2020,7,7282.81,5060.41,2222.4,30.52,0.998,0.785,0.887,High,UNIT-9226,drill_rig,rotation,general_component,14.0,corrective,False,major,26.27,41.54,3.23,47.599999999999994,Amphibolittic_gneiss,False,615.961,Equipment,"Equipment availability below target. drill rig (UNIT-9226) recorded a major 'rotation' issue affecting the general component; 14.0h downtime, unscheduled corrective maintenance logged.",Emergency corrective maintenance dispatched; drill rig isolated from production circuit until repaired.,Reduced,In Progress,Re-inspect within 7 days; escalate if shortfall persists.,Proxy (2025 same-calendar-date pattern),"Proxy (global reference dataset, not MOIL-specific)","Proxy (generic MWD reference dataset, not MOIL-specific)"
CASE-DON-202007-0080,1,Dongri Buzurg,2020-07-01,2020,7,9831.14,6234.15,3596.99,36.59,0.939,0.926,0.729,High,UNIT-9869,haul_truck,preventive,filter_replace,7.6,preventive,True,minor,26.25,30.35,3.77,48.199999999999996,Granittic_gneiss,False,585.893,Weather,"Weather impact score 0.73 — rainfall 30.4mm, wind 3.8 m/s, soil moisture (0-100cm) 48.2%, affecting haul-road and pit access (2025 seasonal pattern used as proxy for this calendar date).",Haulage rescheduled around peak rainfall hours; drainage and access-road reinforcement carried out.,Reduced,In Progress,Re-inspect within 7 days; escalate if shortfall persists.,Proxy (2025 same-calendar-date pattern),"Proxy (global reference dataset, not MOIL-specific)","Proxy (generic MWD reference dataset, not MOIL-specific)"
CASE-DON-202007-0081,2,Dongri Buzurg,2020-07-06,2020,7,9831.14,6234.15,3596.99,36.59,0.939,0.926,0.729,High,UNIT-9869,haul_truck,preventive,filter_replace,7.6,preventive,True,minor,26.25,30.35,3.77,48.199999999999996,Granittic_gneiss,False,585.893,Weather,Issue persists after initial action ('Haulage rescheduled around peak rainfall hours; drainage and access-road reinforcement carried out.') did not fully resolve it.,Contingency haulage plan activated (alternate route / stockpile buffer) until conditions normalise.,Resolved,Successful,Continue routine monitoring; no further action required.,Proxy (2025 same-calendar-date pattern),"Proxy (global reference dataset, not MOIL-specific)","Proxy (generic MWD reference dataset, not MOIL-specific)"
CASE-GUM-202007-0082,1,Gumgaon,2020-07-01,2020,7,6597.99,4835.93,1762.06,26.71,0.962,0.967,0.788,High,UNIT-3913,grader,preventive,inspection,5.0,preventive,True,minor,25.64,16.47,4.46,40.6,Granittic_gneiss,False,327.186,Weather,"Weather impact score 0.79 — rainfall 16.5mm, wind 4.5 m/s, soil moisture (0-100cm) 40.6%, affecting haul-road and pit access (2025 seasonal pattern used as proxy for this calendar date).",Haulage rescheduled around peak rainfall hours; drainage and access-road reinforcement carried out.,Reduced,In Progress,Re-inspect within 7 days; escalate if shortfall persists.,Proxy (2025 same-calendar-date pattern),"Proxy (global reference dataset, not MOIL-specific)","Proxy (generic MWD reference dataset, not MOIL-specific)"
CASE-KAN-202007-0083,1,Kandri,2020-07-01,2020,7,6400.97,4847.74,1553.23,24.27,0.96,0.912,0.865,Medium,UNIT-5301,haul_truck,preventive,inspection,8.9,preventive,True,minor,26.25,30.35,3.77,40.300000000000004,Granittic_gneiss,False,109.925,Weather,"Weather impact score 0.86 — rainfall 30.4mm, wind 3.8 m/s, soil moisture (0-100cm) 40.3%, affecting haul-road and pit access (2025 seasonal pattern used as proxy for this calendar date).",Haulage rescheduled around peak rainfall hours; drainage and access-road reinforcement carried out.,Reduced,In Progress,Re-inspect within 7 days; escalate if shortfall persists.,Proxy (2025 same-calendar-date pattern),"Proxy (global reference dataset, not MOIL-specific)","Proxy (generic MWD reference dataset, not MOIL-specific)"
CASE-MUN-202007-0084,1,Munsar,2020-07-01,2020,7,5818.4,3434.15,2384.25,40.98,0.868,0.844,0.806,High,UNIT-4530,drill_rig,hydraulics,hose,11.5,major_overhaul,True,major,26.25,30.35,3.77,40.300000000000004,Augen_gneiss,False,178.122,Weather,"Weather impact score 0.81 — rainfall 30.4mm, wind 3.8 m/s, soil moisture (0-100cm) 40.3%, affecting haul-road and pit access (2025 seasonal pattern used as proxy for this calendar date).",Haulage rescheduled around peak rainfall hours; drainage and access-road reinforcement carried out.,Failed,Escalated,Escalate: Contingency haulage plan activated (alternate route / stockpile buffer) until conditions normalise.,Proxy (2025 same-calendar-date pattern),"Proxy (global reference dataset, not MOIL-specific)","Proxy (generic MWD reference dataset, not MOIL-specific)"
CASE-MUN-202007-0085,2,Munsar,2020-07-06,2020,7,5818.4,3434.15,2384.25,40.98,0.868,0.844,0.806,High,UNIT-4530,drill_rig,hydraulics,hose,11.5,major_overhaul,True,major,26.25,30.35,3.77,40.300000000000004,Augen_gneiss,False,178.122,Weather,Issue persists after initial action ('Haulage rescheduled around peak rainfall hours; drainage and access-road reinforcement carried out.') did not fully resolve it.,Contingency haulage plan activated (alternate route / stockpile buffer) until conditions normalise.,Resolved,Successful,Continue routine monitoring; no further action required.,Proxy (2025 same-calendar-date pattern),"Proxy (global reference dataset, not MOIL-specific)","Proxy (generic MWD reference dataset, not MOIL-specific)"
CASE-SIT-202007-0086,1,Sitapatore,2020-07-01,2020,7,6103.0,3907.97,2195.03,35.97,0.893,0.886,0.81,High,UNIT-1327,haul_truck,brakes,general_component,3.8,predictive,False,routine,26.25,30.35,3.77,41.3,Hagaberg_shale,True,180.551,Weather,"Weather impact score 0.81 — rainfall 30.4mm, wind 3.8 m/s, soil moisture (0-100cm) 41.3%, affecting haul-road and pit access (2025 seasonal pattern used as proxy for this calendar date).",Haulage rescheduled around peak rainfall hours; drainage and access-road reinforcement carried out.,Reduced,In Progress,Re-inspect within 7 days; escalate if shortfall persists.,Proxy (2025 same-calendar-date pattern),"Proxy (global reference dataset, not MOIL-specific)","Proxy (generic MWD reference dataset, not MOIL-specific)"
CASE-TIR-202007-0087,1,Tirodi,2020-07-01,2020,7,9149.28,4831.28,4318.0,47.19,0.807,0.956,0.684,High,UNIT-5071,conveyor,belt,general_component,10.9,corrective,False,major,26.27,41.54,3.23,42.8,Blackshale,False,78.993,Weather,"Weather impact score 0.68 — rainfall 41.5mm, wind 3.2 m/s, soil moisture (0-100cm) 42.8%, affecting haul-road and pit access (2025 seasonal pattern used as proxy for this calendar date).",Haulage rescheduled around peak rainfall hours; drainage and access-road reinforcement carried out.,Reduced,In Progress,Re-inspect within 7 days; escalate if shortfall persists.,Proxy (2025 same-calendar-date pattern),"Proxy (global reference dataset, not MOIL-specific)","Proxy (generic MWD reference dataset, not MOIL-specific)"
CASE-TIR-202007-0088,2,Tirodi,2020-07-06,2020,7,9149.28,4831.28,4318.0,47.19,0.807,0.956,0.684,High,UNIT-5071,conveyor,belt,general_component,10.9,corrective,False,major,26.27,41.54,3.23,42.8,Blackshale,False,78.993,Weather,Issue persists after initial action ('Haulage rescheduled around peak rainfall hours; drainage and access-road reinforcement carried out.') did not fully resolve it.,Contingency haulage plan activated (alternate route / stockpile buffer) until conditions normalise.,Reduced,In Progress,Re-inspect within 7 days; escalate if shortfall persists.,Proxy (2025 same-calendar-date pattern),"Proxy (global reference dataset, not MOIL-specific)","Proxy (generic MWD reference dataset, not MOIL-specific)"
CASE-UKW-202007-0089,1,Ukwa,2020-07-01,2020,7,10423.13,5380.48,5042.65,48.38,0.954,0.804,0.673,High,UNIT-8616,crusher,preventive,inspection,8.2,preventive,True,routine,25.31,33.41,3.01,42.4,Granittic_gneiss,False,792.27,Weather,"Weather impact score 0.67 — rainfall 33.4mm, wind 3.0 m/s, soil moisture (0-100cm) 42.4%, affecting haul-road and pit access (2025 seasonal pattern used as proxy for this calendar date).",Haulage rescheduled around peak rainfall hours; drainage and access-road reinforcement carried out.,Resolved,Successful,Continue routine monitoring; no further action required.,Proxy (2025 same-calendar-date pattern),"Proxy (global reference dataset, not MOIL-specific)","Proxy (generic MWD reference dataset, not MOIL-specific)"
CASE-BAL-202008-0090,1,Balaghat,2020-08-01,2020,8,12226.15,8297.79,3928.36,32.13,0.906,0.885,0.846,High,UNIT-8156,haul_truck,engine,turbo,3.6,predictive,False,routine,25.78,4.18,2.08,48.9,Elnes_lime_shale,True,100.765,Geological/Drilling,"Drilling data flags a transition/variable rock zone (Rock type: Elnes_lime_shale, rotation-pressure variance 100.8) — likely reduced penetration rate slowing blast-hole completion. [Hypothesis from generic MWD reference data — not yet validated against MOIL's own geology.]",Drill parameters and blast pattern adjusted for harder/variable rock; additional bit changes scheduled.,Resolved,Successful,Continue routine monitoring; no further action required.,Proxy (2025 same-calendar-date pattern),"Proxy (global reference dataset, not MOIL-specific)","Proxy (generic MWD reference dataset, not MOIL-specific)"
CASE-BEL-202008-0091,1,Beldongri,2020-08-01,2020,8,5866.48,3183.23,2683.25,45.74,0.903,0.831,0.723,High,UNIT-1959,grader,tires,front_left,2.0,predictive,False,routine,26.48,1.28,2.31,49.0,Granittic_gneiss,True,224.455,Weather,"Weather impact score 0.72 — rainfall 1.3mm, wind 2.3 m/s, soil moisture (0-100cm) 49.0%, affecting haul-road and pit access (2025 seasonal pattern used as proxy for this calendar date).",Haulage rescheduled around peak rainfall hours; drainage and access-road reinforcement carried out.,Resolved,Successful,Continue routine monitoring; no further action required.,Proxy (2025 same-calendar-date pattern),"Proxy (global reference dataset, not MOIL-specific)","Proxy (generic MWD reference dataset, not MOIL-specific)"
CASE-CHI-202008-0092,1,Chikla,2020-08-01,2020,8,7156.06,3866.14,3289.91,45.97,0.816,0.756,0.876,High,UNIT-1291,conveyor,belt,general_component,36.5,corrective,False,critical,26.35,3.46,2.0,46.7,Granittic_gneiss,False,191.843,Equipment,"Equipment availability below target. conveyor (UNIT-1291) recorded a critical 'belt' issue affecting the general component; 36.5h downtime, unscheduled corrective maintenance logged.",Emergency corrective maintenance dispatched; conveyor isolated from production circuit until repaired.,Reduced,In Progress,Re-inspect within 7 days; escalate if shortfall persists.,Proxy (2025 same-calendar-date pattern),"Proxy (global reference dataset, not MOIL-specific)","Proxy (generic MWD reference dataset, not MOIL-specific)"
CASE-DON-202008-0093,1,Dongri Buzurg,2020-08-01,2020,8,9788.14,4913.35,4874.79,49.8,0.882,0.793,0.718,High,UNIT-5684,loader,electrical,starter,42.1,corrective,False,critical,26.48,1.28,2.31,46.300000000000004,Granittic_gneiss,True,202.648,Weather,"Weather impact score 0.72 — rainfall 1.3mm, wind 2.3 m/s, soil moisture (0-100cm) 46.3%, affecting haul-road and pit access (2025 seasonal pattern used as proxy for this calendar date).",Haulage rescheduled around peak rainfall hours; drainage and access-road reinforcement carried out.,Failed,Escalated,Escalate: Contingency haulage plan activated (alternate route / stockpile buffer) until conditions normalise.,Proxy (2025 same-calendar-date pattern),"Proxy (global reference dataset, not MOIL-specific)","Proxy (generic MWD reference dataset, not MOIL-specific)"
CASE-DON-202008-0094,2,Dongri Buzurg,2020-08-06,2020,8,9788.14,4913.35,4874.79,49.8,0.882,0.793,0.718,High,UNIT-5684,loader,electrical,starter,42.1,corrective,False,critical,26.48,1.28,2.31,46.300000000000004,Granittic_gneiss,True,202.648,Weather,Issue persists after initial action ('Haulage rescheduled around peak rainfall hours; drainage and access-road reinforcement carried out.') did not fully resolve it.,Contingency haulage plan activated (alternate route / stockpile buffer) until conditions normalise.,Reduced,In Progress,Re-inspect within 7 days; escalate if shortfall persists.,Proxy (2025 same-calendar-date pattern),"Proxy (global reference dataset, not MOIL-specific)","Proxy (generic MWD reference dataset, not MOIL-specific)"
CASE-GUM-202008-0095,1,Gumgaon,2020-08-01,2020,8,6431.51,5037.65,1393.85,21.67,0.943,0.915,0.908,Medium,UNIT-1458,loader,tires,front_left,8.9,predictive,False,minor,26.05,0.29,2.67,49.1,Amphibolittic_gneiss,False,156.2,Weather,"Weather impact score 0.91 — rainfall 0.3mm, wind 2.7 m/s, soil moisture (0-100cm) 49.1%, affecting haul-road and pit access (2025 seasonal pattern used as proxy for this calendar date).",Haulage rescheduled around peak rainfall hours; drainage and access-road reinforcement carried out.,Reduced,In Progress,Re-inspect within 7 days; escalate if shortfall persists.,Proxy (2025 same-calendar-date pattern),"Proxy (global reference dataset, not MOIL-specific)","Proxy (generic MWD reference dataset, not MOIL-specific)"
CASE-GUM-202008-0096,2,Gumgaon,2020-08-10,2020,8,6431.51,5037.65,1393.85,21.67,0.943,0.915,0.908,Medium,UNIT-1458,loader,tires,front_left,8.9,predictive,False,minor,26.05,0.29,2.67,49.1,Amphibolittic_gneiss,False,156.2,Weather,Issue persists after initial action ('Haulage rescheduled around peak rainfall hours; drainage and access-road reinforcement carried out.') did not fully resolve it.,Contingency haulage plan activated (alternate route / stockpile buffer) until conditions normalise.,Resolved,Successful,Continue routine monitoring; no further action required.,Proxy (2025 same-calendar-date pattern),"Proxy (global reference dataset, not MOIL-specific)","Proxy (generic MWD reference dataset, not MOIL-specific)"
CASE-KAN-202008-0097,1,Kandri,2020-08-01,2020,8,6552.25,3863.25,2689.01,41.04,0.911,0.903,0.717,High,UNIT-7751,crusher,motor,general_component,11.4,predictive,False,routine,26.48,1.28,2.31,49.0,Blackshale,False,140.783,Weather,"Weather impact score 0.72 — rainfall 1.3mm, wind 2.3 m/s, soil moisture (0-100cm) 49.0%, affecting haul-road and pit access (2025 seasonal pattern used as proxy for this calendar date).",Haulage rescheduled around peak rainfall hours; drainage and access-road reinforcement carried out.,Reduced,In Progress,Re-inspect within 7 days; escalate if shortfall persists.,Proxy (2025 same-calendar-date pattern),"Proxy (global reference dataset, not MOIL-specific)","Proxy (generic MWD reference dataset, not MOIL-specific)"
CASE-KAN-202008-0098,2,Kandri,2020-08-04,2020,8,6552.25,3863.25,2689.01,41.04,0.911,0.903,0.717,High,UNIT-7751,crusher,motor,general_component,11.4,predictive,False,routine,26.48,1.28,2.31,49.0,Blackshale,False,140.783,Weather,Issue persists after initial action ('Haulage rescheduled around peak rainfall hours; drainage and access-road reinforcement carried out.') did not fully resolve it.,Contingency haulage plan activated (alternate route / stockpile buffer) until conditions normalise.,Reduced,In Progress,Re-inspect within 7 days; escalate if shortfall persists.,Proxy (2025 same-calendar-date pattern),"Proxy (global reference dataset, not MOIL-specific)","Proxy (generic MWD reference dataset, not MOIL-specific)"
CASE-MUN-202008-0099,1,Munsar,2020-08-01,2020,8,5519.34,2621.81,2897.53,52.5,0.952,0.754,0.662,High,UNIT-8585,loader,electrical,battery,20.2,corrective,False,major,26.48,1.28,2.31,49.0,Granittic_gneiss,False,192.842,Weather,"Weather impact score 0.66 — rainfall 1.3mm, wind 2.3 m/s, soil moisture (0-100cm) 49.0%, affecting haul-road and pit access (2025 seasonal pattern used as proxy for this calendar date).",Haulage rescheduled around peak rainfall hours; drainage and access-road reinforcement carried out.,Resolved,Successful,Continue routine monitoring; no further action required.,Proxy (2025 same-calendar-date pattern),"Proxy (global reference dataset, not MOIL-specific)","Proxy (generic MWD reference dataset, not MOIL-specific)"
CASE-SIT-202008-0100,1,Sitapatore,2020-08-01,2020,8,6106.07,3713.69,2392.37,39.18,0.971,0.926,0.676,High,UNIT-3432,conveyor,belt,general_component,17.3,corrective,False,critical,26.48,1.28,2.31,48.9,Granittic_gneiss,False,186.924,Weather,"Weather impact score 0.68 — rainfall 1.3mm, wind 2.3 m/s, soil moisture (0-100cm) 48.9%, affecting haul-road and pit access (2025 seasonal pattern used as proxy for this calendar date).",Haulage rescheduled around peak rainfall hours; drainage and access-road reinforcement carried out.,Failed,Escalated,Escalate: Contingency haulage plan activated (alternate route / stockpile buffer) until conditions normalise.,Proxy (2025 same-calendar-date pattern),"Proxy (global reference dataset, not MOIL-specific)","Proxy (generic MWD reference dataset, not MOIL-specific)"
CASE-SIT-202008-0101,2,Sitapatore,2020-08-08,2020,8,6106.07,3713.69,2392.37,39.18,0.971,0.926,0.676,High,UNIT-3432,conveyor,belt,general_component,17.3,corrective,False,critical,26.48,1.28,2.31,48.9,Granittic_gneiss,False,186.924,Weather,Issue persists after initial action ('Haulage rescheduled around peak rainfall hours; drainage and access-road reinforcement carried out.') did not fully resolve it.,Contingency haulage plan activated (alternate route / stockpile buffer) until conditions normalise.,Reduced,In Progress,Re-inspect within 7 days; escalate if shortfall persists.,Proxy (2025 same-calendar-date pattern),"Proxy (global reference dataset, not MOIL-specific)","Proxy (generic MWD reference dataset, not MOIL-specific)"
CASE-TIR-202008-0102,1,Tirodi,2020-08-01,2020,8,9591.95,5157.71,4434.24,46.23,0.895,0.793,0.758,High,UNIT-7113,excavator,undercarriage,general_component,8.1,corrective,False,minor,26.35,3.46,2.0,46.6,Drammensgranite,False,141.362,Weather,"Weather impact score 0.76 — rainfall 3.5mm, wind 2.0 m/s, soil moisture (0-100cm) 46.6%, affecting haul-road and pit access (2025 seasonal pattern used as proxy for this calendar date).",Haulage rescheduled around peak rainfall hours; drainage and access-road reinforcement carried out.,Resolved,Successful,Continue routine monitoring; no further action required.,Proxy (2025 same-calendar-date pattern),"Proxy (global reference dataset, not MOIL-specific)","Proxy (generic MWD reference dataset, not MOIL-specific)"
CASE-UKW-202008-0103,1,Ukwa,2020-08-01,2020,8,10520.48,6080.92,4439.56,42.2,0.927,0.761,0.819,High,UNIT-3458,grader,preventive,filter_replace,7.3,preventive,True,minor,25.18,5.4,2.21,41.0,Amphibolittic_gneiss,False,514.131,Equipment,"Equipment availability below target. grader (UNIT-3458) recorded a minor 'preventive' issue affecting the filter replace; 7.3h downtime, scheduled preventive maintenance logged.",Preventive/predictive maintenance carried out on filter replace per maintenance schedule.,Reduced,In Progress,Re-inspect within 7 days; escalate if shortfall persists.,Proxy (2025 same-calendar-date pattern),"Proxy (global reference dataset, not MOIL-specific)","Proxy (generic MWD reference dataset, not MOIL-specific)"
CASE-BAL-202009-0104,1,Balaghat,2020-09-01,2020,9,14773.86,8781.6,5992.27,40.56,0.971,0.915,0.669,High,UNIT-8744,drill_rig,preventive,inspection,2.3,preventive,True,routine,25.89,10.12,1.85,49.9,Rhomb_porphyry,False,105.599,Weather,"Weather impact score 0.67 — rainfall 10.1mm, wind 1.9 m/s, soil moisture (0-100cm) 49.9%, affecting haul-road and pit access (2025 seasonal pattern used as proxy for this calendar date).",Haulage rescheduled around peak rainfall hours; drainage and access-road reinforcement carried out.,Reduced,In Progress,Re-inspect within 7 days; escalate if shortfall persists.,Proxy (2025 same-calendar-date pattern),"Proxy (global reference dataset, not MOIL-specific)","Proxy (generic MWD reference dataset, not MOIL-specific)"
CASE-BAL-202009-0105,2,Balaghat,2020-09-06,2020,9,14773.86,8781.6,5992.27,40.56,0.971,0.915,0.669,High,UNIT-8744,drill_rig,preventive,inspection,2.3,preventive,True,routine,25.89,10.12,1.85,49.9,Rhomb_porphyry,False,105.599,Weather,Issue persists after initial action ('Haulage rescheduled around peak rainfall hours; drainage and access-road reinforcement carried out.') did not fully resolve it.,Contingency haulage plan activated (alternate route / stockpile buffer) until conditions normalise.,Resolved,Successful,Continue routine monitoring; no further action required.,Proxy (2025 same-calendar-date pattern),"Proxy (global reference dataset, not MOIL-specific)","Proxy (generic MWD reference dataset, not MOIL-specific)"
CASE-BEL-202009-0106,1,Beldongri,2020-09-01,2020,9,6553.56,3810.3,2743.26,41.86,0.805,0.896,0.805,High,UNIT-5996,crusher,preventive,oil_change,5.4,preventive,True,routine,26.03,19.43,2.06,50.9,Drammensgranite,False,117.036,Operational/Workforce,"Operational efficiency at 0.81, below target — indicates shift, workflow or crew utilisation gap.","Shift roster reallocated, additional crew deployed to bottleneck section, workflow reviewed with site supervisor.",Resolved,Successful,Continue routine monitoring; no further action required.,Proxy (2025 same-calendar-date pattern),"Proxy (global reference dataset, not MOIL-specific)","Proxy (generic MWD reference dataset, not MOIL-specific)"
CASE-CHI-202009-0107,1,Chikla,2020-09-01,2020,9,8214.79,5963.64,2251.15,27.4,0.929,0.865,0.904,High,UNIT-3244,crusher,shaft,general_component,29.2,predictive,False,minor,26.4,14.75,1.89,50.7,Rhomb_porphyry,False,176.932,Weather,"Weather impact score 0.90 — rainfall 14.8mm, wind 1.9 m/s, soil moisture (0-100cm) 50.7%, affecting haul-road and pit access (2025 seasonal pattern used as proxy for this calendar date).",Haulage rescheduled around peak rainfall hours; drainage and access-road reinforcement carried out.,Reduced,In Progress,Re-inspect within 7 days; escalate if shortfall persists.,Proxy (2025 same-calendar-date pattern),"Proxy (global reference dataset, not MOIL-specific)","Proxy (generic MWD reference dataset, not MOIL-specific)"
CASE-DON-202009-0108,1,Dongri Buzurg,2020-09-01,2020,9,10950.76,7094.3,3856.46,35.22,0.992,0.976,0.669,High,UNIT-7766,pump,bearing,general_component,10.0,major_overhaul,True,major,26.03,19.43,2.06,50.3,Granittic_gneiss,False,220.0,Weather,"Weather impact score 0.67 — rainfall 19.4mm, wind 2.1 m/s, soil moisture (0-100cm) 50.3%, affecting haul-road and pit access (2025 seasonal pattern used as proxy for this calendar date).",Haulage rescheduled around peak rainfall hours; drainage and access-road reinforcement carried out.,Failed,Escalated,Escalate: Contingency haulage plan activated (alternate route / stockpile buffer) until conditions normalise.,Proxy (2025 same-calendar-date pattern),"Proxy (global reference dataset, not MOIL-specific)","Proxy (generic MWD reference dataset, not MOIL-specific)"
CASE-DON-202009-0109,2,Dongri Buzurg,2020-09-09,2020,9,10950.76,7094.3,3856.46,35.22,0.992,0.976,0.669,High,UNIT-7766,pump,bearing,general_component,10.0,major_overhaul,True,major,26.03,19.43,2.06,50.3,Granittic_gneiss,False,220.0,Weather,Issue persists after initial action ('Haulage rescheduled around peak rainfall hours; drainage and access-road reinforcement carried out.') did not fully resolve it.,Contingency haulage plan activated (alternate route / stockpile buffer) until conditions normalise.,Resolved,Successful,Continue routine monitoring; no further action required.,Proxy (2025 same-calendar-date pattern),"Proxy (global reference dataset, not MOIL-specific)","Proxy (generic MWD reference dataset, not MOIL-specific)"
CASE-GUM-202009-0110,1,Gumgaon,2020-09-01,2020,9,7089.81,2949.78,4140.02,58.39,0.804,0.774,0.669,High,UNIT-1123,loader,engine,turbo,2.4,predictive,False,routine,25.25,16.7,2.24,51.2,Granittic_gneiss,True,142.334,Weather,"Weather impact score 0.67 — rainfall 16.7mm, wind 2.2 m/s, soil moisture (0-100cm) 51.2%, affecting haul-road and pit access (2025 seasonal pattern used as proxy for this calendar date).",Haulage rescheduled around peak rainfall hours; drainage and access-road reinforcement carried out.,Reduced,In Progress,Re-inspect within 7 days; escalate if shortfall persists.,Proxy (2025 same-calendar-date pattern),"Proxy (global reference dataset, not MOIL-specific)","Proxy (generic MWD reference dataset, not MOIL-specific)"
CASE-KAN-202009-0111,1,Kandri,2020-09-01,2020,9,7250.94,3855.86,3395.08,46.82,0.969,0.756,0.726,High,UNIT-6677,excavator,electrical,battery,10.4,corrective,False,minor,26.03,19.43,2.06,51.1,Elnes_lime_shale,False,80.356,Weather,"Weather impact score 0.73 — rainfall 19.4mm, wind 2.1 m/s, soil moisture (0-100cm) 51.1%, affecting haul-road and pit access (2025 seasonal pattern used as proxy for this calendar date).",Haulage rescheduled around peak rainfall hours; drainage and access-road reinforcement carried out.,Reduced,In Progress,Re-inspect within 7 days; escalate if shortfall persists.,Proxy (2025 same-calendar-date pattern),"Proxy (global reference dataset, not MOIL-specific)","Proxy (generic MWD reference dataset, not MOIL-specific)"
CASE-MUN-202009-0112,1,Munsar,2020-09-01,2020,9,6214.81,4493.77,1721.05,27.69,0.939,0.907,0.848,High,UNIT-3840,haul_truck,preventive,oil_change,6.6,preventive,True,minor,26.03,19.43,2.06,51.1,Elnes_lime_shale,False,87.522,Weather,"Weather impact score 0.85 — rainfall 19.4mm, wind 2.1 m/s, soil moisture (0-100cm) 51.1%, affecting haul-road and pit access (2025 seasonal pattern used as proxy for this calendar date).",Haulage rescheduled around peak rainfall hours; drainage and access-road reinforcement carried out.,Failed,Escalated,Escalate: Contingency haulage plan activated (alternate route / stockpile buffer) until conditions normalise.,Proxy (2025 same-calendar-date pattern),"Proxy (global reference dataset, not MOIL-specific)","Proxy (generic MWD reference dataset, not MOIL-specific)"
CASE-MUN-202009-0113,2,Munsar,2020-09-05,2020,9,6214.81,4493.77,1721.05,27.69,0.939,0.907,0.848,High,UNIT-3840,haul_truck,preventive,oil_change,6.6,preventive,True,minor,26.03,19.43,2.06,51.1,Elnes_lime_shale,False,87.522,Weather,Issue persists after initial action ('Haulage rescheduled around peak rainfall hours; drainage and access-road reinforcement carried out.') did not fully resolve it.,Contingency haulage plan activated (alternate route / stockpile buffer) until conditions normalise.,Resolved,Successful,Continue routine monitoring; no further action required.,Proxy (2025 same-calendar-date pattern),"Proxy (global reference dataset, not MOIL-specific)","Proxy (generic MWD reference dataset, not MOIL-specific)"
CASE-SIT-202009-0114,1,Sitapatore,2020-09-01,2020,9,7608.72,4492.12,3116.6,40.96,0.856,0.794,0.868,High,UNIT-9793,loader,preventive,filter_replace,2.3,preventive,True,routine,26.03,19.43,2.06,47.4,Granittic_gneiss,False,134.596,Equipment,"Equipment availability below target. loader (UNIT-9793) recorded a routine 'preventive' issue affecting the filter replace; 2.3h downtime, scheduled preventive maintenance logged.",Preventive/predictive maintenance carried out on filter replace per maintenance schedule.,Reduced,In Progress,Re-inspect within 7 days; escalate if shortfall persists.,Proxy (2025 same-calendar-date pattern),"Proxy (global reference dataset, not MOIL-specific)","Proxy (generic MWD reference dataset, not MOIL-specific)"
CASE-SIT-202009-0115,2,Sitapatore,2020-09-09,2020,9,7608.72,4492.12,3116.6,40.96,0.856,0.794,0.868,High,UNIT-9793,loader,preventive,filter_replace,2.3,preventive,True,routine,26.03,19.43,2.06,47.4,Granittic_gneiss,False,134.596,Equipment,Issue persists after initial action ('Preventive/predictive maintenance carried out on filter replace per maintenance schedule.') did not fully resolve it.,Component replacement / major overhaul scheduled; equipment flagged for engineering review.,Failed,Escalated,Escalate: Component replacement / major overhaul scheduled; equipment flagged for engineering review.,Proxy (2025 same-calendar-date pattern),"Proxy (global reference dataset, not MOIL-specific)","Proxy (generic MWD reference dataset, not MOIL-specific)"
CASE-TIR-202009-0116,1,Tirodi,2020-09-01,2020,9,11620.25,6414.84,5205.42,44.8,0.883,0.843,0.742,High,UNIT-6418,haul_truck,preventive,inspection,2.0,preventive,True,routine,26.4,14.75,1.89,50.4,Granittic_gneiss,False,134.549,Weather,"Weather impact score 0.74 — rainfall 14.8mm, wind 1.9 m/s, soil moisture (0-100cm) 50.4%, affecting haul-road and pit access (2025 seasonal pattern used as proxy for this calendar date).",Haulage rescheduled around peak rainfall hours; drainage and access-road reinforcement carried out.,Reduced,In Progress,Re-inspect within 7 days; escalate if shortfall persists.,Proxy (2025 same-calendar-date pattern),"Proxy (global reference dataset, not MOIL-specific)","Proxy (generic MWD reference dataset, not MOIL-specific)"
CASE-UKW-202009-0117,1,Ukwa,2020-09-01,2020,9,12516.91,8901.17,3615.74,28.89,0.972,0.857,0.854,High,UNIT-9424,drill_rig,drill_string,general_component,7.1,predictive,False,minor,25.55,6.85,1.84,41.3,Elnes_lime_shale,False,89.475,Weather,"Weather impact score 0.85 — rainfall 6.8mm, wind 1.8 m/s, soil moisture (0-100cm) 41.3%, affecting haul-road and pit access (2025 seasonal pattern used as proxy for this calendar date).",Haulage rescheduled around peak rainfall hours; drainage and access-road reinforcement carried out.,Reduced,In Progress,Re-inspect within 7 days; escalate if shortfall persists.,Proxy (2025 same-calendar-date pattern),"Proxy (global reference dataset, not MOIL-specific)","Proxy (generic MWD reference dataset, not MOIL-specific)"
CASE-BAL-202010-0118,1,Balaghat,2020-10-01,2020,10,16074.15,13451.93,2622.22,16.31,0.981,0.876,0.974,Medium,UNIT-8617,drill_rig,preventive,inspection,2.4,preventive,True,routine,25.59,3.9,1.7,48.0,Elnes_lime_shale,True,123.157,Geological/Drilling,"Drilling data flags a transition/variable rock zone (Rock type: Elnes_lime_shale, rotation-pressure variance 123.2) — likely reduced penetration rate slowing blast-hole completion. [Hypothesis from generic MWD reference data — not yet validated against MOIL's own geology.]",Drill parameters and blast pattern adjusted for harder/variable rock; additional bit changes scheduled.,Resolved,Successful,Continue routine monitoring; no further action required.,Proxy (2025 same-calendar-date pattern),"Proxy (global reference dataset, not MOIL-specific)","Proxy (generic MWD reference dataset, not MOIL-specific)"
CASE-BEL-202010-0119,1,Beldongri,2020-10-01,2020,10,7191.3,5080.69,2110.61,29.35,0.979,0.847,0.852,High,UNIT-4959,drill_rig,rotation,general_component,16.1,corrective,False,major,26.18,0.44,1.79,43.6,Granittic_gneiss,True,111.926,Geological/Drilling,"Drilling data flags a transition/variable rock zone (Rock type: Granittic_gneiss, rotation-pressure variance 111.9) — likely reduced penetration rate slowing blast-hole completion. [Hypothesis from generic MWD reference data — not yet validated against MOIL's own geology.]",Drill parameters and blast pattern adjusted for harder/variable rock; additional bit changes scheduled.,Reduced,In Progress,Re-inspect within 7 days; escalate if shortfall persists.,Proxy (2025 same-calendar-date pattern),"Proxy (global reference dataset, not MOIL-specific)","Proxy (generic MWD reference dataset, not MOIL-specific)"
CASE-CHI-202010-0120,1,Chikla,2020-10-01,2020,10,9797.07,6602.51,3194.56,32.61,0.818,0.83,0.993,High,UNIT-2671,haul_truck,transmission,driveshaft,20.4,corrective,False,major,26.42,1.14,1.49,38.9,Rhomb_porphyry,False,157.272,Operational/Workforce,"Operational efficiency at 0.82, below target — indicates shift, workflow or crew utilisation gap.","Shift roster reallocated, additional crew deployed to bottleneck section, workflow reviewed with site supervisor.",Resolved,Successful,Continue routine monitoring; no further action required.,Proxy (2025 same-calendar-date pattern),"Proxy (global reference dataset, not MOIL-specific)","Proxy (generic MWD reference dataset, not MOIL-specific)"
CASE-DON-202010-0121,1,Dongri Buzurg,2020-10-01,2020,10,13119.53,9994.32,3125.21,23.82,0.915,0.908,0.917,Medium,UNIT-5446,haul_truck,hydraulics,valve,10.4,corrective,False,minor,26.18,0.44,1.79,42.5,Drammensgranite,False,350.392,Operational/Workforce,"Operational efficiency at 0.92, below target — indicates shift, workflow or crew utilisation gap.","Shift roster reallocated, additional crew deployed to bottleneck section, workflow reviewed with site supervisor.",Resolved,Successful,Continue routine monitoring; no further action required.,Proxy (2025 same-calendar-date pattern),"Proxy (global reference dataset, not MOIL-specific)","Proxy (generic MWD reference dataset, not MOIL-specific)"
CASE-GUM-202010-0122,1,Gumgaon,2020-10-01,2020,10,8196.16,6272.78,1923.39,23.47,0.866,0.918,0.963,Medium,UNIT-8646,loader,preventive,inspection,2.6,preventive,True,routine,25.26,0.25,1.87,46.2,Drammensgranite,False,242.886,Operational/Workforce,"Operational efficiency at 0.87, below target — indicates shift, workflow or crew utilisation gap.","Shift roster reallocated, additional crew deployed to bottleneck section, workflow reviewed with site supervisor.",Reduced,In Progress,Re-inspect within 7 days; escalate if shortfall persists.,Proxy (2025 same-calendar-date pattern),"Proxy (global reference dataset, not MOIL-specific)","Proxy (generic MWD reference dataset, not MOIL-specific)"
CASE-KAN-202010-0123,1,Kandri,2020-10-01,2020,10,8613.26,5892.71,2720.55,31.59,0.958,0.773,0.924,High,UNIT-3144,excavator,engine,head_gasket,4.0,predictive,False,routine,26.18,0.44,1.79,44.1,Granittic_gneiss,False,197.979,Equipment,"Equipment availability below target. excavator (UNIT-3144) recorded a routine 'engine' issue affecting the head gasket; 4.0h downtime, unscheduled predictive maintenance logged.",Corrective maintenance performed on head gasket.,Resolved,Successful,Continue routine monitoring; no further action required.,Proxy (2025 same-calendar-date pattern),"Proxy (global reference dataset, not MOIL-specific)","Proxy (generic MWD reference dataset, not MOIL-specific)"
CASE-MUN-202010-0124,1,Munsar,2020-10-01,2020,10,6999.07,5387.05,1612.03,23.03,0.91,0.86,0.983,Medium,UNIT-6421,loader,tires,front_left,3.1,predictive,False,routine,26.18,0.44,1.79,44.1,Granittic_gneiss,False,417.093,Equipment,"Equipment availability below target. loader (UNIT-6421) recorded a routine 'tires' issue affecting the front left; 3.1h downtime, unscheduled predictive maintenance logged.",Corrective maintenance performed on front left.,Resolved,Successful,Continue routine monitoring; no further action required.,Proxy (2025 same-calendar-date pattern),"Proxy (global reference dataset, not MOIL-specific)","Proxy (generic MWD reference dataset, not MOIL-specific)"
CASE-SIT-202010-0125,1,Sitapatore,2020-10-01,2020,10,8244.46,5143.31,3101.15,37.61,0.823,0.786,0.964,High,UNIT-4245,loader,preventive,filter_replace,3.5,preventive,True,routine,26.18,0.44,1.79,44.4,Drammensgranite,False,193.979,Operational/Workforce,"Operational efficiency at 0.82, below target — indicates shift, workflow or crew utilisation gap.","Shift roster reallocated, additional crew deployed to bottleneck section, workflow reviewed with site supervisor.",Resolved,Successful,Continue routine monitoring; no further action required.,Proxy (2025 same-calendar-date pattern),"Proxy (global reference dataset, not MOIL-specific)","Proxy (generic MWD reference dataset, not MOIL-specific)"
CASE-TIR-202010-0126,1,Tirodi,2020-10-01,2020,10,12702.26,7672.78,5029.48,39.6,0.82,0.771,0.955,High,UNIT-8515,excavator,electrical,starter,19.0,major_overhaul,True,major,26.42,1.14,1.49,43.0,Drammensgranite,False,155.407,Equipment,"Equipment availability below target. excavator (UNIT-8515) recorded a major 'electrical' issue affecting the starter; 19.0h downtime, scheduled major_overhaul maintenance logged.",Preventive/predictive maintenance carried out on starter per maintenance schedule.,Resolved,Successful,Continue routine monitoring; no further action required.,Proxy (2025 same-calendar-date pattern),"Proxy (global reference dataset, not MOIL-specific)","Proxy (generic MWD reference dataset, not MOIL-specific)"
CASE-UKW-202010-0127,1,Ukwa,2020-10-01,2020,10,13018.96,10030.07,2988.89,22.96,0.964,0.927,0.862,Medium,UNIT-6833,grader,preventive,adjustment,2.9,preventive,True,routine,25.66,5.44,1.14,37.8,Rhomb_porphyry,False,132.457,Weather,"Weather impact score 0.86 — rainfall 5.4mm, wind 1.1 m/s, soil moisture (0-100cm) 37.8%, affecting haul-road and pit access (2025 seasonal pattern used as proxy for this calendar date).",Haulage rescheduled around peak rainfall hours; drainage and access-road reinforcement carried out.,Reduced,In Progress,Re-inspect within 7 days; escalate if shortfall persists.,Proxy (2025 same-calendar-date pattern),"Proxy (global reference dataset, not MOIL-specific)","Proxy (generic MWD reference dataset, not MOIL-specific)"
CASE-BAL-202011-0128,1,Balaghat,2020-11-01,2020,11,17931.02,13661.47,4269.55,23.81,0.997,0.844,0.906,Medium,UNIT-4394,drill_rig,rotation,general_component,56.0,corrective,False,critical,24.38,0.65,1.11,46.6,Granittic_gneiss,False,593.49,Equipment,"Equipment availability below target. drill rig (UNIT-4394) recorded a critical 'rotation' issue affecting the general component; 56.0h downtime, unscheduled corrective maintenance logged.",Emergency corrective maintenance dispatched; drill rig isolated from production circuit until repaired.,Resolved,Successful,Continue routine monitoring; no further action required.,Proxy (2025 same-calendar-date pattern),"Proxy (global reference dataset, not MOIL-specific)","Proxy (generic MWD reference dataset, not MOIL-specific)"
CASE-CHI-202011-0129,1,Chikla,2020-11-01,2020,11,10392.86,7484.06,2908.8,27.99,0.817,0.944,0.934,High,UNIT-2933,crusher,hydraulics,valve,62.8,major_overhaul,True,major,25.66,0.33,0.86,34.9,Amphibolittic_gneiss,False,295.805,Operational/Workforce,"Operational efficiency at 0.82, below target — indicates shift, workflow or crew utilisation gap.","Shift roster reallocated, additional crew deployed to bottleneck section, workflow reviewed with site supervisor.",Failed,Escalated,Escalate: Escalated to operations manager for full process and staffing audit.,Proxy (2025 same-calendar-date pattern),"Proxy (global reference dataset, not MOIL-specific)","Proxy (generic MWD reference dataset, not MOIL-specific)"
CASE-CHI-202011-0130,2,Chikla,2020-11-10,2020,11,10392.86,7484.06,2908.8,27.99,0.817,0.944,0.934,High,UNIT-2933,crusher,hydraulics,valve,62.8,major_overhaul,True,major,25.66,0.33,0.86,34.9,Amphibolittic_gneiss,False,295.805,Operational/Workforce,"Issue persists after initial action ('Shift roster reallocated, additional crew deployed to bottleneck section, workflow reviewed with site supervisor.') did not fully resolve it.",Escalated to operations manager for full process and staffing audit.,Resolved,Successful,Continue routine monitoring; no further action required.,Proxy (2025 same-calendar-date pattern),"Proxy (global reference dataset, not MOIL-specific)","Proxy (generic MWD reference dataset, not MOIL-specific)"
CASE-DON-202011-0131,1,Dongri Buzurg,2020-11-01,2020,11,13924.45,9818.76,4105.69,29.49,0.981,0.778,0.924,High,UNIT-8325,loader,engine,injector,28.8,major_overhaul,True,major,25.62,0.27,0.97,34.2,Granittic_gneiss,False,234.469,Equipment,"Equipment availability below target. loader (UNIT-8325) recorded a major 'engine' issue affecting the injector; 28.8h downtime, scheduled major_overhaul maintenance logged.",Preventive/predictive maintenance carried out on injector per maintenance schedule.,Resolved,Successful,Continue routine monitoring; no further action required.,Proxy (2025 same-calendar-date pattern),"Proxy (global reference dataset, not MOIL-specific)","Proxy (generic MWD reference dataset, not MOIL-specific)"
CASE-GUM-202011-0132,1,Gumgaon,2020-11-01,2020,11,8896.77,5272.39,3624.39,40.74,0.894,0.764,0.868,High,UNIT-3513,conveyor,belt,general_component,1.6,predictive,False,routine,25.14,0.06,1.07,36.0,Granittic_gneiss,False,397.412,Equipment,"Equipment availability below target. conveyor (UNIT-3513) recorded a routine 'belt' issue affecting the general component; 1.6h downtime, unscheduled predictive maintenance logged.",Corrective maintenance performed on general component.,Resolved,Successful,Continue routine monitoring; no further action required.,Proxy (2025 same-calendar-date pattern),"Proxy (global reference dataset, not MOIL-specific)","Proxy (generic MWD reference dataset, not MOIL-specific)"
CASE-KAN-202011-0133,1,Kandri,2020-11-01,2020,11,8996.09,7344.28,1651.8,18.36,0.93,0.937,0.938,Medium,UNIT-8211,excavator,preventive,oil_change,4.5,preventive,True,routine,25.62,0.27,0.97,34.699999999999996,Granittic_gneiss,False,207.545,Operational/Workforce,"Operational efficiency at 0.93, below target — indicates shift, workflow or crew utilisation gap.","Shift roster reallocated, additional crew deployed to bottleneck section, workflow reviewed with site supervisor.",Resolved,Successful,Continue routine monitoring; no further action required.,Proxy (2025 same-calendar-date pattern),"Proxy (global reference dataset, not MOIL-specific)","Proxy (generic MWD reference dataset, not MOIL-specific)"
CASE-MUN-202011-0134,1,Munsar,2020-11-01,2020,11,8562.89,6033.08,2529.8,29.54,0.875,0.821,0.98,High,UNIT-8042,excavator,hydraulics,valve,19.7,corrective,False,major,25.62,0.27,0.97,34.699999999999996,Granittic_gneiss,False,267.618,Equipment,"Equipment availability below target. excavator (UNIT-8042) recorded a major 'hydraulics' issue affecting the valve; 19.7h downtime, unscheduled corrective maintenance logged.",Emergency corrective maintenance dispatched; excavator isolated from production circuit until repaired.,Resolved,Successful,Continue routine monitoring; no further action required.,Proxy (2025 same-calendar-date pattern),"Proxy (global reference dataset, not MOIL-specific)","Proxy (generic MWD reference dataset, not MOIL-specific)"
CASE-SIT-202011-0135,1,Sitapatore,2020-11-01,2020,11,9095.3,6768.02,2327.28,25.59,0.993,0.753,0.995,High,UNIT-7294,crusher,hydraulics,pump,7.5,predictive,False,routine,25.62,0.27,0.97,39.1,Elnes_lime_shale,False,86.46,Equipment,"Equipment availability below target. crusher (UNIT-7294) recorded a routine 'hydraulics' issue affecting the pump; 7.5h downtime, unscheduled predictive maintenance logged.",Corrective maintenance performed on pump.,Resolved,Successful,Continue routine monitoring; no further action required.,Proxy (2025 same-calendar-date pattern),"Proxy (global reference dataset, not MOIL-specific)","Proxy (generic MWD reference dataset, not MOIL-specific)"
CASE-TIR-202011-0136,1,Tirodi,2020-11-01,2020,11,13389.79,11539.51,1850.28,13.82,0.978,0.882,0.999,Medium,UNIT-1813,haul_truck,preventive,adjustment,1.6,preventive,True,routine,25.66,0.33,0.86,38.7,Huk_limestone,True,84.523,Geological/Drilling,"Drilling data flags a transition/variable rock zone (Rock type: Huk_limestone, rotation-pressure variance 84.5) — likely reduced penetration rate slowing blast-hole completion. [Hypothesis from generic MWD reference data — not yet validated against MOIL's own geology.]",Drill parameters and blast pattern adjusted for harder/variable rock; additional bit changes scheduled.,Resolved,Successful,Continue routine monitoring; no further action required.,Proxy (2025 same-calendar-date pattern),"Proxy (global reference dataset, not MOIL-specific)","Proxy (generic MWD reference dataset, not MOIL-specific)"
CASE-UKW-202011-0137,1,Ukwa,2020-11-01,2020,11,14552.17,12211.15,2341.02,16.09,0.911,0.992,0.928,Medium,UNIT-5387,haul_truck,transmission,torque_converter,17.9,corrective,False,major,23.8,0.2,1.16,32.1,Granittic_gneiss,False,370.627,Operational/Workforce,"Operational efficiency at 0.91, below target — indicates shift, workflow or crew utilisation gap.","Shift roster reallocated, additional crew deployed to bottleneck section, workflow reviewed with site supervisor.",Failed,Escalated,Escalate: Escalated to operations manager for full process and staffing audit.,Proxy (2025 same-calendar-date pattern),"Proxy (global reference dataset, not MOIL-specific)","Proxy (generic MWD reference dataset, not MOIL-specific)"
CASE-UKW-202011-0138,2,Ukwa,2020-11-04,2020,11,14552.17,12211.15,2341.02,16.09,0.911,0.992,0.928,Medium,UNIT-5387,haul_truck,transmission,torque_converter,17.9,corrective,False,major,23.8,0.2,1.16,32.1,Granittic_gneiss,False,370.627,Operational/Workforce,"Issue persists after initial action ('Shift roster reallocated, additional crew deployed to bottleneck section, workflow reviewed with site supervisor.') did not fully resolve it.",Escalated to operations manager for full process and staffing audit.,Resolved,Successful,Continue routine monitoring; no further action required.,Proxy (2025 same-calendar-date pattern),"Proxy (global reference dataset, not MOIL-specific)","Proxy (generic MWD reference dataset, not MOIL-specific)"
CASE-BAL-202012-0139,1,Balaghat,2020-12-01,2020,12,22939.19,17566.16,5373.03,23.42,0.939,0.864,0.944,Medium,UNIT-4024,excavator,preventive,oil_change,5.2,preventive,True,routine,17.4,0.0,1.29,37.8,Granittic_gneiss,False,169.476,Equipment,"Equipment availability below target. excavator (UNIT-4024) recorded a routine 'preventive' issue affecting the oil change; 5.2h downtime, scheduled preventive maintenance logged.",Preventive/predictive maintenance carried out on oil change per maintenance schedule.,Resolved,Successful,Continue routine monitoring; no further action required.,Proxy (2025 same-calendar-date pattern),"Proxy (global reference dataset, not MOIL-specific)","Proxy (generic MWD reference dataset, not MOIL-specific)"
CASE-BEL-202012-0140,1,Beldongri,2020-12-01,2020,12,9991.23,6652.33,3338.9,33.42,0.98,0.761,0.892,High,UNIT-9412,crusher,preventive,filter_replace,32.8,preventive,True,minor,17.84,0.0,1.51,30.599999999999998,Granittic_gneiss,False,497.038,Equipment,"Equipment availability below target. crusher (UNIT-9412) recorded a minor 'preventive' issue affecting the filter replace; 32.8h downtime, scheduled preventive maintenance logged.",Preventive/predictive maintenance carried out on filter replace per maintenance schedule.,Reduced,In Progress,Re-inspect within 7 days; escalate if shortfall persists.,Proxy (2025 same-calendar-date pattern),"Proxy (global reference dataset, not MOIL-specific)","Proxy (generic MWD reference dataset, not MOIL-specific)"
CASE-BEL-202012-0141,2,Beldongri,2020-12-05,2020,12,9991.23,6652.33,3338.9,33.42,0.98,0.761,0.892,High,UNIT-9412,crusher,preventive,filter_replace,32.8,preventive,True,minor,17.84,0.0,1.51,30.599999999999998,Granittic_gneiss,False,497.038,Equipment,Issue persists after initial action ('Preventive/predictive maintenance carried out on filter replace per maintenance schedule.') did not fully resolve it.,Component replacement / major overhaul scheduled; equipment flagged for engineering review.,Failed,Escalated,Escalate: Component replacement / major overhaul scheduled; equipment flagged for engineering review.,Proxy (2025 same-calendar-date pattern),"Proxy (global reference dataset, not MOIL-specific)","Proxy (generic MWD reference dataset, not MOIL-specific)"
CASE-CHI-202012-0142,1,Chikla,2020-12-01,2020,12,13312.22,10607.28,2704.93,20.32,0.978,0.864,0.943,Medium,UNIT-9420,excavator,hydraulics,pump,29.1,corrective,False,major,18.1,0.0,1.45,33.4,Drammensgranite,False,139.1,Equipment,"Equipment availability below target. excavator (UNIT-9420) recorded a major 'hydraulics' issue affecting the pump; 29.1h downtime, unscheduled corrective maintenance logged.","Action scheduled, not yet executed.",Not Yet Assessed,Pending,Action logged; awaiting execution and outcome review.,Proxy (2025 same-calendar-date pattern),"Proxy (global reference dataset, not MOIL-specific)","Proxy (generic MWD reference dataset, not MOIL-specific)"
CASE-DON-202012-0143,1,Dongri Buzurg,2020-12-01,2020,12,16606.51,10876.69,5729.82,34.5,0.838,0.866,0.903,High,UNIT-2898,excavator,preventive,filter_replace,4.9,preventive,True,routine,17.84,0.0,1.51,34.0,Blackshale,False,93.065,Operational/Workforce,"Operational efficiency at 0.84, below target — indicates shift, workflow or crew utilisation gap.","Shift roster reallocated, additional crew deployed to bottleneck section, workflow reviewed with site supervisor.",Reduced,In Progress,Re-inspect within 7 days; escalate if shortfall persists.,Proxy (2025 same-calendar-date pattern),"Proxy (global reference dataset, not MOIL-specific)","Proxy (generic MWD reference dataset, not MOIL-specific)"
CASE-GUM-202012-0144,1,Gumgaon,2020-12-01,2020,12,11417.8,9233.01,2184.79,19.13,0.816,0.994,0.998,Medium,UNIT-7234,loader,preventive,filter_replace,5.0,preventive,True,routine,17.71,0.0,1.6,31.900000000000002,Granittic_gneiss,False,139.594,Operational/Workforce,"Operational efficiency at 0.82, below target — indicates shift, workflow or crew utilisation gap.","Shift roster reallocated, additional crew deployed to bottleneck section, workflow reviewed with site supervisor.",Resolved,Successful,Continue routine monitoring; no further action required.,Proxy (2025 same-calendar-date pattern),"Proxy (global reference dataset, not MOIL-specific)","Proxy (generic MWD reference dataset, not MOIL-specific)"
CASE-KAN-202012-0145,1,Kandri,2020-12-01,2020,12,11547.46,8425.62,3121.84,27.03,0.907,0.827,0.972,High,UNIT-6091,conveyor,pulley,general_component,14.3,corrective,False,critical,17.84,0.0,1.51,30.3,Rhomb_porphyry,False,197.354,Equipment,"Equipment availability below target. conveyor (UNIT-6091) recorded a critical 'pulley' issue affecting the general component; 14.3h downtime, unscheduled corrective maintenance logged.",Emergency corrective maintenance dispatched; conveyor isolated from production circuit until repaired.,Reduced,In Progress,Re-inspect within 7 days; escalate if shortfall persists.,Proxy (2025 same-calendar-date pattern),"Proxy (global reference dataset, not MOIL-specific)","Proxy (generic MWD reference dataset, not MOIL-specific)"
CASE-MUN-202012-0146,1,Munsar,2020-12-01,2020,12,10090.72,7995.05,2095.67,20.77,0.833,0.978,0.973,Medium,UNIT-8667,loader,engine,cooling_system,19.9,corrective,False,major,17.84,0.0,1.51,30.3,Granittic_gneiss,False,266.553,Operational/Workforce,"Operational efficiency at 0.83, below target — indicates shift, workflow or crew utilisation gap.","Action scheduled, not yet executed.",Not Yet Assessed,Pending,Action logged; awaiting execution and outcome review.,Proxy (2025 same-calendar-date pattern),"Proxy (global reference dataset, not MOIL-specific)","Proxy (generic MWD reference dataset, not MOIL-specific)"
CASE-SIT-202012-0147,1,Sitapatore,2020-12-01,2020,12,11832.39,9220.91,2611.48,22.07,0.945,0.903,0.913,Medium,UNIT-4763,haul_truck,electrical,wiring,3.8,predictive,False,routine,17.84,0.0,1.51,33.800000000000004,Rhomb_porphyry,False,133.275,Weather,"Weather impact score 0.91 — rainfall 0.0mm, wind 1.5 m/s, soil moisture (0-100cm) 33.8%, affecting haul-road and pit access (2025 seasonal pattern used as proxy for this calendar date).",Operations continued with adjusted shift timing to work around weather window.,Reduced,In Progress,Re-inspect within 7 days; escalate if shortfall persists.,Proxy (2025 same-calendar-date pattern),"Proxy (global reference dataset, not MOIL-specific)","Proxy (generic MWD reference dataset, not MOIL-specific)"
CASE-TIR-202012-0148,1,Tirodi,2020-12-01,2020,12,17719.59,11211.27,6508.32,36.73,0.973,0.761,0.854,High,UNIT-6396,loader,preventive,filter_replace,3.2,preventive,True,routine,18.1,0.0,1.45,34.2,Blackshale,True,135.656,Equipment,"Equipment availability below target. loader (UNIT-6396) recorded a routine 'preventive' issue affecting the filter replace; 3.2h downtime, scheduled preventive maintenance logged.",Preventive/predictive maintenance carried out on filter replace per maintenance schedule.,Resolved,Successful,Continue routine monitoring; no further action required.,Proxy (2025 same-calendar-date pattern),"Proxy (global reference dataset, not MOIL-specific)","Proxy (generic MWD reference dataset, not MOIL-specific)"
CASE-UKW-202012-0149,1,Ukwa,2020-12-01,2020,12,18172.69,15207.48,2965.21,16.32,0.962,0.997,0.873,Medium,UNIT-2824,pump,casing,general_component,3.4,corrective,False,minor,16.81,0.0,1.35,28.599999999999998,Blackshale,False,136.289,Weather,"Weather impact score 0.87 — rainfall 0.0mm, wind 1.4 m/s, soil moisture (0-100cm) 28.6%, affecting haul-road and pit access (2025 seasonal pattern used as proxy for this calendar date).",Operations continued with adjusted shift timing to work around weather window.,Reduced,In Progress,Re-inspect within 7 days; escalate if shortfall persists.,Proxy (2025 same-calendar-date pattern),"Proxy (global reference dataset, not MOIL-specific)","Proxy (generic MWD reference dataset, not MOIL-specific)"
CASE-BAL-202101-0150,1,Balaghat,2021-01-01,2021,1,15529.43,13184.4,2345.03,15.1,0.876,0.992,0.976,Medium,UNIT-6658,excavator,electrical,starter,12.0,corrective,False,minor,15.58,0.0,2.23,41.0,Granittic_gneiss,False,412.519,Operational/Workforce,"Operational efficiency at 0.88, below target — indicates shift, workflow or crew utilisation gap.","Shift roster reallocated, additional crew deployed to bottleneck section, workflow reviewed with site supervisor.",Resolved,Successful,Continue routine monitoring; no further action required.,Proxy (2025 same-calendar-date pattern),"Proxy (global reference dataset, not MOIL-specific)","Proxy (generic MWD reference dataset, not MOIL-specific)"
CASE-BEL-202101-0151,1,Beldongri,2021-01-01,2021,1,6958.49,4730.6,2227.89,32.02,0.894,0.854,0.891,High,UNIT-2107,grader,preventive,inspection,3.0,preventive,True,routine,17.14,0.0,2.41,35.3,Granittic_gneiss,False,73.248,Operational/Workforce,"Operational efficiency at 0.89, below target — indicates shift, workflow or crew utilisation gap.","Action scheduled, not yet executed.",Not Yet Assessed,Pending,Action logged; awaiting execution and outcome review.,Proxy (2025 same-calendar-date pattern),"Proxy (global reference dataset, not MOIL-specific)","Proxy (generic MWD reference dataset, not MOIL-specific)"
CASE-DON-202101-0152,1,Dongri Buzurg,2021-01-01,2021,1,12111.5,10311.2,1800.31,14.86,0.911,0.942,0.992,Medium,UNIT-9793,haul_truck,preventive,adjustment,3.3,preventive,True,routine,17.14,0.0,2.41,32.5,Granittic_gneiss,False,580.117,Operational/Workforce,"Operational efficiency at 0.91, below target — indicates shift, workflow or crew utilisation gap.","Shift roster reallocated, additional crew deployed to bottleneck section, workflow reviewed with site supervisor.",Resolved,Successful,Continue routine monitoring; no further action required.,Proxy (2025 same-calendar-date pattern),"Proxy (global reference dataset, not MOIL-specific)","Proxy (generic MWD reference dataset, not MOIL-specific)"
CASE-GUM-202101-0153,1,Gumgaon,2021-01-01,2021,1,7961.27,5071.82,2889.44,36.29,0.849,0.863,0.869,High,UNIT-4832,haul_truck,engine,cooling_system,13.9,corrective,False,major,17.43,0.0,2.05,35.6,Granittic_gneiss,False,109.826,Operational/Workforce,"Operational efficiency at 0.85, below target — indicates shift, workflow or crew utilisation gap.","Shift roster reallocated, additional crew deployed to bottleneck section, workflow reviewed with site supervisor.",Failed,Escalated,Escalate: Escalated to operations manager for full process and staffing audit.,Proxy (2025 same-calendar-date pattern),"Proxy (global reference dataset, not MOIL-specific)","Proxy (generic MWD reference dataset, not MOIL-specific)"
CASE-GUM-202101-0154,2,Gumgaon,2021-01-07,2021,1,7961.27,5071.82,2889.44,36.29,0.849,0.863,0.869,High,UNIT-4832,haul_truck,engine,cooling_system,13.9,corrective,False,major,17.43,0.0,2.05,35.6,Granittic_gneiss,False,109.826,Operational/Workforce,"Issue persists after initial action ('Shift roster reallocated, additional crew deployed to bottleneck section, workflow reviewed with site supervisor.') did not fully resolve it.",Escalated to operations manager for full process and staffing audit.,Resolved,Successful,Continue routine monitoring; no further action required.,Proxy (2025 same-calendar-date pattern),"Proxy (global reference dataset, not MOIL-specific)","Proxy (generic MWD reference dataset, not MOIL-specific)"
CASE-KAN-202101-0155,1,Kandri,2021-01-01,2021,1,8041.58,5685.13,2356.45,29.3,0.921,0.807,0.951,High,UNIT-1503,conveyor,motor,general_component,0.9,predictive,False,routine,17.14,0.0,2.41,35.5,Hagaberg_shale,True,79.878,Geological/Drilling,"Drilling data flags a transition/variable rock zone (Rock type: Hagaberg_shale, rotation-pressure variance 79.9) — likely reduced penetration rate slowing blast-hole completion. [Hypothesis from generic MWD reference data — not yet validated against MOIL's own geology.]",Drill parameters and blast pattern adjusted for harder/variable rock; additional bit changes scheduled.,Resolved,Successful,Continue routine monitoring; no further action required.,Proxy (2025 same-calendar-date pattern),"Proxy (global reference dataset, not MOIL-specific)","Proxy (generic MWD reference dataset, not MOIL-specific)"
CASE-MUN-202101-0156,1,Munsar,2021-01-01,2021,1,6810.28,4392.94,2417.34,35.5,0.872,0.778,0.951,High,UNIT-8307,grader,preventive,adjustment,11.0,preventive,True,minor,17.14,0.0,2.41,35.5,Granittic_gneiss,False,150.07,Equipment,"Equipment availability below target. grader (UNIT-8307) recorded a minor 'preventive' issue affecting the adjustment; 11.0h downtime, scheduled preventive maintenance logged.",Preventive/predictive maintenance carried out on adjustment per maintenance schedule.,Resolved,Successful,Continue routine monitoring; no further action required.,Proxy (2025 same-calendar-date pattern),"Proxy (global reference dataset, not MOIL-specific)","Proxy (generic MWD reference dataset, not MOIL-specific)"
CASE-SIT-202101-0157,1,Sitapatore,2021-01-01,2021,1,7707.93,6330.85,1377.08,17.87,0.954,0.88,0.978,Medium,UNIT-5155,haul_truck,tires,rear_left,14.2,corrective,False,major,17.14,0.0,2.41,36.0,Huk_limestone,True,86.17,Geological/Drilling,"Drilling data flags a transition/variable rock zone (Rock type: Huk_limestone, rotation-pressure variance 86.2) — likely reduced penetration rate slowing blast-hole completion. [Hypothesis from generic MWD reference data — not yet validated against MOIL's own geology.]",Drill parameters and blast pattern adjusted for harder/variable rock; additional bit changes scheduled.,Failed,Escalated,Escalate: Escalated to geology/blast engineering team for re-survey of the zone.,Proxy (2025 same-calendar-date pattern),"Proxy (global reference dataset, not MOIL-specific)","Proxy (generic MWD reference dataset, not MOIL-specific)"
CASE-SIT-202101-0158,2,Sitapatore,2021-01-08,2021,1,7707.93,6330.85,1377.08,17.87,0.954,0.88,0.978,Medium,UNIT-5155,haul_truck,tires,rear_left,14.2,corrective,False,major,17.14,0.0,2.41,36.0,Huk_limestone,True,86.17,Geological/Drilling,Issue persists after initial action ('Drill parameters and blast pattern adjusted for harder/variable rock; additional bit changes scheduled.') did not fully resolve it.,Escalated to geology/blast engineering team for re-survey of the zone.,Resolved,Successful,Continue routine monitoring; no further action required.,Proxy (2025 same-calendar-date pattern),"Proxy (global reference dataset, not MOIL-specific)","Proxy (generic MWD reference dataset, not MOIL-specific)"
CASE-TIR-202101-0159,1,Tirodi,2021-01-01,2021,1,11598.35,9336.16,2262.2,19.5,0.912,0.969,0.911,Medium,UNIT-4043,conveyor,preventive,inspection,1.7,preventive,True,routine,17.75,0.0,2.2,32.7,Augen_gneiss,True,106.425,Geological/Drilling,"Drilling data flags a transition/variable rock zone (Rock type: Augen_gneiss, rotation-pressure variance 106.4) — likely reduced penetration rate slowing blast-hole completion. [Hypothesis from generic MWD reference data — not yet validated against MOIL's own geology.]",Drill parameters and blast pattern adjusted for harder/variable rock; additional bit changes scheduled.,Reduced,In Progress,Re-inspect within 7 days; escalate if shortfall persists.,Proxy (2025 same-calendar-date pattern),"Proxy (global reference dataset, not MOIL-specific)","Proxy (generic MWD reference dataset, not MOIL-specific)"
CASE-TIR-202101-0160,2,Tirodi,2021-01-10,2021,1,11598.35,9336.16,2262.2,19.5,0.912,0.969,0.911,Medium,UNIT-4043,conveyor,preventive,inspection,1.7,preventive,True,routine,17.75,0.0,2.2,32.7,Augen_gneiss,True,106.425,Geological/Drilling,Issue persists after initial action ('Drill parameters and blast pattern adjusted for harder/variable rock; additional bit changes scheduled.') did not fully resolve it.,Escalated to geology/blast engineering team for re-survey of the zone.,Resolved,Successful,Continue routine monitoring; no further action required.,Proxy (2025 same-calendar-date pattern),"Proxy (global reference dataset, not MOIL-specific)","Proxy (generic MWD reference dataset, not MOIL-specific)"
CASE-UKW-202101-0161,1,Ukwa,2021-01-01,2021,1,12042.52,8590.53,3451.99,28.66,0.806,0.939,0.943,High,UNIT-1997,excavator,bucket,general_component,9.0,predictive,False,minor,15.94,0.0,1.77,34.699999999999996,Blackshale,False,96.061,Operational/Workforce,"Operational efficiency at 0.81, below target — indicates shift, workflow or crew utilisation gap.","Shift roster reallocated, additional crew deployed to bottleneck section, workflow reviewed with site supervisor.",Reduced,In Progress,Re-inspect within 7 days; escalate if shortfall persists.,Proxy (2025 same-calendar-date pattern),"Proxy (global reference dataset, not MOIL-specific)","Proxy (generic MWD reference dataset, not MOIL-specific)"
CASE-BAL-202102-0162,1,Balaghat,2021-02-01,2021,2,15698.58,8838.49,6860.1,43.7,0.843,0.784,0.852,High,UNIT-8705,excavator,preventive,oil_change,2.8,preventive,True,routine,23.89,0.0,1.79,35.699999999999996,Granittic_gneiss,False,193.18,Equipment,"Equipment availability below target. excavator (UNIT-8705) recorded a routine 'preventive' issue affecting the oil change; 2.8h downtime, scheduled preventive maintenance logged.",Preventive/predictive maintenance carried out on oil change per maintenance schedule.,Resolved,Successful,Continue routine monitoring; no further action required.,Proxy (2025 same-calendar-date pattern),"Proxy (global reference dataset, not MOIL-specific)","Proxy (generic MWD reference dataset, not MOIL-specific)"
CASE-BEL-202102-0163,1,Beldongri,2021-02-01,2021,2,6630.2,4726.12,1904.08,28.72,0.918,0.848,0.916,High,UNIT-9951,grader,preventive,inspection,2.1,preventive,True,routine,24.97,0.0,1.66,27.6,Granittic_gneiss,True,153.14,Geological/Drilling,"Drilling data flags a transition/variable rock zone (Rock type: Granittic_gneiss, rotation-pressure variance 153.1) — likely reduced penetration rate slowing blast-hole completion. [Hypothesis from generic MWD reference data — not yet validated against MOIL's own geology.]",Drill parameters and blast pattern adjusted for harder/variable rock; additional bit changes scheduled.,Resolved,Successful,Continue routine monitoring; no further action required.,Proxy (2025 same-calendar-date pattern),"Proxy (global reference dataset, not MOIL-specific)","Proxy (generic MWD reference dataset, not MOIL-specific)"
CASE-CHI-202102-0164,1,Chikla,2021-02-01,2021,2,9003.6,6655.4,2348.2,26.08,0.87,0.878,0.968,High,UNIT-4681,grader,preventive,inspection,3.1,preventive,True,routine,25.63,0.0,1.6,32.6,Hagaberg_shale,False,71.164,Operational/Workforce,"Operational efficiency at 0.87, below target — indicates shift, workflow or crew utilisation gap.","Shift roster reallocated, additional crew deployed to bottleneck section, workflow reviewed with site supervisor.",Resolved,Successful,Continue routine monitoring; no further action required.,Proxy (2025 same-calendar-date pattern),"Proxy (global reference dataset, not MOIL-specific)","Proxy (generic MWD reference dataset, not MOIL-specific)"
CASE-DON-202102-0165,1,Dongri Buzurg,2021-02-01,2021,2,11419.09,10115.6,1303.49,11.41,0.924,0.966,0.992,Medium,UNIT-8806,loader,engine,turbo,6.8,corrective,False,minor,24.97,0.0,1.66,28.299999999999997,Drammensgranite,False,252.525,Operational/Workforce,"Operational efficiency at 0.92, below target — indicates shift, workflow or crew utilisation gap.","Shift roster reallocated, additional crew deployed to bottleneck section, workflow reviewed with site supervisor.",Reduced,In Progress,Re-inspect within 7 days; escalate if shortfall persists.,Proxy (2025 same-calendar-date pattern),"Proxy (global reference dataset, not MOIL-specific)","Proxy (generic MWD reference dataset, not MOIL-specific)"
CASE-GUM-202102-0166,1,Gumgaon,2021-02-01,2021,2,7420.83,5673.23,1747.6,23.55,0.985,0.873,0.889,Medium,UNIT-9911,drill_rig,compressor,general_component,13.2,corrective,False,major,24.32,0.0,1.67,30.3,Blackshale,False,88.719,Weather,"Weather impact score 0.89 — rainfall 0.0mm, wind 1.7 m/s, soil moisture (0-100cm) 30.3%, affecting haul-road and pit access (2025 seasonal pattern used as proxy for this calendar date).",Operations continued with adjusted shift timing to work around weather window.,Reduced,In Progress,Re-inspect within 7 days; escalate if shortfall persists.,Proxy (2025 same-calendar-date pattern),"Proxy (global reference dataset, not MOIL-specific)","Proxy (generic MWD reference dataset, not MOIL-specific)"
CASE-KAN-202102-0167,1,Kandri,2021-02-01,2021,2,7660.87,5991.59,1669.28,21.79,0.996,0.873,0.899,Medium,UNIT-7072,loader,preventive,inspection,3.7,preventive,True,routine,24.97,0.0,1.66,33.300000000000004,Blackshale,False,218.007,Weather,"Weather impact score 0.90 — rainfall 0.0mm, wind 1.7 m/s, soil moisture (0-100cm) 33.3%, affecting haul-road and pit access (2025 seasonal pattern used as proxy for this calendar date).",Operations continued with adjusted shift timing to work around weather window.,Reduced,In Progress,Re-inspect within 7 days; escalate if shortfall persists.,Proxy (2025 same-calendar-date pattern),"Proxy (global reference dataset, not MOIL-specific)","Proxy (generic MWD reference dataset, not MOIL-specific)"
CASE-MUN-202102-0168,1,Munsar,2021-02-01,2021,2,6820.56,3866.55,2954.01,43.31,0.848,0.769,0.869,High,UNIT-3556,excavator,bucket,general_component,9.3,predictive,False,minor,24.97,0.0,1.66,33.300000000000004,Granittic_gneiss,True,428.834,Equipment,"Equipment availability below target. excavator (UNIT-3556) recorded a minor 'bucket' issue affecting the general component; 9.3h downtime, unscheduled predictive maintenance logged.",Corrective maintenance performed on general component.,Failed,Escalated,Escalate: Component replacement / major overhaul scheduled; equipment flagged for engineering review.,Proxy (2025 same-calendar-date pattern),"Proxy (global reference dataset, not MOIL-specific)","Proxy (generic MWD reference dataset, not MOIL-specific)"
CASE-MUN-202102-0169,2,Munsar,2021-02-09,2021,2,6820.56,3866.55,2954.01,43.31,0.848,0.769,0.869,High,UNIT-3556,excavator,bucket,general_component,9.3,predictive,False,minor,24.97,0.0,1.66,33.300000000000004,Granittic_gneiss,True,428.834,Equipment,Issue persists after initial action ('Corrective maintenance performed on general component.') did not fully resolve it.,Component replacement / major overhaul scheduled; equipment flagged for engineering review.,Resolved,Successful,Continue routine monitoring; no further action required.,Proxy (2025 same-calendar-date pattern),"Proxy (global reference dataset, not MOIL-specific)","Proxy (generic MWD reference dataset, not MOIL-specific)"
CASE-SIT-202102-0170,1,Sitapatore,2021-02-01,2021,2,7406.19,4565.95,2840.24,38.35,0.83,0.785,0.946,High,UNIT-4546,haul_truck,hydraulics,pump,35.6,corrective,False,critical,24.97,0.0,1.66,31.3,Granittic_gneiss,False,164.386,Operational/Workforce,"Operational efficiency at 0.83, below target — indicates shift, workflow or crew utilisation gap.","Shift roster reallocated, additional crew deployed to bottleneck section, workflow reviewed with site supervisor.",Resolved,Successful,Continue routine monitoring; no further action required.,Proxy (2025 same-calendar-date pattern),"Proxy (global reference dataset, not MOIL-specific)","Proxy (generic MWD reference dataset, not MOIL-specific)"
CASE-TIR-202102-0171,1,Tirodi,2021-02-01,2021,2,11171.4,8712.54,2458.86,22.01,0.869,0.974,0.921,Medium,UNIT-8643,excavator,bucket,general_component,20.3,major_overhaul,True,major,25.63,0.0,1.6,27.800000000000004,Blackshale,False,128.765,Operational/Workforce,"Operational efficiency at 0.87, below target — indicates shift, workflow or crew utilisation gap.","Shift roster reallocated, additional crew deployed to bottleneck section, workflow reviewed with site supervisor.",Resolved,Successful,Continue routine monitoring; no further action required.,Proxy (2025 same-calendar-date pattern),"Proxy (global reference dataset, not MOIL-specific)","Proxy (generic MWD reference dataset, not MOIL-specific)"
CASE-UKW-202102-0172,1,Ukwa,2021-02-01,2021,2,12709.45,7246.3,5463.15,42.98,0.834,0.798,0.856,High,UNIT-8377,excavator,electrical,alternator,20.1,major_overhaul,True,major,23.79,0.0,1.76,38.2,Granittic_gneiss,False,523.926,Operational/Workforce,"Operational efficiency at 0.83, below target — indicates shift, workflow or crew utilisation gap.","Shift roster reallocated, additional crew deployed to bottleneck section, workflow reviewed with site supervisor.",Resolved,Successful,Continue routine monitoring; no further action required.,Proxy (2025 same-calendar-date pattern),"Proxy (global reference dataset, not MOIL-specific)","Proxy (generic MWD reference dataset, not MOIL-specific)"
CASE-BAL-202103-0173,1,Balaghat,2021-03-01,2021,3,16858.66,9891.83,6966.82,41.32,0.856,0.794,0.863,High,UNIT-8746,excavator,hydraulics,valve,35.9,major_overhaul,True,major,26.55,0.0,1.98,32.2,Granittic_gneiss,False,245.624,Equipment,"Equipment availability below target. excavator (UNIT-8746) recorded a major 'hydraulics' issue affecting the valve; 35.9h downtime, scheduled major_overhaul maintenance logged.",Preventive/predictive maintenance carried out on valve per maintenance schedule.,Resolved,Successful,Continue routine monitoring; no further action required.,Proxy (2025 same-calendar-date pattern),"Proxy (global reference dataset, not MOIL-specific)","Proxy (generic MWD reference dataset, not MOIL-specific)"
CASE-BEL-202103-0174,1,Beldongri,2021-03-01,2021,3,7338.82,4747.79,2591.03,35.31,0.892,0.802,0.905,High,UNIT-4611,haul_truck,brakes,general_component,10.6,corrective,False,minor,27.32,0.0,1.79,28.000000000000004,Granittic_gneiss,False,304.142,Equipment,"Equipment availability below target. haul truck (UNIT-4611) recorded a minor 'brakes' issue affecting the general component; 10.6h downtime, unscheduled corrective maintenance logged.",Corrective maintenance performed on general component.,Resolved,Successful,Continue routine monitoring; no further action required.,Proxy (2025 same-calendar-date pattern),"Proxy (global reference dataset, not MOIL-specific)","Proxy (generic MWD reference dataset, not MOIL-specific)"
CASE-CHI-202103-0175,1,Chikla,2021-03-01,2021,3,9811.04,6782.69,3028.35,30.87,0.938,0.76,0.97,High,UNIT-4490,loader,preventive,inspection,4.6,preventive,True,routine,27.43,0.0,1.68,30.7,Hagaberg_shale,False,94.531,Equipment,"Equipment availability below target. loader (UNIT-4490) recorded a routine 'preventive' issue affecting the inspection; 4.6h downtime, scheduled preventive maintenance logged.",Preventive/predictive maintenance carried out on inspection per maintenance schedule.,Resolved,Successful,Continue routine monitoring; no further action required.,Proxy (2025 same-calendar-date pattern),"Proxy (global reference dataset, not MOIL-specific)","Proxy (generic MWD reference dataset, not MOIL-specific)"
CASE-DON-202103-0176,1,Dongri Buzurg,2021-03-01,2021,3,13244.18,10345.92,2898.26,21.88,0.816,0.968,0.988,Medium,UNIT-3361,haul_truck,electrical,battery,22.2,corrective,False,major,27.32,0.0,1.79,28.299999999999997,Hagaberg_shale,False,174.869,Operational/Workforce,"Operational efficiency at 0.82, below target — indicates shift, workflow or crew utilisation gap.","Shift roster reallocated, additional crew deployed to bottleneck section, workflow reviewed with site supervisor.",Resolved,Successful,Continue routine monitoring; no further action required.,Proxy (2025 same-calendar-date pattern),"Proxy (global reference dataset, not MOIL-specific)","Proxy (generic MWD reference dataset, not MOIL-specific)"
CASE-GUM-202103-0177,1,Gumgaon,2021-03-01,2021,3,8335.3,6528.19,1807.11,21.68,0.855,0.952,0.962,Medium,UNIT-7690,haul_truck,preventive,inspection,7.4,preventive,True,minor,26.9,0.0,1.91,28.9,Hagaberg_shale,False,94.531,Operational/Workforce,"Operational efficiency at 0.85, below target — indicates shift, workflow or crew utilisation gap.","Shift roster reallocated, additional crew deployed to bottleneck section, workflow reviewed with site supervisor.",Failed,Escalated,Escalate: Escalated to operations manager for full process and staffing audit.,Proxy (2025 same-calendar-date pattern),"Proxy (global reference dataset, not MOIL-specific)","Proxy (generic MWD reference dataset, not MOIL-specific)"
CASE-GUM-202103-0178,2,Gumgaon,2021-03-06,2021,3,8335.3,6528.19,1807.11,21.68,0.855,0.952,0.962,Medium,UNIT-7690,haul_truck,preventive,inspection,7.4,preventive,True,minor,26.9,0.0,1.91,28.9,Hagaberg_shale,False,94.531,Operational/Workforce,"Issue persists after initial action ('Shift roster reallocated, additional crew deployed to bottleneck section, workflow reviewed with site supervisor.') did not fully resolve it.",Escalated to operations manager for full process and staffing audit.,Reduced,In Progress,Re-inspect within 7 days; escalate if shortfall persists.,Proxy (2025 same-calendar-date pattern),"Proxy (global reference dataset, not MOIL-specific)","Proxy (generic MWD reference dataset, not MOIL-specific)"
CASE-KAN-202103-0179,1,Kandri,2021-03-01,2021,3,8442.92,5526.1,2916.82,34.55,0.842,0.843,0.923,High,UNIT-6448,excavator,preventive,oil_change,11.8,preventive,True,minor,27.32,0.0,1.79,31.0,Drammensgranite,False,125.545,Operational/Workforce,"Operational efficiency at 0.84, below target — indicates shift, workflow or crew utilisation gap.","Shift roster reallocated, additional crew deployed to bottleneck section, workflow reviewed with site supervisor.",Resolved,Successful,Continue routine monitoring; no further action required.,Proxy (2025 same-calendar-date pattern),"Proxy (global reference dataset, not MOIL-specific)","Proxy (generic MWD reference dataset, not MOIL-specific)"
CASE-MUN-202103-0180,1,Munsar,2021-03-01,2021,3,7718.41,5616.88,2101.53,27.23,0.874,0.866,0.962,High,UNIT-7266,conveyor,belt,general_component,7.9,major_overhaul,True,major,27.32,0.0,1.79,31.0,Granittic_gneiss,False,310.678,Operational/Workforce,"Operational efficiency at 0.87, below target — indicates shift, workflow or crew utilisation gap.","Action scheduled, not yet executed.",Not Yet Assessed,Pending,Action logged; awaiting execution and outcome review.,Proxy (2025 same-calendar-date pattern),"Proxy (global reference dataset, not MOIL-specific)","Proxy (generic MWD reference dataset, not MOIL-specific)"
CASE-SIT-202103-0181,1,Sitapatore,2021-03-01,2021,3,8314.03,6461.07,1852.96,22.29,0.85,0.928,0.984,Medium,UNIT-7167,haul_truck,brakes,general_component,11.9,corrective,False,minor,27.32,0.0,1.79,30.4,Drammensgranite,False,154.885,Operational/Workforce,"Operational efficiency at 0.85, below target — indicates shift, workflow or crew utilisation gap.","Shift roster reallocated, additional crew deployed to bottleneck section, workflow reviewed with site supervisor.",Resolved,Successful,Continue routine monitoring; no further action required.,Proxy (2025 same-calendar-date pattern),"Proxy (global reference dataset, not MOIL-specific)","Proxy (generic MWD reference dataset, not MOIL-specific)"
CASE-TIR-202103-0182,1,Tirodi,2021-03-01,2021,3,13092.19,8454.17,4638.03,35.43,0.906,0.777,0.917,High,UNIT-9850,haul_truck,preventive,oil_change,2.8,preventive,True,routine,27.43,0.0,1.68,28.000000000000004,Drammensgranite,False,143.062,Equipment,"Equipment availability below target. haul truck (UNIT-9850) recorded a routine 'preventive' issue affecting the oil change; 2.8h downtime, scheduled preventive maintenance logged.",Preventive/predictive maintenance carried out on oil change per maintenance schedule.,Failed,Escalated,Escalate: Component replacement / major overhaul scheduled; equipment flagged for engineering review.,Proxy (2025 same-calendar-date pattern),"Proxy (global reference dataset, not MOIL-specific)","Proxy (generic MWD reference dataset, not MOIL-specific)"
CASE-TIR-202103-0183,2,Tirodi,2021-03-05,2021,3,13092.19,8454.17,4638.03,35.43,0.906,0.777,0.917,High,UNIT-9850,haul_truck,preventive,oil_change,2.8,preventive,True,routine,27.43,0.0,1.68,28.000000000000004,Drammensgranite,False,143.062,Equipment,Issue persists after initial action ('Preventive/predictive maintenance carried out on oil change per maintenance schedule.') did not fully resolve it.,Component replacement / major overhaul scheduled; equipment flagged for engineering review.,Resolved,Successful,Continue routine monitoring; no further action required.,Proxy (2025 same-calendar-date pattern),"Proxy (global reference dataset, not MOIL-specific)","Proxy (generic MWD reference dataset, not MOIL-specific)"
CASE-UKW-202103-0184,1,Ukwa,2021-03-01,2021,3,14212.87,8935.73,5277.14,37.13,0.848,0.817,0.907,High,UNIT-9308,haul_truck,tires,front_right,2.6,predictive,False,routine,25.93,0.0,1.94,32.2,Rhomb_porphyry,False,144.507,Operational/Workforce,"Operational efficiency at 0.85, below target — indicates shift, workflow or crew utilisation gap.","Shift roster reallocated, additional crew deployed to bottleneck section, workflow reviewed with site supervisor.",Resolved,Successful,Continue routine monitoring; no further action required.,Proxy (2025 same-calendar-date pattern),"Proxy (global reference dataset, not MOIL-specific)","Proxy (generic MWD reference dataset, not MOIL-specific)"
CASE-BAL-202104-0185,1,Balaghat,2021-04-01,2021,4,15622.68,9748.53,5874.15,37.6,0.864,0.803,0.899,High,UNIT-8556,conveyor,preventive,inspection,1.4,preventive,True,routine,30.71,0.0,1.71,27.3,Drammensgranite,False,148.612,Equipment,"Equipment availability below target. conveyor (UNIT-8556) recorded a routine 'preventive' issue affecting the inspection; 1.4h downtime, scheduled preventive maintenance logged.",Preventive/predictive maintenance carried out on inspection per maintenance schedule.,Resolved,Successful,Continue routine monitoring; no further action required.,Proxy (2025 same-calendar-date pattern),"Proxy (global reference dataset, not MOIL-specific)","Proxy (generic MWD reference dataset, not MOIL-specific)"
CASE-BEL-202104-0186,1,Beldongri,2021-04-01,2021,4,6906.5,5776.81,1129.69,16.36,0.978,0.898,0.952,Medium,UNIT-4631,loader,hydraulics,valve,78.6,corrective,False,critical,31.24,0.0,1.79,27.900000000000002,Amphibolittic_gneiss,False,119.24,Equipment,"Equipment availability below target. loader (UNIT-4631) recorded a critical 'hydraulics' issue affecting the valve; 78.6h downtime, unscheduled corrective maintenance logged.",Emergency corrective maintenance dispatched; loader isolated from production circuit until repaired.,Reduced,In Progress,Re-inspect within 7 days; escalate if shortfall persists.,Proxy (2025 same-calendar-date pattern),"Proxy (global reference dataset, not MOIL-specific)","Proxy (generic MWD reference dataset, not MOIL-specific)"
CASE-BEL-202104-0187,2,Beldongri,2021-04-05,2021,4,6906.5,5776.81,1129.69,16.36,0.978,0.898,0.952,Medium,UNIT-4631,loader,hydraulics,valve,78.6,corrective,False,critical,31.24,0.0,1.79,27.900000000000002,Amphibolittic_gneiss,False,119.24,Equipment,Issue persists after initial action ('Emergency corrective maintenance dispatched; loader isolated from production circuit until repaired.') did not fully resolve it.,Component replacement / major overhaul scheduled; equipment flagged for engineering review.,Resolved,Successful,Continue routine monitoring; no further action required.,Proxy (2025 same-calendar-date pattern),"Proxy (global reference dataset, not MOIL-specific)","Proxy (generic MWD reference dataset, not MOIL-specific)"
CASE-CHI-202104-0188,1,Chikla,2021-04-01,2021,4,9497.7,6136.53,3361.16,35.39,0.9,0.772,0.931,High,UNIT-1914,excavator,preventive,adjustment,3.7,preventive,True,routine,31.42,0.0,1.63,34.1,Granittic_gneiss,False,179.233,Equipment,"Equipment availability below target. excavator (UNIT-1914) recorded a routine 'preventive' issue affecting the adjustment; 3.7h downtime, scheduled preventive maintenance logged.",Preventive/predictive maintenance carried out on adjustment per maintenance schedule.,Resolved,Successful,Continue routine monitoring; no further action required.,Proxy (2025 same-calendar-date pattern),"Proxy (global reference dataset, not MOIL-specific)","Proxy (generic MWD reference dataset, not MOIL-specific)"
CASE-DON-202104-0189,1,Dongri Buzurg,2021-04-01,2021,4,12414.57,8785.59,3628.99,29.23,0.949,0.858,0.869,High,UNIT-9024,drill_rig,drill_string,general_component,13.4,major_overhaul,True,major,31.24,0.0,1.79,32.6,Elnes_lime_shale,False,131.788,Weather,"Weather impact score 0.87 — rainfall 0.0mm, wind 1.8 m/s, soil moisture (0-100cm) 32.6%, affecting haul-road and pit access (2025 seasonal pattern used as proxy for this calendar date).",Operations continued with adjusted shift timing to work around weather window.,Reduced,In Progress,Re-inspect within 7 days; escalate if shortfall persists.,Proxy (2025 same-calendar-date pattern),"Proxy (global reference dataset, not MOIL-specific)","Proxy (generic MWD reference dataset, not MOIL-specific)"
CASE-DON-202104-0190,2,Dongri Buzurg,2021-04-07,2021,4,12414.57,8785.59,3628.99,29.23,0.949,0.858,0.869,High,UNIT-9024,drill_rig,drill_string,general_component,13.4,major_overhaul,True,major,31.24,0.0,1.79,32.6,Elnes_lime_shale,False,131.788,Weather,Issue persists after initial action ('Operations continued with adjusted shift timing to work around weather window.') did not fully resolve it.,Contingency haulage plan activated (alternate route / stockpile buffer) until conditions normalise.,Resolved,Successful,Continue routine monitoring; no further action required.,Proxy (2025 same-calendar-date pattern),"Proxy (global reference dataset, not MOIL-specific)","Proxy (generic MWD reference dataset, not MOIL-specific)"
CASE-GUM-202104-0191,1,Gumgaon,2021-04-01,2021,4,8027.71,5973.93,2053.78,25.58,0.873,0.911,0.936,High,UNIT-5139,crusher,hydraulics,hose,61.7,corrective,False,major,31.26,1.77,1.8,28.299999999999997,Hagaberg_shale,False,40.242,Operational/Workforce,"Operational efficiency at 0.87, below target — indicates shift, workflow or crew utilisation gap.","Shift roster reallocated, additional crew deployed to bottleneck section, workflow reviewed with site supervisor.",Reduced,In Progress,Re-inspect within 7 days; escalate if shortfall persists.,Proxy (2025 same-calendar-date pattern),"Proxy (global reference dataset, not MOIL-specific)","Proxy (generic MWD reference dataset, not MOIL-specific)"
CASE-KAN-202104-0192,1,Kandri,2021-04-01,2021,4,8087.05,6438.52,1648.54,20.38,0.997,0.901,0.886,Medium,UNIT-9447,drill_rig,compressor,general_component,16.6,corrective,False,major,31.24,0.0,1.79,29.7,Granittic_gneiss,False,117.983,Weather,"Weather impact score 0.89 — rainfall 0.0mm, wind 1.8 m/s, soil moisture (0-100cm) 29.7%, affecting haul-road and pit access (2025 seasonal pattern used as proxy for this calendar date).",Operations continued with adjusted shift timing to work around weather window.,Reduced,In Progress,Re-inspect within 7 days; escalate if shortfall persists.,Proxy (2025 same-calendar-date pattern),"Proxy (global reference dataset, not MOIL-specific)","Proxy (generic MWD reference dataset, not MOIL-specific)"
CASE-MUN-202104-0193,1,Munsar,2021-04-01,2021,4,6893.59,4061.32,2832.26,41.09,0.831,0.811,0.874,High,UNIT-6633,excavator,electrical,alternator,4.8,predictive,False,routine,31.24,0.0,1.79,29.7,Hornfels,False,101.576,Operational/Workforce,"Operational efficiency at 0.83, below target — indicates shift, workflow or crew utilisation gap.","Shift roster reallocated, additional crew deployed to bottleneck section, workflow reviewed with site supervisor.",Resolved,Successful,Continue routine monitoring; no further action required.,Proxy (2025 same-calendar-date pattern),"Proxy (global reference dataset, not MOIL-specific)","Proxy (generic MWD reference dataset, not MOIL-specific)"
CASE-SIT-202104-0194,1,Sitapatore,2021-04-01,2021,4,7947.95,5320.22,2627.74,33.06,0.857,0.793,0.985,High,UNIT-1461,pump,impeller,general_component,4.3,corrective,False,minor,31.24,0.0,1.79,29.4,Granittic_gneiss,False,257.307,Equipment,"Equipment availability below target. pump (UNIT-1461) recorded a minor 'impeller' issue affecting the general component; 4.3h downtime, unscheduled corrective maintenance logged.",Corrective maintenance performed on general component.,Reduced,In Progress,Re-inspect within 7 days; escalate if shortfall persists.,Proxy (2025 same-calendar-date pattern),"Proxy (global reference dataset, not MOIL-specific)","Proxy (generic MWD reference dataset, not MOIL-specific)"
CASE-TIR-202104-0195,1,Tirodi,2021-04-01,2021,4,11791.06,9072.98,2718.08,23.05,0.905,0.853,0.997,Medium,UNIT-1611,excavator,preventive,inspection,4.4,preventive,True,routine,31.42,0.0,1.63,30.3,Amphibolittic_gneiss,True,101.319,Geological/Drilling,"Drilling data flags a transition/variable rock zone (Rock type: Amphibolittic_gneiss, rotation-pressure variance 101.3) — likely reduced penetration rate slowing blast-hole completion. [Hypothesis from generic MWD reference data — not yet validated against MOIL's own geology.]",Drill parameters and blast pattern adjusted for harder/variable rock; additional bit changes scheduled.,Reduced,In Progress,Re-inspect within 7 days; escalate if shortfall persists.,Proxy (2025 same-calendar-date pattern),"Proxy (global reference dataset, not MOIL-specific)","Proxy (generic MWD reference dataset, not MOIL-specific)"
CASE-UKW-202104-0196,1,Ukwa,2021-04-01,2021,4,12816.05,10960.91,1855.14,14.48,0.88,0.992,0.98,Medium,UNIT-1185,drill_rig,rotation,general_component,17.0,corrective,False,major,30.08,0.0,1.63,23.7,Rhomb_porphyry,False,139.836,Operational/Workforce,"Operational efficiency at 0.88, below target — indicates shift, workflow or crew utilisation gap.","Shift roster reallocated, additional crew deployed to bottleneck section, workflow reviewed with site supervisor.",Resolved,Successful,Continue routine monitoring; no further action required.,Proxy (2025 same-calendar-date pattern),"Proxy (global reference dataset, not MOIL-specific)","Proxy (generic MWD reference dataset, not MOIL-specific)"
CASE-BAL-202105-0197,1,Balaghat,2021-05-01,2021,5,17988.74,11540.02,6448.72,35.85,0.852,0.793,0.95,High,UNIT-2258,grader,transmission,clutch,2.2,predictive,False,routine,31.5,0.81,3.23,27.6,Granittic_gneiss,False,143.51,Equipment,"Equipment availability below target. grader (UNIT-2258) recorded a routine 'transmission' issue affecting the clutch; 2.2h downtime, unscheduled predictive maintenance logged.",Corrective maintenance performed on clutch.,Resolved,Successful,Continue routine monitoring; no further action required.,Proxy (2025 same-calendar-date pattern),"Proxy (global reference dataset, not MOIL-specific)","Proxy (generic MWD reference dataset, not MOIL-specific)"
CASE-BEL-202105-0198,1,Beldongri,2021-05-01,2021,5,7955.74,5774.77,2180.97,27.41,0.911,0.893,0.892,High,UNIT-4882,conveyor,roller,general_component,6.7,corrective,False,major,33.22,0.4,3.06,28.4,Blackshale,False,95.302,Weather,"Weather impact score 0.89 — rainfall 0.4mm, wind 3.1 m/s, soil moisture (0-100cm) 28.4%, affecting haul-road and pit access (2025 seasonal pattern used as proxy for this calendar date).",Operations continued with adjusted shift timing to work around weather window.,Resolved,Successful,Continue routine monitoring; no further action required.,Proxy (2025 same-calendar-date pattern),"Proxy (global reference dataset, not MOIL-specific)","Proxy (generic MWD reference dataset, not MOIL-specific)"
CASE-CHI-202105-0199,1,Chikla,2021-05-01,2021,5,10072.0,6404.29,3667.71,36.41,0.837,0.831,0.914,High,UNIT-3830,pump,preventive,filter_replace,0.8,preventive,True,routine,32.32,1.89,3.15,30.8,Amphibolittic_gneiss,True,219.719,Operational/Workforce,"Operational efficiency at 0.84, below target — indicates shift, workflow or crew utilisation gap.","Shift roster reallocated, additional crew deployed to bottleneck section, workflow reviewed with site supervisor.",Resolved,Successful,Continue routine monitoring; no further action required.,Proxy (2025 same-calendar-date pattern),"Proxy (global reference dataset, not MOIL-specific)","Proxy (generic MWD reference dataset, not MOIL-specific)"
CASE-DON-202105-0200,1,Dongri Buzurg,2021-05-01,2021,5,13086.88,8141.74,4945.14,37.79,0.848,0.779,0.942,High,UNIT-1641,drill_rig,compressor,general_component,2.7,predictive,False,routine,33.22,0.4,3.06,30.4,Granittic_gneiss,False,229.157,Equipment,"Equipment availability below target. drill rig (UNIT-1641) recorded a routine 'compressor' issue affecting the general component; 2.7h downtime, unscheduled predictive maintenance logged.","Action scheduled, not yet executed.",Not Yet Assessed,Pending,Action logged; awaiting execution and outcome review.,Proxy (2025 same-calendar-date pattern),"Proxy (global reference dataset, not MOIL-specific)","Proxy (generic MWD reference dataset, not MOIL-specific)"
CASE-GUM-202105-0201,1,Gumgaon,2021-05-01,2021,5,8533.68,5686.07,2847.61,33.37,0.916,0.789,0.922,High,UNIT-6456,conveyor,preventive,adjustment,0.9,preventive,True,routine,33.49,0.16,2.42,27.400000000000002,Augen_gneiss,True,119.044,Equipment,"Equipment availability below target. conveyor (UNIT-6456) recorded a routine 'preventive' issue affecting the adjustment; 0.9h downtime, scheduled preventive maintenance logged.",Preventive/predictive maintenance carried out on adjustment per maintenance schedule.,Resolved,Successful,Continue routine monitoring; no further action required.,Proxy (2025 same-calendar-date pattern),"Proxy (global reference dataset, not MOIL-specific)","Proxy (generic MWD reference dataset, not MOIL-specific)"
CASE-KAN-202105-0202,1,Kandri,2021-05-01,2021,5,8746.36,5144.61,3601.75,41.18,0.81,0.834,0.87,High,UNIT-6128,haul_truck,preventive,oil_change,10.1,preventive,True,minor,33.22,0.4,3.06,27.700000000000003,Drammensgranite,False,164.192,Operational/Workforce,"Operational efficiency at 0.81, below target — indicates shift, workflow or crew utilisation gap.","Shift roster reallocated, additional crew deployed to bottleneck section, workflow reviewed with site supervisor.",Resolved,Successful,Continue routine monitoring; no further action required.,Proxy (2025 same-calendar-date pattern),"Proxy (global reference dataset, not MOIL-specific)","Proxy (generic MWD reference dataset, not MOIL-specific)"
CASE-MUN-202105-0203,1,Munsar,2021-05-01,2021,5,7295.14,5874.64,1420.5,19.47,0.998,0.831,0.971,Medium,UNIT-7525,loader,hydraulics,cylinder,34.1,corrective,False,critical,33.22,0.4,3.06,27.700000000000003,Huk_limestone,True,70.81,Geological/Drilling,"Drilling data flags a transition/variable rock zone (Rock type: Huk_limestone, rotation-pressure variance 70.8) — likely reduced penetration rate slowing blast-hole completion. [Hypothesis from generic MWD reference data — not yet validated against MOIL's own geology.]",Drill parameters and blast pattern adjusted for harder/variable rock; additional bit changes scheduled.,Reduced,In Progress,Re-inspect within 7 days; escalate if shortfall persists.,Proxy (2025 same-calendar-date pattern),"Proxy (global reference dataset, not MOIL-specific)","Proxy (generic MWD reference dataset, not MOIL-specific)"
CASE-SIT-202105-0204,1,Sitapatore,2021-05-01,2021,5,8504.05,7031.06,1472.99,17.32,0.936,0.94,0.939,Medium,UNIT-8015,haul_truck,preventive,inspection,3.2,preventive,True,routine,33.22,0.4,3.06,26.200000000000003,Rhomb_porphyry,False,69.148,Operational/Workforce,"Operational efficiency at 0.94, below target — indicates shift, workflow or crew utilisation gap.","Shift roster reallocated, additional crew deployed to bottleneck section, workflow reviewed with site supervisor.",Resolved,Successful,Continue routine monitoring; no further action required.,Proxy (2025 same-calendar-date pattern),"Proxy (global reference dataset, not MOIL-specific)","Proxy (generic MWD reference dataset, not MOIL-specific)"
CASE-TIR-202105-0205,1,Tirodi,2021-05-01,2021,5,13039.75,9531.08,3508.67,26.91,0.882,0.837,0.989,High,UNIT-2112,loader,preventive,adjustment,3.7,preventive,True,routine,32.32,1.89,3.15,27.900000000000002,Hagaberg_shale,False,128.522,Operational/Workforce,"Operational efficiency at 0.88, below target — indicates shift, workflow or crew utilisation gap.","Shift roster reallocated, additional crew deployed to bottleneck section, workflow reviewed with site supervisor.",Reduced,In Progress,Re-inspect within 7 days; escalate if shortfall persists.,Proxy (2025 same-calendar-date pattern),"Proxy (global reference dataset, not MOIL-specific)","Proxy (generic MWD reference dataset, not MOIL-specific)"
CASE-UKW-202105-0206,1,Ukwa,2021-05-01,2021,5,14635.04,10892.86,3742.19,25.57,0.993,0.781,0.96,High,UNIT-6241,haul_truck,preventive,oil_change,3.8,preventive,True,routine,29.88,3.22,2.62,30.3,Elnes_lime_shale,False,86.983,Equipment,"Equipment availability below target. haul truck (UNIT-6241) recorded a routine 'preventive' issue affecting the oil change; 3.8h downtime, scheduled preventive maintenance logged.",Preventive/predictive maintenance carried out on oil change per maintenance schedule.,Resolved,Successful,Continue routine monitoring; no further action required.,Proxy (2025 same-calendar-date pattern),"Proxy (global reference dataset, not MOIL-specific)","Proxy (generic MWD reference dataset, not MOIL-specific)"
CASE-BAL-202106-0207,1,Balaghat,2021-06-01,2021,6,16058.99,8288.75,7770.24,48.39,0.836,0.767,0.805,High,UNIT-6138,conveyor,belt,general_component,3.1,predictive,False,minor,31.56,0.0,4.08,30.9,Elnes_lime_shale,False,114.476,Weather,"Weather impact score 0.81 — rainfall 0.0mm, wind 4.1 m/s, soil moisture (0-100cm) 30.9%, affecting haul-road and pit access (2025 seasonal pattern used as proxy for this calendar date).",Operations continued with adjusted shift timing to work around weather window.,Reduced,In Progress,Re-inspect within 7 days; escalate if shortfall persists.,Proxy (2025 same-calendar-date pattern),"Proxy (global reference dataset, not MOIL-specific)","Proxy (generic MWD reference dataset, not MOIL-specific)"
CASE-BAL-202106-0208,2,Balaghat,2021-06-07,2021,6,16058.99,8288.75,7770.24,48.39,0.836,0.767,0.805,High,UNIT-6138,conveyor,belt,general_component,3.1,predictive,False,minor,31.56,0.0,4.08,30.9,Elnes_lime_shale,False,114.476,Weather,Issue persists after initial action ('Operations continued with adjusted shift timing to work around weather window.') did not fully resolve it.,Contingency haulage plan activated (alternate route / stockpile buffer) until conditions normalise.,Resolved,Successful,Continue routine monitoring; no further action required.,Proxy (2025 same-calendar-date pattern),"Proxy (global reference dataset, not MOIL-specific)","Proxy (generic MWD reference dataset, not MOIL-specific)"
CASE-BEL-202106-0209,1,Beldongri,2021-06-01,2021,6,6960.85,3796.01,3164.84,45.47,0.828,0.949,0.694,High,UNIT-6148,haul_truck,transmission,gearbox,3.9,predictive,False,routine,31.72,0.0,4.71,37.2,Rhomb_porphyry,False,99.675,Weather,"Weather impact score 0.69 — rainfall 0.0mm, wind 4.7 m/s, soil moisture (0-100cm) 37.2%, affecting haul-road and pit access (2025 seasonal pattern used as proxy for this calendar date).",Operations continued with adjusted shift timing to work around weather window.,Reduced,In Progress,Re-inspect within 7 days; escalate if shortfall persists.,Proxy (2025 same-calendar-date pattern),"Proxy (global reference dataset, not MOIL-specific)","Proxy (generic MWD reference dataset, not MOIL-specific)"
CASE-CHI-202106-0210,1,Chikla,2021-06-01,2021,6,8363.31,5511.33,2851.97,34.1,0.963,0.916,0.747,High,UNIT-5071,conveyor,belt,general_component,10.9,corrective,False,major,32.0,0.0,4.1,38.9,Amphibolittic_gneiss,False,358.813,Weather,"Weather impact score 0.75 — rainfall 0.0mm, wind 4.1 m/s, soil moisture (0-100cm) 38.9%, affecting haul-road and pit access (2025 seasonal pattern used as proxy for this calendar date).",Operations continued with adjusted shift timing to work around weather window.,Resolved,Successful,Continue routine monitoring; no further action required.,Proxy (2025 same-calendar-date pattern),"Proxy (global reference dataset, not MOIL-specific)","Proxy (generic MWD reference dataset, not MOIL-specific)"
CASE-DON-202106-0211,1,Dongri Buzurg,2021-06-01,2021,6,11973.69,7545.17,4428.52,36.99,0.878,0.954,0.752,High,UNIT-8398,pump,motor,general_component,2.3,predictive,False,minor,31.72,0.0,4.71,38.2,Elnes_lime_shale,False,42.646,Weather,"Weather impact score 0.75 — rainfall 0.0mm, wind 4.7 m/s, soil moisture (0-100cm) 38.2%, affecting haul-road and pit access (2025 seasonal pattern used as proxy for this calendar date).",Operations continued with adjusted shift timing to work around weather window.,Failed,Escalated,Escalate: Contingency haulage plan activated (alternate route / stockpile buffer) until conditions normalise.,Proxy (2025 same-calendar-date pattern),"Proxy (global reference dataset, not MOIL-specific)","Proxy (generic MWD reference dataset, not MOIL-specific)"
CASE-DON-202106-0212,2,Dongri Buzurg,2021-06-07,2021,6,11973.69,7545.17,4428.52,36.99,0.878,0.954,0.752,High,UNIT-8398,pump,motor,general_component,2.3,predictive,False,minor,31.72,0.0,4.71,38.2,Elnes_lime_shale,False,42.646,Weather,Issue persists after initial action ('Operations continued with adjusted shift timing to work around weather window.') did not fully resolve it.,Contingency haulage plan activated (alternate route / stockpile buffer) until conditions normalise.,Reduced,In Progress,Re-inspect within 7 days; escalate if shortfall persists.,Proxy (2025 same-calendar-date pattern),"Proxy (global reference dataset, not MOIL-specific)","Proxy (generic MWD reference dataset, not MOIL-specific)"
CASE-GUM-202106-0213,1,Gumgaon,2021-06-01,2021,6,7663.6,4402.2,3261.4,42.56,0.86,0.937,0.713,High,UNIT-5092,haul_truck,preventive,adjustment,3.3,preventive,True,routine,30.69,0.0,4.96,32.1,Drammensgranite,False,213.805,Weather,"Weather impact score 0.71 — rainfall 0.0mm, wind 5.0 m/s, soil moisture (0-100cm) 32.1%, affecting haul-road and pit access (2025 seasonal pattern used as proxy for this calendar date).",Operations continued with adjusted shift timing to work around weather window.,Resolved,Successful,Continue routine monitoring; no further action required.,Proxy (2025 same-calendar-date pattern),"Proxy (global reference dataset, not MOIL-specific)","Proxy (generic MWD reference dataset, not MOIL-specific)"
CASE-KAN-202106-0214,1,Kandri,2021-06-01,2021,6,7999.67,5086.08,2913.59,36.42,0.877,0.886,0.819,High,UNIT-7934,crusher,preventive,inspection,15.5,preventive,True,minor,31.72,0.0,4.71,34.300000000000004,Granittic_gneiss,False,176.737,Weather,"Weather impact score 0.82 — rainfall 0.0mm, wind 4.7 m/s, soil moisture (0-100cm) 34.3%, affecting haul-road and pit access (2025 seasonal pattern used as proxy for this calendar date).",Operations continued with adjusted shift timing to work around weather window.,Reduced,In Progress,Re-inspect within 7 days; escalate if shortfall persists.,Proxy (2025 same-calendar-date pattern),"Proxy (global reference dataset, not MOIL-specific)","Proxy (generic MWD reference dataset, not MOIL-specific)"
CASE-MUN-202106-0215,1,Munsar,2021-06-01,2021,6,6472.91,3987.97,2484.94,38.39,0.988,0.907,0.688,High,UNIT-4726,haul_truck,transmission,torque_converter,8.4,corrective,False,minor,31.72,0.0,4.71,34.300000000000004,Blackshale,False,120.968,Weather,"Weather impact score 0.69 — rainfall 0.0mm, wind 4.7 m/s, soil moisture (0-100cm) 34.3%, affecting haul-road and pit access (2025 seasonal pattern used as proxy for this calendar date).",Operations continued with adjusted shift timing to work around weather window.,Reduced,In Progress,Re-inspect within 7 days; escalate if shortfall persists.,Proxy (2025 same-calendar-date pattern),"Proxy (global reference dataset, not MOIL-specific)","Proxy (generic MWD reference dataset, not MOIL-specific)"
CASE-MUN-202106-0216,2,Munsar,2021-06-04,2021,6,6472.91,3987.97,2484.94,38.39,0.988,0.907,0.688,High,UNIT-4726,haul_truck,transmission,torque_converter,8.4,corrective,False,minor,31.72,0.0,4.71,34.300000000000004,Blackshale,False,120.968,Weather,Issue persists after initial action ('Operations continued with adjusted shift timing to work around weather window.') did not fully resolve it.,Contingency haulage plan activated (alternate route / stockpile buffer) until conditions normalise.,Resolved,Successful,Continue routine monitoring; no further action required.,Proxy (2025 same-calendar-date pattern),"Proxy (global reference dataset, not MOIL-specific)","Proxy (generic MWD reference dataset, not MOIL-specific)"
CASE-SIT-202106-0217,1,Sitapatore,2021-06-01,2021,6,7918.48,5577.4,2341.08,29.56,0.924,0.883,0.863,High,UNIT-9969,haul_truck,preventive,oil_change,5.3,preventive,True,minor,31.72,0.0,4.71,28.199999999999996,Amphibolittic_gneiss,False,209.745,Weather,"Weather impact score 0.86 — rainfall 0.0mm, wind 4.7 m/s, soil moisture (0-100cm) 28.2%, affecting haul-road and pit access (2025 seasonal pattern used as proxy for this calendar date).","Action scheduled, not yet executed.",Not Yet Assessed,Pending,Action logged; awaiting execution and outcome review.,Proxy (2025 same-calendar-date pattern),"Proxy (global reference dataset, not MOIL-specific)","Proxy (generic MWD reference dataset, not MOIL-specific)"
CASE-TIR-202106-0218,1,Tirodi,2021-06-01,2021,6,11136.55,5140.12,5996.42,53.84,0.862,0.812,0.659,High,UNIT-2451,loader,hydraulics,valve,17.9,major_overhaul,True,major,32.0,0.0,4.1,32.7,Huk_limestone,True,81.22,Weather,"Weather impact score 0.66 — rainfall 0.0mm, wind 4.1 m/s, soil moisture (0-100cm) 32.7%, affecting haul-road and pit access (2025 seasonal pattern used as proxy for this calendar date).",Operations continued with adjusted shift timing to work around weather window.,Resolved,Successful,Continue routine monitoring; no further action required.,Proxy (2025 same-calendar-date pattern),"Proxy (global reference dataset, not MOIL-specific)","Proxy (generic MWD reference dataset, not MOIL-specific)"
CASE-UKW-202106-0219,1,Ukwa,2021-06-01,2021,6,12587.36,10129.6,2457.76,19.53,0.952,0.969,0.872,Medium,UNIT-3209,loader,engine,head_gasket,3.0,predictive,False,routine,30.45,0.0,3.49,36.9,Drammensgranite,False,228.414,Weather,"Weather impact score 0.87 — rainfall 0.0mm, wind 3.5 m/s, soil moisture (0-100cm) 36.9%, affecting haul-road and pit access (2025 seasonal pattern used as proxy for this calendar date).",Operations continued with adjusted shift timing to work around weather window.,Reduced,In Progress,Re-inspect within 7 days; escalate if shortfall persists.,Proxy (2025 same-calendar-date pattern),"Proxy (global reference dataset, not MOIL-specific)","Proxy (generic MWD reference dataset, not MOIL-specific)"
CASE-UKW-202106-0220,2,Ukwa,2021-06-06,2021,6,12587.36,10129.6,2457.76,19.53,0.952,0.969,0.872,Medium,UNIT-3209,loader,engine,head_gasket,3.0,predictive,False,routine,30.45,0.0,3.49,36.9,Drammensgranite,False,228.414,Weather,Issue persists after initial action ('Operations continued with adjusted shift timing to work around weather window.') did not fully resolve it.,Contingency haulage plan activated (alternate route / stockpile buffer) until conditions normalise.,Reduced,In Progress,Re-inspect within 7 days; escalate if shortfall persists.,Proxy (2025 same-calendar-date pattern),"Proxy (global reference dataset, not MOIL-specific)","Proxy (generic MWD reference dataset, not MOIL-specific)"
CASE-BAL-202107-0221,1,Balaghat,2021-07-01,2021,7,12814.18,8402.95,4411.22,34.42,0.969,0.782,0.865,High,UNIT-5445,crusher,preventive,inspection,5.6,preventive,True,routine,25.76,44.26,2.9,43.2,Granittic_gneiss,True,188.204,Equipment,"Equipment availability below target. crusher (UNIT-5445) recorded a routine 'preventive' issue affecting the inspection; 5.6h downtime, scheduled preventive maintenance logged.",Preventive/predictive maintenance carried out on inspection per maintenance schedule.,Resolved,Successful,Continue routine monitoring; no further action required.,Proxy (2025 same-calendar-date pattern),"Proxy (global reference dataset, not MOIL-specific)","Proxy (generic MWD reference dataset, not MOIL-specific)"
CASE-BEL-202107-0222,1,Beldongri,2021-07-01,2021,7,5629.12,3647.01,1982.1,35.21,0.846,0.931,0.823,High,UNIT-2724,conveyor,preventive,adjustment,1.3,preventive,True,routine,26.25,30.35,3.77,44.6,Granittic_gneiss,True,393.955,Weather,"Weather impact score 0.82 — rainfall 30.4mm, wind 3.8 m/s, soil moisture (0-100cm) 44.6%, affecting haul-road and pit access (2025 seasonal pattern used as proxy for this calendar date).",Haulage rescheduled around peak rainfall hours; drainage and access-road reinforcement carried out.,Reduced,In Progress,Re-inspect within 7 days; escalate if shortfall persists.,Proxy (2025 same-calendar-date pattern),"Proxy (global reference dataset, not MOIL-specific)","Proxy (generic MWD reference dataset, not MOIL-specific)"
CASE-CHI-202107-0223,1,Chikla,2021-07-01,2021,7,7645.46,3947.39,3698.07,48.37,0.909,0.813,0.699,High,UNIT-1268,haul_truck,transmission,torque_converter,17.9,corrective,False,major,26.27,41.54,3.23,47.599999999999994,Granittic_gneiss,False,325.51,Weather,"Weather impact score 0.70 — rainfall 41.5mm, wind 3.2 m/s, soil moisture (0-100cm) 47.6%, affecting haul-road and pit access (2025 seasonal pattern used as proxy for this calendar date).",Haulage rescheduled around peak rainfall hours; drainage and access-road reinforcement carried out.,Reduced,In Progress,Re-inspect within 7 days; escalate if shortfall persists.,Proxy (2025 same-calendar-date pattern),"Proxy (global reference dataset, not MOIL-specific)","Proxy (generic MWD reference dataset, not MOIL-specific)"
CASE-DON-202107-0224,1,Dongri Buzurg,2021-07-01,2021,7,10408.45,7347.63,3060.83,29.41,0.917,0.85,0.906,High,UNIT-8440,loader,tires,front_right,5.4,predictive,False,minor,26.25,30.35,3.77,48.199999999999996,Augen_gneiss,False,162.112,Equipment,"Equipment availability below target. loader (UNIT-8440) recorded a minor 'tires' issue affecting the front right; 5.4h downtime, unscheduled predictive maintenance logged.",Corrective maintenance performed on front right.,Resolved,Successful,Continue routine monitoring; no further action required.,Proxy (2025 same-calendar-date pattern),"Proxy (global reference dataset, not MOIL-specific)","Proxy (generic MWD reference dataset, not MOIL-specific)"
CASE-GUM-202107-0225,1,Gumgaon,2021-07-01,2021,7,6435.57,3388.28,3047.29,47.35,0.917,0.876,0.655,High,UNIT-8706,excavator,undercarriage,general_component,21.1,corrective,False,major,25.64,16.47,4.46,40.6,Elnes_lime_shale,False,103.865,Weather,"Weather impact score 0.66 — rainfall 16.5mm, wind 4.5 m/s, soil moisture (0-100cm) 40.6%, affecting haul-road and pit access (2025 seasonal pattern used as proxy for this calendar date).",Haulage rescheduled around peak rainfall hours; drainage and access-road reinforcement carried out.,Reduced,In Progress,Re-inspect within 7 days; escalate if shortfall persists.,Proxy (2025 same-calendar-date pattern),"Proxy (global reference dataset, not MOIL-specific)","Proxy (generic MWD reference dataset, not MOIL-specific)"
CASE-KAN-202107-0226,1,Kandri,2021-07-01,2021,7,6914.75,5465.77,1448.98,20.95,0.986,0.891,0.899,Medium,UNIT-1965,pump,preventive,oil_change,1.1,preventive,True,routine,26.25,30.35,3.77,40.300000000000004,Amphibolittic_gneiss,False,536.681,Weather,"Weather impact score 0.90 — rainfall 30.4mm, wind 3.8 m/s, soil moisture (0-100cm) 40.3%, affecting haul-road and pit access (2025 seasonal pattern used as proxy for this calendar date).",Haulage rescheduled around peak rainfall hours; drainage and access-road reinforcement carried out.,Reduced,In Progress,Re-inspect within 7 days; escalate if shortfall persists.,Proxy (2025 same-calendar-date pattern),"Proxy (global reference dataset, not MOIL-specific)","Proxy (generic MWD reference dataset, not MOIL-specific)"
CASE-MUN-202107-0227,1,Munsar,2021-07-01,2021,7,5954.22,3380.08,2574.14,43.23,0.831,0.894,0.765,High,UNIT-7146,haul_truck,preventive,inspection,3.3,preventive,True,routine,26.25,30.35,3.77,40.300000000000004,Granittic_gneiss,False,268.995,Weather,"Weather impact score 0.77 — rainfall 30.4mm, wind 3.8 m/s, soil moisture (0-100cm) 40.3%, affecting haul-road and pit access (2025 seasonal pattern used as proxy for this calendar date).",Haulage rescheduled around peak rainfall hours; drainage and access-road reinforcement carried out.,Reduced,In Progress,Re-inspect within 7 days; escalate if shortfall persists.,Proxy (2025 same-calendar-date pattern),"Proxy (global reference dataset, not MOIL-specific)","Proxy (generic MWD reference dataset, not MOIL-specific)"
CASE-MUN-202107-0228,2,Munsar,2021-07-07,2021,7,5954.22,3380.08,2574.14,43.23,0.831,0.894,0.765,High,UNIT-7146,haul_truck,preventive,inspection,3.3,preventive,True,routine,26.25,30.35,3.77,40.300000000000004,Granittic_gneiss,False,268.995,Weather,Issue persists after initial action ('Haulage rescheduled around peak rainfall hours; drainage and access-road reinforcement carried out.') did not fully resolve it.,Contingency haulage plan activated (alternate route / stockpile buffer) until conditions normalise.,Resolved,Successful,Continue routine monitoring; no further action required.,Proxy (2025 same-calendar-date pattern),"Proxy (global reference dataset, not MOIL-specific)","Proxy (generic MWD reference dataset, not MOIL-specific)"
CASE-SIT-202107-0229,1,Sitapatore,2021-07-01,2021,7,6824.3,4498.19,2326.11,34.09,0.987,0.981,0.681,High,UNIT-2148,haul_truck,preventive,filter_replace,3.8,preventive,True,routine,26.25,30.35,3.77,41.3,Hornfels,False,151.691,Weather,"Weather impact score 0.68 — rainfall 30.4mm, wind 3.8 m/s, soil moisture (0-100cm) 41.3%, affecting haul-road and pit access (2025 seasonal pattern used as proxy for this calendar date).",Haulage rescheduled around peak rainfall hours; drainage and access-road reinforcement carried out.,Reduced,In Progress,Re-inspect within 7 days; escalate if shortfall persists.,Proxy (2025 same-calendar-date pattern),"Proxy (global reference dataset, not MOIL-specific)","Proxy (generic MWD reference dataset, not MOIL-specific)"
CASE-TIR-202107-0230,1,Tirodi,2021-07-01,2021,7,10484.84,7013.94,3470.9,33.1,0.968,0.781,0.885,High,UNIT-2022,haul_truck,preventive,adjustment,9.3,preventive,True,minor,26.27,41.54,3.23,42.8,Granittic_gneiss,False,367.174,Equipment,"Equipment availability below target. haul truck (UNIT-2022) recorded a minor 'preventive' issue affecting the adjustment; 9.3h downtime, scheduled preventive maintenance logged.",Preventive/predictive maintenance carried out on adjustment per maintenance schedule.,Resolved,Successful,Continue routine monitoring; no further action required.,Proxy (2025 same-calendar-date pattern),"Proxy (global reference dataset, not MOIL-specific)","Proxy (generic MWD reference dataset, not MOIL-specific)"
CASE-UKW-202107-0231,1,Ukwa,2021-07-01,2021,7,10853.74,6271.35,4582.39,42.22,0.918,0.85,0.741,High,UNIT-4923,excavator,preventive,inspection,14.0,preventive,True,minor,25.31,33.41,3.01,42.4,Granittic_gneiss,False,73.948,Weather,"Weather impact score 0.74 — rainfall 33.4mm, wind 3.0 m/s, soil moisture (0-100cm) 42.4%, affecting haul-road and pit access (2025 seasonal pattern used as proxy for this calendar date).",Haulage rescheduled around peak rainfall hours; drainage and access-road reinforcement carried out.,Reduced,In Progress,Re-inspect within 7 days; escalate if shortfall persists.,Proxy (2025 same-calendar-date pattern),"Proxy (global reference dataset, not MOIL-specific)","Proxy (generic MWD reference dataset, not MOIL-specific)"
CASE-BAL-202108-0232,1,Balaghat,2021-08-01,2021,8,13737.14,7290.36,6446.77,46.93,0.801,0.833,0.795,High,UNIT-7796,excavator,preventive,inspection,3.8,preventive,True,routine,25.78,4.18,2.08,48.9,Drammensgranite,False,324.349,Weather,"Weather impact score 0.80 — rainfall 4.2mm, wind 2.1 m/s, soil moisture (0-100cm) 48.9%, affecting haul-road and pit access (2025 seasonal pattern used as proxy for this calendar date).",Haulage rescheduled around peak rainfall hours; drainage and access-road reinforcement carried out.,Reduced,In Progress,Re-inspect within 7 days; escalate if shortfall persists.,Proxy (2025 same-calendar-date pattern),"Proxy (global reference dataset, not MOIL-specific)","Proxy (generic MWD reference dataset, not MOIL-specific)"
CASE-BEL-202108-0233,1,Beldongri,2021-08-01,2021,8,6078.25,3413.46,2664.79,43.84,0.869,0.837,0.772,High,UNIT-8666,crusher,preventive,filter_replace,9.1,preventive,True,routine,26.48,1.28,2.31,49.0,Amphibolittic_gneiss,False,734.337,Weather,"Weather impact score 0.77 — rainfall 1.3mm, wind 2.3 m/s, soil moisture (0-100cm) 49.0%, affecting haul-road and pit access (2025 seasonal pattern used as proxy for this calendar date).",Haulage rescheduled around peak rainfall hours; drainage and access-road reinforcement carried out.,Reduced,In Progress,Re-inspect within 7 days; escalate if shortfall persists.,Proxy (2025 same-calendar-date pattern),"Proxy (global reference dataset, not MOIL-specific)","Proxy (generic MWD reference dataset, not MOIL-specific)"
CASE-CHI-202108-0234,1,Chikla,2021-08-01,2021,8,7293.45,4001.06,3292.39,45.14,0.89,0.785,0.785,High,UNIT-2134,drill_rig,electrical,alternator,3.1,predictive,False,minor,26.35,3.46,2.0,46.7,Rhomb_porphyry,False,119.191,Weather,"Weather impact score 0.79 — rainfall 3.5mm, wind 2.0 m/s, soil moisture (0-100cm) 46.7%, affecting haul-road and pit access (2025 seasonal pattern used as proxy for this calendar date).",Haulage rescheduled around peak rainfall hours; drainage and access-road reinforcement carried out.,Reduced,In Progress,Re-inspect within 7 days; escalate if shortfall persists.,Proxy (2025 same-calendar-date pattern),"Proxy (global reference dataset, not MOIL-specific)","Proxy (generic MWD reference dataset, not MOIL-specific)"
CASE-DON-202108-0235,1,Dongri Buzurg,2021-08-01,2021,8,9918.93,6726.41,3192.51,32.19,0.983,0.841,0.821,High,UNIT-1013,conveyor,roller,general_component,1.7,predictive,False,routine,26.48,1.28,2.31,46.300000000000004,Granittic_gneiss,False,335.3,Weather,"Weather impact score 0.82 — rainfall 1.3mm, wind 2.3 m/s, soil moisture (0-100cm) 46.3%, affecting haul-road and pit access (2025 seasonal pattern used as proxy for this calendar date).",Haulage rescheduled around peak rainfall hours; drainage and access-road reinforcement carried out.,Reduced,In Progress,Re-inspect within 7 days; escalate if shortfall persists.,Proxy (2025 same-calendar-date pattern),"Proxy (global reference dataset, not MOIL-specific)","Proxy (generic MWD reference dataset, not MOIL-specific)"
CASE-GUM-202108-0236,1,Gumgaon,2021-08-01,2021,8,6342.06,3243.48,3098.58,48.86,0.933,0.795,0.69,High,UNIT-1271,haul_truck,tires,rear_right,19.0,corrective,False,major,26.05,0.29,2.67,49.1,Rhomb_porphyry,False,143.637,Weather,"Weather impact score 0.69 — rainfall 0.3mm, wind 2.7 m/s, soil moisture (0-100cm) 49.1%, affecting haul-road and pit access (2025 seasonal pattern used as proxy for this calendar date).",Haulage rescheduled around peak rainfall hours; drainage and access-road reinforcement carried out.,Reduced,In Progress,Re-inspect within 7 days; escalate if shortfall persists.,Proxy (2025 same-calendar-date pattern),"Proxy (global reference dataset, not MOIL-specific)","Proxy (generic MWD reference dataset, not MOIL-specific)"
CASE-KAN-202108-0237,1,Kandri,2021-08-01,2021,8,6609.75,4375.16,2234.59,33.81,0.817,0.999,0.811,High,UNIT-1293,crusher,hydraulics,filter,203.6,corrective,False,critical,26.48,1.28,2.31,49.0,Amphibolittic_gneiss,False,217.396,Weather,"Weather impact score 0.81 — rainfall 1.3mm, wind 2.3 m/s, soil moisture (0-100cm) 49.0%, affecting haul-road and pit access (2025 seasonal pattern used as proxy for this calendar date).",Haulage rescheduled around peak rainfall hours; drainage and access-road reinforcement carried out.,Reduced,In Progress,Re-inspect within 7 days; escalate if shortfall persists.,Proxy (2025 same-calendar-date pattern),"Proxy (global reference dataset, not MOIL-specific)","Proxy (generic MWD reference dataset, not MOIL-specific)"
CASE-KAN-202108-0238,2,Kandri,2021-08-09,2021,8,6609.75,4375.16,2234.59,33.81,0.817,0.999,0.811,High,UNIT-1293,crusher,hydraulics,filter,203.6,corrective,False,critical,26.48,1.28,2.31,49.0,Amphibolittic_gneiss,False,217.396,Weather,Issue persists after initial action ('Haulage rescheduled around peak rainfall hours; drainage and access-road reinforcement carried out.') did not fully resolve it.,Contingency haulage plan activated (alternate route / stockpile buffer) until conditions normalise.,Resolved,Successful,Continue routine monitoring; no further action required.,Proxy (2025 same-calendar-date pattern),"Proxy (global reference dataset, not MOIL-specific)","Proxy (generic MWD reference dataset, not MOIL-specific)"
CASE-MUN-202108-0239,1,Munsar,2021-08-01,2021,8,5580.79,3001.07,2579.72,46.23,0.95,0.802,0.705,High,UNIT-4131,excavator,bucket,general_component,12.3,corrective,False,minor,26.48,1.28,2.31,49.0,Rhomb_porphyry,False,122.567,Weather,"Weather impact score 0.70 — rainfall 1.3mm, wind 2.3 m/s, soil moisture (0-100cm) 49.0%, affecting haul-road and pit access (2025 seasonal pattern used as proxy for this calendar date).",Haulage rescheduled around peak rainfall hours; drainage and access-road reinforcement carried out.,Reduced,In Progress,Re-inspect within 7 days; escalate if shortfall persists.,Proxy (2025 same-calendar-date pattern),"Proxy (global reference dataset, not MOIL-specific)","Proxy (generic MWD reference dataset, not MOIL-specific)"
CASE-MUN-202108-0240,2,Munsar,2021-08-09,2021,8,5580.79,3001.07,2579.72,46.23,0.95,0.802,0.705,High,UNIT-4131,excavator,bucket,general_component,12.3,corrective,False,minor,26.48,1.28,2.31,49.0,Rhomb_porphyry,False,122.567,Weather,Issue persists after initial action ('Haulage rescheduled around peak rainfall hours; drainage and access-road reinforcement carried out.') did not fully resolve it.,Contingency haulage plan activated (alternate route / stockpile buffer) until conditions normalise.,Failed,Escalated,Escalate: Contingency haulage plan activated (alternate route / stockpile buffer) until conditions normalise.,Proxy (2025 same-calendar-date pattern),"Proxy (global reference dataset, not MOIL-specific)","Proxy (generic MWD reference dataset, not MOIL-specific)"
CASE-SIT-202108-0241,1,Sitapatore,2021-08-01,2021,8,6460.46,3023.01,3437.45,53.21,0.807,0.868,0.668,High,UNIT-2164,crusher,shaft,general_component,9.4,predictive,False,routine,26.48,1.28,2.31,48.9,Elnes_lime_shale,False,95.026,Weather,"Weather impact score 0.67 — rainfall 1.3mm, wind 2.3 m/s, soil moisture (0-100cm) 48.9%, affecting haul-road and pit access (2025 seasonal pattern used as proxy for this calendar date).",Haulage rescheduled around peak rainfall hours; drainage and access-road reinforcement carried out.,Resolved,Successful,Continue routine monitoring; no further action required.,Proxy (2025 same-calendar-date pattern),"Proxy (global reference dataset, not MOIL-specific)","Proxy (generic MWD reference dataset, not MOIL-specific)"
CASE-TIR-202108-0242,1,Tirodi,2021-08-01,2021,8,10275.53,6114.01,4161.52,40.5,0.891,0.881,0.758,High,UNIT-6380,conveyor,roller,general_component,11.6,major_overhaul,True,major,26.35,3.46,2.0,46.6,Drammensgranite,False,114.23,Weather,"Weather impact score 0.76 — rainfall 3.5mm, wind 2.0 m/s, soil moisture (0-100cm) 46.6%, affecting haul-road and pit access (2025 seasonal pattern used as proxy for this calendar date).",Haulage rescheduled around peak rainfall hours; drainage and access-road reinforcement carried out.,Reduced,In Progress,Re-inspect within 7 days; escalate if shortfall persists.,Proxy (2025 same-calendar-date pattern),"Proxy (global reference dataset, not MOIL-specific)","Proxy (generic MWD reference dataset, not MOIL-specific)"
CASE-TIR-202108-0243,2,Tirodi,2021-08-07,2021,8,10275.53,6114.01,4161.52,40.5,0.891,0.881,0.758,High,UNIT-6380,conveyor,roller,general_component,11.6,major_overhaul,True,major,26.35,3.46,2.0,46.6,Drammensgranite,False,114.23,Weather,Issue persists after initial action ('Haulage rescheduled around peak rainfall hours; drainage and access-road reinforcement carried out.') did not fully resolve it.,Contingency haulage plan activated (alternate route / stockpile buffer) until conditions normalise.,Resolved,Successful,Continue routine monitoring; no further action required.,Proxy (2025 same-calendar-date pattern),"Proxy (global reference dataset, not MOIL-specific)","Proxy (generic MWD reference dataset, not MOIL-specific)"
CASE-UKW-202108-0244,1,Ukwa,2021-08-01,2021,8,10897.94,6523.28,4374.66,40.14,0.831,0.795,0.905,High,UNIT-9987,drill_rig,preventive,oil_change,2.3,preventive,True,routine,25.18,5.4,2.21,41.0,Rhomb_porphyry,False,155.516,Operational/Workforce,"Operational efficiency at 0.83, below target — indicates shift, workflow or crew utilisation gap.","Shift roster reallocated, additional crew deployed to bottleneck section, workflow reviewed with site supervisor.",Reduced,In Progress,Re-inspect within 7 days; escalate if shortfall persists.,Proxy (2025 same-calendar-date pattern),"Proxy (global reference dataset, not MOIL-specific)","Proxy (generic MWD reference dataset, not MOIL-specific)"
CASE-UKW-202108-0245,2,Ukwa,2021-08-07,2021,8,10897.94,6523.28,4374.66,40.14,0.831,0.795,0.905,High,UNIT-9987,drill_rig,preventive,oil_change,2.3,preventive,True,routine,25.18,5.4,2.21,41.0,Rhomb_porphyry,False,155.516,Operational/Workforce,"Issue persists after initial action ('Shift roster reallocated, additional crew deployed to bottleneck section, workflow reviewed with site supervisor.') did not fully resolve it.",Escalated to operations manager for full process and staffing audit.,Resolved,Successful,Continue routine monitoring; no further action required.,Proxy (2025 same-calendar-date pattern),"Proxy (global reference dataset, not MOIL-specific)","Proxy (generic MWD reference dataset, not MOIL-specific)"
CASE-BAL-202109-0246,1,Balaghat,2021-09-01,2021,9,15189.71,7763.73,7425.98,48.89,0.854,0.911,0.657,High,UNIT-7502,conveyor,preventive,adjustment,3.1,preventive,True,minor,25.89,10.12,1.85,49.9,Rhomb_porphyry,False,167.512,Weather,"Weather impact score 0.66 — rainfall 10.1mm, wind 1.9 m/s, soil moisture (0-100cm) 49.9%, affecting haul-road and pit access (2025 seasonal pattern used as proxy for this calendar date).","Action scheduled, not yet executed.",Not Yet Assessed,Pending,Action logged; awaiting execution and outcome review.,Proxy (2025 same-calendar-date pattern),"Proxy (global reference dataset, not MOIL-specific)","Proxy (generic MWD reference dataset, not MOIL-specific)"
CASE-BEL-202109-0247,1,Beldongri,2021-09-01,2021,9,6499.33,3980.89,2518.44,38.75,0.943,0.915,0.71,High,UNIT-5681,excavator,preventive,inspection,3.4,preventive,True,routine,26.03,19.43,2.06,50.9,Amphibolittic_gneiss,False,161.223,Weather,"Weather impact score 0.71 — rainfall 19.4mm, wind 2.1 m/s, soil moisture (0-100cm) 50.9%, affecting haul-road and pit access (2025 seasonal pattern used as proxy for this calendar date).",Haulage rescheduled around peak rainfall hours; drainage and access-road reinforcement carried out.,Resolved,Successful,Continue routine monitoring; no further action required.,Proxy (2025 same-calendar-date pattern),"Proxy (global reference dataset, not MOIL-specific)","Proxy (generic MWD reference dataset, not MOIL-specific)"
CASE-CHI-202109-0248,1,Chikla,2021-09-01,2021,9,8421.12,5144.04,3277.08,38.91,0.934,0.755,0.866,High,UNIT-4060,haul_truck,transmission,clutch,19.2,major_overhaul,True,major,26.4,14.75,1.89,50.7,Granittic_gneiss,False,190.838,Equipment,"Equipment availability below target. haul truck (UNIT-4060) recorded a major 'transmission' issue affecting the clutch; 19.2h downtime, scheduled major_overhaul maintenance logged.",Preventive/predictive maintenance carried out on clutch per maintenance schedule.,Resolved,Successful,Continue routine monitoring; no further action required.,Proxy (2025 same-calendar-date pattern),"Proxy (global reference dataset, not MOIL-specific)","Proxy (generic MWD reference dataset, not MOIL-specific)"
CASE-DON-202109-0249,1,Dongri Buzurg,2021-09-01,2021,9,11167.55,6020.65,5146.9,46.09,0.931,0.81,0.716,High,UNIT-1884,grader,hydraulics,pump,1.9,predictive,False,routine,26.03,19.43,2.06,50.3,Amphibolittic_gneiss,True,116.099,Weather,"Weather impact score 0.72 — rainfall 19.4mm, wind 2.1 m/s, soil moisture (0-100cm) 50.3%, affecting haul-road and pit access (2025 seasonal pattern used as proxy for this calendar date).",Haulage rescheduled around peak rainfall hours; drainage and access-road reinforcement carried out.,Failed,Escalated,Escalate: Contingency haulage plan activated (alternate route / stockpile buffer) until conditions normalise.,Proxy (2025 same-calendar-date pattern),"Proxy (global reference dataset, not MOIL-specific)","Proxy (generic MWD reference dataset, not MOIL-specific)"
CASE-DON-202109-0250,2,Dongri Buzurg,2021-09-07,2021,9,11167.55,6020.65,5146.9,46.09,0.931,0.81,0.716,High,UNIT-1884,grader,hydraulics,pump,1.9,predictive,False,routine,26.03,19.43,2.06,50.3,Amphibolittic_gneiss,True,116.099,Weather,Issue persists after initial action ('Haulage rescheduled around peak rainfall hours; drainage and access-road reinforcement carried out.') did not fully resolve it.,Contingency haulage plan activated (alternate route / stockpile buffer) until conditions normalise.,Resolved,Successful,Continue routine monitoring; no further action required.,Proxy (2025 same-calendar-date pattern),"Proxy (global reference dataset, not MOIL-specific)","Proxy (generic MWD reference dataset, not MOIL-specific)"
CASE-GUM-202109-0251,1,Gumgaon,2021-09-01,2021,9,7863.28,6071.94,1791.34,22.78,0.971,0.958,0.83,Medium,UNIT-6229,crusher,shaft,general_component,17.1,predictive,False,minor,25.25,16.7,2.24,51.2,Blackshale,False,124.719,Weather,"Weather impact score 0.83 — rainfall 16.7mm, wind 2.2 m/s, soil moisture (0-100cm) 51.2%, affecting haul-road and pit access (2025 seasonal pattern used as proxy for this calendar date).",Haulage rescheduled around peak rainfall hours; drainage and access-road reinforcement carried out.,Reduced,In Progress,Re-inspect within 7 days; escalate if shortfall persists.,Proxy (2025 same-calendar-date pattern),"Proxy (global reference dataset, not MOIL-specific)","Proxy (generic MWD reference dataset, not MOIL-specific)"
CASE-KAN-202109-0252,1,Kandri,2021-09-01,2021,9,7465.37,4202.67,3262.7,43.7,0.859,0.974,0.673,High,UNIT-3949,conveyor,roller,general_component,6.3,corrective,False,major,26.03,19.43,2.06,51.1,Granittic_gneiss,False,107.319,Weather,"Weather impact score 0.67 — rainfall 19.4mm, wind 2.1 m/s, soil moisture (0-100cm) 51.1%, affecting haul-road and pit access (2025 seasonal pattern used as proxy for this calendar date).",Haulage rescheduled around peak rainfall hours; drainage and access-road reinforcement carried out.,Failed,Escalated,Escalate: Contingency haulage plan activated (alternate route / stockpile buffer) until conditions normalise.,Proxy (2025 same-calendar-date pattern),"Proxy (global reference dataset, not MOIL-specific)","Proxy (generic MWD reference dataset, not MOIL-specific)"
CASE-KAN-202109-0253,2,Kandri,2021-09-07,2021,9,7465.37,4202.67,3262.7,43.7,0.859,0.974,0.673,High,UNIT-3949,conveyor,roller,general_component,6.3,corrective,False,major,26.03,19.43,2.06,51.1,Granittic_gneiss,False,107.319,Weather,Issue persists after initial action ('Haulage rescheduled around peak rainfall hours; drainage and access-road reinforcement carried out.') did not fully resolve it.,Contingency haulage plan activated (alternate route / stockpile buffer) until conditions normalise.,Resolved,Successful,Continue routine monitoring; no further action required.,Proxy (2025 same-calendar-date pattern),"Proxy (global reference dataset, not MOIL-specific)","Proxy (generic MWD reference dataset, not MOIL-specific)"
CASE-MUN-202109-0254,1,Munsar,2021-09-01,2021,9,6534.15,3196.57,3337.58,51.08,0.805,0.795,0.764,High,UNIT-7600,haul_truck,electrical,battery,6.8,corrective,False,minor,26.03,19.43,2.06,51.1,Elnes_lime_shale,False,104.596,Weather,"Weather impact score 0.76 — rainfall 19.4mm, wind 2.1 m/s, soil moisture (0-100cm) 51.1%, affecting haul-road and pit access (2025 seasonal pattern used as proxy for this calendar date).",Haulage rescheduled around peak rainfall hours; drainage and access-road reinforcement carried out.,Resolved,Successful,Continue routine monitoring; no further action required.,Proxy (2025 same-calendar-date pattern),"Proxy (global reference dataset, not MOIL-specific)","Proxy (generic MWD reference dataset, not MOIL-specific)"
CASE-SIT-202109-0255,1,Sitapatore,2021-09-01,2021,9,7994.36,4842.5,3151.86,39.43,0.963,0.835,0.753,High,UNIT-4929,haul_truck,brakes,general_component,2.2,predictive,False,routine,26.03,19.43,2.06,47.4,Blackshale,False,132.68,Weather,"Weather impact score 0.75 — rainfall 19.4mm, wind 2.1 m/s, soil moisture (0-100cm) 47.4%, affecting haul-road and pit access (2025 seasonal pattern used as proxy for this calendar date).",Haulage rescheduled around peak rainfall hours; drainage and access-road reinforcement carried out.,Resolved,Successful,Continue routine monitoring; no further action required.,Proxy (2025 same-calendar-date pattern),"Proxy (global reference dataset, not MOIL-specific)","Proxy (generic MWD reference dataset, not MOIL-specific)"
CASE-TIR-202109-0256,1,Tirodi,2021-09-01,2021,9,11642.65,7195.06,4447.59,38.2,0.854,0.906,0.799,High,UNIT-5838,drill_rig,rotation,general_component,13.2,major_overhaul,True,major,26.4,14.75,1.89,50.4,Blackshale,False,188.619,Weather,"Weather impact score 0.80 — rainfall 14.8mm, wind 1.9 m/s, soil moisture (0-100cm) 50.4%, affecting haul-road and pit access (2025 seasonal pattern used as proxy for this calendar date).","Action scheduled, not yet executed.",Not Yet Assessed,Pending,Action logged; awaiting execution and outcome review.,Proxy (2025 same-calendar-date pattern),"Proxy (global reference dataset, not MOIL-specific)","Proxy (generic MWD reference dataset, not MOIL-specific)"
CASE-UKW-202109-0257,1,Ukwa,2021-09-01,2021,9,12420.16,7242.94,5177.22,41.68,0.859,0.987,0.688,High,UNIT-9654,excavator,engine,turbo,4.4,predictive,False,routine,25.55,6.85,1.84,41.3,Hagaberg_shale,False,76.155,Weather,"Weather impact score 0.69 — rainfall 6.8mm, wind 1.8 m/s, soil moisture (0-100cm) 41.3%, affecting haul-road and pit access (2025 seasonal pattern used as proxy for this calendar date).",Haulage rescheduled around peak rainfall hours; drainage and access-road reinforcement carried out.,Reduced,In Progress,Re-inspect within 7 days; escalate if shortfall persists.,Proxy (2025 same-calendar-date pattern),"Proxy (global reference dataset, not MOIL-specific)","Proxy (generic MWD reference dataset, not MOIL-specific)"
CASE-BAL-202110-0258,1,Balaghat,2021-10-01,2021,10,18078.35,15323.09,2755.27,15.24,0.897,0.974,0.97,Medium,UNIT-8991,haul_truck,preventive,oil_change,9.2,preventive,True,minor,25.59,3.9,1.7,48.0,Granittic_gneiss,False,530.405,Operational/Workforce,"Operational efficiency at 0.90, below target — indicates shift, workflow or crew utilisation gap.","Shift roster reallocated, additional crew deployed to bottleneck section, workflow reviewed with site supervisor.",Resolved,Successful,Continue routine monitoring; no further action required.,Proxy (2025 same-calendar-date pattern),"Proxy (global reference dataset, not MOIL-specific)","Proxy (generic MWD reference dataset, not MOIL-specific)"
CASE-BEL-202110-0259,1,Beldongri,2021-10-01,2021,10,7571.16,4635.12,2936.04,38.78,0.804,0.817,0.931,High,UNIT-9667,haul_truck,preventive,filter_replace,4.7,preventive,True,minor,26.18,0.44,1.79,43.6,Blackshale,False,88.517,Operational/Workforce,"Operational efficiency at 0.80, below target — indicates shift, workflow or crew utilisation gap.","Shift roster reallocated, additional crew deployed to bottleneck section, workflow reviewed with site supervisor.",Resolved,Successful,Continue routine monitoring; no further action required.,Proxy (2025 same-calendar-date pattern),"Proxy (global reference dataset, not MOIL-specific)","Proxy (generic MWD reference dataset, not MOIL-specific)"
CASE-CHI-202110-0260,1,Chikla,2021-10-01,2021,10,9938.6,6478.01,3460.6,34.82,0.852,0.785,0.975,High,UNIT-4728,haul_truck,preventive,oil_change,3.7,preventive,True,routine,26.42,1.14,1.49,38.9,Blackshale,False,173.033,Equipment,"Equipment availability below target. haul truck (UNIT-4728) recorded a routine 'preventive' issue affecting the oil change; 3.7h downtime, scheduled preventive maintenance logged.",Preventive/predictive maintenance carried out on oil change per maintenance schedule.,Resolved,Successful,Continue routine monitoring; no further action required.,Proxy (2025 same-calendar-date pattern),"Proxy (global reference dataset, not MOIL-specific)","Proxy (generic MWD reference dataset, not MOIL-specific)"
CASE-DON-202110-0261,1,Dongri Buzurg,2021-10-01,2021,10,13710.37,8765.89,4944.48,36.06,0.905,0.793,0.891,High,UNIT-8018,drill_rig,drill_string,general_component,13.5,corrective,False,major,26.18,0.44,1.79,42.5,Drammensgranite,True,106.705,Equipment,"Equipment availability below target. drill rig (UNIT-8018) recorded a major 'drill_string' issue affecting the general component; 13.5h downtime, unscheduled corrective maintenance logged.",Emergency corrective maintenance dispatched; drill rig isolated from production circuit until repaired.,Reduced,In Progress,Re-inspect within 7 days; escalate if shortfall persists.,Proxy (2025 same-calendar-date pattern),"Proxy (global reference dataset, not MOIL-specific)","Proxy (generic MWD reference dataset, not MOIL-specific)"
CASE-GUM-202110-0262,1,Gumgaon,2021-10-01,2021,10,8298.08,5953.17,2344.92,28.26,0.983,0.779,0.936,High,UNIT-7910,haul_truck,preventive,filter_replace,2.3,preventive,True,routine,25.26,0.25,1.87,46.2,Granittic_gneiss,False,220.39,Equipment,"Equipment availability below target. haul truck (UNIT-7910) recorded a routine 'preventive' issue affecting the filter replace; 2.3h downtime, scheduled preventive maintenance logged.",Preventive/predictive maintenance carried out on filter replace per maintenance schedule.,Resolved,Successful,Continue routine monitoring; no further action required.,Proxy (2025 same-calendar-date pattern),"Proxy (global reference dataset, not MOIL-specific)","Proxy (generic MWD reference dataset, not MOIL-specific)"
CASE-KAN-202110-0263,1,Kandri,2021-10-01,2021,10,8520.97,6903.92,1617.05,18.98,0.911,0.913,0.974,Medium,UNIT-4386,haul_truck,transmission,torque_converter,3.5,predictive,False,routine,26.18,0.44,1.79,44.1,Granittic_gneiss,False,562.14,Operational/Workforce,"Operational efficiency at 0.91, below target — indicates shift, workflow or crew utilisation gap.","Shift roster reallocated, additional crew deployed to bottleneck section, workflow reviewed with site supervisor.",Resolved,Successful,Continue routine monitoring; no further action required.,Proxy (2025 same-calendar-date pattern),"Proxy (global reference dataset, not MOIL-specific)","Proxy (generic MWD reference dataset, not MOIL-specific)"
CASE-MUN-202110-0264,1,Munsar,2021-10-01,2021,10,7404.26,4588.17,2816.08,38.03,0.802,0.784,0.985,High,UNIT-1604,drill_rig,rotation,general_component,16.4,major_overhaul,True,major,26.18,0.44,1.79,44.1,Hagaberg_shale,False,107.209,Operational/Workforce,"Operational efficiency at 0.80, below target — indicates shift, workflow or crew utilisation gap.","Shift roster reallocated, additional crew deployed to bottleneck section, workflow reviewed with site supervisor.",Resolved,Successful,Continue routine monitoring; no further action required.,Proxy (2025 same-calendar-date pattern),"Proxy (global reference dataset, not MOIL-specific)","Proxy (generic MWD reference dataset, not MOIL-specific)"
CASE-SIT-202110-0265,1,Sitapatore,2021-10-01,2021,10,9043.9,7109.13,1934.78,21.39,0.919,0.9,0.95,Medium,UNIT-3921,conveyor,motor,general_component,2.3,predictive,False,minor,26.18,0.44,1.79,44.4,Hagaberg_shale,True,111.426,Geological/Drilling,"Drilling data flags a transition/variable rock zone (Rock type: Hagaberg_shale, rotation-pressure variance 111.4) — likely reduced penetration rate slowing blast-hole completion. [Hypothesis from generic MWD reference data — not yet validated against MOIL's own geology.]",Drill parameters and blast pattern adjusted for harder/variable rock; additional bit changes scheduled.,Resolved,Successful,Continue routine monitoring; no further action required.,Proxy (2025 same-calendar-date pattern),"Proxy (global reference dataset, not MOIL-specific)","Proxy (generic MWD reference dataset, not MOIL-specific)"
CASE-TIR-202110-0266,1,Tirodi,2021-10-01,2021,10,12652.41,9645.34,3007.07,23.77,0.983,0.855,0.907,Medium,UNIT-8585,loader,electrical,battery,20.2,corrective,False,major,26.42,1.14,1.49,43.0,Drammensgranite,False,121.029,Equipment,"Equipment availability below target. loader (UNIT-8585) recorded a major 'electrical' issue affecting the battery; 20.2h downtime, unscheduled corrective maintenance logged.",Emergency corrective maintenance dispatched; loader isolated from production circuit until repaired.,Reduced,In Progress,Re-inspect within 7 days; escalate if shortfall persists.,Proxy (2025 same-calendar-date pattern),"Proxy (global reference dataset, not MOIL-specific)","Proxy (generic MWD reference dataset, not MOIL-specific)"
CASE-UKW-202110-0267,1,Ukwa,2021-10-01,2021,10,14193.47,8736.31,5457.16,38.45,0.809,0.792,0.961,High,UNIT-3158,loader,electrical,alternator,7.7,corrective,False,minor,25.66,5.44,1.14,37.8,Hornfels,False,158.556,Operational/Workforce,"Operational efficiency at 0.81, below target — indicates shift, workflow or crew utilisation gap.","Shift roster reallocated, additional crew deployed to bottleneck section, workflow reviewed with site supervisor.",Reduced,In Progress,Re-inspect within 7 days; escalate if shortfall persists.,Proxy (2025 same-calendar-date pattern),"Proxy (global reference dataset, not MOIL-specific)","Proxy (generic MWD reference dataset, not MOIL-specific)"
CASE-UKW-202110-0268,2,Ukwa,2021-10-06,2021,10,14193.47,8736.31,5457.16,38.45,0.809,0.792,0.961,High,UNIT-3158,loader,electrical,alternator,7.7,corrective,False,minor,25.66,5.44,1.14,37.8,Hornfels,False,158.556,Operational/Workforce,"Issue persists after initial action ('Shift roster reallocated, additional crew deployed to bottleneck section, workflow reviewed with site supervisor.') did not fully resolve it.",Escalated to operations manager for full process and staffing audit.,Resolved,Successful,Continue routine monitoring; no further action required.,Proxy (2025 same-calendar-date pattern),"Proxy (global reference dataset, not MOIL-specific)","Proxy (generic MWD reference dataset, not MOIL-specific)"
CASE-BAL-202111-0269,1,Balaghat,2021-11-01,2021,11,18674.17,12670.76,6003.42,32.15,0.921,0.811,0.908,High,UNIT-4013,haul_truck,engine,head_gasket,4.1,predictive,False,minor,24.38,0.65,1.11,46.6,Rhomb_porphyry,False,216.361,Equipment,"Equipment availability below target. haul truck (UNIT-4013) recorded a minor 'engine' issue affecting the head gasket; 4.1h downtime, unscheduled predictive maintenance logged.",Corrective maintenance performed on head gasket.,Reduced,In Progress,Re-inspect within 7 days; escalate if shortfall persists.,Proxy (2025 same-calendar-date pattern),"Proxy (global reference dataset, not MOIL-specific)","Proxy (generic MWD reference dataset, not MOIL-specific)"
CASE-BEL-202111-0270,1,Beldongri,2021-11-01,2021,11,8345.49,6046.75,2298.74,27.54,0.871,0.93,0.895,High,UNIT-5446,haul_truck,hydraulics,valve,10.4,corrective,False,minor,25.62,0.27,0.97,36.1,Rhomb_porphyry,False,182.563,Operational/Workforce,"Operational efficiency at 0.87, below target — indicates shift, workflow or crew utilisation gap.","Action scheduled, not yet executed.",Not Yet Assessed,Pending,Action logged; awaiting execution and outcome review.,Proxy (2025 same-calendar-date pattern),"Proxy (global reference dataset, not MOIL-specific)","Proxy (generic MWD reference dataset, not MOIL-specific)"
CASE-CHI-202111-0271,1,Chikla,2021-11-01,2021,11,11034.33,8961.74,2072.58,18.78,0.895,0.916,0.991,Medium,UNIT-1401,haul_truck,preventive,adjustment,11.8,preventive,True,minor,25.66,0.33,0.86,34.9,Amphibolittic_gneiss,False,173.432,Operational/Workforce,"Operational efficiency at 0.90, below target — indicates shift, workflow or crew utilisation gap.","Shift roster reallocated, additional crew deployed to bottleneck section, workflow reviewed with site supervisor.",Resolved,Successful,Continue routine monitoring; no further action required.,Proxy (2025 same-calendar-date pattern),"Proxy (global reference dataset, not MOIL-specific)","Proxy (generic MWD reference dataset, not MOIL-specific)"
CASE-DON-202111-0272,1,Dongri Buzurg,2021-11-01,2021,11,14955.3,8496.43,6458.87,43.19,0.843,0.758,0.889,High,UNIT-5791,haul_truck,hydraulics,cylinder,42.7,corrective,False,critical,25.62,0.27,0.97,34.2,Elnes_lime_shale,False,81.907,Equipment,"Equipment availability below target. haul truck (UNIT-5791) recorded a critical 'hydraulics' issue affecting the cylinder; 42.7h downtime, unscheduled corrective maintenance logged.",Emergency corrective maintenance dispatched; haul truck isolated from production circuit until repaired.,Reduced,In Progress,Re-inspect within 7 days; escalate if shortfall persists.,Proxy (2025 same-calendar-date pattern),"Proxy (global reference dataset, not MOIL-specific)","Proxy (generic MWD reference dataset, not MOIL-specific)"
CASE-GUM-202111-0273,1,Gumgaon,2021-11-01,2021,11,9836.23,6545.34,3290.89,33.46,0.81,0.874,0.94,High,UNIT-2077,crusher,motor,general_component,12.4,corrective,False,minor,25.14,0.06,1.07,36.0,Hornfels,False,114.977,Operational/Workforce,"Operational efficiency at 0.81, below target — indicates shift, workflow or crew utilisation gap.","Shift roster reallocated, additional crew deployed to bottleneck section, workflow reviewed with site supervisor.",Reduced,In Progress,Re-inspect within 7 days; escalate if shortfall persists.,Proxy (2025 same-calendar-date pattern),"Proxy (global reference dataset, not MOIL-specific)","Proxy (generic MWD reference dataset, not MOIL-specific)"
CASE-GUM-202111-0274,2,Gumgaon,2021-11-10,2021,11,9836.23,6545.34,3290.89,33.46,0.81,0.874,0.94,High,UNIT-2077,crusher,motor,general_component,12.4,corrective,False,minor,25.14,0.06,1.07,36.0,Hornfels,False,114.977,Operational/Workforce,"Issue persists after initial action ('Shift roster reallocated, additional crew deployed to bottleneck section, workflow reviewed with site supervisor.') did not fully resolve it.",Escalated to operations manager for full process and staffing audit.,Resolved,Successful,Continue routine monitoring; no further action required.,Proxy (2025 same-calendar-date pattern),"Proxy (global reference dataset, not MOIL-specific)","Proxy (generic MWD reference dataset, not MOIL-specific)"
CASE-KAN-202111-0275,1,Kandri,2021-11-01,2021,11,9582.08,6115.84,3466.24,36.17,0.954,0.777,0.861,High,UNIT-5340,grader,preventive,filter_replace,5.4,preventive,True,minor,25.62,0.27,0.97,34.699999999999996,Augen_gneiss,False,110.68,Equipment,"Equipment availability below target. grader (UNIT-5340) recorded a minor 'preventive' issue affecting the filter replace; 5.4h downtime, scheduled preventive maintenance logged.",Preventive/predictive maintenance carried out on filter replace per maintenance schedule.,Resolved,Successful,Continue routine monitoring; no further action required.,Proxy (2025 same-calendar-date pattern),"Proxy (global reference dataset, not MOIL-specific)","Proxy (generic MWD reference dataset, not MOIL-specific)"
CASE-MUN-202111-0276,1,Munsar,2021-11-01,2021,11,8720.19,6616.66,2103.53,24.12,0.899,0.922,0.915,Medium,UNIT-1840,crusher,preventive,inspection,8.7,preventive,True,routine,25.62,0.27,0.97,34.699999999999996,Elnes_lime_shale,False,105.804,Operational/Workforce,"Operational efficiency at 0.90, below target — indicates shift, workflow or crew utilisation gap.","Shift roster reallocated, additional crew deployed to bottleneck section, workflow reviewed with site supervisor.",Reduced,In Progress,Re-inspect within 7 days; escalate if shortfall persists.,Proxy (2025 same-calendar-date pattern),"Proxy (global reference dataset, not MOIL-specific)","Proxy (generic MWD reference dataset, not MOIL-specific)"
CASE-SIT-202111-0277,1,Sitapatore,2021-11-01,2021,11,9496.49,8295.79,1200.7,12.64,0.964,0.95,0.954,Medium,UNIT-7428,loader,transmission,torque_converter,6.0,corrective,False,minor,25.62,0.27,0.97,39.1,Drammensgranite,False,141.963,Weather,"Weather impact score 0.95 — rainfall 0.3mm, wind 1.0 m/s, soil moisture (0-100cm) 39.1%, affecting haul-road and pit access (2025 seasonal pattern used as proxy for this calendar date).",Operations continued with adjusted shift timing to work around weather window.,Reduced,In Progress,Re-inspect within 7 days; escalate if shortfall persists.,Proxy (2025 same-calendar-date pattern),"Proxy (global reference dataset, not MOIL-specific)","Proxy (generic MWD reference dataset, not MOIL-specific)"
CASE-TIR-202111-0278,1,Tirodi,2021-11-01,2021,11,14282.37,9515.94,4766.43,33.37,0.918,0.84,0.864,High,UNIT-7024,haul_truck,preventive,inspection,7.9,preventive,True,minor,25.66,0.33,0.86,38.7,Granittic_gneiss,False,157.807,Weather,"Weather impact score 0.86 — rainfall 0.3mm, wind 0.9 m/s, soil moisture (0-100cm) 38.7%, affecting haul-road and pit access (2025 seasonal pattern used as proxy for this calendar date).",Operations continued with adjusted shift timing to work around weather window.,Reduced,In Progress,Re-inspect within 7 days; escalate if shortfall persists.,Proxy (2025 same-calendar-date pattern),"Proxy (global reference dataset, not MOIL-specific)","Proxy (generic MWD reference dataset, not MOIL-specific)"
CASE-UKW-202111-0279,1,Ukwa,2021-11-01,2021,11,16494.08,12356.92,4137.16,25.08,0.827,0.988,0.917,High,UNIT-5558,drill_rig,rotation,general_component,15.6,corrective,False,major,23.8,0.2,1.16,32.1,Blackshale,True,157.397,Operational/Workforce,"Operational efficiency at 0.83, below target — indicates shift, workflow or crew utilisation gap.","Shift roster reallocated, additional crew deployed to bottleneck section, workflow reviewed with site supervisor.",Resolved,Successful,Continue routine monitoring; no further action required.,Proxy (2025 same-calendar-date pattern),"Proxy (global reference dataset, not MOIL-specific)","Proxy (generic MWD reference dataset, not MOIL-specific)"
CASE-BAL-202112-0280,1,Balaghat,2021-12-01,2021,12,22846.98,19287.41,3559.57,15.58,0.908,0.968,0.96,Medium,UNIT-5775,pump,preventive,filter_replace,5.2,preventive,True,minor,17.4,0.0,1.29,37.8,Hagaberg_shale,False,175.967,Operational/Workforce,"Operational efficiency at 0.91, below target — indicates shift, workflow or crew utilisation gap.","Shift roster reallocated, additional crew deployed to bottleneck section, workflow reviewed with site supervisor.",Reduced,In Progress,Re-inspect within 7 days; escalate if shortfall persists.,Proxy (2025 same-calendar-date pattern),"Proxy (global reference dataset, not MOIL-specific)","Proxy (generic MWD reference dataset, not MOIL-specific)"
CASE-BEL-202112-0281,1,Beldongri,2021-12-01,2021,12,10636.9,8941.59,1695.31,15.94,0.932,0.923,0.977,Medium,UNIT-6571,drill_rig,drill_string,general_component,5.1,corrective,False,minor,17.84,0.0,1.51,30.599999999999998,Granittic_gneiss,False,562.14,Operational/Workforce,"Operational efficiency at 0.93, below target — indicates shift, workflow or crew utilisation gap.","Shift roster reallocated, additional crew deployed to bottleneck section, workflow reviewed with site supervisor.",Failed,Escalated,Escalate: Escalated to operations manager for full process and staffing audit.,Proxy (2025 same-calendar-date pattern),"Proxy (global reference dataset, not MOIL-specific)","Proxy (generic MWD reference dataset, not MOIL-specific)"
CASE-BEL-202112-0282,2,Beldongri,2021-12-08,2021,12,10636.9,8941.59,1695.31,15.94,0.932,0.923,0.977,Medium,UNIT-6571,drill_rig,drill_string,general_component,5.1,corrective,False,minor,17.84,0.0,1.51,30.599999999999998,Granittic_gneiss,False,562.14,Operational/Workforce,"Issue persists after initial action ('Shift roster reallocated, additional crew deployed to bottleneck section, workflow reviewed with site supervisor.') did not fully resolve it.",Escalated to operations manager for full process and staffing audit.,Resolved,Successful,Continue routine monitoring; no further action required.,Proxy (2025 same-calendar-date pattern),"Proxy (global reference dataset, not MOIL-specific)","Proxy (generic MWD reference dataset, not MOIL-specific)"
CASE-CHI-202112-0283,1,Chikla,2021-12-01,2021,12,12937.06,9337.08,3599.98,27.83,0.898,0.805,0.998,High,UNIT-7641,conveyor,preventive,filter_replace,1.6,preventive,True,routine,18.1,0.0,1.45,33.4,Hagaberg_shale,False,128.522,Equipment,"Equipment availability below target. conveyor (UNIT-7641) recorded a routine 'preventive' issue affecting the filter replace; 1.6h downtime, scheduled preventive maintenance logged.",Preventive/predictive maintenance carried out on filter replace per maintenance schedule.,Reduced,In Progress,Re-inspect within 7 days; escalate if shortfall persists.,Proxy (2025 same-calendar-date pattern),"Proxy (global reference dataset, not MOIL-specific)","Proxy (generic MWD reference dataset, not MOIL-specific)"
CASE-CHI-202112-0284,2,Chikla,2021-12-10,2021,12,12937.06,9337.08,3599.98,27.83,0.898,0.805,0.998,High,UNIT-7641,conveyor,preventive,filter_replace,1.6,preventive,True,routine,18.1,0.0,1.45,33.4,Hagaberg_shale,False,128.522,Equipment,Issue persists after initial action ('Preventive/predictive maintenance carried out on filter replace per maintenance schedule.') did not fully resolve it.,Component replacement / major overhaul scheduled; equipment flagged for engineering review.,Resolved,Successful,Continue routine monitoring; no further action required.,Proxy (2025 same-calendar-date pattern),"Proxy (global reference dataset, not MOIL-specific)","Proxy (generic MWD reference dataset, not MOIL-specific)"
CASE-DON-202112-0285,1,Dongri Buzurg,2021-12-01,2021,12,18477.95,13674.2,4803.75,26.0,0.808,0.926,0.989,High,UNIT-4000,crusher,preventive,adjustment,7.2,preventive,True,routine,17.84,0.0,1.51,34.0,Rhomb_porphyry,False,157.771,Operational/Workforce,"Operational efficiency at 0.81, below target — indicates shift, workflow or crew utilisation gap.","Shift roster reallocated, additional crew deployed to bottleneck section, workflow reviewed with site supervisor.",Resolved,Successful,Continue routine monitoring; no further action required.,Proxy (2025 same-calendar-date pattern),"Proxy (global reference dataset, not MOIL-specific)","Proxy (generic MWD reference dataset, not MOIL-specific)"
CASE-GUM-202112-0286,1,Gumgaon,2021-12-01,2021,12,11418.11,8731.4,2686.71,23.53,0.914,0.979,0.855,Medium,UNIT-1009,haul_truck,preventive,adjustment,2.9,preventive,True,routine,17.71,0.0,1.6,31.900000000000002,Rhomb_porphyry,False,153.065,Weather,"Weather impact score 0.85 — rainfall 0.0mm, wind 1.6 m/s, soil moisture (0-100cm) 31.9%, affecting haul-road and pit access (2025 seasonal pattern used as proxy for this calendar date).",Operations continued with adjusted shift timing to work around weather window.,Reduced,In Progress,Re-inspect within 7 days; escalate if shortfall persists.,Proxy (2025 same-calendar-date pattern),"Proxy (global reference dataset, not MOIL-specific)","Proxy (generic MWD reference dataset, not MOIL-specific)"
CASE-KAN-202112-0287,1,Kandri,2021-12-01,2021,12,12027.73,10098.05,1929.68,16.04,0.859,0.981,0.996,Medium,UNIT-5635,pump,preventive,adjustment,1.9,preventive,True,routine,17.84,0.0,1.51,30.3,Blackshale,True,51.794,Geological/Drilling,"Drilling data flags a transition/variable rock zone (Rock type: Blackshale, rotation-pressure variance 51.8) — likely reduced penetration rate slowing blast-hole completion. [Hypothesis from generic MWD reference data — not yet validated against MOIL's own geology.]",Drill parameters and blast pattern adjusted for harder/variable rock; additional bit changes scheduled.,Failed,Escalated,Escalate: Escalated to geology/blast engineering team for re-survey of the zone.,Proxy (2025 same-calendar-date pattern),"Proxy (global reference dataset, not MOIL-specific)","Proxy (generic MWD reference dataset, not MOIL-specific)"
CASE-KAN-202112-0288,2,Kandri,2021-12-04,2021,12,12027.73,10098.05,1929.68,16.04,0.859,0.981,0.996,Medium,UNIT-5635,pump,preventive,adjustment,1.9,preventive,True,routine,17.84,0.0,1.51,30.3,Blackshale,True,51.794,Geological/Drilling,Issue persists after initial action ('Drill parameters and blast pattern adjusted for harder/variable rock; additional bit changes scheduled.') did not fully resolve it.,Escalated to geology/blast engineering team for re-survey of the zone.,Reduced,In Progress,Re-inspect within 7 days; escalate if shortfall persists.,Proxy (2025 same-calendar-date pattern),"Proxy (global reference dataset, not MOIL-specific)","Proxy (generic MWD reference dataset, not MOIL-specific)"
CASE-MUN-202112-0289,1,Munsar,2021-12-01,2021,12,10779.02,9095.71,1683.31,15.62,0.895,0.966,0.977,Medium,UNIT-9357,haul_truck,preventive,filter_replace,4.4,preventive,True,minor,17.84,0.0,1.51,30.3,Blackshale,True,117.138,Geological/Drilling,"Drilling data flags a transition/variable rock zone (Rock type: Blackshale, rotation-pressure variance 117.1) — likely reduced penetration rate slowing blast-hole completion. [Hypothesis from generic MWD reference data — not yet validated against MOIL's own geology.]",Drill parameters and blast pattern adjusted for harder/variable rock; additional bit changes scheduled.,Reduced,In Progress,Re-inspect within 7 days; escalate if shortfall persists.,Proxy (2025 same-calendar-date pattern),"Proxy (global reference dataset, not MOIL-specific)","Proxy (generic MWD reference dataset, not MOIL-specific)"
CASE-MUN-202112-0290,2,Munsar,2021-12-10,2021,12,10779.02,9095.71,1683.31,15.62,0.895,0.966,0.977,Medium,UNIT-9357,haul_truck,preventive,filter_replace,4.4,preventive,True,minor,17.84,0.0,1.51,30.3,Blackshale,True,117.138,Geological/Drilling,Issue persists after initial action ('Drill parameters and blast pattern adjusted for harder/variable rock; additional bit changes scheduled.') did not fully resolve it.,Escalated to geology/blast engineering team for re-survey of the zone.,Failed,Escalated,Escalate: Escalated to geology/blast engineering team for re-survey of the zone.,Proxy (2025 same-calendar-date pattern),"Proxy (global reference dataset, not MOIL-specific)","Proxy (generic MWD reference dataset, not MOIL-specific)"
CASE-SIT-202112-0291,1,Sitapatore,2021-12-01,2021,12,11581.5,7978.1,3603.4,31.11,0.966,0.759,0.939,High,UNIT-7510,crusher,motor,general_component,51.2,corrective,False,major,17.84,0.0,1.51,33.800000000000004,Granittic_gneiss,False,148.374,Equipment,"Equipment availability below target. crusher (UNIT-7510) recorded a major 'motor' issue affecting the general component; 51.2h downtime, unscheduled corrective maintenance logged.",Emergency corrective maintenance dispatched; crusher isolated from production circuit until repaired.,Resolved,Successful,Continue routine monitoring; no further action required.,Proxy (2025 same-calendar-date pattern),"Proxy (global reference dataset, not MOIL-specific)","Proxy (generic MWD reference dataset, not MOIL-specific)"
CASE-TIR-202112-0292,1,Tirodi,2021-12-01,2021,12,17214.63,10415.87,6798.76,39.49,0.824,0.769,0.954,High,UNIT-5544,crusher,bearing,general_component,22.2,predictive,False,minor,18.1,0.0,1.45,34.2,Granittic_gneiss,True,312.527,Equipment,"Equipment availability below target. crusher (UNIT-5544) recorded a minor 'bearing' issue affecting the general component; 22.2h downtime, unscheduled predictive maintenance logged.",Corrective maintenance performed on general component.,Reduced,In Progress,Re-inspect within 7 days; escalate if shortfall persists.,Proxy (2025 same-calendar-date pattern),"Proxy (global reference dataset, not MOIL-specific)","Proxy (generic MWD reference dataset, not MOIL-specific)"
CASE-UKW-202112-0293,1,Ukwa,2021-12-01,2021,12,18859.76,12254.68,6605.08,35.02,0.945,0.766,0.897,High,UNIT-6206,crusher,shaft,general_component,20.4,corrective,False,minor,16.81,0.0,1.35,28.599999999999998,Granittic_gneiss,False,276.86,Equipment,"Equipment availability below target. crusher (UNIT-6206) recorded a minor 'shaft' issue affecting the general component; 20.4h downtime, unscheduled corrective maintenance logged.",Corrective maintenance performed on general component.,Reduced,In Progress,Re-inspect within 7 days; escalate if shortfall persists.,Proxy (2025 same-calendar-date pattern),"Proxy (global reference dataset, not MOIL-specific)","Proxy (generic MWD reference dataset, not MOIL-specific)"
CASE-UKW-202112-0294,2,Ukwa,2021-12-08,2021,12,18859.76,12254.68,6605.08,35.02,0.945,0.766,0.897,High,UNIT-6206,crusher,shaft,general_component,20.4,corrective,False,minor,16.81,0.0,1.35,28.599999999999998,Granittic_gneiss,False,276.86,Equipment,Issue persists after initial action ('Corrective maintenance performed on general component.') did not fully resolve it.,Component replacement / major overhaul scheduled; equipment flagged for engineering review.,Resolved,Successful,Continue routine monitoring; no further action required.,Proxy (2025 same-calendar-date pattern),"Proxy (global reference dataset, not MOIL-specific)","Proxy (generic MWD reference dataset, not MOIL-specific)"
CASE-BAL-202201-0295,1,Balaghat,2022-01-01,2022,1,16087.9,12071.57,4016.33,24.96,0.958,0.83,0.944,Medium,UNIT-8438,pump,seal,general_component,6.3,major_overhaul,True,major,15.58,0.0,2.23,41.0,Blackshale,False,142.558,Equipment,"Equipment availability below target. pump (UNIT-8438) recorded a major 'seal' issue affecting the general component; 6.3h downtime, scheduled major_overhaul maintenance logged.",Preventive/predictive maintenance carried out on general component per maintenance schedule.,Resolved,Successful,Continue routine monitoring; no further action required.,Proxy (2025 same-calendar-date pattern),"Proxy (global reference dataset, not MOIL-specific)","Proxy (generic MWD reference dataset, not MOIL-specific)"
CASE-BEL-202201-0296,1,Beldongri,2022-01-01,2022,1,7281.37,4637.9,2643.47,36.3,0.923,0.808,0.854,High,UNIT-7572,grader,tires,front_left,13.9,corrective,False,major,17.14,0.0,2.41,35.3,Drammensgranite,False,90.28,Equipment,"Equipment availability below target. grader (UNIT-7572) recorded a major 'tires' issue affecting the front left; 13.9h downtime, unscheduled corrective maintenance logged.",Emergency corrective maintenance dispatched; grader isolated from production circuit until repaired.,Failed,Escalated,Escalate: Component replacement / major overhaul scheduled; equipment flagged for engineering review.,Proxy (2025 same-calendar-date pattern),"Proxy (global reference dataset, not MOIL-specific)","Proxy (generic MWD reference dataset, not MOIL-specific)"
CASE-BEL-202201-0297,2,Beldongri,2022-01-05,2022,1,7281.37,4637.9,2643.47,36.3,0.923,0.808,0.854,High,UNIT-7572,grader,tires,front_left,13.9,corrective,False,major,17.14,0.0,2.41,35.3,Drammensgranite,False,90.28,Equipment,Issue persists after initial action ('Emergency corrective maintenance dispatched; grader isolated from production circuit until repaired.') did not fully resolve it.,Component replacement / major overhaul scheduled; equipment flagged for engineering review.,Resolved,Successful,Continue routine monitoring; no further action required.,Proxy (2025 same-calendar-date pattern),"Proxy (global reference dataset, not MOIL-specific)","Proxy (generic MWD reference dataset, not MOIL-specific)"
CASE-CHI-202201-0298,1,Chikla,2022-01-01,2022,1,9347.45,6767.67,2579.77,27.6,0.804,0.969,0.929,High,UNIT-9940,haul_truck,preventive,filter_replace,7.1,preventive,True,minor,17.75,0.0,2.2,39.900000000000006,Huk_limestone,False,99.323,Operational/Workforce,"Operational efficiency at 0.80, below target — indicates shift, workflow or crew utilisation gap.","Shift roster reallocated, additional crew deployed to bottleneck section, workflow reviewed with site supervisor.",Resolved,Successful,Continue routine monitoring; no further action required.,Proxy (2025 same-calendar-date pattern),"Proxy (global reference dataset, not MOIL-specific)","Proxy (generic MWD reference dataset, not MOIL-specific)"
CASE-DON-202201-0299,1,Dongri Buzurg,2022-01-01,2022,1,12546.15,10862.9,1683.25,13.42,0.96,0.999,0.903,Medium,UNIT-6886,drill_rig,rotation,general_component,17.5,corrective,False,major,17.14,0.0,2.41,32.5,Amphibolittic_gneiss,True,213.295,Geological/Drilling,"Drilling data flags a transition/variable rock zone (Rock type: Amphibolittic_gneiss, rotation-pressure variance 213.3) — likely reduced penetration rate slowing blast-hole completion. [Hypothesis from generic MWD reference data — not yet validated against MOIL's own geology.]",Drill parameters and blast pattern adjusted for harder/variable rock; additional bit changes scheduled.,Reduced,In Progress,Re-inspect within 7 days; escalate if shortfall persists.,Proxy (2025 same-calendar-date pattern),"Proxy (global reference dataset, not MOIL-specific)","Proxy (generic MWD reference dataset, not MOIL-specific)"
CASE-GUM-202201-0300,1,Gumgaon,2022-01-01,2022,1,8226.39,5948.62,2277.77,27.69,0.88,0.87,0.944,High,UNIT-6151,grader,tires,rear_left,8.2,corrective,False,minor,17.43,0.0,2.05,35.6,Granittic_gneiss,False,171.492,Operational/Workforce,"Operational efficiency at 0.88, below target — indicates shift, workflow or crew utilisation gap.","Action scheduled, not yet executed.",Not Yet Assessed,Pending,Action logged; awaiting execution and outcome review.,Proxy (2025 same-calendar-date pattern),"Proxy (global reference dataset, not MOIL-specific)","Proxy (generic MWD reference dataset, not MOIL-specific)"
CASE-KAN-202201-0301,1,Kandri,2022-01-01,2022,1,8311.71,7123.6,1188.11,14.29,0.997,0.942,0.913,Medium,UNIT-5428,haul_truck,preventive,inspection,3.7,preventive,True,routine,17.14,0.0,2.41,35.5,Augen_gneiss,False,198.831,Weather,"Weather impact score 0.91 — rainfall 0.0mm, wind 2.4 m/s, soil moisture (0-100cm) 35.5%, affecting haul-road and pit access (2025 seasonal pattern used as proxy for this calendar date).",Operations continued with adjusted shift timing to work around weather window.,Reduced,In Progress,Re-inspect within 7 days; escalate if shortfall persists.,Proxy (2025 same-calendar-date pattern),"Proxy (global reference dataset, not MOIL-specific)","Proxy (generic MWD reference dataset, not MOIL-specific)"
CASE-MUN-202201-0302,1,Munsar,2022-01-01,2022,1,6955.63,4624.33,2331.3,33.52,0.948,0.81,0.867,High,UNIT-8212,haul_truck,preventive,oil_change,3.1,preventive,True,routine,17.14,0.0,2.41,35.5,Rhomb_porphyry,False,117.817,Equipment,"Equipment availability below target. haul truck (UNIT-8212) recorded a routine 'preventive' issue affecting the oil change; 3.1h downtime, scheduled preventive maintenance logged.",Preventive/predictive maintenance carried out on oil change per maintenance schedule.,Resolved,Successful,Continue routine monitoring; no further action required.,Proxy (2025 same-calendar-date pattern),"Proxy (global reference dataset, not MOIL-specific)","Proxy (generic MWD reference dataset, not MOIL-specific)"
CASE-SIT-202201-0303,1,Sitapatore,2022-01-01,2022,1,7895.83,4937.83,2957.99,37.46,0.857,0.824,0.885,High,UNIT-2003,haul_truck,transmission,driveshaft,3.0,predictive,False,routine,17.14,0.0,2.41,36.0,Amphibolittic_gneiss,False,183.292,Operational/Workforce,"Operational efficiency at 0.86, below target — indicates shift, workflow or crew utilisation gap.","Shift roster reallocated, additional crew deployed to bottleneck section, workflow reviewed with site supervisor.",Failed,Escalated,Escalate: Escalated to operations manager for full process and staffing audit.,Proxy (2025 same-calendar-date pattern),"Proxy (global reference dataset, not MOIL-specific)","Proxy (generic MWD reference dataset, not MOIL-specific)"
CASE-SIT-202201-0304,2,Sitapatore,2022-01-09,2022,1,7895.83,4937.83,2957.99,37.46,0.857,0.824,0.885,High,UNIT-2003,haul_truck,transmission,driveshaft,3.0,predictive,False,routine,17.14,0.0,2.41,36.0,Amphibolittic_gneiss,False,183.292,Operational/Workforce,"Issue persists after initial action ('Shift roster reallocated, additional crew deployed to bottleneck section, workflow reviewed with site supervisor.') did not fully resolve it.",Escalated to operations manager for full process and staffing audit.,Failed,Escalated,Escalate: Escalated to operations manager for full process and staffing audit.,Proxy (2025 same-calendar-date pattern),"Proxy (global reference dataset, not MOIL-specific)","Proxy (generic MWD reference dataset, not MOIL-specific)"
CASE-TIR-202201-0305,1,Tirodi,2022-01-01,2022,1,11468.13,8398.64,3069.49,26.77,0.804,0.997,0.914,High,UNIT-8839,crusher,preventive,inspection,10.7,preventive,True,routine,17.75,0.0,2.2,32.7,Granittic_gneiss,False,288.228,Operational/Workforce,"Operational efficiency at 0.80, below target — indicates shift, workflow or crew utilisation gap.","Shift roster reallocated, additional crew deployed to bottleneck section, workflow reviewed with site supervisor.",Resolved,Successful,Continue routine monitoring; no further action required.,Proxy (2025 same-calendar-date pattern),"Proxy (global reference dataset, not MOIL-specific)","Proxy (generic MWD reference dataset, not MOIL-specific)"
CASE-UKW-202201-0306,1,Ukwa,2022-01-01,2022,1,12869.39,9618.1,3251.29,25.26,0.936,0.805,0.992,High,UNIT-6097,excavator,hydraulics,pump,16.5,corrective,False,minor,15.94,0.0,1.77,34.699999999999996,Granittic_gneiss,False,196.784,Equipment,"Equipment availability below target. excavator (UNIT-6097) recorded a minor 'hydraulics' issue affecting the pump; 16.5h downtime, unscheduled corrective maintenance logged.",Corrective maintenance performed on pump.,Reduced,In Progress,Re-inspect within 7 days; escalate if shortfall persists.,Proxy (2025 same-calendar-date pattern),"Proxy (global reference dataset, not MOIL-specific)","Proxy (generic MWD reference dataset, not MOIL-specific)"
CASE-UKW-202201-0307,2,Ukwa,2022-01-09,2022,1,12869.39,9618.1,3251.29,25.26,0.936,0.805,0.992,High,UNIT-6097,excavator,hydraulics,pump,16.5,corrective,False,minor,15.94,0.0,1.77,34.699999999999996,Granittic_gneiss,False,196.784,Equipment,Issue persists after initial action ('Corrective maintenance performed on pump.') did not fully resolve it.,Component replacement / major overhaul scheduled; equipment flagged for engineering review.,Reduced,In Progress,Re-inspect within 7 days; escalate if shortfall persists.,Proxy (2025 same-calendar-date pattern),"Proxy (global reference dataset, not MOIL-specific)","Proxy (generic MWD reference dataset, not MOIL-specific)"
CASE-BAL-202202-0308,1,Balaghat,2022-02-01,2022,2,16483.47,11309.7,5173.77,31.39,0.818,0.854,0.982,High,UNIT-5309,excavator,electrical,alternator,13.2,corrective,False,minor,23.89,0.0,1.79,35.699999999999996,Amphibolittic_gneiss,False,583.597,Operational/Workforce,"Operational efficiency at 0.82, below target — indicates shift, workflow or crew utilisation gap.","Shift roster reallocated, additional crew deployed to bottleneck section, workflow reviewed with site supervisor.",Resolved,Successful,Continue routine monitoring; no further action required.,Proxy (2025 same-calendar-date pattern),"Proxy (global reference dataset, not MOIL-specific)","Proxy (generic MWD reference dataset, not MOIL-specific)"
CASE-BEL-202202-0309,1,Beldongri,2022-02-01,2022,2,7322.56,5171.79,2150.77,29.37,0.893,0.903,0.875,High,UNIT-8402,haul_truck,preventive,adjustment,2.7,preventive,True,routine,24.97,0.0,1.66,27.6,Rhomb_porphyry,False,106.33,Weather,"Weather impact score 0.88 — rainfall 0.0mm, wind 1.7 m/s, soil moisture (0-100cm) 27.6%, affecting haul-road and pit access (2025 seasonal pattern used as proxy for this calendar date).",Operations continued with adjusted shift timing to work around weather window.,Reduced,In Progress,Re-inspect within 7 days; escalate if shortfall persists.,Proxy (2025 same-calendar-date pattern),"Proxy (global reference dataset, not MOIL-specific)","Proxy (generic MWD reference dataset, not MOIL-specific)"
CASE-CHI-202202-0310,1,Chikla,2022-02-01,2022,2,9456.58,7474.26,1982.32,20.96,0.846,0.986,0.947,Medium,UNIT-9347,haul_truck,tires,front_right,2.4,predictive,False,routine,25.63,0.0,1.6,32.6,Blackshale,True,120.965,Geological/Drilling,"Drilling data flags a transition/variable rock zone (Rock type: Blackshale, rotation-pressure variance 121.0) — likely reduced penetration rate slowing blast-hole completion. [Hypothesis from generic MWD reference data — not yet validated against MOIL's own geology.]",Drill parameters and blast pattern adjusted for harder/variable rock; additional bit changes scheduled.,Reduced,In Progress,Re-inspect within 7 days; escalate if shortfall persists.,Proxy (2025 same-calendar-date pattern),"Proxy (global reference dataset, not MOIL-specific)","Proxy (generic MWD reference dataset, not MOIL-specific)"
CASE-DON-202202-0311,1,Dongri Buzurg,2022-02-01,2022,2,12147.94,7761.44,4386.5,36.11,0.903,0.808,0.876,High,UNIT-2081,conveyor,preventive,oil_change,4.0,preventive,True,minor,24.97,0.0,1.66,28.299999999999997,Hagaberg_shale,True,111.426,Geological/Drilling,"Drilling data flags a transition/variable rock zone (Rock type: Hagaberg_shale, rotation-pressure variance 111.4) — likely reduced penetration rate slowing blast-hole completion. [Hypothesis from generic MWD reference data — not yet validated against MOIL's own geology.]",Drill parameters and blast pattern adjusted for harder/variable rock; additional bit changes scheduled.,Failed,Escalated,Escalate: Escalated to geology/blast engineering team for re-survey of the zone.,Proxy (2025 same-calendar-date pattern),"Proxy (global reference dataset, not MOIL-specific)","Proxy (generic MWD reference dataset, not MOIL-specific)"
CASE-DON-202202-0312,2,Dongri Buzurg,2022-02-09,2022,2,12147.94,7761.44,4386.5,36.11,0.903,0.808,0.876,High,UNIT-2081,conveyor,preventive,oil_change,4.0,preventive,True,minor,24.97,0.0,1.66,28.299999999999997,Hagaberg_shale,True,111.426,Geological/Drilling,Issue persists after initial action ('Drill parameters and blast pattern adjusted for harder/variable rock; additional bit changes scheduled.') did not fully resolve it.,Escalated to geology/blast engineering team for re-survey of the zone.,Resolved,Successful,Continue routine monitoring; no further action required.,Proxy (2025 same-calendar-date pattern),"Proxy (global reference dataset, not MOIL-specific)","Proxy (generic MWD reference dataset, not MOIL-specific)"
CASE-GUM-202202-0313,1,Gumgaon,2022-02-01,2022,2,7788.35,5561.1,2227.25,28.6,0.837,0.945,0.903,High,UNIT-4528,loader,preventive,filter_replace,13.6,preventive,True,minor,24.32,0.0,1.67,30.3,Elnes_lime_shale,False,135.865,Operational/Workforce,"Operational efficiency at 0.84, below target — indicates shift, workflow or crew utilisation gap.","Shift roster reallocated, additional crew deployed to bottleneck section, workflow reviewed with site supervisor.",Resolved,Successful,Continue routine monitoring; no further action required.,Proxy (2025 same-calendar-date pattern),"Proxy (global reference dataset, not MOIL-specific)","Proxy (generic MWD reference dataset, not MOIL-specific)"
CASE-MUN-202202-0314,1,Munsar,2022-02-01,2022,2,7357.74,5025.88,2331.85,31.69,0.835,0.849,0.964,High,UNIT-9296,pump,impeller,general_component,1.7,predictive,False,routine,24.97,0.0,1.66,33.300000000000004,Granittic_gneiss,False,217.264,Operational/Workforce,"Operational efficiency at 0.83, below target — indicates shift, workflow or crew utilisation gap.","Shift roster reallocated, additional crew deployed to bottleneck section, workflow reviewed with site supervisor.",Resolved,Successful,Continue routine monitoring; no further action required.,Proxy (2025 same-calendar-date pattern),"Proxy (global reference dataset, not MOIL-specific)","Proxy (generic MWD reference dataset, not MOIL-specific)"
CASE-SIT-202202-0315,1,Sitapatore,2022-02-01,2022,2,8169.37,5721.26,2448.11,29.97,0.831,0.954,0.884,High,UNIT-7040,haul_truck,transmission,gearbox,13.1,major_overhaul,True,major,24.97,0.0,1.66,31.3,Granittic_gneiss,False,193.916,Operational/Workforce,"Operational efficiency at 0.83, below target — indicates shift, workflow or crew utilisation gap.","Shift roster reallocated, additional crew deployed to bottleneck section, workflow reviewed with site supervisor.",Reduced,In Progress,Re-inspect within 7 days; escalate if shortfall persists.,Proxy (2025 same-calendar-date pattern),"Proxy (global reference dataset, not MOIL-specific)","Proxy (generic MWD reference dataset, not MOIL-specific)"
CASE-TIR-202202-0316,1,Tirodi,2022-02-01,2022,2,11686.53,8925.19,2761.34,23.63,0.907,0.898,0.937,Medium,UNIT-9576,grader,tires,rear_right,17.3,corrective,False,major,25.63,0.0,1.6,27.800000000000004,Drammensgranite,False,141.963,Operational/Workforce,"Operational efficiency at 0.91, below target — indicates shift, workflow or crew utilisation gap.","Shift roster reallocated, additional crew deployed to bottleneck section, workflow reviewed with site supervisor.",Resolved,Successful,Continue routine monitoring; no further action required.,Proxy (2025 same-calendar-date pattern),"Proxy (global reference dataset, not MOIL-specific)","Proxy (generic MWD reference dataset, not MOIL-specific)"
CASE-UKW-202202-0317,1,Ukwa,2022-02-01,2022,2,12488.12,8646.83,3841.29,30.76,0.975,0.816,0.869,High,UNIT-5998,excavator,hydraulics,valve,35.7,corrective,False,major,23.79,0.0,1.76,38.2,Granittic_gneiss,False,156.875,Equipment,"Equipment availability below target. excavator (UNIT-5998) recorded a major 'hydraulics' issue affecting the valve; 35.7h downtime, unscheduled corrective maintenance logged.",Emergency corrective maintenance dispatched; excavator isolated from production circuit until repaired.,Resolved,Successful,Continue routine monitoring; no further action required.,Proxy (2025 same-calendar-date pattern),"Proxy (global reference dataset, not MOIL-specific)","Proxy (generic MWD reference dataset, not MOIL-specific)"
CASE-BEL-202203-0318,1,Beldongri,2022-03-01,2022,3,8068.89,5164.85,2904.04,35.99,0.91,0.772,0.911,High,UNIT-5452,excavator,preventive,adjustment,4.1,preventive,True,routine,27.32,0.0,1.79,28.000000000000004,Augen_gneiss,False,172.502,Equipment,"Equipment availability below target. excavator (UNIT-5452) recorded a routine 'preventive' issue affecting the adjustment; 4.1h downtime, scheduled preventive maintenance logged.",Preventive/predictive maintenance carried out on adjustment per maintenance schedule.,Reduced,In Progress,Re-inspect within 7 days; escalate if shortfall persists.,Proxy (2025 same-calendar-date pattern),"Proxy (global reference dataset, not MOIL-specific)","Proxy (generic MWD reference dataset, not MOIL-specific)"
CASE-CHI-202203-0319,1,Chikla,2022-03-01,2022,3,10085.63,7393.52,2692.12,26.69,0.852,0.931,0.924,High,UNIT-5227,excavator,engine,injector,4.9,predictive,False,routine,27.43,0.0,1.68,30.7,Blackshale,True,343.948,Geological/Drilling,"Drilling data flags a transition/variable rock zone (Rock type: Blackshale, rotation-pressure variance 343.9) — likely reduced penetration rate slowing blast-hole completion. [Hypothesis from generic MWD reference data — not yet validated against MOIL's own geology.]",Drill parameters and blast pattern adjusted for harder/variable rock; additional bit changes scheduled.,Reduced,In Progress,Re-inspect within 7 days; escalate if shortfall persists.,Proxy (2025 same-calendar-date pattern),"Proxy (global reference dataset, not MOIL-specific)","Proxy (generic MWD reference dataset, not MOIL-specific)"
CASE-DON-202203-0320,1,Dongri Buzurg,2022-03-01,2022,3,13050.27,8737.11,4313.16,33.05,0.844,0.921,0.861,High,UNIT-4343,pump,bearing,general_component,1.1,predictive,False,routine,27.32,0.0,1.79,28.299999999999997,Blackshale,False,172.62,Operational/Workforce,"Operational efficiency at 0.84, below target — indicates shift, workflow or crew utilisation gap.","Shift roster reallocated, additional crew deployed to bottleneck section, workflow reviewed with site supervisor.",Failed,Escalated,Escalate: Escalated to operations manager for full process and staffing audit.,Proxy (2025 same-calendar-date pattern),"Proxy (global reference dataset, not MOIL-specific)","Proxy (generic MWD reference dataset, not MOIL-specific)"
CASE-DON-202203-0321,2,Dongri Buzurg,2022-03-09,2022,3,13050.27,8737.11,4313.16,33.05,0.844,0.921,0.861,High,UNIT-4343,pump,bearing,general_component,1.1,predictive,False,routine,27.32,0.0,1.79,28.299999999999997,Blackshale,False,172.62,Operational/Workforce,"Issue persists after initial action ('Shift roster reallocated, additional crew deployed to bottleneck section, workflow reviewed with site supervisor.') did not fully resolve it.",Escalated to operations manager for full process and staffing audit.,Resolved,Successful,Continue routine monitoring; no further action required.,Proxy (2025 same-calendar-date pattern),"Proxy (global reference dataset, not MOIL-specific)","Proxy (generic MWD reference dataset, not MOIL-specific)"
CASE-GUM-202203-0322,1,Gumgaon,2022-03-01,2022,3,9399.53,6903.57,2495.96,26.55,0.899,0.87,0.939,High,UNIT-2768,drill_rig,compressor,general_component,2.5,predictive,False,routine,26.9,0.0,1.91,28.9,Granittic_gneiss,False,182.953,Operational/Workforce,"Operational efficiency at 0.90, below target — indicates shift, workflow or crew utilisation gap.","Shift roster reallocated, additional crew deployed to bottleneck section, workflow reviewed with site supervisor.",Resolved,Successful,Continue routine monitoring; no further action required.,Proxy (2025 same-calendar-date pattern),"Proxy (global reference dataset, not MOIL-specific)","Proxy (generic MWD reference dataset, not MOIL-specific)"
CASE-KAN-202203-0323,1,Kandri,2022-03-01,2022,3,9375.45,7007.97,2367.47,25.25,0.87,0.92,0.935,High,UNIT-4608,excavator,electrical,alternator,5.8,predictive,False,routine,27.32,0.0,1.79,31.0,Rhomb_porphyry,False,95.265,Operational/Workforce,"Operational efficiency at 0.87, below target — indicates shift, workflow or crew utilisation gap.","Action scheduled, not yet executed.",Not Yet Assessed,Pending,Action logged; awaiting execution and outcome review.,Proxy (2025 same-calendar-date pattern),"Proxy (global reference dataset, not MOIL-specific)","Proxy (generic MWD reference dataset, not MOIL-specific)"
CASE-MUN-202203-0324,1,Munsar,2022-03-01,2022,3,7760.43,6820.29,940.14,12.11,0.976,0.949,0.949,Medium,UNIT-4611,haul_truck,brakes,general_component,10.6,corrective,False,minor,27.32,0.0,1.79,31.0,Rhomb_porphyry,False,99.517,Weather,"Weather impact score 0.95 — rainfall 0.0mm, wind 1.8 m/s, soil moisture (0-100cm) 31.0%, affecting haul-road and pit access (2025 seasonal pattern used as proxy for this calendar date).",Operations continued with adjusted shift timing to work around weather window.,Reduced,In Progress,Re-inspect within 7 days; escalate if shortfall persists.,Proxy (2025 same-calendar-date pattern),"Proxy (global reference dataset, not MOIL-specific)","Proxy (generic MWD reference dataset, not MOIL-specific)"
CASE-SIT-202203-0325,1,Sitapatore,2022-03-01,2022,3,9398.97,8275.04,1123.92,11.96,0.973,0.927,0.976,Medium,UNIT-2627,drill_rig,drill_string,general_component,17.2,major_overhaul,True,major,27.32,0.0,1.79,30.4,Granittic_gneiss,False,263.547,Operational/Workforce,"Operational efficiency at 0.97, below target — indicates shift, workflow or crew utilisation gap.","Shift roster reallocated, additional crew deployed to bottleneck section, workflow reviewed with site supervisor.",Resolved,Successful,Continue routine monitoring; no further action required.,Proxy (2025 same-calendar-date pattern),"Proxy (global reference dataset, not MOIL-specific)","Proxy (generic MWD reference dataset, not MOIL-specific)"
CASE-TIR-202203-0326,1,Tirodi,2022-03-01,2022,3,13889.9,11325.42,2564.47,18.46,0.936,0.905,0.963,Medium,UNIT-6003,crusher,shaft,general_component,43.5,major_overhaul,True,major,27.43,0.0,1.68,28.000000000000004,Huk_limestone,False,90.596,Operational/Workforce,"Operational efficiency at 0.94, below target — indicates shift, workflow or crew utilisation gap.","Shift roster reallocated, additional crew deployed to bottleneck section, workflow reviewed with site supervisor.",Reduced,In Progress,Re-inspect within 7 days; escalate if shortfall persists.,Proxy (2025 same-calendar-date pattern),"Proxy (global reference dataset, not MOIL-specific)","Proxy (generic MWD reference dataset, not MOIL-specific)"
CASE-UKW-202203-0327,1,Ukwa,2022-03-01,2022,3,14252.24,11505.96,2746.28,19.27,0.976,0.968,0.854,Medium,UNIT-3374,haul_truck,preventive,inspection,2.9,preventive,True,routine,25.93,0.0,1.94,32.2,Granittic_gneiss,False,530.405,Weather,"Weather impact score 0.85 — rainfall 0.0mm, wind 1.9 m/s, soil moisture (0-100cm) 32.2%, affecting haul-road and pit access (2025 seasonal pattern used as proxy for this calendar date).",Operations continued with adjusted shift timing to work around weather window.,Failed,Escalated,Escalate: Contingency haulage plan activated (alternate route / stockpile buffer) until conditions normalise.,Proxy (2025 same-calendar-date pattern),"Proxy (global reference dataset, not MOIL-specific)","Proxy (generic MWD reference dataset, not MOIL-specific)"
CASE-UKW-202203-0328,2,Ukwa,2022-03-07,2022,3,14252.24,11505.96,2746.28,19.27,0.976,0.968,0.854,Medium,UNIT-3374,haul_truck,preventive,inspection,2.9,preventive,True,routine,25.93,0.0,1.94,32.2,Granittic_gneiss,False,530.405,Weather,Issue persists after initial action ('Operations continued with adjusted shift timing to work around weather window.') did not fully resolve it.,Contingency haulage plan activated (alternate route / stockpile buffer) until conditions normalise.,Resolved,Successful,Continue routine monitoring; no further action required.,Proxy (2025 same-calendar-date pattern),"Proxy (global reference dataset, not MOIL-specific)","Proxy (generic MWD reference dataset, not MOIL-specific)"
CASE-BAL-202204-0329,1,Balaghat,2022-04-01,2022,4,17649.84,11684.61,5965.22,33.8,0.826,0.834,0.962,High,UNIT-5781,excavator,preventive,adjustment,4.7,preventive,True,routine,30.71,0.0,1.71,27.3,Granittic_gneiss,False,126.696,Operational/Workforce,"Operational efficiency at 0.83, below target — indicates shift, workflow or crew utilisation gap.","Shift roster reallocated, additional crew deployed to bottleneck section, workflow reviewed with site supervisor.",Reduced,In Progress,Re-inspect within 7 days; escalate if shortfall persists.,Proxy (2025 same-calendar-date pattern),"Proxy (global reference dataset, not MOIL-specific)","Proxy (generic MWD reference dataset, not MOIL-specific)"
CASE-BEL-202204-0330,1,Beldongri,2022-04-01,2022,4,7224.46,6176.57,1047.89,14.5,0.964,0.958,0.926,Medium,UNIT-1458,loader,tires,front_left,8.9,predictive,False,minor,31.24,0.0,1.79,27.900000000000002,Rhomb_porphyry,False,52.616,Weather,"Weather impact score 0.93 — rainfall 0.0mm, wind 1.8 m/s, soil moisture (0-100cm) 27.9%, affecting haul-road and pit access (2025 seasonal pattern used as proxy for this calendar date).",Operations continued with adjusted shift timing to work around weather window.,Reduced,In Progress,Re-inspect within 7 days; escalate if shortfall persists.,Proxy (2025 same-calendar-date pattern),"Proxy (global reference dataset, not MOIL-specific)","Proxy (generic MWD reference dataset, not MOIL-specific)"
CASE-CHI-202204-0331,1,Chikla,2022-04-01,2022,4,9140.17,7066.33,2073.84,22.69,0.857,0.904,0.997,Medium,UNIT-9049,loader,transmission,gearbox,27.6,corrective,False,major,31.42,0.0,1.63,34.1,Rhomb_porphyry,True,182.514,Geological/Drilling,"Drilling data flags a transition/variable rock zone (Rock type: Rhomb_porphyry, rotation-pressure variance 182.5) — likely reduced penetration rate slowing blast-hole completion. [Hypothesis from generic MWD reference data — not yet validated against MOIL's own geology.]",Drill parameters and blast pattern adjusted for harder/variable rock; additional bit changes scheduled.,Resolved,Successful,Continue routine monitoring; no further action required.,Proxy (2025 same-calendar-date pattern),"Proxy (global reference dataset, not MOIL-specific)","Proxy (generic MWD reference dataset, not MOIL-specific)"
CASE-DON-202204-0332,1,Dongri Buzurg,2022-04-01,2022,4,12988.67,9359.63,3629.04,27.94,0.852,0.909,0.931,High,UNIT-6162,pump,preventive,inspection,5.9,preventive,True,minor,31.24,0.0,1.79,32.6,Amphibolittic_gneiss,True,341.492,Geological/Drilling,"Drilling data flags a transition/variable rock zone (Rock type: Amphibolittic_gneiss, rotation-pressure variance 341.5) — likely reduced penetration rate slowing blast-hole completion. [Hypothesis from generic MWD reference data — not yet validated against MOIL's own geology.]",Drill parameters and blast pattern adjusted for harder/variable rock; additional bit changes scheduled.,Resolved,Successful,Continue routine monitoring; no further action required.,Proxy (2025 same-calendar-date pattern),"Proxy (global reference dataset, not MOIL-specific)","Proxy (generic MWD reference dataset, not MOIL-specific)"
CASE-GUM-202204-0333,1,Gumgaon,2022-04-01,2022,4,8785.63,6318.45,2467.18,28.08,0.821,0.94,0.931,High,UNIT-9599,loader,engine,cooling_system,6.2,predictive,False,minor,31.26,1.77,1.8,28.299999999999997,Augen_gneiss,True,159.417,Operational/Workforce,"Operational efficiency at 0.82, below target — indicates shift, workflow or crew utilisation gap.","Shift roster reallocated, additional crew deployed to bottleneck section, workflow reviewed with site supervisor.",Resolved,Successful,Continue routine monitoring; no further action required.,Proxy (2025 same-calendar-date pattern),"Proxy (global reference dataset, not MOIL-specific)","Proxy (generic MWD reference dataset, not MOIL-specific)"
CASE-KAN-202204-0334,1,Kandri,2022-04-01,2022,4,8942.16,6980.05,1962.1,21.94,0.868,0.908,0.99,Medium,UNIT-6527,crusher,preventive,oil_change,7.2,preventive,True,routine,31.24,0.0,1.79,29.7,Amphibolittic_gneiss,False,582.796,Operational/Workforce,"Operational efficiency at 0.87, below target — indicates shift, workflow or crew utilisation gap.","Shift roster reallocated, additional crew deployed to bottleneck section, workflow reviewed with site supervisor.",Failed,Escalated,Escalate: Escalated to operations manager for full process and staffing audit.,Proxy (2025 same-calendar-date pattern),"Proxy (global reference dataset, not MOIL-specific)","Proxy (generic MWD reference dataset, not MOIL-specific)"
CASE-KAN-202204-0335,2,Kandri,2022-04-06,2022,4,8942.16,6980.05,1962.1,21.94,0.868,0.908,0.99,Medium,UNIT-6527,crusher,preventive,oil_change,7.2,preventive,True,routine,31.24,0.0,1.79,29.7,Amphibolittic_gneiss,False,582.796,Operational/Workforce,"Issue persists after initial action ('Shift roster reallocated, additional crew deployed to bottleneck section, workflow reviewed with site supervisor.') did not fully resolve it.",Escalated to operations manager for full process and staffing audit.,Resolved,Successful,Continue routine monitoring; no further action required.,Proxy (2025 same-calendar-date pattern),"Proxy (global reference dataset, not MOIL-specific)","Proxy (generic MWD reference dataset, not MOIL-specific)"
CASE-MUN-202204-0336,1,Munsar,2022-04-01,2022,4,7180.9,5623.37,1557.53,21.69,0.987,0.922,0.86,Medium,UNIT-9678,conveyor,belt,general_component,30.9,corrective,False,critical,31.24,0.0,1.79,29.7,Drammensgranite,False,123.931,Weather,"Weather impact score 0.86 — rainfall 0.0mm, wind 1.8 m/s, soil moisture (0-100cm) 29.7%, affecting haul-road and pit access (2025 seasonal pattern used as proxy for this calendar date).",Operations continued with adjusted shift timing to work around weather window.,Reduced,In Progress,Re-inspect within 7 days; escalate if shortfall persists.,Proxy (2025 same-calendar-date pattern),"Proxy (global reference dataset, not MOIL-specific)","Proxy (generic MWD reference dataset, not MOIL-specific)"
CASE-SIT-202204-0337,1,Sitapatore,2022-04-01,2022,4,8376.36,5669.32,2707.03,32.32,0.942,0.767,0.937,High,UNIT-4042,crusher,preventive,inspection,5.7,preventive,True,routine,31.24,0.0,1.79,29.4,Amphibolittic_gneiss,False,296.742,Equipment,"Equipment availability below target. crusher (UNIT-4042) recorded a routine 'preventive' issue affecting the inspection; 5.7h downtime, scheduled preventive maintenance logged.",Preventive/predictive maintenance carried out on inspection per maintenance schedule.,Resolved,Successful,Continue routine monitoring; no further action required.,Proxy (2025 same-calendar-date pattern),"Proxy (global reference dataset, not MOIL-specific)","Proxy (generic MWD reference dataset, not MOIL-specific)"
CASE-TIR-202204-0338,1,Tirodi,2022-04-01,2022,4,12622.12,8711.1,3911.02,30.99,0.924,0.761,0.981,High,UNIT-3793,conveyor,motor,general_component,4.5,corrective,False,minor,31.42,0.0,1.63,30.3,Drammensgranite,False,167.298,Equipment,"Equipment availability below target. conveyor (UNIT-3793) recorded a minor 'motor' issue affecting the general component; 4.5h downtime, unscheduled corrective maintenance logged.",Corrective maintenance performed on general component.,Resolved,Successful,Continue routine monitoring; no further action required.,Proxy (2025 same-calendar-date pattern),"Proxy (global reference dataset, not MOIL-specific)","Proxy (generic MWD reference dataset, not MOIL-specific)"
CASE-UKW-202204-0339,1,Ukwa,2022-04-01,2022,4,14545.58,11782.2,2763.38,19.0,0.994,0.937,0.87,Medium,UNIT-1980,pump,bearing,general_component,6.3,corrective,False,major,30.08,0.0,1.63,23.7,Elnes_lime_shale,False,124.316,Weather,"Weather impact score 0.87 — rainfall 0.0mm, wind 1.6 m/s, soil moisture (0-100cm) 23.7%, affecting haul-road and pit access (2025 seasonal pattern used as proxy for this calendar date).",Operations continued with adjusted shift timing to work around weather window.,Reduced,In Progress,Re-inspect within 7 days; escalate if shortfall persists.,Proxy (2025 same-calendar-date pattern),"Proxy (global reference dataset, not MOIL-specific)","Proxy (generic MWD reference dataset, not MOIL-specific)"
CASE-BAL-202205-0340,1,Balaghat,2022-05-01,2022,5,18630.27,10180.31,8449.96,45.36,0.805,0.756,0.899,High,UNIT-9922,loader,electrical,battery,20.5,major_overhaul,True,major,31.5,0.81,3.23,27.6,Amphibolittic_gneiss,False,254.381,Equipment,"Equipment availability below target. loader (UNIT-9922) recorded a major 'electrical' issue affecting the battery; 20.5h downtime, scheduled major_overhaul maintenance logged.",Preventive/predictive maintenance carried out on battery per maintenance schedule.,Resolved,Successful,Continue routine monitoring; no further action required.,Proxy (2025 same-calendar-date pattern),"Proxy (global reference dataset, not MOIL-specific)","Proxy (generic MWD reference dataset, not MOIL-specific)"
CASE-BEL-202205-0341,1,Beldongri,2022-05-01,2022,5,7936.51,6393.03,1543.48,19.45,0.954,0.921,0.917,Medium,UNIT-8770,drill_rig,electrical,alternator,4.5,corrective,False,minor,33.22,0.4,3.06,28.4,Granittic_gneiss,False,359.024,Weather,"Weather impact score 0.92 — rainfall 0.4mm, wind 3.1 m/s, soil moisture (0-100cm) 28.4%, affecting haul-road and pit access (2025 seasonal pattern used as proxy for this calendar date).",Operations continued with adjusted shift timing to work around weather window.,Reduced,In Progress,Re-inspect within 7 days; escalate if shortfall persists.,Proxy (2025 same-calendar-date pattern),"Proxy (global reference dataset, not MOIL-specific)","Proxy (generic MWD reference dataset, not MOIL-specific)"
CASE-CHI-202205-0342,1,Chikla,2022-05-01,2022,5,9984.44,7843.84,2140.6,21.44,0.999,0.857,0.918,Medium,UNIT-7241,haul_truck,brakes,general_component,1.9,predictive,False,routine,32.32,1.89,3.15,30.8,Amphibolittic_gneiss,False,430.676,Equipment,"Equipment availability below target. haul truck (UNIT-7241) recorded a routine 'brakes' issue affecting the general component; 1.9h downtime, unscheduled predictive maintenance logged.",Corrective maintenance performed on general component.,Reduced,In Progress,Re-inspect within 7 days; escalate if shortfall persists.,Proxy (2025 same-calendar-date pattern),"Proxy (global reference dataset, not MOIL-specific)","Proxy (generic MWD reference dataset, not MOIL-specific)"
CASE-DON-202205-0343,1,Dongri Buzurg,2022-05-01,2022,5,13162.75,10293.54,2869.2,21.8,0.959,0.923,0.883,Medium,UNIT-5174,excavator,preventive,inspection,4.8,preventive,True,routine,33.22,0.4,3.06,30.4,Granittic_gneiss,False,276.115,Weather,"Weather impact score 0.88 — rainfall 0.4mm, wind 3.1 m/s, soil moisture (0-100cm) 30.4%, affecting haul-road and pit access (2025 seasonal pattern used as proxy for this calendar date).",Operations continued with adjusted shift timing to work around weather window.,Reduced,In Progress,Re-inspect within 7 days; escalate if shortfall persists.,Proxy (2025 same-calendar-date pattern),"Proxy (global reference dataset, not MOIL-specific)","Proxy (generic MWD reference dataset, not MOIL-specific)"
CASE-GUM-202205-0344,1,Gumgaon,2022-05-01,2022,5,8701.39,6630.6,2070.8,23.8,0.936,0.914,0.891,Medium,UNIT-9845,loader,preventive,adjustment,12.6,preventive,True,minor,33.49,0.16,2.42,27.400000000000002,Drammensgranite,False,422.544,Weather,"Weather impact score 0.89 — rainfall 0.2mm, wind 2.4 m/s, soil moisture (0-100cm) 27.4%, affecting haul-road and pit access (2025 seasonal pattern used as proxy for this calendar date).",Operations continued with adjusted shift timing to work around weather window.,Resolved,Successful,Continue routine monitoring; no further action required.,Proxy (2025 same-calendar-date pattern),"Proxy (global reference dataset, not MOIL-specific)","Proxy (generic MWD reference dataset, not MOIL-specific)"
CASE-KAN-202205-0345,1,Kandri,2022-05-01,2022,5,9490.03,6703.43,2786.6,29.36,0.83,0.858,0.992,High,UNIT-3192,loader,preventive,adjustment,11.5,preventive,True,minor,33.22,0.4,3.06,27.700000000000003,Rhomb_porphyry,False,257.394,Operational/Workforce,"Operational efficiency at 0.83, below target — indicates shift, workflow or crew utilisation gap.","Shift roster reallocated, additional crew deployed to bottleneck section, workflow reviewed with site supervisor.",Reduced,In Progress,Re-inspect within 7 days; escalate if shortfall persists.,Proxy (2025 same-calendar-date pattern),"Proxy (global reference dataset, not MOIL-specific)","Proxy (generic MWD reference dataset, not MOIL-specific)"
CASE-KAN-202205-0346,2,Kandri,2022-05-08,2022,5,9490.03,6703.43,2786.6,29.36,0.83,0.858,0.992,High,UNIT-3192,loader,preventive,adjustment,11.5,preventive,True,minor,33.22,0.4,3.06,27.700000000000003,Rhomb_porphyry,False,257.394,Operational/Workforce,"Issue persists after initial action ('Shift roster reallocated, additional crew deployed to bottleneck section, workflow reviewed with site supervisor.') did not fully resolve it.",Escalated to operations manager for full process and staffing audit.,Resolved,Successful,Continue routine monitoring; no further action required.,Proxy (2025 same-calendar-date pattern),"Proxy (global reference dataset, not MOIL-specific)","Proxy (generic MWD reference dataset, not MOIL-specific)"
CASE-MUN-202205-0347,1,Munsar,2022-05-01,2022,5,7881.76,5534.61,2347.15,29.78,0.928,0.849,0.891,High,UNIT-7295,loader,tires,front_right,11.9,corrective,False,minor,33.22,0.4,3.06,27.700000000000003,Granittic_gneiss,False,234.023,Weather,"Weather impact score 0.89 — rainfall 0.4mm, wind 3.1 m/s, soil moisture (0-100cm) 27.7%, affecting haul-road and pit access (2025 seasonal pattern used as proxy for this calendar date).",Operations continued with adjusted shift timing to work around weather window.,Failed,Escalated,Escalate: Contingency haulage plan activated (alternate route / stockpile buffer) until conditions normalise.,Proxy (2025 same-calendar-date pattern),"Proxy (global reference dataset, not MOIL-specific)","Proxy (generic MWD reference dataset, not MOIL-specific)"
CASE-MUN-202205-0348,2,Munsar,2022-05-10,2022,5,7881.76,5534.61,2347.15,29.78,0.928,0.849,0.891,High,UNIT-7295,loader,tires,front_right,11.9,corrective,False,minor,33.22,0.4,3.06,27.700000000000003,Granittic_gneiss,False,234.023,Weather,Issue persists after initial action ('Operations continued with adjusted shift timing to work around weather window.') did not fully resolve it.,Contingency haulage plan activated (alternate route / stockpile buffer) until conditions normalise.,Resolved,Successful,Continue routine monitoring; no further action required.,Proxy (2025 same-calendar-date pattern),"Proxy (global reference dataset, not MOIL-specific)","Proxy (generic MWD reference dataset, not MOIL-specific)"
CASE-SIT-202205-0349,1,Sitapatore,2022-05-01,2022,5,9520.1,7229.13,2290.97,24.06,0.882,0.974,0.884,Medium,UNIT-1834,haul_truck,tires,rear_right,23.5,major_overhaul,True,major,33.22,0.4,3.06,26.200000000000003,Hagaberg_shale,False,138.792,Operational/Workforce,"Operational efficiency at 0.88, below target — indicates shift, workflow or crew utilisation gap.","Shift roster reallocated, additional crew deployed to bottleneck section, workflow reviewed with site supervisor.",Resolved,Successful,Continue routine monitoring; no further action required.,Proxy (2025 same-calendar-date pattern),"Proxy (global reference dataset, not MOIL-specific)","Proxy (generic MWD reference dataset, not MOIL-specific)"
CASE-TIR-202205-0350,1,Tirodi,2022-05-01,2022,5,13230.15,8815.27,4414.88,33.37,0.806,0.913,0.905,High,UNIT-5779,conveyor,belt,general_component,5.2,predictive,False,minor,32.32,1.89,3.15,27.900000000000002,Drammensgranite,False,114.674,Operational/Workforce,"Operational efficiency at 0.81, below target — indicates shift, workflow or crew utilisation gap.","Shift roster reallocated, additional crew deployed to bottleneck section, workflow reviewed with site supervisor.",Failed,Escalated,Escalate: Escalated to operations manager for full process and staffing audit.,Proxy (2025 same-calendar-date pattern),"Proxy (global reference dataset, not MOIL-specific)","Proxy (generic MWD reference dataset, not MOIL-specific)"
CASE-TIR-202205-0351,2,Tirodi,2022-05-05,2022,5,13230.15,8815.27,4414.88,33.37,0.806,0.913,0.905,High,UNIT-5779,conveyor,belt,general_component,5.2,predictive,False,minor,32.32,1.89,3.15,27.900000000000002,Drammensgranite,False,114.674,Operational/Workforce,"Issue persists after initial action ('Shift roster reallocated, additional crew deployed to bottleneck section, workflow reviewed with site supervisor.') did not fully resolve it.",Escalated to operations manager for full process and staffing audit.,Resolved,Successful,Continue routine monitoring; no further action required.,Proxy (2025 same-calendar-date pattern),"Proxy (global reference dataset, not MOIL-specific)","Proxy (generic MWD reference dataset, not MOIL-specific)"
CASE-UKW-202205-0352,1,Ukwa,2022-05-01,2022,5,15293.65,11915.25,3378.4,22.09,0.895,0.992,0.878,Medium,UNIT-4135,haul_truck,engine,oil_pump,79.2,corrective,False,critical,29.88,3.22,2.62,30.3,Blackshale,False,66.624,Weather,"Weather impact score 0.88 — rainfall 3.2mm, wind 2.6 m/s, soil moisture (0-100cm) 30.3%, affecting haul-road and pit access (2025 seasonal pattern used as proxy for this calendar date).",Operations continued with adjusted shift timing to work around weather window.,Failed,Escalated,Escalate: Contingency haulage plan activated (alternate route / stockpile buffer) until conditions normalise.,Proxy (2025 same-calendar-date pattern),"Proxy (global reference dataset, not MOIL-specific)","Proxy (generic MWD reference dataset, not MOIL-specific)"
CASE-UKW-202205-0353,2,Ukwa,2022-05-09,2022,5,15293.65,11915.25,3378.4,22.09,0.895,0.992,0.878,Medium,UNIT-4135,haul_truck,engine,oil_pump,79.2,corrective,False,critical,29.88,3.22,2.62,30.3,Blackshale,False,66.624,Weather,Issue persists after initial action ('Operations continued with adjusted shift timing to work around weather window.') did not fully resolve it.,Contingency haulage plan activated (alternate route / stockpile buffer) until conditions normalise.,Resolved,Successful,Continue routine monitoring; no further action required.,Proxy (2025 same-calendar-date pattern),"Proxy (global reference dataset, not MOIL-specific)","Proxy (generic MWD reference dataset, not MOIL-specific)"
CASE-BAL-202206-0354,1,Balaghat,2022-06-01,2022,6,16615.32,12801.27,3814.05,22.96,0.955,0.943,0.855,Medium,UNIT-3623,grader,preventive,adjustment,3.3,preventive,True,routine,31.56,0.0,4.08,30.9,Granittic_gneiss,True,136.571,Geological/Drilling,"Drilling data flags a transition/variable rock zone (Rock type: Granittic_gneiss, rotation-pressure variance 136.6) — likely reduced penetration rate slowing blast-hole completion. [Hypothesis from generic MWD reference data — not yet validated against MOIL's own geology.]",Drill parameters and blast pattern adjusted for harder/variable rock; additional bit changes scheduled.,Failed,Escalated,Escalate: Escalated to geology/blast engineering team for re-survey of the zone.,Proxy (2025 same-calendar-date pattern),"Proxy (global reference dataset, not MOIL-specific)","Proxy (generic MWD reference dataset, not MOIL-specific)"
CASE-BAL-202206-0355,2,Balaghat,2022-06-08,2022,6,16615.32,12801.27,3814.05,22.96,0.955,0.943,0.855,Medium,UNIT-3623,grader,preventive,adjustment,3.3,preventive,True,routine,31.56,0.0,4.08,30.9,Granittic_gneiss,True,136.571,Geological/Drilling,Issue persists after initial action ('Drill parameters and blast pattern adjusted for harder/variable rock; additional bit changes scheduled.') did not fully resolve it.,Escalated to geology/blast engineering team for re-survey of the zone.,Resolved,Successful,Continue routine monitoring; no further action required.,Proxy (2025 same-calendar-date pattern),"Proxy (global reference dataset, not MOIL-specific)","Proxy (generic MWD reference dataset, not MOIL-specific)"
CASE-BEL-202206-0356,1,Beldongri,2022-06-01,2022,6,7099.26,3630.97,3468.29,48.85,0.826,0.758,0.816,High,UNIT-2767,haul_truck,preventive,filter_replace,4.0,preventive,True,routine,31.72,0.0,4.71,37.2,Granittic_gneiss,False,154.746,Equipment,"Equipment availability below target. haul truck (UNIT-2767) recorded a routine 'preventive' issue affecting the filter replace; 4.0h downtime, scheduled preventive maintenance logged.","Action scheduled, not yet executed.",Not Yet Assessed,Pending,Action logged; awaiting execution and outcome review.,Proxy (2025 same-calendar-date pattern),"Proxy (global reference dataset, not MOIL-specific)","Proxy (generic MWD reference dataset, not MOIL-specific)"
CASE-CHI-202206-0357,1,Chikla,2022-06-01,2022,6,9281.14,5413.98,3867.16,41.67,0.896,0.779,0.835,High,UNIT-6206,crusher,shaft,general_component,20.4,corrective,False,minor,32.0,0.0,4.1,38.9,Hagaberg_shale,False,112.659,Equipment,"Equipment availability below target. crusher (UNIT-6206) recorded a minor 'shaft' issue affecting the general component; 20.4h downtime, unscheduled corrective maintenance logged.",Corrective maintenance performed on general component.,Reduced,In Progress,Re-inspect within 7 days; escalate if shortfall persists.,Proxy (2025 same-calendar-date pattern),"Proxy (global reference dataset, not MOIL-specific)","Proxy (generic MWD reference dataset, not MOIL-specific)"
CASE-DON-202206-0358,1,Dongri Buzurg,2022-06-01,2022,6,11934.7,7064.05,4870.65,40.81,0.84,0.873,0.807,High,UNIT-7344,haul_truck,preventive,oil_change,9.3,preventive,True,minor,31.72,0.0,4.71,38.2,Granittic_gneiss,False,310.678,Weather,"Weather impact score 0.81 — rainfall 0.0mm, wind 4.7 m/s, soil moisture (0-100cm) 38.2%, affecting haul-road and pit access (2025 seasonal pattern used as proxy for this calendar date).",Operations continued with adjusted shift timing to work around weather window.,Reduced,In Progress,Re-inspect within 7 days; escalate if shortfall persists.,Proxy (2025 same-calendar-date pattern),"Proxy (global reference dataset, not MOIL-specific)","Proxy (generic MWD reference dataset, not MOIL-specific)"
CASE-GUM-202206-0359,1,Gumgaon,2022-06-01,2022,6,7827.22,4059.55,3767.67,48.14,0.96,0.828,0.653,High,UNIT-9321,drill_rig,electrical,sensors,11.9,corrective,False,major,30.69,0.0,4.96,32.1,Blackshale,False,56.984,Weather,"Weather impact score 0.65 — rainfall 0.0mm, wind 5.0 m/s, soil moisture (0-100cm) 32.1%, affecting haul-road and pit access (2025 seasonal pattern used as proxy for this calendar date).",Operations continued with adjusted shift timing to work around weather window.,Reduced,In Progress,Re-inspect within 7 days; escalate if shortfall persists.,Proxy (2025 same-calendar-date pattern),"Proxy (global reference dataset, not MOIL-specific)","Proxy (generic MWD reference dataset, not MOIL-specific)"
CASE-GUM-202206-0360,2,Gumgaon,2022-06-10,2022,6,7827.22,4059.55,3767.67,48.14,0.96,0.828,0.653,High,UNIT-9321,drill_rig,electrical,sensors,11.9,corrective,False,major,30.69,0.0,4.96,32.1,Blackshale,False,56.984,Weather,Issue persists after initial action ('Operations continued with adjusted shift timing to work around weather window.') did not fully resolve it.,Contingency haulage plan activated (alternate route / stockpile buffer) until conditions normalise.,Failed,Escalated,Escalate: Contingency haulage plan activated (alternate route / stockpile buffer) until conditions normalise.,Proxy (2025 same-calendar-date pattern),"Proxy (global reference dataset, not MOIL-specific)","Proxy (generic MWD reference dataset, not MOIL-specific)"
CASE-KAN-202206-0361,1,Kandri,2022-06-01,2022,6,7669.74,4271.8,3397.94,44.3,0.878,0.87,0.729,High,UNIT-4319,conveyor,pulley,general_component,4.2,corrective,False,minor,31.72,0.0,4.71,34.300000000000004,Granittic_gneiss,False,223.378,Weather,"Weather impact score 0.73 — rainfall 0.0mm, wind 4.7 m/s, soil moisture (0-100cm) 34.3%, affecting haul-road and pit access (2025 seasonal pattern used as proxy for this calendar date).",Operations continued with adjusted shift timing to work around weather window.,Reduced,In Progress,Re-inspect within 7 days; escalate if shortfall persists.,Proxy (2025 same-calendar-date pattern),"Proxy (global reference dataset, not MOIL-specific)","Proxy (generic MWD reference dataset, not MOIL-specific)"
CASE-MUN-202206-0362,1,Munsar,2022-06-01,2022,6,7147.47,5119.08,2028.38,28.38,0.972,0.945,0.78,High,UNIT-8039,grader,transmission,gearbox,70.5,corrective,False,critical,31.72,0.0,4.71,34.300000000000004,Drammensgranite,False,392.529,Weather,"Weather impact score 0.78 — rainfall 0.0mm, wind 4.7 m/s, soil moisture (0-100cm) 34.3%, affecting haul-road and pit access (2025 seasonal pattern used as proxy for this calendar date).",Operations continued with adjusted shift timing to work around weather window.,Reduced,In Progress,Re-inspect within 7 days; escalate if shortfall persists.,Proxy (2025 same-calendar-date pattern),"Proxy (global reference dataset, not MOIL-specific)","Proxy (generic MWD reference dataset, not MOIL-specific)"
CASE-MUN-202206-0363,2,Munsar,2022-06-09,2022,6,7147.47,5119.08,2028.38,28.38,0.972,0.945,0.78,High,UNIT-8039,grader,transmission,gearbox,70.5,corrective,False,critical,31.72,0.0,4.71,34.300000000000004,Drammensgranite,False,392.529,Weather,Issue persists after initial action ('Operations continued with adjusted shift timing to work around weather window.') did not fully resolve it.,Contingency haulage plan activated (alternate route / stockpile buffer) until conditions normalise.,Resolved,Successful,Continue routine monitoring; no further action required.,Proxy (2025 same-calendar-date pattern),"Proxy (global reference dataset, not MOIL-specific)","Proxy (generic MWD reference dataset, not MOIL-specific)"
CASE-SIT-202206-0364,1,Sitapatore,2022-06-01,2022,6,7695.77,5106.34,2589.42,33.65,0.848,0.997,0.785,High,UNIT-6869,crusher,motor,general_component,41.4,major_overhaul,True,major,31.72,0.0,4.71,28.199999999999996,Hagaberg_shale,False,322.649,Weather,"Weather impact score 0.79 — rainfall 0.0mm, wind 4.7 m/s, soil moisture (0-100cm) 28.2%, affecting haul-road and pit access (2025 seasonal pattern used as proxy for this calendar date).",Operations continued with adjusted shift timing to work around weather window.,Reduced,In Progress,Re-inspect within 7 days; escalate if shortfall persists.,Proxy (2025 same-calendar-date pattern),"Proxy (global reference dataset, not MOIL-specific)","Proxy (generic MWD reference dataset, not MOIL-specific)"
CASE-TIR-202206-0365,1,Tirodi,2022-06-01,2022,6,12160.47,7512.67,4647.8,38.22,0.94,0.89,0.738,High,UNIT-6012,conveyor,gearbox,general_component,7.4,major_overhaul,True,major,32.0,0.0,4.1,32.7,Granittic_gneiss,False,150.07,Weather,"Weather impact score 0.74 — rainfall 0.0mm, wind 4.1 m/s, soil moisture (0-100cm) 32.7%, affecting haul-road and pit access (2025 seasonal pattern used as proxy for this calendar date).",Operations continued with adjusted shift timing to work around weather window.,Failed,Escalated,Escalate: Contingency haulage plan activated (alternate route / stockpile buffer) until conditions normalise.,Proxy (2025 same-calendar-date pattern),"Proxy (global reference dataset, not MOIL-specific)","Proxy (generic MWD reference dataset, not MOIL-specific)"
CASE-TIR-202206-0366,2,Tirodi,2022-06-06,2022,6,12160.47,7512.67,4647.8,38.22,0.94,0.89,0.738,High,UNIT-6012,conveyor,gearbox,general_component,7.4,major_overhaul,True,major,32.0,0.0,4.1,32.7,Granittic_gneiss,False,150.07,Weather,Issue persists after initial action ('Operations continued with adjusted shift timing to work around weather window.') did not fully resolve it.,Contingency haulage plan activated (alternate route / stockpile buffer) until conditions normalise.,Resolved,Successful,Continue routine monitoring; no further action required.,Proxy (2025 same-calendar-date pattern),"Proxy (global reference dataset, not MOIL-specific)","Proxy (generic MWD reference dataset, not MOIL-specific)"
CASE-UKW-202206-0367,1,Ukwa,2022-06-01,2022,6,13043.06,5995.63,7047.43,54.03,0.818,0.838,0.671,High,UNIT-4598,crusher,preventive,filter_replace,32.5,preventive,True,minor,30.45,0.0,3.49,36.9,Rhomb_porphyry,False,312.386,Weather,"Weather impact score 0.67 — rainfall 0.0mm, wind 3.5 m/s, soil moisture (0-100cm) 36.9%, affecting haul-road and pit access (2025 seasonal pattern used as proxy for this calendar date).",Operations continued with adjusted shift timing to work around weather window.,Failed,Escalated,Escalate: Contingency haulage plan activated (alternate route / stockpile buffer) until conditions normalise.,Proxy (2025 same-calendar-date pattern),"Proxy (global reference dataset, not MOIL-specific)","Proxy (generic MWD reference dataset, not MOIL-specific)"
CASE-UKW-202206-0368,2,Ukwa,2022-06-06,2022,6,13043.06,5995.63,7047.43,54.03,0.818,0.838,0.671,High,UNIT-4598,crusher,preventive,filter_replace,32.5,preventive,True,minor,30.45,0.0,3.49,36.9,Rhomb_porphyry,False,312.386,Weather,Issue persists after initial action ('Operations continued with adjusted shift timing to work around weather window.') did not fully resolve it.,Contingency haulage plan activated (alternate route / stockpile buffer) until conditions normalise.,Resolved,Successful,Continue routine monitoring; no further action required.,Proxy (2025 same-calendar-date pattern),"Proxy (global reference dataset, not MOIL-specific)","Proxy (generic MWD reference dataset, not MOIL-specific)"
CASE-BAL-202207-0369,1,Balaghat,2022-07-01,2022,7,13744.85,8776.31,4968.54,36.15,0.827,0.892,0.866,High,UNIT-7393,haul_truck,preventive,filter_replace,7.7,preventive,True,minor,25.76,44.26,2.9,43.2,Huk_limestone,False,56.974,Operational/Workforce,"Operational efficiency at 0.83, below target — indicates shift, workflow or crew utilisation gap.","Shift roster reallocated, additional crew deployed to bottleneck section, workflow reviewed with site supervisor.",Resolved,Successful,Continue routine monitoring; no further action required.,Proxy (2025 same-calendar-date pattern),"Proxy (global reference dataset, not MOIL-specific)","Proxy (generic MWD reference dataset, not MOIL-specific)"
CASE-BEL-202207-0370,1,Beldongri,2022-07-01,2022,7,5893.81,3205.58,2688.23,45.61,0.833,0.776,0.841,High,UNIT-6811,conveyor,belt,general_component,10.4,corrective,False,major,26.25,30.35,3.77,44.6,Amphibolittic_gneiss,False,734.337,Equipment,"Equipment availability below target. conveyor (UNIT-6811) recorded a major 'belt' issue affecting the general component; 10.4h downtime, unscheduled corrective maintenance logged.",Emergency corrective maintenance dispatched; conveyor isolated from production circuit until repaired.,Resolved,Successful,Continue routine monitoring; no further action required.,Proxy (2025 same-calendar-date pattern),"Proxy (global reference dataset, not MOIL-specific)","Proxy (generic MWD reference dataset, not MOIL-specific)"
CASE-CHI-202207-0371,1,Chikla,2022-07-01,2022,7,7446.08,4719.52,2726.55,36.62,0.987,0.763,0.841,High,UNIT-8659,excavator,undercarriage,general_component,16.3,corrective,False,minor,26.27,41.54,3.23,47.599999999999994,Granittic_gneiss,False,909.847,Equipment,"Equipment availability below target. excavator (UNIT-8659) recorded a minor 'undercarriage' issue affecting the general component; 16.3h downtime, unscheduled corrective maintenance logged.",Corrective maintenance performed on general component.,Failed,Escalated,Escalate: Component replacement / major overhaul scheduled; equipment flagged for engineering review.,Proxy (2025 same-calendar-date pattern),"Proxy (global reference dataset, not MOIL-specific)","Proxy (generic MWD reference dataset, not MOIL-specific)"
CASE-CHI-202207-0372,2,Chikla,2022-07-08,2022,7,7446.08,4719.52,2726.55,36.62,0.987,0.763,0.841,High,UNIT-8659,excavator,undercarriage,general_component,16.3,corrective,False,minor,26.27,41.54,3.23,47.599999999999994,Granittic_gneiss,False,909.847,Equipment,Issue persists after initial action ('Corrective maintenance performed on general component.') did not fully resolve it.,Component replacement / major overhaul scheduled; equipment flagged for engineering review.,Failed,Escalated,Escalate: Component replacement / major overhaul scheduled; equipment flagged for engineering review.,Proxy (2025 same-calendar-date pattern),"Proxy (global reference dataset, not MOIL-specific)","Proxy (generic MWD reference dataset, not MOIL-specific)"
CASE-DON-202207-0373,1,Dongri Buzurg,2022-07-01,2022,7,10802.4,8421.5,2380.9,22.04,0.943,0.95,0.87,Medium,UNIT-8657,haul_truck,engine,injector,6.7,corrective,False,minor,26.25,30.35,3.77,48.199999999999996,Amphibolittic_gneiss,False,187.111,Weather,"Weather impact score 0.87 — rainfall 30.4mm, wind 3.8 m/s, soil moisture (0-100cm) 48.2%, affecting haul-road and pit access (2025 seasonal pattern used as proxy for this calendar date).",Haulage rescheduled around peak rainfall hours; drainage and access-road reinforcement carried out.,Reduced,In Progress,Re-inspect within 7 days; escalate if shortfall persists.,Proxy (2025 same-calendar-date pattern),"Proxy (global reference dataset, not MOIL-specific)","Proxy (generic MWD reference dataset, not MOIL-specific)"
CASE-GUM-202207-0374,1,Gumgaon,2022-07-01,2022,7,6652.43,4459.73,2192.7,32.96,0.979,0.887,0.772,High,UNIT-6162,pump,preventive,inspection,5.9,preventive,True,minor,25.64,16.47,4.46,40.6,Granittic_gneiss,False,170.009,Weather,"Weather impact score 0.77 — rainfall 16.5mm, wind 4.5 m/s, soil moisture (0-100cm) 40.6%, affecting haul-road and pit access (2025 seasonal pattern used as proxy for this calendar date).",Haulage rescheduled around peak rainfall hours; drainage and access-road reinforcement carried out.,Failed,Escalated,Escalate: Contingency haulage plan activated (alternate route / stockpile buffer) until conditions normalise.,Proxy (2025 same-calendar-date pattern),"Proxy (global reference dataset, not MOIL-specific)","Proxy (generic MWD reference dataset, not MOIL-specific)"
CASE-GUM-202207-0375,2,Gumgaon,2022-07-08,2022,7,6652.43,4459.73,2192.7,32.96,0.979,0.887,0.772,High,UNIT-6162,pump,preventive,inspection,5.9,preventive,True,minor,25.64,16.47,4.46,40.6,Granittic_gneiss,False,170.009,Weather,Issue persists after initial action ('Haulage rescheduled around peak rainfall hours; drainage and access-road reinforcement carried out.') did not fully resolve it.,Contingency haulage plan activated (alternate route / stockpile buffer) until conditions normalise.,Resolved,Successful,Continue routine monitoring; no further action required.,Proxy (2025 same-calendar-date pattern),"Proxy (global reference dataset, not MOIL-specific)","Proxy (generic MWD reference dataset, not MOIL-specific)"
CASE-KAN-202207-0376,1,Kandri,2022-07-01,2022,7,7043.7,3963.55,3080.15,43.73,0.905,0.933,0.666,High,UNIT-1390,haul_truck,engine,injector,11.7,predictive,False,minor,26.25,30.35,3.77,40.300000000000004,Elnes_lime_shale,False,128.918,Weather,"Weather impact score 0.67 — rainfall 30.4mm, wind 3.8 m/s, soil moisture (0-100cm) 40.3%, affecting haul-road and pit access (2025 seasonal pattern used as proxy for this calendar date).",Haulage rescheduled around peak rainfall hours; drainage and access-road reinforcement carried out.,Reduced,In Progress,Re-inspect within 7 days; escalate if shortfall persists.,Proxy (2025 same-calendar-date pattern),"Proxy (global reference dataset, not MOIL-specific)","Proxy (generic MWD reference dataset, not MOIL-specific)"
CASE-MUN-202207-0377,1,Munsar,2022-07-01,2022,7,5922.34,4356.33,1566.01,26.44,0.832,0.968,0.913,High,UNIT-6083,drill_rig,preventive,oil_change,1.6,preventive,True,routine,26.25,30.35,3.77,40.300000000000004,Amphibolittic_gneiss,False,161.052,Operational/Workforce,"Operational efficiency at 0.83, below target — indicates shift, workflow or crew utilisation gap.","Shift roster reallocated, additional crew deployed to bottleneck section, workflow reviewed with site supervisor.",Failed,Escalated,Escalate: Escalated to operations manager for full process and staffing audit.,Proxy (2025 same-calendar-date pattern),"Proxy (global reference dataset, not MOIL-specific)","Proxy (generic MWD reference dataset, not MOIL-specific)"
CASE-MUN-202207-0378,2,Munsar,2022-07-04,2022,7,5922.34,4356.33,1566.01,26.44,0.832,0.968,0.913,High,UNIT-6083,drill_rig,preventive,oil_change,1.6,preventive,True,routine,26.25,30.35,3.77,40.300000000000004,Amphibolittic_gneiss,False,161.052,Operational/Workforce,"Issue persists after initial action ('Shift roster reallocated, additional crew deployed to bottleneck section, workflow reviewed with site supervisor.') did not fully resolve it.",Escalated to operations manager for full process and staffing audit.,Resolved,Successful,Continue routine monitoring; no further action required.,Proxy (2025 same-calendar-date pattern),"Proxy (global reference dataset, not MOIL-specific)","Proxy (generic MWD reference dataset, not MOIL-specific)"
CASE-SIT-202207-0379,1,Sitapatore,2022-07-01,2022,7,6830.74,4246.57,2584.17,37.83,0.836,0.947,0.785,High,UNIT-6567,grader,tires,rear_left,6.2,corrective,False,minor,26.25,30.35,3.77,41.3,Amphibolittic_gneiss,False,138.781,Weather,"Weather impact score 0.79 — rainfall 30.4mm, wind 3.8 m/s, soil moisture (0-100cm) 41.3%, affecting haul-road and pit access (2025 seasonal pattern used as proxy for this calendar date).",Haulage rescheduled around peak rainfall hours; drainage and access-road reinforcement carried out.,Reduced,In Progress,Re-inspect within 7 days; escalate if shortfall persists.,Proxy (2025 same-calendar-date pattern),"Proxy (global reference dataset, not MOIL-specific)","Proxy (generic MWD reference dataset, not MOIL-specific)"
CASE-TIR-202207-0380,1,Tirodi,2022-07-01,2022,7,10473.67,7286.1,3187.57,30.43,0.944,0.807,0.913,High,UNIT-3417,haul_truck,preventive,adjustment,2.7,preventive,True,routine,26.27,41.54,3.23,42.8,Drammensgranite,False,153.894,Equipment,"Equipment availability below target. haul truck (UNIT-3417) recorded a routine 'preventive' issue affecting the adjustment; 2.7h downtime, scheduled preventive maintenance logged.",Preventive/predictive maintenance carried out on adjustment per maintenance schedule.,Resolved,Successful,Continue routine monitoring; no further action required.,Proxy (2025 same-calendar-date pattern),"Proxy (global reference dataset, not MOIL-specific)","Proxy (generic MWD reference dataset, not MOIL-specific)"
CASE-UKW-202207-0381,1,Ukwa,2022-07-01,2022,7,11453.63,5826.37,5627.26,49.13,0.84,0.92,0.658,High,UNIT-2596,excavator,preventive,inspection,9.1,preventive,True,minor,25.31,33.41,3.01,42.4,Granittic_gneiss,False,89.793,Weather,"Weather impact score 0.66 — rainfall 33.4mm, wind 3.0 m/s, soil moisture (0-100cm) 42.4%, affecting haul-road and pit access (2025 seasonal pattern used as proxy for this calendar date).",Haulage rescheduled around peak rainfall hours; drainage and access-road reinforcement carried out.,Failed,Escalated,Escalate: Contingency haulage plan activated (alternate route / stockpile buffer) until conditions normalise.,Proxy (2025 same-calendar-date pattern),"Proxy (global reference dataset, not MOIL-specific)","Proxy (generic MWD reference dataset, not MOIL-specific)"
CASE-UKW-202207-0382,2,Ukwa,2022-07-06,2022,7,11453.63,5826.37,5627.26,49.13,0.84,0.92,0.658,High,UNIT-2596,excavator,preventive,inspection,9.1,preventive,True,minor,25.31,33.41,3.01,42.4,Granittic_gneiss,False,89.793,Weather,Issue persists after initial action ('Haulage rescheduled around peak rainfall hours; drainage and access-road reinforcement carried out.') did not fully resolve it.,Contingency haulage plan activated (alternate route / stockpile buffer) until conditions normalise.,Reduced,In Progress,Re-inspect within 7 days; escalate if shortfall persists.,Proxy (2025 same-calendar-date pattern),"Proxy (global reference dataset, not MOIL-specific)","Proxy (generic MWD reference dataset, not MOIL-specific)"
CASE-BAL-202208-0383,1,Balaghat,2022-08-01,2022,8,13551.47,9948.41,3603.06,26.59,0.893,0.967,0.851,High,UNIT-4625,drill_rig,preventive,adjustment,4.1,preventive,True,minor,25.78,4.18,2.08,48.9,Elnes_lime_shale,False,140.338,Weather,"Weather impact score 0.85 — rainfall 4.2mm, wind 2.1 m/s, soil moisture (0-100cm) 48.9%, affecting haul-road and pit access (2025 seasonal pattern used as proxy for this calendar date).",Haulage rescheduled around peak rainfall hours; drainage and access-road reinforcement carried out.,Reduced,In Progress,Re-inspect within 7 days; escalate if shortfall persists.,Proxy (2025 same-calendar-date pattern),"Proxy (global reference dataset, not MOIL-specific)","Proxy (generic MWD reference dataset, not MOIL-specific)"
CASE-BEL-202208-0384,1,Beldongri,2022-08-01,2022,8,6030.73,2919.28,3111.45,51.59,0.869,0.843,0.661,High,UNIT-1355,conveyor,preventive,filter_replace,1.2,preventive,True,routine,26.48,1.28,2.31,49.0,Rhomb_porphyry,False,127.423,Weather,"Weather impact score 0.66 — rainfall 1.3mm, wind 2.3 m/s, soil moisture (0-100cm) 49.0%, affecting haul-road and pit access (2025 seasonal pattern used as proxy for this calendar date).",Haulage rescheduled around peak rainfall hours; drainage and access-road reinforcement carried out.,Resolved,Successful,Continue routine monitoring; no further action required.,Proxy (2025 same-calendar-date pattern),"Proxy (global reference dataset, not MOIL-specific)","Proxy (generic MWD reference dataset, not MOIL-specific)"
CASE-CHI-202208-0385,1,Chikla,2022-08-01,2022,8,8098.73,4981.77,3116.95,38.49,0.916,0.86,0.781,High,UNIT-2733,haul_truck,preventive,adjustment,5.0,preventive,True,minor,26.35,3.46,2.0,46.7,Granittic_gneiss,False,111.292,Weather,"Weather impact score 0.78 — rainfall 3.5mm, wind 2.0 m/s, soil moisture (0-100cm) 46.7%, affecting haul-road and pit access (2025 seasonal pattern used as proxy for this calendar date).",Haulage rescheduled around peak rainfall hours; drainage and access-road reinforcement carried out.,Resolved,Successful,Continue routine monitoring; no further action required.,Proxy (2025 same-calendar-date pattern),"Proxy (global reference dataset, not MOIL-specific)","Proxy (generic MWD reference dataset, not MOIL-specific)"
CASE-DON-202208-0386,1,Dongri Buzurg,2022-08-01,2022,8,10804.96,7337.46,3467.5,32.09,0.98,0.855,0.81,High,UNIT-6943,haul_truck,engine,turbo,22.0,corrective,False,major,26.48,1.28,2.31,46.300000000000004,Granittic_gneiss,False,124.188,Weather,"Weather impact score 0.81 — rainfall 1.3mm, wind 2.3 m/s, soil moisture (0-100cm) 46.3%, affecting haul-road and pit access (2025 seasonal pattern used as proxy for this calendar date).",Haulage rescheduled around peak rainfall hours; drainage and access-road reinforcement carried out.,Resolved,Successful,Continue routine monitoring; no further action required.,Proxy (2025 same-calendar-date pattern),"Proxy (global reference dataset, not MOIL-specific)","Proxy (generic MWD reference dataset, not MOIL-specific)"
CASE-GUM-202208-0387,1,Gumgaon,2022-08-01,2022,8,7230.35,4676.37,2553.97,35.32,0.842,0.906,0.848,High,UNIT-6697,haul_truck,transmission,driveshaft,2.1,predictive,False,routine,26.05,0.29,2.67,49.1,Blackshale,True,110.869,Geological/Drilling,"Drilling data flags a transition/variable rock zone (Rock type: Blackshale, rotation-pressure variance 110.9) — likely reduced penetration rate slowing blast-hole completion. [Hypothesis from generic MWD reference data — not yet validated against MOIL's own geology.]",Drill parameters and blast pattern adjusted for harder/variable rock; additional bit changes scheduled.,Reduced,In Progress,Re-inspect within 7 days; escalate if shortfall persists.,Proxy (2025 same-calendar-date pattern),"Proxy (global reference dataset, not MOIL-specific)","Proxy (generic MWD reference dataset, not MOIL-specific)"
CASE-GUM-202208-0388,2,Gumgaon,2022-08-09,2022,8,7230.35,4676.37,2553.97,35.32,0.842,0.906,0.848,High,UNIT-6697,haul_truck,transmission,driveshaft,2.1,predictive,False,routine,26.05,0.29,2.67,49.1,Blackshale,True,110.869,Geological/Drilling,Issue persists after initial action ('Drill parameters and blast pattern adjusted for harder/variable rock; additional bit changes scheduled.') did not fully resolve it.,Escalated to geology/blast engineering team for re-survey of the zone.,Resolved,Successful,Continue routine monitoring; no further action required.,Proxy (2025 same-calendar-date pattern),"Proxy (global reference dataset, not MOIL-specific)","Proxy (generic MWD reference dataset, not MOIL-specific)"
CASE-KAN-202208-0389,1,Kandri,2022-08-01,2022,8,6688.16,4402.35,2285.81,34.18,0.943,0.977,0.714,High,UNIT-2854,loader,preventive,adjustment,12.9,preventive,True,minor,26.48,1.28,2.31,49.0,Amphibolittic_gneiss,False,210.965,Weather,"Weather impact score 0.71 — rainfall 1.3mm, wind 2.3 m/s, soil moisture (0-100cm) 49.0%, affecting haul-road and pit access (2025 seasonal pattern used as proxy for this calendar date).",Haulage rescheduled around peak rainfall hours; drainage and access-road reinforcement carried out.,Failed,Escalated,Escalate: Contingency haulage plan activated (alternate route / stockpile buffer) until conditions normalise.,Proxy (2025 same-calendar-date pattern),"Proxy (global reference dataset, not MOIL-specific)","Proxy (generic MWD reference dataset, not MOIL-specific)"
CASE-KAN-202208-0390,2,Kandri,2022-08-05,2022,8,6688.16,4402.35,2285.81,34.18,0.943,0.977,0.714,High,UNIT-2854,loader,preventive,adjustment,12.9,preventive,True,minor,26.48,1.28,2.31,49.0,Amphibolittic_gneiss,False,210.965,Weather,Issue persists after initial action ('Haulage rescheduled around peak rainfall hours; drainage and access-road reinforcement carried out.') did not fully resolve it.,Contingency haulage plan activated (alternate route / stockpile buffer) until conditions normalise.,Reduced,In Progress,Re-inspect within 7 days; escalate if shortfall persists.,Proxy (2025 same-calendar-date pattern),"Proxy (global reference dataset, not MOIL-specific)","Proxy (generic MWD reference dataset, not MOIL-specific)"
CASE-MUN-202208-0391,1,Munsar,2022-08-01,2022,8,6362.42,3674.47,2687.95,42.25,0.836,0.964,0.717,High,UNIT-2519,haul_truck,preventive,inspection,2.6,preventive,True,routine,26.48,1.28,2.31,49.0,Granittic_gneiss,False,270.104,Weather,"Weather impact score 0.72 — rainfall 1.3mm, wind 2.3 m/s, soil moisture (0-100cm) 49.0%, affecting haul-road and pit access (2025 seasonal pattern used as proxy for this calendar date).",Haulage rescheduled around peak rainfall hours; drainage and access-road reinforcement carried out.,Resolved,Successful,Continue routine monitoring; no further action required.,Proxy (2025 same-calendar-date pattern),"Proxy (global reference dataset, not MOIL-specific)","Proxy (generic MWD reference dataset, not MOIL-specific)"
CASE-SIT-202208-0392,1,Sitapatore,2022-08-01,2022,8,7201.45,4557.55,2643.9,36.71,0.889,0.879,0.81,High,UNIT-4546,haul_truck,hydraulics,hose,2.6,predictive,False,routine,26.48,1.28,2.31,48.9,Drammensgranite,False,141.362,Weather,"Weather impact score 0.81 — rainfall 1.3mm, wind 2.3 m/s, soil moisture (0-100cm) 48.9%, affecting haul-road and pit access (2025 seasonal pattern used as proxy for this calendar date).",Haulage rescheduled around peak rainfall hours; drainage and access-road reinforcement carried out.,Reduced,In Progress,Re-inspect within 7 days; escalate if shortfall persists.,Proxy (2025 same-calendar-date pattern),"Proxy (global reference dataset, not MOIL-specific)","Proxy (generic MWD reference dataset, not MOIL-specific)"
CASE-TIR-202208-0393,1,Tirodi,2022-08-01,2022,8,10065.53,7257.33,2808.19,27.9,0.878,0.992,0.827,High,UNIT-6712,loader,electrical,wiring,28.7,corrective,False,major,26.35,3.46,2.0,46.6,Granittic_gneiss,False,442.419,Weather,"Weather impact score 0.83 — rainfall 3.5mm, wind 2.0 m/s, soil moisture (0-100cm) 46.6%, affecting haul-road and pit access (2025 seasonal pattern used as proxy for this calendar date).",Haulage rescheduled around peak rainfall hours; drainage and access-road reinforcement carried out.,Reduced,In Progress,Re-inspect within 7 days; escalate if shortfall persists.,Proxy (2025 same-calendar-date pattern),"Proxy (global reference dataset, not MOIL-specific)","Proxy (generic MWD reference dataset, not MOIL-specific)"
CASE-UKW-202208-0394,1,Ukwa,2022-08-01,2022,8,11086.74,6400.08,4686.66,42.27,0.955,0.783,0.773,High,UNIT-4147,conveyor,pulley,general_component,0.9,predictive,False,routine,25.18,5.4,2.21,41.0,Granittic_gneiss,False,641.815,Weather,"Weather impact score 0.77 — rainfall 5.4mm, wind 2.2 m/s, soil moisture (0-100cm) 41.0%, affecting haul-road and pit access (2025 seasonal pattern used as proxy for this calendar date).",Haulage rescheduled around peak rainfall hours; drainage and access-road reinforcement carried out.,Reduced,In Progress,Re-inspect within 7 days; escalate if shortfall persists.,Proxy (2025 same-calendar-date pattern),"Proxy (global reference dataset, not MOIL-specific)","Proxy (generic MWD reference dataset, not MOIL-specific)"
CASE-UKW-202208-0395,2,Ukwa,2022-08-06,2022,8,11086.74,6400.08,4686.66,42.27,0.955,0.783,0.773,High,UNIT-4147,conveyor,pulley,general_component,0.9,predictive,False,routine,25.18,5.4,2.21,41.0,Granittic_gneiss,False,641.815,Weather,Issue persists after initial action ('Haulage rescheduled around peak rainfall hours; drainage and access-road reinforcement carried out.') did not fully resolve it.,Contingency haulage plan activated (alternate route / stockpile buffer) until conditions normalise.,Resolved,Successful,Continue routine monitoring; no further action required.,Proxy (2025 same-calendar-date pattern),"Proxy (global reference dataset, not MOIL-specific)","Proxy (generic MWD reference dataset, not MOIL-specific)"
CASE-BAL-202209-0396,1,Balaghat,2022-09-01,2022,9,15601.65,7463.57,8138.07,52.16,0.815,0.792,0.741,High,UNIT-4190,haul_truck,transmission,gearbox,12.3,major_overhaul,True,major,25.89,10.12,1.85,49.9,Hornfels,False,177.921,Weather,"Weather impact score 0.74 — rainfall 10.1mm, wind 1.9 m/s, soil moisture (0-100cm) 49.9%, affecting haul-road and pit access (2025 seasonal pattern used as proxy for this calendar date).",Haulage rescheduled around peak rainfall hours; drainage and access-road reinforcement carried out.,Reduced,In Progress,Re-inspect within 7 days; escalate if shortfall persists.,Proxy (2025 same-calendar-date pattern),"Proxy (global reference dataset, not MOIL-specific)","Proxy (generic MWD reference dataset, not MOIL-specific)"
CASE-BEL-202209-0397,1,Beldongri,2022-09-01,2022,9,7241.34,4382.27,2859.07,39.48,0.886,0.812,0.841,High,UNIT-6750,drill_rig,drill_string,general_component,9.8,corrective,False,major,26.03,19.43,2.06,50.9,Blackshale,False,90.809,Weather,"Weather impact score 0.84 — rainfall 19.4mm, wind 2.1 m/s, soil moisture (0-100cm) 50.9%, affecting haul-road and pit access (2025 seasonal pattern used as proxy for this calendar date).",Haulage rescheduled around peak rainfall hours; drainage and access-road reinforcement carried out.,Reduced,In Progress,Re-inspect within 7 days; escalate if shortfall persists.,Proxy (2025 same-calendar-date pattern),"Proxy (global reference dataset, not MOIL-specific)","Proxy (generic MWD reference dataset, not MOIL-specific)"
CASE-CHI-202209-0398,1,Chikla,2022-09-01,2022,9,8713.72,4572.28,4141.44,47.53,0.834,0.759,0.829,High,UNIT-3167,excavator,preventive,inspection,17.7,preventive,True,minor,26.4,14.75,1.89,50.7,Rhomb_porphyry,False,205.416,Equipment,"Equipment availability below target. excavator (UNIT-3167) recorded a minor 'preventive' issue affecting the inspection; 17.7h downtime, scheduled preventive maintenance logged.",Preventive/predictive maintenance carried out on inspection per maintenance schedule.,Reduced,In Progress,Re-inspect within 7 days; escalate if shortfall persists.,Proxy (2025 same-calendar-date pattern),"Proxy (global reference dataset, not MOIL-specific)","Proxy (generic MWD reference dataset, not MOIL-specific)"
CASE-CHI-202209-0399,2,Chikla,2022-09-10,2022,9,8713.72,4572.28,4141.44,47.53,0.834,0.759,0.829,High,UNIT-3167,excavator,preventive,inspection,17.7,preventive,True,minor,26.4,14.75,1.89,50.7,Rhomb_porphyry,False,205.416,Equipment,Issue persists after initial action ('Preventive/predictive maintenance carried out on inspection per maintenance schedule.') did not fully resolve it.,Component replacement / major overhaul scheduled; equipment flagged for engineering review.,Resolved,Successful,Continue routine monitoring; no further action required.,Proxy (2025 same-calendar-date pattern),"Proxy (global reference dataset, not MOIL-specific)","Proxy (generic MWD reference dataset, not MOIL-specific)"
CASE-DON-202209-0400,1,Dongri Buzurg,2022-09-01,2022,9,11987.97,9773.08,2214.89,18.48,0.969,0.951,0.884,Medium,UNIT-6256,drill_rig,compressor,general_component,4.7,corrective,False,minor,26.03,19.43,2.06,50.3,Huk_limestone,True,107.586,Geological/Drilling,"Drilling data flags a transition/variable rock zone (Rock type: Huk_limestone, rotation-pressure variance 107.6) — likely reduced penetration rate slowing blast-hole completion. [Hypothesis from generic MWD reference data — not yet validated against MOIL's own geology.]",Drill parameters and blast pattern adjusted for harder/variable rock; additional bit changes scheduled.,Reduced,In Progress,Re-inspect within 7 days; escalate if shortfall persists.,Proxy (2025 same-calendar-date pattern),"Proxy (global reference dataset, not MOIL-specific)","Proxy (generic MWD reference dataset, not MOIL-specific)"
CASE-GUM-202209-0401,1,Gumgaon,2022-09-01,2022,9,7776.62,4147.83,3628.79,46.66,0.822,0.817,0.793,High,UNIT-4565,haul_truck,brakes,general_component,4.4,predictive,False,minor,25.25,16.7,2.24,51.2,Blackshale,False,149.66,Weather,"Weather impact score 0.79 — rainfall 16.7mm, wind 2.2 m/s, soil moisture (0-100cm) 51.2%, affecting haul-road and pit access (2025 seasonal pattern used as proxy for this calendar date).",Haulage rescheduled around peak rainfall hours; drainage and access-road reinforcement carried out.,Reduced,In Progress,Re-inspect within 7 days; escalate if shortfall persists.,Proxy (2025 same-calendar-date pattern),"Proxy (global reference dataset, not MOIL-specific)","Proxy (generic MWD reference dataset, not MOIL-specific)"
CASE-GUM-202209-0402,2,Gumgaon,2022-09-10,2022,9,7776.62,4147.83,3628.79,46.66,0.822,0.817,0.793,High,UNIT-4565,haul_truck,brakes,general_component,4.4,predictive,False,minor,25.25,16.7,2.24,51.2,Blackshale,False,149.66,Weather,Issue persists after initial action ('Haulage rescheduled around peak rainfall hours; drainage and access-road reinforcement carried out.') did not fully resolve it.,Contingency haulage plan activated (alternate route / stockpile buffer) until conditions normalise.,Resolved,Successful,Continue routine monitoring; no further action required.,Proxy (2025 same-calendar-date pattern),"Proxy (global reference dataset, not MOIL-specific)","Proxy (generic MWD reference dataset, not MOIL-specific)"
CASE-KAN-202209-0403,1,Kandri,2022-09-01,2022,9,8362.13,4756.89,3605.24,43.11,0.808,0.781,0.902,High,UNIT-3932,drill_rig,hydraulics,hose,3.7,corrective,False,minor,26.03,19.43,2.06,51.1,Rhomb_porphyry,False,86.53,Operational/Workforce,"Operational efficiency at 0.81, below target — indicates shift, workflow or crew utilisation gap.","Shift roster reallocated, additional crew deployed to bottleneck section, workflow reviewed with site supervisor.",Resolved,Successful,Continue routine monitoring; no further action required.,Proxy (2025 same-calendar-date pattern),"Proxy (global reference dataset, not MOIL-specific)","Proxy (generic MWD reference dataset, not MOIL-specific)"
CASE-MUN-202209-0404,1,Munsar,2022-09-01,2022,9,6881.88,4322.81,2559.07,37.19,0.901,0.76,0.916,High,UNIT-7777,loader,preventive,adjustment,2.2,preventive,True,routine,26.03,19.43,2.06,51.1,Elnes_lime_shale,False,85.114,Equipment,"Equipment availability below target. loader (UNIT-7777) recorded a routine 'preventive' issue affecting the adjustment; 2.2h downtime, scheduled preventive maintenance logged.",Preventive/predictive maintenance carried out on adjustment per maintenance schedule.,Resolved,Successful,Continue routine monitoring; no further action required.,Proxy (2025 same-calendar-date pattern),"Proxy (global reference dataset, not MOIL-specific)","Proxy (generic MWD reference dataset, not MOIL-specific)"
CASE-SIT-202209-0405,1,Sitapatore,2022-09-01,2022,9,8384.98,5867.89,2517.08,30.02,0.801,0.988,0.884,High,UNIT-8651,drill_rig,preventive,filter_replace,2.2,preventive,True,routine,26.03,19.43,2.06,47.4,Drammensgranite,False,96.149,Operational/Workforce,"Operational efficiency at 0.80, below target — indicates shift, workflow or crew utilisation gap.","Shift roster reallocated, additional crew deployed to bottleneck section, workflow reviewed with site supervisor.",Resolved,Successful,Continue routine monitoring; no further action required.,Proxy (2025 same-calendar-date pattern),"Proxy (global reference dataset, not MOIL-specific)","Proxy (generic MWD reference dataset, not MOIL-specific)"
CASE-TIR-202209-0406,1,Tirodi,2022-09-01,2022,9,11964.07,6481.1,5482.97,45.83,0.903,0.872,0.688,High,UNIT-1013,conveyor,roller,general_component,1.7,predictive,False,routine,26.4,14.75,1.89,50.4,Drammensgranite,False,145.637,Weather,"Weather impact score 0.69 — rainfall 14.8mm, wind 1.9 m/s, soil moisture (0-100cm) 50.4%, affecting haul-road and pit access (2025 seasonal pattern used as proxy for this calendar date).",Haulage rescheduled around peak rainfall hours; drainage and access-road reinforcement carried out.,Reduced,In Progress,Re-inspect within 7 days; escalate if shortfall persists.,Proxy (2025 same-calendar-date pattern),"Proxy (global reference dataset, not MOIL-specific)","Proxy (generic MWD reference dataset, not MOIL-specific)"
CASE-TIR-202209-0407,2,Tirodi,2022-09-06,2022,9,11964.07,6481.1,5482.97,45.83,0.903,0.872,0.688,High,UNIT-1013,conveyor,roller,general_component,1.7,predictive,False,routine,26.4,14.75,1.89,50.4,Drammensgranite,False,145.637,Weather,Issue persists after initial action ('Haulage rescheduled around peak rainfall hours; drainage and access-road reinforcement carried out.') did not fully resolve it.,Contingency haulage plan activated (alternate route / stockpile buffer) until conditions normalise.,Resolved,Successful,Continue routine monitoring; no further action required.,Proxy (2025 same-calendar-date pattern),"Proxy (global reference dataset, not MOIL-specific)","Proxy (generic MWD reference dataset, not MOIL-specific)"
CASE-UKW-202209-0408,1,Ukwa,2022-09-01,2022,9,12408.03,8236.16,4171.86,33.62,0.862,0.926,0.832,High,UNIT-7458,conveyor,preventive,adjustment,5.7,preventive,True,minor,25.55,6.85,1.84,41.3,Rhomb_porphyry,False,69.972,Weather,"Weather impact score 0.83 — rainfall 6.8mm, wind 1.8 m/s, soil moisture (0-100cm) 41.3%, affecting haul-road and pit access (2025 seasonal pattern used as proxy for this calendar date).",Haulage rescheduled around peak rainfall hours; drainage and access-road reinforcement carried out.,Reduced,In Progress,Re-inspect within 7 days; escalate if shortfall persists.,Proxy (2025 same-calendar-date pattern),"Proxy (global reference dataset, not MOIL-specific)","Proxy (generic MWD reference dataset, not MOIL-specific)"
CASE-UKW-202209-0409,2,Ukwa,2022-09-04,2022,9,12408.03,8236.16,4171.86,33.62,0.862,0.926,0.832,High,UNIT-7458,conveyor,preventive,adjustment,5.7,preventive,True,minor,25.55,6.85,1.84,41.3,Rhomb_porphyry,False,69.972,Weather,Issue persists after initial action ('Haulage rescheduled around peak rainfall hours; drainage and access-road reinforcement carried out.') did not fully resolve it.,Contingency haulage plan activated (alternate route / stockpile buffer) until conditions normalise.,Reduced,In Progress,Re-inspect within 7 days; escalate if shortfall persists.,Proxy (2025 same-calendar-date pattern),"Proxy (global reference dataset, not MOIL-specific)","Proxy (generic MWD reference dataset, not MOIL-specific)"
CASE-BAL-202210-0410,1,Balaghat,2022-10-01,2022,10,19014.65,13101.82,5912.83,31.1,0.819,0.918,0.917,High,UNIT-1412,grader,preventive,adjustment,3.0,preventive,True,routine,25.59,3.9,1.7,48.0,Huk_limestone,False,71.277,Operational/Workforce,"Operational efficiency at 0.82, below target — indicates shift, workflow or crew utilisation gap.","Shift roster reallocated, additional crew deployed to bottleneck section, workflow reviewed with site supervisor.",Resolved,Successful,Continue routine monitoring; no further action required.,Proxy (2025 same-calendar-date pattern),"Proxy (global reference dataset, not MOIL-specific)","Proxy (generic MWD reference dataset, not MOIL-specific)"
CASE-BEL-202210-0411,1,Beldongri,2022-10-01,2022,10,8238.05,6199.17,2038.88,24.75,0.835,0.923,0.976,Medium,UNIT-5466,haul_truck,preventive,adjustment,2.4,preventive,True,routine,26.18,0.44,1.79,43.6,Rhomb_porphyry,False,128.455,Operational/Workforce,"Operational efficiency at 0.83, below target — indicates shift, workflow or crew utilisation gap.","Shift roster reallocated, additional crew deployed to bottleneck section, workflow reviewed with site supervisor.",Resolved,Successful,Continue routine monitoring; no further action required.,Proxy (2025 same-calendar-date pattern),"Proxy (global reference dataset, not MOIL-specific)","Proxy (generic MWD reference dataset, not MOIL-specific)"
CASE-CHI-202210-0412,1,Chikla,2022-10-01,2022,10,10669.9,8236.78,2433.11,22.8,0.937,0.874,0.943,Medium,UNIT-3913,grader,blade,general_component,1.9,predictive,False,routine,26.42,1.14,1.49,38.9,Drammensgranite,False,281.178,Equipment,"Equipment availability below target. grader (UNIT-3913) recorded a routine 'blade' issue affecting the general component; 1.9h downtime, unscheduled predictive maintenance logged.",Corrective maintenance performed on general component.,Resolved,Successful,Continue routine monitoring; no further action required.,Proxy (2025 same-calendar-date pattern),"Proxy (global reference dataset, not MOIL-specific)","Proxy (generic MWD reference dataset, not MOIL-specific)"
CASE-DON-202210-0413,1,Dongri Buzurg,2022-10-01,2022,10,14123.41,9679.66,4443.75,31.46,0.914,0.758,0.99,High,UNIT-3019,crusher,preventive,inspection,15.1,preventive,True,minor,26.18,0.44,1.79,42.5,Drammensgranite,False,155.6,Equipment,"Equipment availability below target. crusher (UNIT-3019) recorded a minor 'preventive' issue affecting the inspection; 15.1h downtime, scheduled preventive maintenance logged.",Preventive/predictive maintenance carried out on inspection per maintenance schedule.,Resolved,Successful,Continue routine monitoring; no further action required.,Proxy (2025 same-calendar-date pattern),"Proxy (global reference dataset, not MOIL-specific)","Proxy (generic MWD reference dataset, not MOIL-specific)"
CASE-GUM-202210-0414,1,Gumgaon,2022-10-01,2022,10,9252.72,6601.21,2651.51,28.66,0.935,0.804,0.949,High,UNIT-3754,drill_rig,electrical,alternator,14.6,corrective,False,major,25.26,0.25,1.87,46.2,Hornfels,False,115.735,Equipment,"Equipment availability below target. drill rig (UNIT-3754) recorded a major 'electrical' issue affecting the alternator; 14.6h downtime, unscheduled corrective maintenance logged.",Emergency corrective maintenance dispatched; drill rig isolated from production circuit until repaired.,Resolved,Successful,Continue routine monitoring; no further action required.,Proxy (2025 same-calendar-date pattern),"Proxy (global reference dataset, not MOIL-specific)","Proxy (generic MWD reference dataset, not MOIL-specific)"
CASE-KAN-202210-0415,1,Kandri,2022-10-01,2022,10,8984.24,6157.75,2826.49,31.46,0.93,0.777,0.949,High,UNIT-3543,haul_truck,preventive,inspection,3.8,preventive,True,routine,26.18,0.44,1.79,44.1,Rhomb_porphyry,False,94.656,Equipment,"Equipment availability below target. haul truck (UNIT-3543) recorded a routine 'preventive' issue affecting the inspection; 3.8h downtime, scheduled preventive maintenance logged.",Preventive/predictive maintenance carried out on inspection per maintenance schedule.,Resolved,Successful,Continue routine monitoring; no further action required.,Proxy (2025 same-calendar-date pattern),"Proxy (global reference dataset, not MOIL-specific)","Proxy (generic MWD reference dataset, not MOIL-specific)"
CASE-MUN-202210-0416,1,Munsar,2022-10-01,2022,10,8342.35,6118.32,2224.03,26.66,0.81,0.994,0.911,High,UNIT-5399,conveyor,pulley,general_component,11.8,major_overhaul,True,major,26.18,0.44,1.79,44.1,Elnes_lime_shale,False,58.11,Operational/Workforce,"Operational efficiency at 0.81, below target — indicates shift, workflow or crew utilisation gap.","Shift roster reallocated, additional crew deployed to bottleneck section, workflow reviewed with site supervisor.",Resolved,Successful,Continue routine monitoring; no further action required.,Proxy (2025 same-calendar-date pattern),"Proxy (global reference dataset, not MOIL-specific)","Proxy (generic MWD reference dataset, not MOIL-specific)"
CASE-SIT-202210-0417,1,Sitapatore,2022-10-01,2022,10,9417.28,7717.27,1700.02,18.05,0.956,0.892,0.961,Medium,UNIT-9916,crusher,bearing,general_component,20.9,corrective,False,minor,26.18,0.44,1.79,44.4,Hornfels,False,218.375,Equipment,"Equipment availability below target. crusher (UNIT-9916) recorded a minor 'bearing' issue affecting the general component; 20.9h downtime, unscheduled corrective maintenance logged.",Corrective maintenance performed on general component.,Resolved,Successful,Continue routine monitoring; no further action required.,Proxy (2025 same-calendar-date pattern),"Proxy (global reference dataset, not MOIL-specific)","Proxy (generic MWD reference dataset, not MOIL-specific)"
CASE-TIR-202210-0418,1,Tirodi,2022-10-01,2022,10,14136.5,9840.5,4296.0,30.39,0.881,0.832,0.95,High,UNIT-8450,haul_truck,hydraulics,valve,19.8,major_overhaul,True,major,26.42,1.14,1.49,43.0,Huk_limestone,False,186.936,Equipment,"Equipment availability below target. haul truck (UNIT-8450) recorded a major 'hydraulics' issue affecting the valve; 19.8h downtime, scheduled major_overhaul maintenance logged.",Preventive/predictive maintenance carried out on valve per maintenance schedule.,Reduced,In Progress,Re-inspect within 7 days; escalate if shortfall persists.,Proxy (2025 same-calendar-date pattern),"Proxy (global reference dataset, not MOIL-specific)","Proxy (generic MWD reference dataset, not MOIL-specific)"
CASE-TIR-202210-0419,2,Tirodi,2022-10-04,2022,10,14136.5,9840.5,4296.0,30.39,0.881,0.832,0.95,High,UNIT-8450,haul_truck,hydraulics,valve,19.8,major_overhaul,True,major,26.42,1.14,1.49,43.0,Huk_limestone,False,186.936,Equipment,Issue persists after initial action ('Preventive/predictive maintenance carried out on valve per maintenance schedule.') did not fully resolve it.,Component replacement / major overhaul scheduled; equipment flagged for engineering review.,Reduced,In Progress,Re-inspect within 7 days; escalate if shortfall persists.,Proxy (2025 same-calendar-date pattern),"Proxy (global reference dataset, not MOIL-specific)","Proxy (generic MWD reference dataset, not MOIL-specific)"
CASE-UKW-202210-0420,1,Ukwa,2022-10-01,2022,10,15210.26,12590.32,2619.93,17.22,0.952,0.949,0.915,Medium,UNIT-7790,crusher,preventive,oil_change,8.9,preventive,True,routine,25.66,5.44,1.14,37.8,Granittic_gneiss,False,169.87,Weather,"Weather impact score 0.92 — rainfall 5.4mm, wind 1.1 m/s, soil moisture (0-100cm) 37.8%, affecting haul-road and pit access (2025 seasonal pattern used as proxy for this calendar date).",Haulage rescheduled around peak rainfall hours; drainage and access-road reinforcement carried out.,Reduced,In Progress,Re-inspect within 7 days; escalate if shortfall persists.,Proxy (2025 same-calendar-date pattern),"Proxy (global reference dataset, not MOIL-specific)","Proxy (generic MWD reference dataset, not MOIL-specific)"
CASE-BAL-202211-0421,1,Balaghat,2022-11-01,2022,11,20942.98,13011.92,7931.06,37.87,0.824,0.886,0.851,High,UNIT-1898,crusher,liner,general_component,7.3,predictive,False,routine,24.38,0.65,1.11,46.6,Granittic_gneiss,False,268.905,Operational/Workforce,"Operational efficiency at 0.82, below target — indicates shift, workflow or crew utilisation gap.","Shift roster reallocated, additional crew deployed to bottleneck section, workflow reviewed with site supervisor.",Resolved,Successful,Continue routine monitoring; no further action required.,Proxy (2025 same-calendar-date pattern),"Proxy (global reference dataset, not MOIL-specific)","Proxy (generic MWD reference dataset, not MOIL-specific)"
CASE-BEL-202211-0422,1,Beldongri,2022-11-01,2022,11,8724.53,6173.42,2551.12,29.24,0.873,0.849,0.954,High,UNIT-3453,loader,electrical,sensors,24.8,major_overhaul,True,major,25.62,0.27,0.97,36.1,Rhomb_porphyry,False,114.987,Operational/Workforce,"Operational efficiency at 0.87, below target — indicates shift, workflow or crew utilisation gap.","Shift roster reallocated, additional crew deployed to bottleneck section, workflow reviewed with site supervisor.",Reduced,In Progress,Re-inspect within 7 days; escalate if shortfall persists.,Proxy (2025 same-calendar-date pattern),"Proxy (global reference dataset, not MOIL-specific)","Proxy (generic MWD reference dataset, not MOIL-specific)"
CASE-BEL-202211-0423,2,Beldongri,2022-11-06,2022,11,8724.53,6173.42,2551.12,29.24,0.873,0.849,0.954,High,UNIT-3453,loader,electrical,sensors,24.8,major_overhaul,True,major,25.62,0.27,0.97,36.1,Rhomb_porphyry,False,114.987,Operational/Workforce,"Issue persists after initial action ('Shift roster reallocated, additional crew deployed to bottleneck section, workflow reviewed with site supervisor.') did not fully resolve it.",Escalated to operations manager for full process and staffing audit.,Failed,Escalated,Escalate: Escalated to operations manager for full process and staffing audit.,Proxy (2025 same-calendar-date pattern),"Proxy (global reference dataset, not MOIL-specific)","Proxy (generic MWD reference dataset, not MOIL-specific)"
CASE-CHI-202211-0424,1,Chikla,2022-11-01,2022,11,11290.3,7366.24,3924.06,34.76,0.89,0.809,0.906,High,UNIT-8841,grader,preventive,oil_change,2.5,preventive,True,routine,25.66,0.33,0.86,34.9,Drammensgranite,False,92.918,Equipment,"Equipment availability below target. grader (UNIT-8841) recorded a routine 'preventive' issue affecting the oil change; 2.5h downtime, scheduled preventive maintenance logged.",Preventive/predictive maintenance carried out on oil change per maintenance schedule.,Resolved,Successful,Continue routine monitoring; no further action required.,Proxy (2025 same-calendar-date pattern),"Proxy (global reference dataset, not MOIL-specific)","Proxy (generic MWD reference dataset, not MOIL-specific)"
CASE-DON-202211-0425,1,Dongri Buzurg,2022-11-01,2022,11,14808.2,10326.55,4481.64,30.26,0.815,0.901,0.95,High,UNIT-5527,haul_truck,preventive,filter_replace,3.9,preventive,True,routine,25.62,0.27,0.97,34.2,Blackshale,False,134.45,Operational/Workforce,"Operational efficiency at 0.81, below target — indicates shift, workflow or crew utilisation gap.","Shift roster reallocated, additional crew deployed to bottleneck section, workflow reviewed with site supervisor.",Resolved,Successful,Continue routine monitoring; no further action required.,Proxy (2025 same-calendar-date pattern),"Proxy (global reference dataset, not MOIL-specific)","Proxy (generic MWD reference dataset, not MOIL-specific)"
CASE-GUM-202211-0426,1,Gumgaon,2022-11-01,2022,11,10270.19,7587.82,2682.37,26.12,0.893,0.845,0.98,High,UNIT-6273,crusher,bearing,general_component,33.0,corrective,False,minor,25.14,0.06,1.07,36.0,Rhomb_porphyry,False,87.982,Equipment,"Equipment availability below target. crusher (UNIT-6273) recorded a minor 'bearing' issue affecting the general component; 33.0h downtime, unscheduled corrective maintenance logged.",Corrective maintenance performed on general component.,Resolved,Successful,Continue routine monitoring; no further action required.,Proxy (2025 same-calendar-date pattern),"Proxy (global reference dataset, not MOIL-specific)","Proxy (generic MWD reference dataset, not MOIL-specific)"
CASE-KAN-202211-0427,1,Kandri,2022-11-01,2022,11,10168.29,6209.39,3958.9,38.93,0.896,0.756,0.901,High,UNIT-8317,haul_truck,preventive,oil_change,1.9,preventive,True,routine,25.62,0.27,0.97,34.699999999999996,Huk_limestone,True,229.183,Equipment,"Equipment availability below target. haul truck (UNIT-8317) recorded a routine 'preventive' issue affecting the oil change; 1.9h downtime, scheduled preventive maintenance logged.",Preventive/predictive maintenance carried out on oil change per maintenance schedule.,Resolved,Successful,Continue routine monitoring; no further action required.,Proxy (2025 same-calendar-date pattern),"Proxy (global reference dataset, not MOIL-specific)","Proxy (generic MWD reference dataset, not MOIL-specific)"
CASE-MUN-202211-0428,1,Munsar,2022-11-01,2022,11,8773.92,6425.48,2348.43,26.77,0.88,0.895,0.93,High,UNIT-2798,excavator,preventive,adjustment,5.3,preventive,True,routine,25.62,0.27,0.97,34.699999999999996,Granittic_gneiss,True,257.534,Geological/Drilling,"Drilling data flags a transition/variable rock zone (Rock type: Granittic_gneiss, rotation-pressure variance 257.5) — likely reduced penetration rate slowing blast-hole completion. [Hypothesis from generic MWD reference data — not yet validated against MOIL's own geology.]",Drill parameters and blast pattern adjusted for harder/variable rock; additional bit changes scheduled.,Reduced,In Progress,Re-inspect within 7 days; escalate if shortfall persists.,Proxy (2025 same-calendar-date pattern),"Proxy (global reference dataset, not MOIL-specific)","Proxy (generic MWD reference dataset, not MOIL-specific)"
CASE-SIT-202211-0429,1,Sitapatore,2022-11-01,2022,11,10258.44,8924.96,1333.47,13.0,0.953,0.953,0.958,Medium,UNIT-4705,loader,hydraulics,filter,94.3,corrective,False,critical,25.62,0.27,0.97,39.1,Blackshale,False,191.285,Operational/Workforce,"Operational efficiency at 0.95, below target — indicates shift, workflow or crew utilisation gap.","Shift roster reallocated, additional crew deployed to bottleneck section, workflow reviewed with site supervisor.",Resolved,Successful,Continue routine monitoring; no further action required.,Proxy (2025 same-calendar-date pattern),"Proxy (global reference dataset, not MOIL-specific)","Proxy (generic MWD reference dataset, not MOIL-specific)"
CASE-TIR-202211-0430,1,Tirodi,2022-11-01,2022,11,15916.85,8698.35,7218.5,45.35,0.804,0.799,0.851,High,UNIT-7691,loader,preventive,oil_change,4.8,preventive,True,routine,25.66,0.33,0.86,38.7,Hornfels,False,107.537,Operational/Workforce,"Operational efficiency at 0.80, below target — indicates shift, workflow or crew utilisation gap.","Shift roster reallocated, additional crew deployed to bottleneck section, workflow reviewed with site supervisor.",Resolved,Successful,Continue routine monitoring; no further action required.,Proxy (2025 same-calendar-date pattern),"Proxy (global reference dataset, not MOIL-specific)","Proxy (generic MWD reference dataset, not MOIL-specific)"
CASE-UKW-202211-0431,1,Ukwa,2022-11-01,2022,11,16735.22,13147.85,3587.36,21.44,0.98,0.811,0.989,Medium,UNIT-3277,haul_truck,electrical,battery,24.0,major_overhaul,True,major,23.8,0.2,1.16,32.1,Blackshale,False,156.757,Equipment,"Equipment availability below target. haul truck (UNIT-3277) recorded a major 'electrical' issue affecting the battery; 24.0h downtime, scheduled major_overhaul maintenance logged.",Preventive/predictive maintenance carried out on battery per maintenance schedule.,Resolved,Successful,Continue routine monitoring; no further action required.,Proxy (2025 same-calendar-date pattern),"Proxy (global reference dataset, not MOIL-specific)","Proxy (generic MWD reference dataset, not MOIL-specific)"
CASE-BAL-202212-0432,1,Balaghat,2022-12-01,2022,12,23490.61,16806.6,6684.0,28.45,0.987,0.838,0.865,High,UNIT-9977,drill_rig,rotation,general_component,2.1,predictive,False,routine,17.4,0.0,1.29,37.8,Rhomb_porphyry,False,76.671,Weather,"Weather impact score 0.86 — rainfall 0.0mm, wind 1.3 m/s, soil moisture (0-100cm) 37.8%, affecting haul-road and pit access (2025 seasonal pattern used as proxy for this calendar date).",Operations continued with adjusted shift timing to work around weather window.,Resolved,Successful,Continue routine monitoring; no further action required.,Proxy (2025 same-calendar-date pattern),"Proxy (global reference dataset, not MOIL-specific)","Proxy (generic MWD reference dataset, not MOIL-specific)"
CASE-BEL-202212-0433,1,Beldongri,2022-12-01,2022,12,10734.66,6725.29,4009.37,37.35,0.851,0.821,0.896,High,UNIT-1070,haul_truck,electrical,wiring,19.3,major_overhaul,True,major,17.84,0.0,1.51,30.599999999999998,Elnes_lime_shale,False,65.613,Operational/Workforce,"Operational efficiency at 0.85, below target — indicates shift, workflow or crew utilisation gap.","Shift roster reallocated, additional crew deployed to bottleneck section, workflow reviewed with site supervisor.",Resolved,Successful,Continue routine monitoring; no further action required.,Proxy (2025 same-calendar-date pattern),"Proxy (global reference dataset, not MOIL-specific)","Proxy (generic MWD reference dataset, not MOIL-specific)"
CASE-CHI-202212-0434,1,Chikla,2022-12-01,2022,12,14240.05,10076.28,4163.77,29.24,0.908,0.828,0.942,High,UNIT-3543,haul_truck,preventive,inspection,3.8,preventive,True,routine,18.1,0.0,1.45,33.4,Granittic_gneiss,False,191.37,Equipment,"Equipment availability below target. haul truck (UNIT-3543) recorded a routine 'preventive' issue affecting the inspection; 3.8h downtime, scheduled preventive maintenance logged.",Preventive/predictive maintenance carried out on inspection per maintenance schedule.,Reduced,In Progress,Re-inspect within 7 days; escalate if shortfall persists.,Proxy (2025 same-calendar-date pattern),"Proxy (global reference dataset, not MOIL-specific)","Proxy (generic MWD reference dataset, not MOIL-specific)"
CASE-CHI-202212-0435,2,Chikla,2022-12-05,2022,12,14240.05,10076.28,4163.77,29.24,0.908,0.828,0.942,High,UNIT-3543,haul_truck,preventive,inspection,3.8,preventive,True,routine,18.1,0.0,1.45,33.4,Granittic_gneiss,False,191.37,Equipment,Issue persists after initial action ('Preventive/predictive maintenance carried out on inspection per maintenance schedule.') did not fully resolve it.,Component replacement / major overhaul scheduled; equipment flagged for engineering review.,Reduced,In Progress,Re-inspect within 7 days; escalate if shortfall persists.,Proxy (2025 same-calendar-date pattern),"Proxy (global reference dataset, not MOIL-specific)","Proxy (generic MWD reference dataset, not MOIL-specific)"
CASE-DON-202212-0436,1,Dongri Buzurg,2022-12-01,2022,12,18826.64,11920.78,6905.85,36.68,0.855,0.853,0.868,High,UNIT-3244,crusher,shaft,general_component,29.2,predictive,False,minor,17.84,0.0,1.51,34.0,Drammensgranite,False,139.1,Operational/Workforce,"Operational efficiency at 0.85, below target — indicates shift, workflow or crew utilisation gap.","Shift roster reallocated, additional crew deployed to bottleneck section, workflow reviewed with site supervisor.",Reduced,In Progress,Re-inspect within 7 days; escalate if shortfall persists.,Proxy (2025 same-calendar-date pattern),"Proxy (global reference dataset, not MOIL-specific)","Proxy (generic MWD reference dataset, not MOIL-specific)"
CASE-DON-202212-0437,2,Dongri Buzurg,2022-12-09,2022,12,18826.64,11920.78,6905.85,36.68,0.855,0.853,0.868,High,UNIT-3244,crusher,shaft,general_component,29.2,predictive,False,minor,17.84,0.0,1.51,34.0,Drammensgranite,False,139.1,Operational/Workforce,"Issue persists after initial action ('Shift roster reallocated, additional crew deployed to bottleneck section, workflow reviewed with site supervisor.') did not fully resolve it.",Escalated to operations manager for full process and staffing audit.,Failed,Escalated,Escalate: Escalated to operations manager for full process and staffing audit.,Proxy (2025 same-calendar-date pattern),"Proxy (global reference dataset, not MOIL-specific)","Proxy (generic MWD reference dataset, not MOIL-specific)"
CASE-GUM-202212-0438,1,Gumgaon,2022-12-01,2022,12,11893.81,8225.73,3668.08,30.84,0.936,0.795,0.929,High,UNIT-9047,pump,preventive,adjustment,1.5,preventive,True,routine,17.71,0.0,1.6,31.900000000000002,Drammensgranite,False,173.634,Equipment,"Equipment availability below target. pump (UNIT-9047) recorded a routine 'preventive' issue affecting the adjustment; 1.5h downtime, scheduled preventive maintenance logged.",Preventive/predictive maintenance carried out on adjustment per maintenance schedule.,Resolved,Successful,Continue routine monitoring; no further action required.,Proxy (2025 same-calendar-date pattern),"Proxy (global reference dataset, not MOIL-specific)","Proxy (generic MWD reference dataset, not MOIL-specific)"
CASE-KAN-202212-0439,1,Kandri,2022-12-01,2022,12,12542.36,8163.04,4379.32,34.92,0.821,0.892,0.888,High,UNIT-1334,crusher,preventive,filter_replace,7.8,preventive,True,routine,17.84,0.0,1.51,30.3,Granittic_gneiss,False,374.797,Operational/Workforce,"Operational efficiency at 0.82, below target — indicates shift, workflow or crew utilisation gap.","Shift roster reallocated, additional crew deployed to bottleneck section, workflow reviewed with site supervisor.",Reduced,In Progress,Re-inspect within 7 days; escalate if shortfall persists.,Proxy (2025 same-calendar-date pattern),"Proxy (global reference dataset, not MOIL-specific)","Proxy (generic MWD reference dataset, not MOIL-specific)"
CASE-KAN-202212-0440,2,Kandri,2022-12-04,2022,12,12542.36,8163.04,4379.32,34.92,0.821,0.892,0.888,High,UNIT-1334,crusher,preventive,filter_replace,7.8,preventive,True,routine,17.84,0.0,1.51,30.3,Granittic_gneiss,False,374.797,Operational/Workforce,"Issue persists after initial action ('Shift roster reallocated, additional crew deployed to bottleneck section, workflow reviewed with site supervisor.') did not fully resolve it.",Escalated to operations manager for full process and staffing audit.,Reduced,In Progress,Re-inspect within 7 days; escalate if shortfall persists.,Proxy (2025 same-calendar-date pattern),"Proxy (global reference dataset, not MOIL-specific)","Proxy (generic MWD reference dataset, not MOIL-specific)"
CASE-MUN-202212-0441,1,Munsar,2022-12-01,2022,12,11247.49,8949.11,2298.38,20.43,0.897,0.951,0.933,Medium,UNIT-7136,haul_truck,preventive,filter_replace,1.7,preventive,True,routine,17.84,0.0,1.51,30.3,Hornfels,False,154.914,Operational/Workforce,"Operational efficiency at 0.90, below target — indicates shift, workflow or crew utilisation gap.","Shift roster reallocated, additional crew deployed to bottleneck section, workflow reviewed with site supervisor.",Resolved,Successful,Continue routine monitoring; no further action required.,Proxy (2025 same-calendar-date pattern),"Proxy (global reference dataset, not MOIL-specific)","Proxy (generic MWD reference dataset, not MOIL-specific)"
CASE-SIT-202212-0442,1,Sitapatore,2022-12-01,2022,12,11724.6,10091.03,1633.57,13.93,0.927,0.988,0.94,Medium,UNIT-5989,drill_rig,hydraulics,cylinder,10.7,major_overhaul,True,major,17.84,0.0,1.51,33.800000000000004,Drammensgranite,False,210.089,Operational/Workforce,"Operational efficiency at 0.93, below target — indicates shift, workflow or crew utilisation gap.","Shift roster reallocated, additional crew deployed to bottleneck section, workflow reviewed with site supervisor.",Resolved,Successful,Continue routine monitoring; no further action required.,Proxy (2025 same-calendar-date pattern),"Proxy (global reference dataset, not MOIL-specific)","Proxy (generic MWD reference dataset, not MOIL-specific)"
CASE-TIR-202212-0443,1,Tirodi,2022-12-01,2022,12,19016.52,13219.43,5797.09,30.48,0.977,0.807,0.882,High,UNIT-5612,haul_truck,engine,turbo,12.5,corrective,False,major,18.1,0.0,1.45,34.2,Granittic_gneiss,False,288.936,Equipment,"Equipment availability below target. haul truck (UNIT-5612) recorded a major 'engine' issue affecting the turbo; 12.5h downtime, unscheduled corrective maintenance logged.",Emergency corrective maintenance dispatched; haul truck isolated from production circuit until repaired.,Reduced,In Progress,Re-inspect within 7 days; escalate if shortfall persists.,Proxy (2025 same-calendar-date pattern),"Proxy (global reference dataset, not MOIL-specific)","Proxy (generic MWD reference dataset, not MOIL-specific)"
CASE-TIR-202212-0444,2,Tirodi,2022-12-07,2022,12,19016.52,13219.43,5797.09,30.48,0.977,0.807,0.882,High,UNIT-5612,haul_truck,engine,turbo,12.5,corrective,False,major,18.1,0.0,1.45,34.2,Granittic_gneiss,False,288.936,Equipment,Issue persists after initial action ('Emergency corrective maintenance dispatched; haul truck isolated from production circuit until repaired.') did not fully resolve it.,Component replacement / major overhaul scheduled; equipment flagged for engineering review.,Resolved,Successful,Continue routine monitoring; no further action required.,Proxy (2025 same-calendar-date pattern),"Proxy (global reference dataset, not MOIL-specific)","Proxy (generic MWD reference dataset, not MOIL-specific)"
CASE-UKW-202212-0445,1,Ukwa,2022-12-01,2022,12,20185.56,16838.52,3347.04,16.58,0.882,0.96,0.985,Medium,UNIT-5902,drill_rig,preventive,inspection,1.2,preventive,True,routine,16.81,0.0,1.35,28.599999999999998,Granittic_gneiss,False,292.005,Operational/Workforce,"Operational efficiency at 0.88, below target — indicates shift, workflow or crew utilisation gap.","Shift roster reallocated, additional crew deployed to bottleneck section, workflow reviewed with site supervisor.",Failed,Escalated,Escalate: Escalated to operations manager for full process and staffing audit.,Proxy (2025 same-calendar-date pattern),"Proxy (global reference dataset, not MOIL-specific)","Proxy (generic MWD reference dataset, not MOIL-specific)"
CASE-UKW-202212-0446,2,Ukwa,2022-12-07,2022,12,20185.56,16838.52,3347.04,16.58,0.882,0.96,0.985,Medium,UNIT-5902,drill_rig,preventive,inspection,1.2,preventive,True,routine,16.81,0.0,1.35,28.599999999999998,Granittic_gneiss,False,292.005,Operational/Workforce,"Issue persists after initial action ('Shift roster reallocated, additional crew deployed to bottleneck section, workflow reviewed with site supervisor.') did not fully resolve it.",Escalated to operations manager for full process and staffing audit.,Failed,Escalated,Escalate: Escalated to operations manager for full process and staffing audit.,Proxy (2025 same-calendar-date pattern),"Proxy (global reference dataset, not MOIL-specific)","Proxy (generic MWD reference dataset, not MOIL-specific)"
CASE-BAL-202301-0447,1,Balaghat,2023-01-01,2023,1,21295.52,15199.91,6095.61,28.62,0.847,0.945,0.891,High,UNIT-5545,conveyor,preventive,oil_change,1.2,preventive,True,routine,15.58,0.0,2.23,41.0,Drammensgranite,False,119.42,Operational/Workforce,"Operational efficiency at 0.85, below target — indicates shift, workflow or crew utilisation gap.","Shift roster reallocated, additional crew deployed to bottleneck section, workflow reviewed with site supervisor.",Reduced,In Progress,Re-inspect within 7 days; escalate if shortfall persists.,Proxy (2025 same-calendar-date pattern),"Proxy (global reference dataset, not MOIL-specific)","Proxy (generic MWD reference dataset, not MOIL-specific)"
CASE-BEL-202301-0448,1,Beldongri,2023-01-01,2023,1,9760.43,6843.59,2916.84,29.88,0.885,0.917,0.864,High,UNIT-4914,haul_truck,preventive,adjustment,3.0,preventive,True,routine,17.14,0.0,2.41,35.3,Amphibolittic_gneiss,True,217.634,Geological/Drilling,"Drilling data flags a transition/variable rock zone (Rock type: Amphibolittic_gneiss, rotation-pressure variance 217.6) — likely reduced penetration rate slowing blast-hole completion. [Hypothesis from generic MWD reference data — not yet validated against MOIL's own geology.]",Drill parameters and blast pattern adjusted for harder/variable rock; additional bit changes scheduled.,Failed,Escalated,Escalate: Escalated to geology/blast engineering team for re-survey of the zone.,Proxy (2025 same-calendar-date pattern),"Proxy (global reference dataset, not MOIL-specific)","Proxy (generic MWD reference dataset, not MOIL-specific)"
CASE-BEL-202301-0449,2,Beldongri,2023-01-05,2023,1,9760.43,6843.59,2916.84,29.88,0.885,0.917,0.864,High,UNIT-4914,haul_truck,preventive,adjustment,3.0,preventive,True,routine,17.14,0.0,2.41,35.3,Amphibolittic_gneiss,True,217.634,Geological/Drilling,Issue persists after initial action ('Drill parameters and blast pattern adjusted for harder/variable rock; additional bit changes scheduled.') did not fully resolve it.,Escalated to geology/blast engineering team for re-survey of the zone.,Resolved,Successful,Continue routine monitoring; no further action required.,Proxy (2025 same-calendar-date pattern),"Proxy (global reference dataset, not MOIL-specific)","Proxy (generic MWD reference dataset, not MOIL-specific)"
CASE-CHI-202301-0450,1,Chikla,2023-01-01,2023,1,12307.5,8599.33,3708.17,30.13,0.89,0.897,0.875,High,UNIT-9819,haul_truck,preventive,filter_replace,2.2,preventive,True,routine,17.75,0.0,2.2,39.900000000000006,Blackshale,False,114.71,Weather,"Weather impact score 0.88 — rainfall 0.0mm, wind 2.2 m/s, soil moisture (0-100cm) 39.9%, affecting haul-road and pit access (2025 seasonal pattern used as proxy for this calendar date).",Operations continued with adjusted shift timing to work around weather window.,Reduced,In Progress,Re-inspect within 7 days; escalate if shortfall persists.,Proxy (2025 same-calendar-date pattern),"Proxy (global reference dataset, not MOIL-specific)","Proxy (generic MWD reference dataset, not MOIL-specific)"
CASE-DON-202301-0451,1,Dongri Buzurg,2023-01-01,2023,1,16593.18,11217.47,5375.71,32.4,0.973,0.804,0.864,High,UNIT-9722,haul_truck,preventive,oil_change,2.1,preventive,True,routine,17.14,0.0,2.41,32.5,Blackshale,False,168.27,Equipment,"Equipment availability below target. haul truck (UNIT-9722) recorded a routine 'preventive' issue affecting the oil change; 2.1h downtime, scheduled preventive maintenance logged.",Preventive/predictive maintenance carried out on oil change per maintenance schedule.,Reduced,In Progress,Re-inspect within 7 days; escalate if shortfall persists.,Proxy (2025 same-calendar-date pattern),"Proxy (global reference dataset, not MOIL-specific)","Proxy (generic MWD reference dataset, not MOIL-specific)"
CASE-GUM-202301-0452,1,Gumgaon,2023-01-01,2023,1,10291.39,8030.12,2261.27,21.97,0.928,0.902,0.932,Medium,UNIT-3525,loader,engine,head_gasket,9.3,corrective,False,minor,17.43,0.0,2.05,35.6,Drammensgranite,True,128.591,Geological/Drilling,"Drilling data flags a transition/variable rock zone (Rock type: Drammensgranite, rotation-pressure variance 128.6) — likely reduced penetration rate slowing blast-hole completion. [Hypothesis from generic MWD reference data — not yet validated against MOIL's own geology.]",Drill parameters and blast pattern adjusted for harder/variable rock; additional bit changes scheduled.,Failed,Escalated,Escalate: Escalated to geology/blast engineering team for re-survey of the zone.,Proxy (2025 same-calendar-date pattern),"Proxy (global reference dataset, not MOIL-specific)","Proxy (generic MWD reference dataset, not MOIL-specific)"
CASE-GUM-202301-0453,2,Gumgaon,2023-01-05,2023,1,10291.39,8030.12,2261.27,21.97,0.928,0.902,0.932,Medium,UNIT-3525,loader,engine,head_gasket,9.3,corrective,False,minor,17.43,0.0,2.05,35.6,Drammensgranite,True,128.591,Geological/Drilling,Issue persists after initial action ('Drill parameters and blast pattern adjusted for harder/variable rock; additional bit changes scheduled.') did not fully resolve it.,Escalated to geology/blast engineering team for re-survey of the zone.,Resolved,Successful,Continue routine monitoring; no further action required.,Proxy (2025 same-calendar-date pattern),"Proxy (global reference dataset, not MOIL-specific)","Proxy (generic MWD reference dataset, not MOIL-specific)"
CASE-KAN-202301-0454,1,Kandri,2023-01-01,2023,1,10516.49,7672.64,2843.86,27.04,0.878,0.899,0.925,High,UNIT-8507,loader,preventive,inspection,3.4,preventive,True,routine,17.14,0.0,2.41,35.5,Amphibolittic_gneiss,False,178.356,Operational/Workforce,"Operational efficiency at 0.88, below target — indicates shift, workflow or crew utilisation gap.","Shift roster reallocated, additional crew deployed to bottleneck section, workflow reviewed with site supervisor.",Reduced,In Progress,Re-inspect within 7 days; escalate if shortfall persists.,Proxy (2025 same-calendar-date pattern),"Proxy (global reference dataset, not MOIL-specific)","Proxy (generic MWD reference dataset, not MOIL-specific)"
CASE-KAN-202301-0455,2,Kandri,2023-01-04,2023,1,10516.49,7672.64,2843.86,27.04,0.878,0.899,0.925,High,UNIT-8507,loader,preventive,inspection,3.4,preventive,True,routine,17.14,0.0,2.41,35.5,Amphibolittic_gneiss,False,178.356,Operational/Workforce,"Issue persists after initial action ('Shift roster reallocated, additional crew deployed to bottleneck section, workflow reviewed with site supervisor.') did not fully resolve it.",Escalated to operations manager for full process and staffing audit.,Resolved,Successful,Continue routine monitoring; no further action required.,Proxy (2025 same-calendar-date pattern),"Proxy (global reference dataset, not MOIL-specific)","Proxy (generic MWD reference dataset, not MOIL-specific)"
CASE-MUN-202301-0456,1,Munsar,2023-01-01,2023,1,9916.6,6901.47,3015.13,30.4,0.827,0.924,0.911,High,UNIT-5958,crusher,motor,general_component,51.3,major_overhaul,True,major,17.14,0.0,2.41,35.5,Rhomb_porphyry,False,72.666,Operational/Workforce,"Operational efficiency at 0.83, below target — indicates shift, workflow or crew utilisation gap.","Action scheduled, not yet executed.",Not Yet Assessed,Pending,Action logged; awaiting execution and outcome review.,Proxy (2025 same-calendar-date pattern),"Proxy (global reference dataset, not MOIL-specific)","Proxy (generic MWD reference dataset, not MOIL-specific)"
CASE-SIT-202301-0457,1,Sitapatore,2023-01-01,2023,1,10728.57,9332.02,1396.55,13.02,0.944,0.923,0.999,Medium,UNIT-7614,conveyor,preventive,adjustment,1.3,preventive,True,routine,17.14,0.0,2.41,36.0,Elnes_lime_shale,False,55.095,Operational/Workforce,"Operational efficiency at 0.94, below target — indicates shift, workflow or crew utilisation gap.","Shift roster reallocated, additional crew deployed to bottleneck section, workflow reviewed with site supervisor.",Resolved,Successful,Continue routine monitoring; no further action required.,Proxy (2025 same-calendar-date pattern),"Proxy (global reference dataset, not MOIL-specific)","Proxy (generic MWD reference dataset, not MOIL-specific)"
CASE-TIR-202301-0458,1,Tirodi,2023-01-01,2023,1,15606.89,11173.31,4433.58,28.41,0.821,0.931,0.937,High,UNIT-7743,excavator,electrical,sensors,2.9,predictive,False,routine,17.75,0.0,2.2,32.7,Drammensgranite,False,158.457,Operational/Workforce,"Operational efficiency at 0.82, below target — indicates shift, workflow or crew utilisation gap.","Shift roster reallocated, additional crew deployed to bottleneck section, workflow reviewed with site supervisor.",Resolved,Successful,Continue routine monitoring; no further action required.,Proxy (2025 same-calendar-date pattern),"Proxy (global reference dataset, not MOIL-specific)","Proxy (generic MWD reference dataset, not MOIL-specific)"
CASE-UKW-202301-0459,1,Ukwa,2023-01-01,2023,1,17163.43,10630.95,6532.48,38.06,0.816,0.771,0.984,High,UNIT-2529,conveyor,motor,general_component,10.5,corrective,False,major,15.94,0.0,1.77,34.699999999999996,Blackshale,False,218.007,Operational/Workforce,"Operational efficiency at 0.82, below target — indicates shift, workflow or crew utilisation gap.","Shift roster reallocated, additional crew deployed to bottleneck section, workflow reviewed with site supervisor.",Resolved,Successful,Continue routine monitoring; no further action required.,Proxy (2025 same-calendar-date pattern),"Proxy (global reference dataset, not MOIL-specific)","Proxy (generic MWD reference dataset, not MOIL-specific)"
CASE-BAL-202302-0460,1,Balaghat,2023-02-01,2023,2,20946.36,13196.59,7749.78,37.0,0.865,0.807,0.903,High,UNIT-4703,drill_rig,electrical,wiring,10.5,corrective,False,major,23.89,0.0,1.79,35.699999999999996,Granittic_gneiss,True,142.742,Geological/Drilling,"Drilling data flags a transition/variable rock zone (Rock type: Granittic_gneiss, rotation-pressure variance 142.7) — likely reduced penetration rate slowing blast-hole completion. [Hypothesis from generic MWD reference data — not yet validated against MOIL's own geology.]",Drill parameters and blast pattern adjusted for harder/variable rock; additional bit changes scheduled.,Resolved,Successful,Continue routine monitoring; no further action required.,Proxy (2025 same-calendar-date pattern),"Proxy (global reference dataset, not MOIL-specific)","Proxy (generic MWD reference dataset, not MOIL-specific)"
CASE-BEL-202302-0461,1,Beldongri,2023-02-01,2023,2,9048.26,6083.86,2964.4,32.76,0.904,0.767,0.97,High,UNIT-9671,excavator,preventive,filter_replace,8.0,preventive,True,minor,24.97,0.0,1.66,27.6,Granittic_gneiss,False,248.334,Equipment,"Equipment availability below target. excavator (UNIT-9671) recorded a minor 'preventive' issue affecting the filter replace; 8.0h downtime, scheduled preventive maintenance logged.",Preventive/predictive maintenance carried out on filter replace per maintenance schedule.,Resolved,Successful,Continue routine monitoring; no further action required.,Proxy (2025 same-calendar-date pattern),"Proxy (global reference dataset, not MOIL-specific)","Proxy (generic MWD reference dataset, not MOIL-specific)"
CASE-CHI-202302-0462,1,Chikla,2023-02-01,2023,2,11833.2,9876.64,1956.56,16.53,0.908,0.97,0.948,Medium,UNIT-8616,crusher,preventive,inspection,8.2,preventive,True,routine,25.63,0.0,1.6,32.6,Amphibolittic_gneiss,False,231.613,Operational/Workforce,"Operational efficiency at 0.91, below target — indicates shift, workflow or crew utilisation gap.","Shift roster reallocated, additional crew deployed to bottleneck section, workflow reviewed with site supervisor.",Resolved,Successful,Continue routine monitoring; no further action required.,Proxy (2025 same-calendar-date pattern),"Proxy (global reference dataset, not MOIL-specific)","Proxy (generic MWD reference dataset, not MOIL-specific)"
CASE-DON-202302-0463,1,Dongri Buzurg,2023-02-01,2023,2,16262.65,11138.66,5123.99,31.51,0.865,0.833,0.95,High,UNIT-4557,haul_truck,preventive,inspection,2.0,preventive,True,routine,24.97,0.0,1.66,28.299999999999997,Granittic_gneiss,False,519.589,Operational/Workforce,"Operational efficiency at 0.86, below target — indicates shift, workflow or crew utilisation gap.","Shift roster reallocated, additional crew deployed to bottleneck section, workflow reviewed with site supervisor.",Failed,Escalated,Escalate: Escalated to operations manager for full process and staffing audit.,Proxy (2025 same-calendar-date pattern),"Proxy (global reference dataset, not MOIL-specific)","Proxy (generic MWD reference dataset, not MOIL-specific)"
CASE-DON-202302-0464,2,Dongri Buzurg,2023-02-07,2023,2,16262.65,11138.66,5123.99,31.51,0.865,0.833,0.95,High,UNIT-4557,haul_truck,preventive,inspection,2.0,preventive,True,routine,24.97,0.0,1.66,28.299999999999997,Granittic_gneiss,False,519.589,Operational/Workforce,"Issue persists after initial action ('Shift roster reallocated, additional crew deployed to bottleneck section, workflow reviewed with site supervisor.') did not fully resolve it.",Escalated to operations manager for full process and staffing audit.,Resolved,Successful,Continue routine monitoring; no further action required.,Proxy (2025 same-calendar-date pattern),"Proxy (global reference dataset, not MOIL-specific)","Proxy (generic MWD reference dataset, not MOIL-specific)"
CASE-GUM-202302-0465,1,Gumgaon,2023-02-01,2023,2,11340.13,9024.31,2315.82,20.42,0.932,0.889,0.96,Medium,UNIT-5838,drill_rig,rotation,general_component,13.2,major_overhaul,True,major,24.32,0.0,1.67,30.3,Granittic_gneiss,False,189.919,Operational/Workforce,"Operational efficiency at 0.93, below target — indicates shift, workflow or crew utilisation gap.","Shift roster reallocated, additional crew deployed to bottleneck section, workflow reviewed with site supervisor.",Failed,Escalated,Escalate: Escalated to operations manager for full process and staffing audit.,Proxy (2025 same-calendar-date pattern),"Proxy (global reference dataset, not MOIL-specific)","Proxy (generic MWD reference dataset, not MOIL-specific)"
CASE-GUM-202302-0466,2,Gumgaon,2023-02-06,2023,2,11340.13,9024.31,2315.82,20.42,0.932,0.889,0.96,Medium,UNIT-5838,drill_rig,rotation,general_component,13.2,major_overhaul,True,major,24.32,0.0,1.67,30.3,Granittic_gneiss,False,189.919,Operational/Workforce,"Issue persists after initial action ('Shift roster reallocated, additional crew deployed to bottleneck section, workflow reviewed with site supervisor.') did not fully resolve it.",Escalated to operations manager for full process and staffing audit.,Resolved,Successful,Continue routine monitoring; no further action required.,Proxy (2025 same-calendar-date pattern),"Proxy (global reference dataset, not MOIL-specific)","Proxy (generic MWD reference dataset, not MOIL-specific)"
CASE-KAN-202302-0467,1,Kandri,2023-02-01,2023,2,10768.55,7738.01,3030.54,28.14,0.812,0.891,0.994,High,UNIT-4535,drill_rig,rotation,general_component,10.2,major_overhaul,True,major,24.97,0.0,1.66,33.300000000000004,Amphibolittic_gneiss,True,607.113,Operational/Workforce,"Operational efficiency at 0.81, below target — indicates shift, workflow or crew utilisation gap.","Shift roster reallocated, additional crew deployed to bottleneck section, workflow reviewed with site supervisor.",Resolved,Successful,Continue routine monitoring; no further action required.,Proxy (2025 same-calendar-date pattern),"Proxy (global reference dataset, not MOIL-specific)","Proxy (generic MWD reference dataset, not MOIL-specific)"
CASE-MUN-202302-0468,1,Munsar,2023-02-01,2023,2,9148.37,6388.83,2759.54,30.16,0.938,0.8,0.93,High,UNIT-4906,drill_rig,preventive,inspection,2.8,preventive,True,routine,24.97,0.0,1.66,33.300000000000004,Granittic_gneiss,False,175.435,Equipment,"Equipment availability below target. drill rig (UNIT-4906) recorded a routine 'preventive' issue affecting the inspection; 2.8h downtime, scheduled preventive maintenance logged.",Preventive/predictive maintenance carried out on inspection per maintenance schedule.,Resolved,Successful,Continue routine monitoring; no further action required.,Proxy (2025 same-calendar-date pattern),"Proxy (global reference dataset, not MOIL-specific)","Proxy (generic MWD reference dataset, not MOIL-specific)"
CASE-SIT-202302-0469,1,Sitapatore,2023-02-01,2023,2,10370.32,7819.42,2550.9,24.6,0.89,0.939,0.902,Medium,UNIT-7435,haul_truck,preventive,adjustment,3.3,preventive,True,routine,24.97,0.0,1.66,31.3,Elnes_lime_shale,False,86.676,Operational/Workforce,"Operational efficiency at 0.89, below target — indicates shift, workflow or crew utilisation gap.","Shift roster reallocated, additional crew deployed to bottleneck section, workflow reviewed with site supervisor.",Resolved,Successful,Continue routine monitoring; no further action required.,Proxy (2025 same-calendar-date pattern),"Proxy (global reference dataset, not MOIL-specific)","Proxy (generic MWD reference dataset, not MOIL-specific)"
CASE-TIR-202302-0470,1,Tirodi,2023-02-01,2023,2,16476.54,13733.64,2742.9,16.65,0.959,0.982,0.885,Medium,UNIT-4283,conveyor,belt,general_component,2.5,corrective,False,minor,25.63,0.0,1.6,27.800000000000004,Granittic_gneiss,False,319.272,Weather,"Weather impact score 0.89 — rainfall 0.0mm, wind 1.6 m/s, soil moisture (0-100cm) 27.8%, affecting haul-road and pit access (2025 seasonal pattern used as proxy for this calendar date).",Operations continued with adjusted shift timing to work around weather window.,Failed,Escalated,Escalate: Contingency haulage plan activated (alternate route / stockpile buffer) until conditions normalise.,Proxy (2025 same-calendar-date pattern),"Proxy (global reference dataset, not MOIL-specific)","Proxy (generic MWD reference dataset, not MOIL-specific)"
CASE-TIR-202302-0471,2,Tirodi,2023-02-07,2023,2,16476.54,13733.64,2742.9,16.65,0.959,0.982,0.885,Medium,UNIT-4283,conveyor,belt,general_component,2.5,corrective,False,minor,25.63,0.0,1.6,27.800000000000004,Granittic_gneiss,False,319.272,Weather,Issue persists after initial action ('Operations continued with adjusted shift timing to work around weather window.') did not fully resolve it.,Contingency haulage plan activated (alternate route / stockpile buffer) until conditions normalise.,Resolved,Successful,Continue routine monitoring; no further action required.,Proxy (2025 same-calendar-date pattern),"Proxy (global reference dataset, not MOIL-specific)","Proxy (generic MWD reference dataset, not MOIL-specific)"
CASE-UKW-202302-0472,1,Ukwa,2023-02-01,2023,2,17383.2,14251.55,3131.65,18.02,0.83,0.998,0.989,Medium,UNIT-3516,haul_truck,electrical,starter,23.0,corrective,False,major,23.79,0.0,1.76,38.2,Amphibolittic_gneiss,False,177.664,Operational/Workforce,"Operational efficiency at 0.83, below target — indicates shift, workflow or crew utilisation gap.","Shift roster reallocated, additional crew deployed to bottleneck section, workflow reviewed with site supervisor.",Failed,Escalated,Escalate: Escalated to operations manager for full process and staffing audit.,Proxy (2025 same-calendar-date pattern),"Proxy (global reference dataset, not MOIL-specific)","Proxy (generic MWD reference dataset, not MOIL-specific)"
CASE-UKW-202302-0473,2,Ukwa,2023-02-08,2023,2,17383.2,14251.55,3131.65,18.02,0.83,0.998,0.989,Medium,UNIT-3516,haul_truck,electrical,starter,23.0,corrective,False,major,23.79,0.0,1.76,38.2,Amphibolittic_gneiss,False,177.664,Operational/Workforce,"Issue persists after initial action ('Shift roster reallocated, additional crew deployed to bottleneck section, workflow reviewed with site supervisor.') did not fully resolve it.",Escalated to operations manager for full process and staffing audit.,Resolved,Successful,Continue routine monitoring; no further action required.,Proxy (2025 same-calendar-date pattern),"Proxy (global reference dataset, not MOIL-specific)","Proxy (generic MWD reference dataset, not MOIL-specific)"
CASE-BAL-202303-0474,1,Balaghat,2023-03-01,2023,3,24591.82,19779.19,4812.62,19.57,0.968,0.88,0.944,Medium,UNIT-6345,conveyor,belt,general_component,9.4,corrective,False,major,26.55,0.0,1.98,32.2,Drammensgranite,False,226.155,Equipment,"Equipment availability below target. conveyor (UNIT-6345) recorded a major 'belt' issue affecting the general component; 9.4h downtime, unscheduled corrective maintenance logged.",Emergency corrective maintenance dispatched; conveyor isolated from production circuit until repaired.,Failed,Escalated,Escalate: Component replacement / major overhaul scheduled; equipment flagged for engineering review.,Proxy (2025 same-calendar-date pattern),"Proxy (global reference dataset, not MOIL-specific)","Proxy (generic MWD reference dataset, not MOIL-specific)"
CASE-BAL-202303-0475,2,Balaghat,2023-03-08,2023,3,24591.82,19779.19,4812.62,19.57,0.968,0.88,0.944,Medium,UNIT-6345,conveyor,belt,general_component,9.4,corrective,False,major,26.55,0.0,1.98,32.2,Drammensgranite,False,226.155,Equipment,Issue persists after initial action ('Emergency corrective maintenance dispatched; conveyor isolated from production circuit until repaired.') did not fully resolve it.,Component replacement / major overhaul scheduled; equipment flagged for engineering review.,Reduced,In Progress,Re-inspect within 7 days; escalate if shortfall persists.,Proxy (2025 same-calendar-date pattern),"Proxy (global reference dataset, not MOIL-specific)","Proxy (generic MWD reference dataset, not MOIL-specific)"
CASE-BEL-202303-0476,1,Beldongri,2023-03-01,2023,3,10275.8,7442.3,2833.51,27.57,0.951,0.782,0.974,High,UNIT-6878,conveyor,belt,general_component,10.7,corrective,False,major,27.32,0.0,1.79,28.000000000000004,Blackshale,False,151.331,Equipment,"Equipment availability below target. conveyor (UNIT-6878) recorded a major 'belt' issue affecting the general component; 10.7h downtime, unscheduled corrective maintenance logged.",Emergency corrective maintenance dispatched; conveyor isolated from production circuit until repaired.,Reduced,In Progress,Re-inspect within 7 days; escalate if shortfall persists.,Proxy (2025 same-calendar-date pattern),"Proxy (global reference dataset, not MOIL-specific)","Proxy (generic MWD reference dataset, not MOIL-specific)"
CASE-CHI-202303-0477,1,Chikla,2023-03-01,2023,3,14166.42,9067.98,5098.44,35.99,0.942,0.759,0.895,High,UNIT-7201,haul_truck,brakes,general_component,28.2,corrective,False,critical,27.43,0.0,1.68,30.7,Drammensgranite,False,247.959,Equipment,"Equipment availability below target. haul truck (UNIT-7201) recorded a critical 'brakes' issue affecting the general component; 28.2h downtime, unscheduled corrective maintenance logged.",Emergency corrective maintenance dispatched; haul truck isolated from production circuit until repaired.,Failed,Escalated,Escalate: Component replacement / major overhaul scheduled; equipment flagged for engineering review.,Proxy (2025 same-calendar-date pattern),"Proxy (global reference dataset, not MOIL-specific)","Proxy (generic MWD reference dataset, not MOIL-specific)"
CASE-CHI-202303-0478,2,Chikla,2023-03-09,2023,3,14166.42,9067.98,5098.44,35.99,0.942,0.759,0.895,High,UNIT-7201,haul_truck,brakes,general_component,28.2,corrective,False,critical,27.43,0.0,1.68,30.7,Drammensgranite,False,247.959,Equipment,Issue persists after initial action ('Emergency corrective maintenance dispatched; haul truck isolated from production circuit until repaired.') did not fully resolve it.,Component replacement / major overhaul scheduled; equipment flagged for engineering review.,Reduced,In Progress,Re-inspect within 7 days; escalate if shortfall persists.,Proxy (2025 same-calendar-date pattern),"Proxy (global reference dataset, not MOIL-specific)","Proxy (generic MWD reference dataset, not MOIL-specific)"
CASE-DON-202303-0479,1,Dongri Buzurg,2023-03-01,2023,3,17935.29,11958.57,5976.72,33.32,0.872,0.772,0.991,High,UNIT-8018,drill_rig,drill_string,general_component,13.5,corrective,False,major,27.32,0.0,1.79,28.299999999999997,Granittic_gneiss,False,380.819,Equipment,"Equipment availability below target. drill rig (UNIT-8018) recorded a major 'drill_string' issue affecting the general component; 13.5h downtime, unscheduled corrective maintenance logged.",Emergency corrective maintenance dispatched; drill rig isolated from production circuit until repaired.,Resolved,Successful,Continue routine monitoring; no further action required.,Proxy (2025 same-calendar-date pattern),"Proxy (global reference dataset, not MOIL-specific)","Proxy (generic MWD reference dataset, not MOIL-specific)"
CASE-GUM-202303-0480,1,Gumgaon,2023-03-01,2023,3,12312.87,8257.64,4055.23,32.93,0.861,0.849,0.917,High,UNIT-5441,grader,electrical,wiring,3.1,predictive,False,routine,26.9,0.0,1.91,28.9,Augen_gneiss,False,77.623,Operational/Workforce,"Operational efficiency at 0.86, below target — indicates shift, workflow or crew utilisation gap.","Shift roster reallocated, additional crew deployed to bottleneck section, workflow reviewed with site supervisor.",Resolved,Successful,Continue routine monitoring; no further action required.,Proxy (2025 same-calendar-date pattern),"Proxy (global reference dataset, not MOIL-specific)","Proxy (generic MWD reference dataset, not MOIL-specific)"
CASE-KAN-202303-0481,1,Kandri,2023-03-01,2023,3,12370.17,10120.81,2249.36,18.18,0.903,0.98,0.925,Medium,UNIT-3739,haul_truck,preventive,inspection,8.7,preventive,True,minor,27.32,0.0,1.79,31.0,Amphibolittic_gneiss,False,173.508,Operational/Workforce,"Operational efficiency at 0.90, below target — indicates shift, workflow or crew utilisation gap.","Shift roster reallocated, additional crew deployed to bottleneck section, workflow reviewed with site supervisor.",Failed,Escalated,Escalate: Escalated to operations manager for full process and staffing audit.,Proxy (2025 same-calendar-date pattern),"Proxy (global reference dataset, not MOIL-specific)","Proxy (generic MWD reference dataset, not MOIL-specific)"
CASE-KAN-202303-0482,2,Kandri,2023-03-09,2023,3,12370.17,10120.81,2249.36,18.18,0.903,0.98,0.925,Medium,UNIT-3739,haul_truck,preventive,inspection,8.7,preventive,True,minor,27.32,0.0,1.79,31.0,Amphibolittic_gneiss,False,173.508,Operational/Workforce,"Issue persists after initial action ('Shift roster reallocated, additional crew deployed to bottleneck section, workflow reviewed with site supervisor.') did not fully resolve it.",Escalated to operations manager for full process and staffing audit.,Resolved,Successful,Continue routine monitoring; no further action required.,Proxy (2025 same-calendar-date pattern),"Proxy (global reference dataset, not MOIL-specific)","Proxy (generic MWD reference dataset, not MOIL-specific)"
CASE-MUN-202303-0483,1,Munsar,2023-03-01,2023,3,11243.5,8659.63,2583.87,22.98,0.97,0.802,0.99,Medium,UNIT-9901,loader,preventive,inspection,2.5,preventive,True,routine,27.32,0.0,1.79,31.0,Amphibolittic_gneiss,True,494.452,Geological/Drilling,"Drilling data flags a transition/variable rock zone (Rock type: Amphibolittic_gneiss, rotation-pressure variance 494.5) — likely reduced penetration rate slowing blast-hole completion. [Hypothesis from generic MWD reference data — not yet validated against MOIL's own geology.]",Drill parameters and blast pattern adjusted for harder/variable rock; additional bit changes scheduled.,Resolved,Successful,Continue routine monitoring; no further action required.,Proxy (2025 same-calendar-date pattern),"Proxy (global reference dataset, not MOIL-specific)","Proxy (generic MWD reference dataset, not MOIL-specific)"
CASE-SIT-202303-0484,1,Sitapatore,2023-03-01,2023,3,11777.14,9414.58,2362.56,20.06,0.963,0.845,0.982,Medium,UNIT-8475,haul_truck,preventive,inspection,2.0,preventive,True,routine,27.32,0.0,1.79,30.4,Granittic_gneiss,True,180.629,Geological/Drilling,"Drilling data flags a transition/variable rock zone (Rock type: Granittic_gneiss, rotation-pressure variance 180.6) — likely reduced penetration rate slowing blast-hole completion. [Hypothesis from generic MWD reference data — not yet validated against MOIL's own geology.]",Drill parameters and blast pattern adjusted for harder/variable rock; additional bit changes scheduled.,Reduced,In Progress,Re-inspect within 7 days; escalate if shortfall persists.,Proxy (2025 same-calendar-date pattern),"Proxy (global reference dataset, not MOIL-specific)","Proxy (generic MWD reference dataset, not MOIL-specific)"
CASE-TIR-202303-0485,1,Tirodi,2023-03-01,2023,3,19046.6,15537.12,3509.47,18.43,0.961,0.948,0.896,Medium,UNIT-6890,pump,casing,general_component,10.7,corrective,False,major,27.43,0.0,1.68,28.000000000000004,Granittic_gneiss,True,185.885,Geological/Drilling,"Drilling data flags a transition/variable rock zone (Rock type: Granittic_gneiss, rotation-pressure variance 185.9) — likely reduced penetration rate slowing blast-hole completion. [Hypothesis from generic MWD reference data — not yet validated against MOIL's own geology.]",Drill parameters and blast pattern adjusted for harder/variable rock; additional bit changes scheduled.,Resolved,Successful,Continue routine monitoring; no further action required.,Proxy (2025 same-calendar-date pattern),"Proxy (global reference dataset, not MOIL-specific)","Proxy (generic MWD reference dataset, not MOIL-specific)"
CASE-UKW-202303-0486,1,Ukwa,2023-03-01,2023,3,19067.31,12711.79,6355.51,33.33,0.881,0.793,0.954,High,UNIT-6477,grader,preventive,inspection,9.6,preventive,True,minor,25.93,0.0,1.94,32.2,Drammensgranite,False,88.023,Equipment,"Equipment availability below target. grader (UNIT-6477) recorded a minor 'preventive' issue affecting the inspection; 9.6h downtime, scheduled preventive maintenance logged.",Preventive/predictive maintenance carried out on inspection per maintenance schedule.,Resolved,Successful,Continue routine monitoring; no further action required.,Proxy (2025 same-calendar-date pattern),"Proxy (global reference dataset, not MOIL-specific)","Proxy (generic MWD reference dataset, not MOIL-specific)"
CASE-BAL-202304-0487,1,Balaghat,2023-04-01,2023,4,22698.34,20012.75,2685.59,11.83,0.995,0.91,0.973,Medium,UNIT-2532,haul_truck,preventive,oil_change,2.0,preventive,True,routine,30.71,0.0,1.71,27.3,Blackshale,False,270.758,Equipment,"Equipment availability below target. haul truck (UNIT-2532) recorded a routine 'preventive' issue affecting the oil change; 2.0h downtime, scheduled preventive maintenance logged.",Preventive/predictive maintenance carried out on oil change per maintenance schedule.,Resolved,Successful,Continue routine monitoring; no further action required.,Proxy (2025 same-calendar-date pattern),"Proxy (global reference dataset, not MOIL-specific)","Proxy (generic MWD reference dataset, not MOIL-specific)"
CASE-BEL-202304-0488,1,Beldongri,2023-04-01,2023,4,9715.12,8551.76,1163.36,11.97,0.972,0.981,0.923,Medium,UNIT-8653,excavator,bucket,general_component,4.9,predictive,False,routine,31.24,0.0,1.79,27.900000000000002,Drammensgranite,False,189.199,Weather,"Weather impact score 0.92 — rainfall 0.0mm, wind 1.8 m/s, soil moisture (0-100cm) 27.9%, affecting haul-road and pit access (2025 seasonal pattern used as proxy for this calendar date).",Operations continued with adjusted shift timing to work around weather window.,Reduced,In Progress,Re-inspect within 7 days; escalate if shortfall persists.,Proxy (2025 same-calendar-date pattern),"Proxy (global reference dataset, not MOIL-specific)","Proxy (generic MWD reference dataset, not MOIL-specific)"
CASE-CHI-202304-0489,1,Chikla,2023-04-01,2023,4,13105.17,9172.81,3932.36,30.01,0.953,0.794,0.925,High,UNIT-7955,pump,preventive,oil_change,2.2,preventive,True,minor,31.42,0.0,1.63,34.1,Amphibolittic_gneiss,False,232.608,Equipment,"Equipment availability below target. pump (UNIT-7955) recorded a minor 'preventive' issue affecting the oil change; 2.2h downtime, scheduled preventive maintenance logged.",Preventive/predictive maintenance carried out on oil change per maintenance schedule.,Resolved,Successful,Continue routine monitoring; no further action required.,Proxy (2025 same-calendar-date pattern),"Proxy (global reference dataset, not MOIL-specific)","Proxy (generic MWD reference dataset, not MOIL-specific)"
CASE-DON-202304-0490,1,Dongri Buzurg,2023-04-01,2023,4,17114.64,10278.52,6836.11,39.94,0.829,0.842,0.86,High,UNIT-6611,drill_rig,compressor,general_component,6.8,corrective,False,minor,31.24,0.0,1.79,32.6,Drammensgranite,False,101.946,Operational/Workforce,"Operational efficiency at 0.83, below target — indicates shift, workflow or crew utilisation gap.","Shift roster reallocated, additional crew deployed to bottleneck section, workflow reviewed with site supervisor.",Resolved,Successful,Continue routine monitoring; no further action required.,Proxy (2025 same-calendar-date pattern),"Proxy (global reference dataset, not MOIL-specific)","Proxy (generic MWD reference dataset, not MOIL-specific)"
CASE-GUM-202304-0491,1,Gumgaon,2023-04-01,2023,4,10979.99,8389.14,2590.85,23.6,0.827,0.991,0.932,Medium,UNIT-9268,grader,preventive,adjustment,3.2,preventive,True,routine,31.26,1.77,1.8,28.299999999999997,Granittic_gneiss,False,176.865,Operational/Workforce,"Operational efficiency at 0.83, below target — indicates shift, workflow or crew utilisation gap.","Shift roster reallocated, additional crew deployed to bottleneck section, workflow reviewed with site supervisor.",Reduced,In Progress,Re-inspect within 7 days; escalate if shortfall persists.,Proxy (2025 same-calendar-date pattern),"Proxy (global reference dataset, not MOIL-specific)","Proxy (generic MWD reference dataset, not MOIL-specific)"
CASE-KAN-202304-0492,1,Kandri,2023-04-01,2023,4,12063.5,8198.46,3865.04,32.04,0.886,0.828,0.926,High,UNIT-2952,crusher,preventive,oil_change,11.4,preventive,True,routine,31.24,0.0,1.79,29.7,Granittic_gneiss,False,150.056,Equipment,"Equipment availability below target. crusher (UNIT-2952) recorded a routine 'preventive' issue affecting the oil change; 11.4h downtime, scheduled preventive maintenance logged.",Preventive/predictive maintenance carried out on oil change per maintenance schedule.,Resolved,Successful,Continue routine monitoring; no further action required.,Proxy (2025 same-calendar-date pattern),"Proxy (global reference dataset, not MOIL-specific)","Proxy (generic MWD reference dataset, not MOIL-specific)"
CASE-MUN-202304-0493,1,Munsar,2023-04-01,2023,4,10024.74,6611.42,3413.32,34.05,0.821,0.91,0.882,High,UNIT-4297,crusher,shaft,general_component,25.6,predictive,False,minor,31.24,0.0,1.79,29.7,Huk_limestone,True,81.22,Operational/Workforce,"Operational efficiency at 0.82, below target — indicates shift, workflow or crew utilisation gap.","Shift roster reallocated, additional crew deployed to bottleneck section, workflow reviewed with site supervisor.",Resolved,Successful,Continue routine monitoring; no further action required.,Proxy (2025 same-calendar-date pattern),"Proxy (global reference dataset, not MOIL-specific)","Proxy (generic MWD reference dataset, not MOIL-specific)"
CASE-SIT-202304-0494,1,Sitapatore,2023-04-01,2023,4,11664.41,7344.96,4319.45,37.03,0.93,0.788,0.859,High,UNIT-8589,excavator,electrical,sensors,19.8,corrective,False,major,31.24,0.0,1.79,29.4,Rhomb_porphyry,False,139.836,Equipment,"Equipment availability below target. excavator (UNIT-8589) recorded a major 'electrical' issue affecting the sensors; 19.8h downtime, unscheduled corrective maintenance logged.",Emergency corrective maintenance dispatched; excavator isolated from production circuit until repaired.,Failed,Escalated,Escalate: Component replacement / major overhaul scheduled; equipment flagged for engineering review.,Proxy (2025 same-calendar-date pattern),"Proxy (global reference dataset, not MOIL-specific)","Proxy (generic MWD reference dataset, not MOIL-specific)"
CASE-SIT-202304-0495,2,Sitapatore,2023-04-09,2023,4,11664.41,7344.96,4319.45,37.03,0.93,0.788,0.859,High,UNIT-8589,excavator,electrical,sensors,19.8,corrective,False,major,31.24,0.0,1.79,29.4,Rhomb_porphyry,False,139.836,Equipment,Issue persists after initial action ('Emergency corrective maintenance dispatched; excavator isolated from production circuit until repaired.') did not fully resolve it.,Component replacement / major overhaul scheduled; equipment flagged for engineering review.,Resolved,Successful,Continue routine monitoring; no further action required.,Proxy (2025 same-calendar-date pattern),"Proxy (global reference dataset, not MOIL-specific)","Proxy (generic MWD reference dataset, not MOIL-specific)"
CASE-TIR-202304-0496,1,Tirodi,2023-04-01,2023,4,17775.28,12112.34,5662.94,31.86,0.892,0.765,0.999,High,UNIT-1500,drill_rig,rotation,general_component,13.4,major_overhaul,True,major,31.42,0.0,1.63,30.3,Amphibolittic_gneiss,True,254.898,Equipment,"Equipment availability below target. drill rig (UNIT-1500) recorded a major 'rotation' issue affecting the general component; 13.4h downtime, scheduled major_overhaul maintenance logged.",Preventive/predictive maintenance carried out on general component per maintenance schedule.,Resolved,Successful,Continue routine monitoring; no further action required.,Proxy (2025 same-calendar-date pattern),"Proxy (global reference dataset, not MOIL-specific)","Proxy (generic MWD reference dataset, not MOIL-specific)"
CASE-UKW-202304-0497,1,Ukwa,2023-04-01,2023,4,17902.36,14831.22,3071.14,17.15,0.939,0.996,0.886,Medium,UNIT-8030,haul_truck,brakes,general_component,3.5,predictive,False,routine,30.08,0.0,1.63,23.7,Drammensgranite,False,167.958,Weather,"Weather impact score 0.89 — rainfall 0.0mm, wind 1.6 m/s, soil moisture (0-100cm) 23.7%, affecting haul-road and pit access (2025 seasonal pattern used as proxy for this calendar date).",Operations continued with adjusted shift timing to work around weather window.,Reduced,In Progress,Re-inspect within 7 days; escalate if shortfall persists.,Proxy (2025 same-calendar-date pattern),"Proxy (global reference dataset, not MOIL-specific)","Proxy (generic MWD reference dataset, not MOIL-specific)"
CASE-BAL-202305-0498,1,Balaghat,2023-05-01,2023,5,23617.68,13908.81,9708.87,41.11,0.824,0.826,0.865,High,UNIT-3415,crusher,shaft,general_component,32.6,corrective,False,minor,31.5,0.81,3.23,27.6,Drammensgranite,False,125.545,Operational/Workforce,"Operational efficiency at 0.82, below target — indicates shift, workflow or crew utilisation gap.","Shift roster reallocated, additional crew deployed to bottleneck section, workflow reviewed with site supervisor.",Reduced,In Progress,Re-inspect within 7 days; escalate if shortfall persists.,Proxy (2025 same-calendar-date pattern),"Proxy (global reference dataset, not MOIL-specific)","Proxy (generic MWD reference dataset, not MOIL-specific)"
CASE-BAL-202305-0499,2,Balaghat,2023-05-06,2023,5,23617.68,13908.81,9708.87,41.11,0.824,0.826,0.865,High,UNIT-3415,crusher,shaft,general_component,32.6,corrective,False,minor,31.5,0.81,3.23,27.6,Drammensgranite,False,125.545,Operational/Workforce,"Issue persists after initial action ('Shift roster reallocated, additional crew deployed to bottleneck section, workflow reviewed with site supervisor.') did not fully resolve it.",Escalated to operations manager for full process and staffing audit.,Resolved,Successful,Continue routine monitoring; no further action required.,Proxy (2025 same-calendar-date pattern),"Proxy (global reference dataset, not MOIL-specific)","Proxy (generic MWD reference dataset, not MOIL-specific)"
CASE-BEL-202305-0500,1,Beldongri,2023-05-01,2023,5,10922.02,7781.52,3140.5,28.75,0.812,0.877,1.0,High,UNIT-6280,conveyor,preventive,inspection,1.1,preventive,True,routine,33.22,0.4,3.06,28.4,Hagaberg_shale,True,99.982,Operational/Workforce,"Operational efficiency at 0.81, below target — indicates shift, workflow or crew utilisation gap.","Shift roster reallocated, additional crew deployed to bottleneck section, workflow reviewed with site supervisor.",Resolved,Successful,Continue routine monitoring; no further action required.,Proxy (2025 same-calendar-date pattern),"Proxy (global reference dataset, not MOIL-specific)","Proxy (generic MWD reference dataset, not MOIL-specific)"
CASE-CHI-202305-0501,1,Chikla,2023-05-01,2023,5,14210.43,10230.26,3980.17,28.01,0.923,0.827,0.944,High,UNIT-1545,loader,tires,rear_right,9.0,predictive,False,minor,32.32,1.89,3.15,30.8,Granittic_gneiss,False,877.748,Equipment,"Equipment availability below target. loader (UNIT-1545) recorded a minor 'tires' issue affecting the rear right; 9.0h downtime, unscheduled predictive maintenance logged.",Corrective maintenance performed on rear right.,Resolved,Successful,Continue routine monitoring; no further action required.,Proxy (2025 same-calendar-date pattern),"Proxy (global reference dataset, not MOIL-specific)","Proxy (generic MWD reference dataset, not MOIL-specific)"
CASE-DON-202305-0502,1,Dongri Buzurg,2023-05-01,2023,5,18420.14,12545.12,5875.02,31.89,0.885,0.783,0.983,High,UNIT-5618,haul_truck,preventive,inspection,3.7,preventive,True,routine,33.22,0.4,3.06,30.4,Rhomb_porphyry,False,143.28,Equipment,"Equipment availability below target. haul truck (UNIT-5618) recorded a routine 'preventive' issue affecting the inspection; 3.7h downtime, scheduled preventive maintenance logged.",Preventive/predictive maintenance carried out on inspection per maintenance schedule.,Reduced,In Progress,Re-inspect within 7 days; escalate if shortfall persists.,Proxy (2025 same-calendar-date pattern),"Proxy (global reference dataset, not MOIL-specific)","Proxy (generic MWD reference dataset, not MOIL-specific)"
CASE-GUM-202305-0503,1,Gumgaon,2023-05-01,2023,5,12185.48,7850.52,4334.96,35.57,0.839,0.842,0.912,High,UNIT-5337,loader,preventive,adjustment,11.7,preventive,True,minor,33.49,0.16,2.42,27.400000000000002,Blackshale,True,127.647,Operational/Workforce,"Operational efficiency at 0.84, below target — indicates shift, workflow or crew utilisation gap.","Shift roster reallocated, additional crew deployed to bottleneck section, workflow reviewed with site supervisor.",Reduced,In Progress,Re-inspect within 7 days; escalate if shortfall persists.,Proxy (2025 same-calendar-date pattern),"Proxy (global reference dataset, not MOIL-specific)","Proxy (generic MWD reference dataset, not MOIL-specific)"
CASE-KAN-202305-0504,1,Kandri,2023-05-01,2023,5,12648.11,9609.78,3038.33,24.02,0.947,0.942,0.852,Medium,UNIT-8855,loader,electrical,alternator,15.1,major_overhaul,True,major,33.22,0.4,3.06,27.700000000000003,Amphibolittic_gneiss,True,300.307,Geological/Drilling,"Drilling data flags a transition/variable rock zone (Rock type: Amphibolittic_gneiss, rotation-pressure variance 300.3) — likely reduced penetration rate slowing blast-hole completion. [Hypothesis from generic MWD reference data — not yet validated against MOIL's own geology.]",Drill parameters and blast pattern adjusted for harder/variable rock; additional bit changes scheduled.,Failed,Escalated,Escalate: Escalated to geology/blast engineering team for re-survey of the zone.,Proxy (2025 same-calendar-date pattern),"Proxy (global reference dataset, not MOIL-specific)","Proxy (generic MWD reference dataset, not MOIL-specific)"
CASE-KAN-202305-0505,2,Kandri,2023-05-08,2023,5,12648.11,9609.78,3038.33,24.02,0.947,0.942,0.852,Medium,UNIT-8855,loader,electrical,alternator,15.1,major_overhaul,True,major,33.22,0.4,3.06,27.700000000000003,Amphibolittic_gneiss,True,300.307,Geological/Drilling,Issue persists after initial action ('Drill parameters and blast pattern adjusted for harder/variable rock; additional bit changes scheduled.') did not fully resolve it.,Escalated to geology/blast engineering team for re-survey of the zone.,Resolved,Successful,Continue routine monitoring; no further action required.,Proxy (2025 same-calendar-date pattern),"Proxy (global reference dataset, not MOIL-specific)","Proxy (generic MWD reference dataset, not MOIL-specific)"
CASE-MUN-202305-0506,1,Munsar,2023-05-01,2023,5,10626.25,6390.54,4235.72,39.86,0.896,0.755,0.889,High,UNIT-5614,haul_truck,preventive,oil_change,2.3,preventive,True,routine,33.22,0.4,3.06,27.700000000000003,Granittic_gneiss,False,281.345,Equipment,"Equipment availability below target. haul truck (UNIT-5614) recorded a routine 'preventive' issue affecting the oil change; 2.3h downtime, scheduled preventive maintenance logged.",Preventive/predictive maintenance carried out on oil change per maintenance schedule.,Reduced,In Progress,Re-inspect within 7 days; escalate if shortfall persists.,Proxy (2025 same-calendar-date pattern),"Proxy (global reference dataset, not MOIL-specific)","Proxy (generic MWD reference dataset, not MOIL-specific)"
CASE-SIT-202305-0507,1,Sitapatore,2023-05-01,2023,5,12565.75,8107.55,4458.2,35.48,0.827,0.884,0.882,High,UNIT-6448,excavator,preventive,oil_change,11.8,preventive,True,minor,33.22,0.4,3.06,26.200000000000003,Blackshale,True,201.365,Operational/Workforce,"Operational efficiency at 0.83, below target — indicates shift, workflow or crew utilisation gap.","Shift roster reallocated, additional crew deployed to bottleneck section, workflow reviewed with site supervisor.",Resolved,Successful,Continue routine monitoring; no further action required.,Proxy (2025 same-calendar-date pattern),"Proxy (global reference dataset, not MOIL-specific)","Proxy (generic MWD reference dataset, not MOIL-specific)"
CASE-TIR-202305-0508,1,Tirodi,2023-05-01,2023,5,17474.2,14294.33,3179.87,18.2,0.848,0.994,0.97,Medium,UNIT-6658,excavator,electrical,starter,12.0,corrective,False,minor,32.32,1.89,3.15,27.900000000000002,Drammensgranite,False,323.346,Operational/Workforce,"Operational efficiency at 0.85, below target — indicates shift, workflow or crew utilisation gap.","Shift roster reallocated, additional crew deployed to bottleneck section, workflow reviewed with site supervisor.",Reduced,In Progress,Re-inspect within 7 days; escalate if shortfall persists.,Proxy (2025 same-calendar-date pattern),"Proxy (global reference dataset, not MOIL-specific)","Proxy (generic MWD reference dataset, not MOIL-specific)"
CASE-UKW-202305-0509,1,Ukwa,2023-05-01,2023,5,20815.95,13540.5,7275.45,34.95,0.898,0.777,0.932,High,UNIT-9408,grader,hydraulics,hose,13.4,major_overhaul,True,major,29.88,3.22,2.62,30.3,Granittic_gneiss,False,585.347,Equipment,"Equipment availability below target. grader (UNIT-9408) recorded a major 'hydraulics' issue affecting the hose; 13.4h downtime, scheduled major_overhaul maintenance logged.",Preventive/predictive maintenance carried out on hose per maintenance schedule.,Failed,Escalated,Escalate: Component replacement / major overhaul scheduled; equipment flagged for engineering review.,Proxy (2025 same-calendar-date pattern),"Proxy (global reference dataset, not MOIL-specific)","Proxy (generic MWD reference dataset, not MOIL-specific)"
CASE-UKW-202305-0510,2,Ukwa,2023-05-05,2023,5,20815.95,13540.5,7275.45,34.95,0.898,0.777,0.932,High,UNIT-9408,grader,hydraulics,hose,13.4,major_overhaul,True,major,29.88,3.22,2.62,30.3,Granittic_gneiss,False,585.347,Equipment,Issue persists after initial action ('Preventive/predictive maintenance carried out on hose per maintenance schedule.') did not fully resolve it.,Component replacement / major overhaul scheduled; equipment flagged for engineering review.,Resolved,Successful,Continue routine monitoring; no further action required.,Proxy (2025 same-calendar-date pattern),"Proxy (global reference dataset, not MOIL-specific)","Proxy (generic MWD reference dataset, not MOIL-specific)"
CASE-BAL-202306-0511,1,Balaghat,2023-06-01,2023,6,21513.71,11147.73,10365.98,48.18,0.969,0.775,0.691,High,UNIT-9026,grader,hydraulics,hose,23.3,corrective,False,major,31.56,0.0,4.08,30.9,Augen_gneiss,True,204.264,Weather,"Weather impact score 0.69 — rainfall 0.0mm, wind 4.1 m/s, soil moisture (0-100cm) 30.9%, affecting haul-road and pit access (2025 seasonal pattern used as proxy for this calendar date).",Operations continued with adjusted shift timing to work around weather window.,Reduced,In Progress,Re-inspect within 7 days; escalate if shortfall persists.,Proxy (2025 same-calendar-date pattern),"Proxy (global reference dataset, not MOIL-specific)","Proxy (generic MWD reference dataset, not MOIL-specific)"
CASE-BEL-202306-0512,1,Beldongri,2023-06-01,2023,6,9289.61,5786.28,3503.33,37.71,0.947,0.869,0.757,High,UNIT-6221,haul_truck,engine,injector,19.9,corrective,False,major,31.72,0.0,4.71,37.2,Granittic_gneiss,False,165.146,Weather,"Weather impact score 0.76 — rainfall 0.0mm, wind 4.7 m/s, soil moisture (0-100cm) 37.2%, affecting haul-road and pit access (2025 seasonal pattern used as proxy for this calendar date).",Operations continued with adjusted shift timing to work around weather window.,Resolved,Successful,Continue routine monitoring; no further action required.,Proxy (2025 same-calendar-date pattern),"Proxy (global reference dataset, not MOIL-specific)","Proxy (generic MWD reference dataset, not MOIL-specific)"
CASE-CHI-202306-0513,1,Chikla,2023-06-01,2023,6,12107.62,9723.79,2383.83,19.69,0.957,0.973,0.862,Medium,UNIT-1874,excavator,preventive,filter_replace,3.7,preventive,True,routine,32.0,0.0,4.1,38.9,Amphibolittic_gneiss,True,126.641,Geological/Drilling,"Drilling data flags a transition/variable rock zone (Rock type: Amphibolittic_gneiss, rotation-pressure variance 126.6) — likely reduced penetration rate slowing blast-hole completion. [Hypothesis from generic MWD reference data — not yet validated against MOIL's own geology.]",Drill parameters and blast pattern adjusted for harder/variable rock; additional bit changes scheduled.,Resolved,Successful,Continue routine monitoring; no further action required.,Proxy (2025 same-calendar-date pattern),"Proxy (global reference dataset, not MOIL-specific)","Proxy (generic MWD reference dataset, not MOIL-specific)"
CASE-DON-202306-0514,1,Dongri Buzurg,2023-06-01,2023,6,15910.02,11243.81,4666.21,29.33,0.938,0.859,0.877,High,UNIT-6611,drill_rig,compressor,general_component,6.8,corrective,False,minor,31.72,0.0,4.71,38.2,Hornfels,False,126.259,Weather,"Weather impact score 0.88 — rainfall 0.0mm, wind 4.7 m/s, soil moisture (0-100cm) 38.2%, affecting haul-road and pit access (2025 seasonal pattern used as proxy for this calendar date).",Operations continued with adjusted shift timing to work around weather window.,Resolved,Successful,Continue routine monitoring; no further action required.,Proxy (2025 same-calendar-date pattern),"Proxy (global reference dataset, not MOIL-specific)","Proxy (generic MWD reference dataset, not MOIL-specific)"
CASE-GUM-202306-0515,1,Gumgaon,2023-06-01,2023,6,10307.37,7240.61,3066.76,29.75,0.98,0.865,0.828,High,UNIT-1890,haul_truck,preventive,filter_replace,8.9,preventive,True,minor,30.69,0.0,4.96,32.1,Drammensgranite,False,200.913,Weather,"Weather impact score 0.83 — rainfall 0.0mm, wind 5.0 m/s, soil moisture (0-100cm) 32.1%, affecting haul-road and pit access (2025 seasonal pattern used as proxy for this calendar date).",Operations continued with adjusted shift timing to work around weather window.,Resolved,Successful,Continue routine monitoring; no further action required.,Proxy (2025 same-calendar-date pattern),"Proxy (global reference dataset, not MOIL-specific)","Proxy (generic MWD reference dataset, not MOIL-specific)"
CASE-KAN-202306-0516,1,Kandri,2023-06-01,2023,6,11233.12,7434.77,3798.35,33.81,0.927,0.903,0.79,High,UNIT-7580,excavator,preventive,filter_replace,11.1,preventive,True,minor,31.72,0.0,4.71,34.300000000000004,Granittic_gneiss,False,178.578,Weather,"Weather impact score 0.79 — rainfall 0.0mm, wind 4.7 m/s, soil moisture (0-100cm) 34.3%, affecting haul-road and pit access (2025 seasonal pattern used as proxy for this calendar date).",Operations continued with adjusted shift timing to work around weather window.,Reduced,In Progress,Re-inspect within 7 days; escalate if shortfall persists.,Proxy (2025 same-calendar-date pattern),"Proxy (global reference dataset, not MOIL-specific)","Proxy (generic MWD reference dataset, not MOIL-specific)"
CASE-MUN-202306-0517,1,Munsar,2023-06-01,2023,6,9124.61,5019.68,4104.93,44.99,0.947,0.878,0.661,High,UNIT-5494,crusher,preventive,filter_replace,35.6,preventive,True,minor,31.72,0.0,4.71,34.300000000000004,Granittic_gneiss,False,157.807,Weather,"Weather impact score 0.66 — rainfall 0.0mm, wind 4.7 m/s, soil moisture (0-100cm) 34.3%, affecting haul-road and pit access (2025 seasonal pattern used as proxy for this calendar date).",Operations continued with adjusted shift timing to work around weather window.,Reduced,In Progress,Re-inspect within 7 days; escalate if shortfall persists.,Proxy (2025 same-calendar-date pattern),"Proxy (global reference dataset, not MOIL-specific)","Proxy (generic MWD reference dataset, not MOIL-specific)"
CASE-SIT-202306-0518,1,Sitapatore,2023-06-01,2023,6,10357.47,4901.77,5455.71,52.67,0.943,0.768,0.653,High,UNIT-2874,haul_truck,preventive,adjustment,6.6,preventive,True,minor,31.72,0.0,4.71,28.199999999999996,Drammensgranite,False,324.563,Weather,"Weather impact score 0.65 — rainfall 0.0mm, wind 4.7 m/s, soil moisture (0-100cm) 28.2%, affecting haul-road and pit access (2025 seasonal pattern used as proxy for this calendar date).",Operations continued with adjusted shift timing to work around weather window.,Reduced,In Progress,Re-inspect within 7 days; escalate if shortfall persists.,Proxy (2025 same-calendar-date pattern),"Proxy (global reference dataset, not MOIL-specific)","Proxy (generic MWD reference dataset, not MOIL-specific)"
CASE-SIT-202306-0519,2,Sitapatore,2023-06-05,2023,6,10357.47,4901.77,5455.71,52.67,0.943,0.768,0.653,High,UNIT-2874,haul_truck,preventive,adjustment,6.6,preventive,True,minor,31.72,0.0,4.71,28.199999999999996,Drammensgranite,False,324.563,Weather,Issue persists after initial action ('Operations continued with adjusted shift timing to work around weather window.') did not fully resolve it.,Contingency haulage plan activated (alternate route / stockpile buffer) until conditions normalise.,Reduced,In Progress,Re-inspect within 7 days; escalate if shortfall persists.,Proxy (2025 same-calendar-date pattern),"Proxy (global reference dataset, not MOIL-specific)","Proxy (generic MWD reference dataset, not MOIL-specific)"
CASE-TIR-202306-0520,1,Tirodi,2023-06-01,2023,6,16949.18,10021.96,6927.22,40.87,0.948,0.838,0.744,High,UNIT-9162,haul_truck,preventive,filter_replace,3.2,preventive,True,routine,32.0,0.0,4.1,32.7,Granittic_gneiss,False,219.823,Weather,"Weather impact score 0.74 — rainfall 0.0mm, wind 4.1 m/s, soil moisture (0-100cm) 32.7%, affecting haul-road and pit access (2025 seasonal pattern used as proxy for this calendar date).",Operations continued with adjusted shift timing to work around weather window.,Reduced,In Progress,Re-inspect within 7 days; escalate if shortfall persists.,Proxy (2025 same-calendar-date pattern),"Proxy (global reference dataset, not MOIL-specific)","Proxy (generic MWD reference dataset, not MOIL-specific)"
CASE-UKW-202306-0521,1,Ukwa,2023-06-01,2023,6,18042.29,9061.96,8980.33,49.77,0.932,0.796,0.677,High,UNIT-8515,excavator,electrical,starter,19.0,major_overhaul,True,major,30.45,0.0,3.49,36.9,Granittic_gneiss,False,245.943,Weather,"Weather impact score 0.68 — rainfall 0.0mm, wind 3.5 m/s, soil moisture (0-100cm) 36.9%, affecting haul-road and pit access (2025 seasonal pattern used as proxy for this calendar date).",Operations continued with adjusted shift timing to work around weather window.,Reduced,In Progress,Re-inspect within 7 days; escalate if shortfall persists.,Proxy (2025 same-calendar-date pattern),"Proxy (global reference dataset, not MOIL-specific)","Proxy (generic MWD reference dataset, not MOIL-specific)"
CASE-BAL-202307-0522,1,Balaghat,2023-07-01,2023,7,19030.92,9949.81,9081.12,47.72,0.953,0.816,0.672,High,UNIT-3279,haul_truck,tires,rear_left,23.2,corrective,False,major,25.76,44.26,2.9,43.2,Granittic_gneiss,False,180.515,Weather,"Weather impact score 0.67 — rainfall 44.3mm, wind 2.9 m/s, soil moisture (0-100cm) 43.2%, affecting haul-road and pit access (2025 seasonal pattern used as proxy for this calendar date).",Haulage rescheduled around peak rainfall hours; drainage and access-road reinforcement carried out.,Failed,Escalated,Escalate: Contingency haulage plan activated (alternate route / stockpile buffer) until conditions normalise.,Proxy (2025 same-calendar-date pattern),"Proxy (global reference dataset, not MOIL-specific)","Proxy (generic MWD reference dataset, not MOIL-specific)"
CASE-BAL-202307-0523,2,Balaghat,2023-07-07,2023,7,19030.92,9949.81,9081.12,47.72,0.953,0.816,0.672,High,UNIT-3279,haul_truck,tires,rear_left,23.2,corrective,False,major,25.76,44.26,2.9,43.2,Granittic_gneiss,False,180.515,Weather,Issue persists after initial action ('Haulage rescheduled around peak rainfall hours; drainage and access-road reinforcement carried out.') did not fully resolve it.,Contingency haulage plan activated (alternate route / stockpile buffer) until conditions normalise.,Failed,Escalated,Escalate: Contingency haulage plan activated (alternate route / stockpile buffer) until conditions normalise.,Proxy (2025 same-calendar-date pattern),"Proxy (global reference dataset, not MOIL-specific)","Proxy (generic MWD reference dataset, not MOIL-specific)"
CASE-BEL-202307-0524,1,Beldongri,2023-07-01,2023,7,8578.06,5229.81,3348.26,39.03,0.859,0.942,0.753,High,UNIT-3913,grader,blade,general_component,1.9,predictive,False,routine,26.25,30.35,3.77,44.6,Drammensgranite,False,307.849,Weather,"Weather impact score 0.75 — rainfall 30.4mm, wind 3.8 m/s, soil moisture (0-100cm) 44.6%, affecting haul-road and pit access (2025 seasonal pattern used as proxy for this calendar date).",Haulage rescheduled around peak rainfall hours; drainage and access-road reinforcement carried out.,Failed,Escalated,Escalate: Contingency haulage plan activated (alternate route / stockpile buffer) until conditions normalise.,Proxy (2025 same-calendar-date pattern),"Proxy (global reference dataset, not MOIL-specific)","Proxy (generic MWD reference dataset, not MOIL-specific)"
CASE-BEL-202307-0525,2,Beldongri,2023-07-06,2023,7,8578.06,5229.81,3348.26,39.03,0.859,0.942,0.753,High,UNIT-3913,grader,blade,general_component,1.9,predictive,False,routine,26.25,30.35,3.77,44.6,Drammensgranite,False,307.849,Weather,Issue persists after initial action ('Haulage rescheduled around peak rainfall hours; drainage and access-road reinforcement carried out.') did not fully resolve it.,Contingency haulage plan activated (alternate route / stockpile buffer) until conditions normalise.,Reduced,In Progress,Re-inspect within 7 days; escalate if shortfall persists.,Proxy (2025 same-calendar-date pattern),"Proxy (global reference dataset, not MOIL-specific)","Proxy (generic MWD reference dataset, not MOIL-specific)"
CASE-CHI-202307-0526,1,Chikla,2023-07-01,2023,7,10225.91,6275.89,3950.02,38.63,0.824,0.904,0.824,High,UNIT-2804,loader,preventive,adjustment,2.9,preventive,True,routine,26.27,41.54,3.23,47.599999999999994,Hornfels,False,167.981,Operational/Workforce,"Operational efficiency at 0.82, below target — indicates shift, workflow or crew utilisation gap.","Action scheduled, not yet executed.",Not Yet Assessed,Pending,Action logged; awaiting execution and outcome review.,Proxy (2025 same-calendar-date pattern),"Proxy (global reference dataset, not MOIL-specific)","Proxy (generic MWD reference dataset, not MOIL-specific)"
CASE-DON-202307-0527,1,Dongri Buzurg,2023-07-01,2023,7,14090.57,8239.09,5851.48,41.53,0.808,0.992,0.729,High,UNIT-8427,drill_rig,preventive,oil_change,2.2,preventive,True,routine,26.25,30.35,3.77,48.199999999999996,Granittic_gneiss,False,73.948,Weather,"Weather impact score 0.73 — rainfall 30.4mm, wind 3.8 m/s, soil moisture (0-100cm) 48.2%, affecting haul-road and pit access (2025 seasonal pattern used as proxy for this calendar date).",Haulage rescheduled around peak rainfall hours; drainage and access-road reinforcement carried out.,Reduced,In Progress,Re-inspect within 7 days; escalate if shortfall persists.,Proxy (2025 same-calendar-date pattern),"Proxy (global reference dataset, not MOIL-specific)","Proxy (generic MWD reference dataset, not MOIL-specific)"
CASE-GUM-202307-0528,1,Gumgaon,2023-07-01,2023,7,9814.84,7031.92,2782.92,28.35,0.92,0.896,0.869,High,UNIT-8518,grader,preventive,oil_change,3.0,preventive,True,routine,25.64,16.47,4.46,40.6,Granittic_gneiss,False,194.992,Weather,"Weather impact score 0.87 — rainfall 16.5mm, wind 4.5 m/s, soil moisture (0-100cm) 40.6%, affecting haul-road and pit access (2025 seasonal pattern used as proxy for this calendar date).",Haulage rescheduled around peak rainfall hours; drainage and access-road reinforcement carried out.,Resolved,Successful,Continue routine monitoring; no further action required.,Proxy (2025 same-calendar-date pattern),"Proxy (global reference dataset, not MOIL-specific)","Proxy (generic MWD reference dataset, not MOIL-specific)"
CASE-KAN-202307-0529,1,Kandri,2023-07-01,2023,7,9511.88,4657.58,4854.3,51.03,0.826,0.835,0.711,High,UNIT-1941,excavator,preventive,adjustment,4.3,preventive,True,routine,26.25,30.35,3.77,40.300000000000004,Blackshale,True,104.005,Weather,"Weather impact score 0.71 — rainfall 30.4mm, wind 3.8 m/s, soil moisture (0-100cm) 40.3%, affecting haul-road and pit access (2025 seasonal pattern used as proxy for this calendar date).",Haulage rescheduled around peak rainfall hours; drainage and access-road reinforcement carried out.,Failed,Escalated,Escalate: Contingency haulage plan activated (alternate route / stockpile buffer) until conditions normalise.,Proxy (2025 same-calendar-date pattern),"Proxy (global reference dataset, not MOIL-specific)","Proxy (generic MWD reference dataset, not MOIL-specific)"
CASE-KAN-202307-0530,2,Kandri,2023-07-05,2023,7,9511.88,4657.58,4854.3,51.03,0.826,0.835,0.711,High,UNIT-1941,excavator,preventive,adjustment,4.3,preventive,True,routine,26.25,30.35,3.77,40.300000000000004,Blackshale,True,104.005,Weather,Issue persists after initial action ('Haulage rescheduled around peak rainfall hours; drainage and access-road reinforcement carried out.') did not fully resolve it.,Contingency haulage plan activated (alternate route / stockpile buffer) until conditions normalise.,Failed,Escalated,Escalate: Contingency haulage plan activated (alternate route / stockpile buffer) until conditions normalise.,Proxy (2025 same-calendar-date pattern),"Proxy (global reference dataset, not MOIL-specific)","Proxy (generic MWD reference dataset, not MOIL-specific)"
CASE-MUN-202307-0531,1,Munsar,2023-07-01,2023,7,8089.91,5577.96,2511.95,31.05,0.886,0.86,0.905,High,UNIT-3893,haul_truck,hydraulics,valve,22.1,corrective,False,major,26.25,30.35,3.77,40.300000000000004,Rhomb_porphyry,False,161.864,Operational/Workforce,"Operational efficiency at 0.89, below target — indicates shift, workflow or crew utilisation gap.","Shift roster reallocated, additional crew deployed to bottleneck section, workflow reviewed with site supervisor.",Resolved,Successful,Continue routine monitoring; no further action required.,Proxy (2025 same-calendar-date pattern),"Proxy (global reference dataset, not MOIL-specific)","Proxy (generic MWD reference dataset, not MOIL-specific)"
CASE-SIT-202307-0532,1,Sitapatore,2023-07-01,2023,7,9122.48,4955.26,4167.22,45.68,0.824,0.799,0.824,High,UNIT-4644,crusher,shaft,general_component,31.0,corrective,False,minor,26.25,30.35,3.77,41.3,Amphibolittic_gneiss,True,240.08,Operational/Workforce,"Operational efficiency at 0.82, below target — indicates shift, workflow or crew utilisation gap.","Shift roster reallocated, additional crew deployed to bottleneck section, workflow reviewed with site supervisor.",Reduced,In Progress,Re-inspect within 7 days; escalate if shortfall persists.,Proxy (2025 same-calendar-date pattern),"Proxy (global reference dataset, not MOIL-specific)","Proxy (generic MWD reference dataset, not MOIL-specific)"
CASE-TIR-202307-0533,1,Tirodi,2023-07-01,2023,7,13747.24,11479.91,2267.34,16.49,0.963,0.965,0.898,Medium,UNIT-6264,excavator,preventive,filter_replace,5.6,preventive,True,routine,26.27,41.54,3.23,42.8,Blackshale,False,71.87,Weather,"Weather impact score 0.90 — rainfall 41.5mm, wind 3.2 m/s, soil moisture (0-100cm) 42.8%, affecting haul-road and pit access (2025 seasonal pattern used as proxy for this calendar date).",Haulage rescheduled around peak rainfall hours; drainage and access-road reinforcement carried out.,Reduced,In Progress,Re-inspect within 7 days; escalate if shortfall persists.,Proxy (2025 same-calendar-date pattern),"Proxy (global reference dataset, not MOIL-specific)","Proxy (generic MWD reference dataset, not MOIL-specific)"
CASE-TIR-202307-0534,2,Tirodi,2023-07-09,2023,7,13747.24,11479.91,2267.34,16.49,0.963,0.965,0.898,Medium,UNIT-6264,excavator,preventive,filter_replace,5.6,preventive,True,routine,26.27,41.54,3.23,42.8,Blackshale,False,71.87,Weather,Issue persists after initial action ('Haulage rescheduled around peak rainfall hours; drainage and access-road reinforcement carried out.') did not fully resolve it.,Contingency haulage plan activated (alternate route / stockpile buffer) until conditions normalise.,Resolved,Successful,Continue routine monitoring; no further action required.,Proxy (2025 same-calendar-date pattern),"Proxy (global reference dataset, not MOIL-specific)","Proxy (generic MWD reference dataset, not MOIL-specific)"
CASE-UKW-202307-0535,1,Ukwa,2023-07-01,2023,7,14841.61,10338.91,4502.7,30.34,0.951,0.865,0.847,High,UNIT-2625,conveyor,preventive,adjustment,1.2,preventive,True,routine,25.31,33.41,3.01,42.4,Granittic_gneiss,True,166.075,Geological/Drilling,"Drilling data flags a transition/variable rock zone (Rock type: Granittic_gneiss, rotation-pressure variance 166.1) — likely reduced penetration rate slowing blast-hole completion. [Hypothesis from generic MWD reference data — not yet validated against MOIL's own geology.]",Drill parameters and blast pattern adjusted for harder/variable rock; additional bit changes scheduled.,Failed,Escalated,Escalate: Escalated to geology/blast engineering team for re-survey of the zone.,Proxy (2025 same-calendar-date pattern),"Proxy (global reference dataset, not MOIL-specific)","Proxy (generic MWD reference dataset, not MOIL-specific)"
CASE-UKW-202307-0536,2,Ukwa,2023-07-10,2023,7,14841.61,10338.91,4502.7,30.34,0.951,0.865,0.847,High,UNIT-2625,conveyor,preventive,adjustment,1.2,preventive,True,routine,25.31,33.41,3.01,42.4,Granittic_gneiss,True,166.075,Geological/Drilling,Issue persists after initial action ('Drill parameters and blast pattern adjusted for harder/variable rock; additional bit changes scheduled.') did not fully resolve it.,Escalated to geology/blast engineering team for re-survey of the zone.,Reduced,In Progress,Re-inspect within 7 days; escalate if shortfall persists.,Proxy (2025 same-calendar-date pattern),"Proxy (global reference dataset, not MOIL-specific)","Proxy (generic MWD reference dataset, not MOIL-specific)"
CASE-BAL-202308-0537,1,Balaghat,2023-08-01,2023,8,19248.47,13040.66,6207.81,32.25,0.931,0.794,0.916,High,UNIT-9366,conveyor,roller,general_component,11.0,corrective,False,major,25.78,4.18,2.08,48.9,Granittic_gneiss,False,109.883,Equipment,"Equipment availability below target. conveyor (UNIT-9366) recorded a major 'roller' issue affecting the general component; 11.0h downtime, unscheduled corrective maintenance logged.",Emergency corrective maintenance dispatched; conveyor isolated from production circuit until repaired.,Failed,Escalated,Escalate: Component replacement / major overhaul scheduled; equipment flagged for engineering review.,Proxy (2025 same-calendar-date pattern),"Proxy (global reference dataset, not MOIL-specific)","Proxy (generic MWD reference dataset, not MOIL-specific)"
CASE-BAL-202308-0538,2,Balaghat,2023-08-10,2023,8,19248.47,13040.66,6207.81,32.25,0.931,0.794,0.916,High,UNIT-9366,conveyor,roller,general_component,11.0,corrective,False,major,25.78,4.18,2.08,48.9,Granittic_gneiss,False,109.883,Equipment,Issue persists after initial action ('Emergency corrective maintenance dispatched; conveyor isolated from production circuit until repaired.') did not fully resolve it.,Component replacement / major overhaul scheduled; equipment flagged for engineering review.,Resolved,Successful,Continue routine monitoring; no further action required.,Proxy (2025 same-calendar-date pattern),"Proxy (global reference dataset, not MOIL-specific)","Proxy (generic MWD reference dataset, not MOIL-specific)"
CASE-BEL-202308-0539,1,Beldongri,2023-08-01,2023,8,8553.09,4629.58,3923.51,45.87,0.809,0.791,0.846,High,UNIT-4703,drill_rig,preventive,inspection,4.5,preventive,True,minor,26.48,1.28,2.31,49.0,Granittic_gneiss,True,74.542,Operational/Workforce,"Operational efficiency at 0.81, below target — indicates shift, workflow or crew utilisation gap.","Shift roster reallocated, additional crew deployed to bottleneck section, workflow reviewed with site supervisor.",Reduced,In Progress,Re-inspect within 7 days; escalate if shortfall persists.,Proxy (2025 same-calendar-date pattern),"Proxy (global reference dataset, not MOIL-specific)","Proxy (generic MWD reference dataset, not MOIL-specific)"
CASE-BEL-202308-0540,2,Beldongri,2023-08-04,2023,8,8553.09,4629.58,3923.51,45.87,0.809,0.791,0.846,High,UNIT-4703,drill_rig,preventive,inspection,4.5,preventive,True,minor,26.48,1.28,2.31,49.0,Granittic_gneiss,True,74.542,Operational/Workforce,"Issue persists after initial action ('Shift roster reallocated, additional crew deployed to bottleneck section, workflow reviewed with site supervisor.') did not fully resolve it.",Escalated to operations manager for full process and staffing audit.,Resolved,Successful,Continue routine monitoring; no further action required.,Proxy (2025 same-calendar-date pattern),"Proxy (global reference dataset, not MOIL-specific)","Proxy (generic MWD reference dataset, not MOIL-specific)"
CASE-CHI-202308-0541,1,Chikla,2023-08-01,2023,8,10870.82,6807.57,4063.24,37.38,0.843,0.876,0.848,High,UNIT-5980,excavator,preventive,adjustment,4.4,preventive,True,routine,26.35,3.46,2.0,46.7,Amphibolittic_gneiss,False,188.376,Operational/Workforce,"Operational efficiency at 0.84, below target — indicates shift, workflow or crew utilisation gap.","Shift roster reallocated, additional crew deployed to bottleneck section, workflow reviewed with site supervisor.",Resolved,Successful,Continue routine monitoring; no further action required.,Proxy (2025 same-calendar-date pattern),"Proxy (global reference dataset, not MOIL-specific)","Proxy (generic MWD reference dataset, not MOIL-specific)"
CASE-DON-202308-0542,1,Dongri Buzurg,2023-08-01,2023,8,14107.33,9116.75,4990.58,35.38,0.918,0.877,0.803,High,UNIT-7571,excavator,undercarriage,general_component,66.6,corrective,False,critical,26.48,1.28,2.31,46.300000000000004,Rhomb_porphyry,False,111.352,Weather,"Weather impact score 0.80 — rainfall 1.3mm, wind 2.3 m/s, soil moisture (0-100cm) 46.3%, affecting haul-road and pit access (2025 seasonal pattern used as proxy for this calendar date).",Haulage rescheduled around peak rainfall hours; drainage and access-road reinforcement carried out.,Reduced,In Progress,Re-inspect within 7 days; escalate if shortfall persists.,Proxy (2025 same-calendar-date pattern),"Proxy (global reference dataset, not MOIL-specific)","Proxy (generic MWD reference dataset, not MOIL-specific)"
CASE-GUM-202308-0543,1,Gumgaon,2023-08-01,2023,8,9542.23,5861.04,3681.19,38.58,0.975,0.909,0.693,High,UNIT-5669,excavator,preventive,oil_change,4.9,preventive,True,routine,26.05,0.29,2.67,49.1,Amphibolittic_gneiss,True,305.717,Weather,"Weather impact score 0.69 — rainfall 0.3mm, wind 2.7 m/s, soil moisture (0-100cm) 49.1%, affecting haul-road and pit access (2025 seasonal pattern used as proxy for this calendar date).",Haulage rescheduled around peak rainfall hours; drainage and access-road reinforcement carried out.,Reduced,In Progress,Re-inspect within 7 days; escalate if shortfall persists.,Proxy (2025 same-calendar-date pattern),"Proxy (global reference dataset, not MOIL-specific)","Proxy (generic MWD reference dataset, not MOIL-specific)"
CASE-GUM-202308-0544,2,Gumgaon,2023-08-06,2023,8,9542.23,5861.04,3681.19,38.58,0.975,0.909,0.693,High,UNIT-5669,excavator,preventive,oil_change,4.9,preventive,True,routine,26.05,0.29,2.67,49.1,Amphibolittic_gneiss,True,305.717,Weather,Issue persists after initial action ('Haulage rescheduled around peak rainfall hours; drainage and access-road reinforcement carried out.') did not fully resolve it.,Contingency haulage plan activated (alternate route / stockpile buffer) until conditions normalise.,Resolved,Successful,Continue routine monitoring; no further action required.,Proxy (2025 same-calendar-date pattern),"Proxy (global reference dataset, not MOIL-specific)","Proxy (generic MWD reference dataset, not MOIL-specific)"
CASE-KAN-202308-0545,1,Kandri,2023-08-01,2023,8,9329.33,5572.81,3756.52,40.27,0.802,0.812,0.918,High,UNIT-8796,crusher,hydraulics,valve,13.9,corrective,False,minor,26.48,1.28,2.31,49.0,Amphibolittic_gneiss,True,435.675,Operational/Workforce,"Operational efficiency at 0.80, below target — indicates shift, workflow or crew utilisation gap.","Shift roster reallocated, additional crew deployed to bottleneck section, workflow reviewed with site supervisor.",Resolved,Successful,Continue routine monitoring; no further action required.,Proxy (2025 same-calendar-date pattern),"Proxy (global reference dataset, not MOIL-specific)","Proxy (generic MWD reference dataset, not MOIL-specific)"
CASE-MUN-202308-0546,1,Munsar,2023-08-01,2023,8,7866.21,5261.97,2604.24,33.11,0.88,0.95,0.8,High,UNIT-9300,pump,seal,general_component,3.5,corrective,False,minor,26.48,1.28,2.31,49.0,Amphibolittic_gneiss,False,255.632,Weather,"Weather impact score 0.80 — rainfall 1.3mm, wind 2.3 m/s, soil moisture (0-100cm) 49.0%, affecting haul-road and pit access (2025 seasonal pattern used as proxy for this calendar date).",Haulage rescheduled around peak rainfall hours; drainage and access-road reinforcement carried out.,Reduced,In Progress,Re-inspect within 7 days; escalate if shortfall persists.,Proxy (2025 same-calendar-date pattern),"Proxy (global reference dataset, not MOIL-specific)","Proxy (generic MWD reference dataset, not MOIL-specific)"
CASE-SIT-202308-0547,1,Sitapatore,2023-08-01,2023,8,9583.61,6075.79,3507.82,36.6,0.923,0.797,0.862,High,UNIT-7694,grader,hydraulics,hose,22.6,corrective,False,major,26.48,1.28,2.31,48.9,Granittic_gneiss,False,466.739,Equipment,"Equipment availability below target. grader (UNIT-7694) recorded a major 'hydraulics' issue affecting the hose; 22.6h downtime, unscheduled corrective maintenance logged.",Emergency corrective maintenance dispatched; grader isolated from production circuit until repaired.,Resolved,Successful,Continue routine monitoring; no further action required.,Proxy (2025 same-calendar-date pattern),"Proxy (global reference dataset, not MOIL-specific)","Proxy (generic MWD reference dataset, not MOIL-specific)"
CASE-TIR-202308-0548,1,Tirodi,2023-08-01,2023,8,14124.18,9056.7,5067.48,35.88,0.801,0.94,0.851,High,UNIT-5928,loader,preventive,filter_replace,4.5,preventive,True,routine,26.35,3.46,2.0,46.6,Rhomb_porphyry,False,199.541,Operational/Workforce,"Operational efficiency at 0.80, below target — indicates shift, workflow or crew utilisation gap.","Shift roster reallocated, additional crew deployed to bottleneck section, workflow reviewed with site supervisor.",Reduced,In Progress,Re-inspect within 7 days; escalate if shortfall persists.,Proxy (2025 same-calendar-date pattern),"Proxy (global reference dataset, not MOIL-specific)","Proxy (generic MWD reference dataset, not MOIL-specific)"
CASE-UKW-202308-0549,1,Ukwa,2023-08-01,2023,8,14765.88,8509.06,6256.82,42.37,0.992,0.842,0.69,High,UNIT-2526,haul_truck,hydraulics,filter,3.9,predictive,False,routine,25.18,5.4,2.21,41.0,Granittic_gneiss,False,340.109,Weather,"Weather impact score 0.69 — rainfall 5.4mm, wind 2.2 m/s, soil moisture (0-100cm) 41.0%, affecting haul-road and pit access (2025 seasonal pattern used as proxy for this calendar date).",Haulage rescheduled around peak rainfall hours; drainage and access-road reinforcement carried out.,Reduced,In Progress,Re-inspect within 7 days; escalate if shortfall persists.,Proxy (2025 same-calendar-date pattern),"Proxy (global reference dataset, not MOIL-specific)","Proxy (generic MWD reference dataset, not MOIL-specific)"
CASE-BAL-202309-0550,1,Balaghat,2023-09-01,2023,9,21192.17,15924.06,5268.12,24.86,0.975,0.999,0.771,Medium,UNIT-4825,drill_rig,drill_string,general_component,11.6,corrective,False,major,25.89,10.12,1.85,49.9,Rhomb_porphyry,False,112.141,Weather,"Weather impact score 0.77 — rainfall 10.1mm, wind 1.9 m/s, soil moisture (0-100cm) 49.9%, affecting haul-road and pit access (2025 seasonal pattern used as proxy for this calendar date).",Haulage rescheduled around peak rainfall hours; drainage and access-road reinforcement carried out.,Reduced,In Progress,Re-inspect within 7 days; escalate if shortfall persists.,Proxy (2025 same-calendar-date pattern),"Proxy (global reference dataset, not MOIL-specific)","Proxy (generic MWD reference dataset, not MOIL-specific)"
CASE-BEL-202309-0551,1,Beldongri,2023-09-01,2023,9,9665.36,6460.1,3205.27,33.16,0.977,0.898,0.761,High,UNIT-2142,grader,tires,front_right,51.0,corrective,False,critical,26.03,19.43,2.06,50.9,Rhomb_porphyry,False,78.825,Weather,"Weather impact score 0.76 — rainfall 19.4mm, wind 2.1 m/s, soil moisture (0-100cm) 50.9%, affecting haul-road and pit access (2025 seasonal pattern used as proxy for this calendar date).",Haulage rescheduled around peak rainfall hours; drainage and access-road reinforcement carried out.,Reduced,In Progress,Re-inspect within 7 days; escalate if shortfall persists.,Proxy (2025 same-calendar-date pattern),"Proxy (global reference dataset, not MOIL-specific)","Proxy (generic MWD reference dataset, not MOIL-specific)"
CASE-BEL-202309-0552,2,Beldongri,2023-09-04,2023,9,9665.36,6460.1,3205.27,33.16,0.977,0.898,0.761,High,UNIT-2142,grader,tires,front_right,51.0,corrective,False,critical,26.03,19.43,2.06,50.9,Rhomb_porphyry,False,78.825,Weather,Issue persists after initial action ('Haulage rescheduled around peak rainfall hours; drainage and access-road reinforcement carried out.') did not fully resolve it.,Contingency haulage plan activated (alternate route / stockpile buffer) until conditions normalise.,Resolved,Successful,Continue routine monitoring; no further action required.,Proxy (2025 same-calendar-date pattern),"Proxy (global reference dataset, not MOIL-specific)","Proxy (generic MWD reference dataset, not MOIL-specific)"
CASE-CHI-202309-0553,1,Chikla,2023-09-01,2023,9,12394.73,7762.6,4632.13,37.37,0.801,0.905,0.864,High,UNIT-9637,pump,motor,general_component,3.7,corrective,False,minor,26.4,14.75,1.89,50.7,Rhomb_porphyry,False,39.924,Operational/Workforce,"Operational efficiency at 0.80, below target — indicates shift, workflow or crew utilisation gap.","Shift roster reallocated, additional crew deployed to bottleneck section, workflow reviewed with site supervisor.",Failed,Escalated,Escalate: Escalated to operations manager for full process and staffing audit.,Proxy (2025 same-calendar-date pattern),"Proxy (global reference dataset, not MOIL-specific)","Proxy (generic MWD reference dataset, not MOIL-specific)"
CASE-CHI-202309-0554,2,Chikla,2023-09-08,2023,9,12394.73,7762.6,4632.13,37.37,0.801,0.905,0.864,High,UNIT-9637,pump,motor,general_component,3.7,corrective,False,minor,26.4,14.75,1.89,50.7,Rhomb_porphyry,False,39.924,Operational/Workforce,"Issue persists after initial action ('Shift roster reallocated, additional crew deployed to bottleneck section, workflow reviewed with site supervisor.') did not fully resolve it.",Escalated to operations manager for full process and staffing audit.,Reduced,In Progress,Re-inspect within 7 days; escalate if shortfall persists.,Proxy (2025 same-calendar-date pattern),"Proxy (global reference dataset, not MOIL-specific)","Proxy (generic MWD reference dataset, not MOIL-specific)"
CASE-DON-202309-0555,1,Dongri Buzurg,2023-09-01,2023,9,15549.5,8288.72,7260.78,46.69,0.918,0.87,0.668,High,UNIT-9176,loader,preventive,inspection,2.2,preventive,True,routine,26.03,19.43,2.06,50.3,Granittic_gneiss,False,53.829,Weather,"Weather impact score 0.67 — rainfall 19.4mm, wind 2.1 m/s, soil moisture (0-100cm) 50.3%, affecting haul-road and pit access (2025 seasonal pattern used as proxy for this calendar date).",Haulage rescheduled around peak rainfall hours; drainage and access-road reinforcement carried out.,Resolved,Successful,Continue routine monitoring; no further action required.,Proxy (2025 same-calendar-date pattern),"Proxy (global reference dataset, not MOIL-specific)","Proxy (generic MWD reference dataset, not MOIL-specific)"
CASE-GUM-202309-0556,1,Gumgaon,2023-09-01,2023,9,10892.59,7365.43,3527.15,32.38,0.912,0.89,0.833,High,UNIT-3302,excavator,preventive,oil_change,5.7,preventive,True,routine,25.25,16.7,2.24,51.2,Granittic_gneiss,False,580.117,Weather,"Weather impact score 0.83 — rainfall 16.7mm, wind 2.2 m/s, soil moisture (0-100cm) 51.2%, affecting haul-road and pit access (2025 seasonal pattern used as proxy for this calendar date).",Haulage rescheduled around peak rainfall hours; drainage and access-road reinforcement carried out.,Reduced,In Progress,Re-inspect within 7 days; escalate if shortfall persists.,Proxy (2025 same-calendar-date pattern),"Proxy (global reference dataset, not MOIL-specific)","Proxy (generic MWD reference dataset, not MOIL-specific)"
CASE-KAN-202309-0557,1,Kandri,2023-09-01,2023,9,11135.73,6100.03,5035.7,45.22,0.854,0.956,0.671,High,UNIT-2671,conveyor,roller,general_component,8.3,major_overhaul,True,major,26.03,19.43,2.06,51.1,Rhomb_porphyry,False,156.88,Weather,"Weather impact score 0.67 — rainfall 19.4mm, wind 2.1 m/s, soil moisture (0-100cm) 51.1%, affecting haul-road and pit access (2025 seasonal pattern used as proxy for this calendar date).","Action scheduled, not yet executed.",Not Yet Assessed,Pending,Action logged; awaiting execution and outcome review.,Proxy (2025 same-calendar-date pattern),"Proxy (global reference dataset, not MOIL-specific)","Proxy (generic MWD reference dataset, not MOIL-specific)"
CASE-MUN-202309-0558,1,Munsar,2023-09-01,2023,9,9037.98,6397.08,2640.9,29.22,0.867,0.946,0.863,High,UNIT-9701,haul_truck,engine,head_gasket,3.4,predictive,False,routine,26.03,19.43,2.06,51.1,Huk_limestone,False,103.414,Weather,"Weather impact score 0.86 — rainfall 19.4mm, wind 2.1 m/s, soil moisture (0-100cm) 51.1%, affecting haul-road and pit access (2025 seasonal pattern used as proxy for this calendar date).",Haulage rescheduled around peak rainfall hours; drainage and access-road reinforcement carried out.,Reduced,In Progress,Re-inspect within 7 days; escalate if shortfall persists.,Proxy (2025 same-calendar-date pattern),"Proxy (global reference dataset, not MOIL-specific)","Proxy (generic MWD reference dataset, not MOIL-specific)"
CASE-MUN-202309-0559,2,Munsar,2023-09-05,2023,9,9037.98,6397.08,2640.9,29.22,0.867,0.946,0.863,High,UNIT-9701,haul_truck,engine,head_gasket,3.4,predictive,False,routine,26.03,19.43,2.06,51.1,Huk_limestone,False,103.414,Weather,Issue persists after initial action ('Haulage rescheduled around peak rainfall hours; drainage and access-road reinforcement carried out.') did not fully resolve it.,Contingency haulage plan activated (alternate route / stockpile buffer) until conditions normalise.,Failed,Escalated,Escalate: Contingency haulage plan activated (alternate route / stockpile buffer) until conditions normalise.,Proxy (2025 same-calendar-date pattern),"Proxy (global reference dataset, not MOIL-specific)","Proxy (generic MWD reference dataset, not MOIL-specific)"
CASE-SIT-202309-0560,1,Sitapatore,2023-09-01,2023,9,10824.82,5803.0,5021.82,46.39,0.888,0.787,0.767,High,UNIT-9134,loader,preventive,inspection,2.5,preventive,True,routine,26.03,19.43,2.06,47.4,Hornfels,False,82.481,Weather,"Weather impact score 0.77 — rainfall 19.4mm, wind 2.1 m/s, soil moisture (0-100cm) 47.4%, affecting haul-road and pit access (2025 seasonal pattern used as proxy for this calendar date).",Haulage rescheduled around peak rainfall hours; drainage and access-road reinforcement carried out.,Reduced,In Progress,Re-inspect within 7 days; escalate if shortfall persists.,Proxy (2025 same-calendar-date pattern),"Proxy (global reference dataset, not MOIL-specific)","Proxy (generic MWD reference dataset, not MOIL-specific)"
CASE-SIT-202309-0561,2,Sitapatore,2023-09-07,2023,9,10824.82,5803.0,5021.82,46.39,0.888,0.787,0.767,High,UNIT-9134,loader,preventive,inspection,2.5,preventive,True,routine,26.03,19.43,2.06,47.4,Hornfels,False,82.481,Weather,Issue persists after initial action ('Haulage rescheduled around peak rainfall hours; drainage and access-road reinforcement carried out.') did not fully resolve it.,Contingency haulage plan activated (alternate route / stockpile buffer) until conditions normalise.,Reduced,In Progress,Re-inspect within 7 days; escalate if shortfall persists.,Proxy (2025 same-calendar-date pattern),"Proxy (global reference dataset, not MOIL-specific)","Proxy (generic MWD reference dataset, not MOIL-specific)"
CASE-TIR-202309-0562,1,Tirodi,2023-09-01,2023,9,15542.38,10852.47,4689.91,30.18,0.844,0.9,0.92,High,UNIT-6422,pump,preventive,adjustment,0.9,preventive,True,routine,26.4,14.75,1.89,50.4,Blackshale,False,199.064,Operational/Workforce,"Operational efficiency at 0.84, below target — indicates shift, workflow or crew utilisation gap.","Shift roster reallocated, additional crew deployed to bottleneck section, workflow reviewed with site supervisor.",Resolved,Successful,Continue routine monitoring; no further action required.,Proxy (2025 same-calendar-date pattern),"Proxy (global reference dataset, not MOIL-specific)","Proxy (generic MWD reference dataset, not MOIL-specific)"
CASE-UKW-202309-0563,1,Ukwa,2023-09-01,2023,9,18320.55,12543.59,5776.96,31.53,0.929,0.855,0.862,High,UNIT-8717,grader,preventive,filter_replace,4.0,preventive,True,routine,25.55,6.85,1.84,41.3,Drammensgranite,False,298.798,Weather,"Weather impact score 0.86 — rainfall 6.8mm, wind 1.8 m/s, soil moisture (0-100cm) 41.3%, affecting haul-road and pit access (2025 seasonal pattern used as proxy for this calendar date).",Haulage rescheduled around peak rainfall hours; drainage and access-road reinforcement carried out.,Reduced,In Progress,Re-inspect within 7 days; escalate if shortfall persists.,Proxy (2025 same-calendar-date pattern),"Proxy (global reference dataset, not MOIL-specific)","Proxy (generic MWD reference dataset, not MOIL-specific)"
CASE-BAL-202310-0564,1,Balaghat,2023-10-01,2023,10,23559.1,18102.95,5456.15,23.16,0.882,0.96,0.908,Medium,UNIT-4006,drill_rig,compressor,general_component,15.5,corrective,False,major,25.59,3.9,1.7,48.0,Blackshale,True,85.552,Geological/Drilling,"Drilling data flags a transition/variable rock zone (Rock type: Blackshale, rotation-pressure variance 85.6) — likely reduced penetration rate slowing blast-hole completion. [Hypothesis from generic MWD reference data — not yet validated against MOIL's own geology.]",Drill parameters and blast pattern adjusted for harder/variable rock; additional bit changes scheduled.,Reduced,In Progress,Re-inspect within 7 days; escalate if shortfall persists.,Proxy (2025 same-calendar-date pattern),"Proxy (global reference dataset, not MOIL-specific)","Proxy (generic MWD reference dataset, not MOIL-specific)"
CASE-BEL-202310-0565,1,Beldongri,2023-10-01,2023,10,10793.12,7129.94,3663.18,33.94,0.918,0.796,0.904,High,UNIT-2154,crusher,motor,general_component,59.7,corrective,False,major,26.18,0.44,1.79,43.6,Granittic_gneiss,False,126.347,Equipment,"Equipment availability below target. crusher (UNIT-2154) recorded a major 'motor' issue affecting the general component; 59.7h downtime, unscheduled corrective maintenance logged.",Emergency corrective maintenance dispatched; crusher isolated from production circuit until repaired.,Resolved,Successful,Continue routine monitoring; no further action required.,Proxy (2025 same-calendar-date pattern),"Proxy (global reference dataset, not MOIL-specific)","Proxy (generic MWD reference dataset, not MOIL-specific)"
CASE-CHI-202310-0566,1,Chikla,2023-10-01,2023,10,13549.84,8040.88,5508.96,40.66,0.805,0.756,0.975,High,UNIT-8851,haul_truck,preventive,filter_replace,2.8,preventive,True,routine,26.42,1.14,1.49,38.9,Augen_gneiss,False,162.112,Equipment,"Equipment availability below target. haul truck (UNIT-8851) recorded a routine 'preventive' issue affecting the filter replace; 2.8h downtime, scheduled preventive maintenance logged.",Preventive/predictive maintenance carried out on filter replace per maintenance schedule.,Resolved,Successful,Continue routine monitoring; no further action required.,Proxy (2025 same-calendar-date pattern),"Proxy (global reference dataset, not MOIL-specific)","Proxy (generic MWD reference dataset, not MOIL-specific)"
CASE-DON-202310-0567,1,Dongri Buzurg,2023-10-01,2023,10,17953.58,13259.87,4693.71,26.14,0.904,0.825,0.991,High,UNIT-7907,haul_truck,engine,cooling_system,19.7,corrective,False,major,26.18,0.44,1.79,42.5,Granittic_gneiss,False,346.178,Equipment,"Equipment availability below target. haul truck (UNIT-7907) recorded a major 'engine' issue affecting the cooling system; 19.7h downtime, unscheduled corrective maintenance logged.",Emergency corrective maintenance dispatched; haul truck isolated from production circuit until repaired.,Reduced,In Progress,Re-inspect within 7 days; escalate if shortfall persists.,Proxy (2025 same-calendar-date pattern),"Proxy (global reference dataset, not MOIL-specific)","Proxy (generic MWD reference dataset, not MOIL-specific)"
CASE-GUM-202310-0568,1,Gumgaon,2023-10-01,2023,10,11952.19,10008.83,1943.35,16.26,0.886,0.968,0.976,Medium,UNIT-9679,crusher,preventive,adjustment,10.7,preventive,True,routine,25.26,0.25,1.87,46.2,Hornfels,False,141.387,Operational/Workforce,"Operational efficiency at 0.89, below target — indicates shift, workflow or crew utilisation gap.","Shift roster reallocated, additional crew deployed to bottleneck section, workflow reviewed with site supervisor.",Reduced,In Progress,Re-inspect within 7 days; escalate if shortfall persists.,Proxy (2025 same-calendar-date pattern),"Proxy (global reference dataset, not MOIL-specific)","Proxy (generic MWD reference dataset, not MOIL-specific)"
CASE-KAN-202310-0569,1,Kandri,2023-10-01,2023,10,11862.54,9086.93,2775.61,23.4,0.961,0.865,0.922,Medium,UNIT-3530,haul_truck,engine,turbo,22.2,corrective,False,major,26.18,0.44,1.79,44.1,Rhomb_porphyry,False,207.874,Equipment,"Equipment availability below target. haul truck (UNIT-3530) recorded a major 'engine' issue affecting the turbo; 22.2h downtime, unscheduled corrective maintenance logged.",Emergency corrective maintenance dispatched; haul truck isolated from production circuit until repaired.,Failed,Escalated,Escalate: Component replacement / major overhaul scheduled; equipment flagged for engineering review.,Proxy (2025 same-calendar-date pattern),"Proxy (global reference dataset, not MOIL-specific)","Proxy (generic MWD reference dataset, not MOIL-specific)"
CASE-KAN-202310-0570,2,Kandri,2023-10-05,2023,10,11862.54,9086.93,2775.61,23.4,0.961,0.865,0.922,Medium,UNIT-3530,haul_truck,engine,turbo,22.2,corrective,False,major,26.18,0.44,1.79,44.1,Rhomb_porphyry,False,207.874,Equipment,Issue persists after initial action ('Emergency corrective maintenance dispatched; haul truck isolated from production circuit until repaired.') did not fully resolve it.,Component replacement / major overhaul scheduled; equipment flagged for engineering review.,Reduced,In Progress,Re-inspect within 7 days; escalate if shortfall persists.,Proxy (2025 same-calendar-date pattern),"Proxy (global reference dataset, not MOIL-specific)","Proxy (generic MWD reference dataset, not MOIL-specific)"
CASE-MUN-202310-0571,1,Munsar,2023-10-01,2023,10,10323.34,7258.98,3064.36,29.68,0.816,0.932,0.924,High,UNIT-3562,drill_rig,preventive,adjustment,8.3,preventive,True,minor,26.18,0.44,1.79,44.1,Huk_limestone,False,107.525,Operational/Workforce,"Operational efficiency at 0.82, below target — indicates shift, workflow or crew utilisation gap.","Shift roster reallocated, additional crew deployed to bottleneck section, workflow reviewed with site supervisor.",Resolved,Successful,Continue routine monitoring; no further action required.,Proxy (2025 same-calendar-date pattern),"Proxy (global reference dataset, not MOIL-specific)","Proxy (generic MWD reference dataset, not MOIL-specific)"
CASE-SIT-202310-0572,1,Sitapatore,2023-10-01,2023,10,12169.64,9469.3,2700.34,22.19,0.946,0.941,0.874,Medium,UNIT-5933,crusher,bearing,general_component,49.5,corrective,False,major,26.18,0.44,1.79,44.4,Rhomb_porphyry,False,64.467,Weather,"Weather impact score 0.87 — rainfall 0.4mm, wind 1.8 m/s, soil moisture (0-100cm) 44.4%, affecting haul-road and pit access (2025 seasonal pattern used as proxy for this calendar date).",Haulage rescheduled around peak rainfall hours; drainage and access-road reinforcement carried out.,Failed,Escalated,Escalate: Contingency haulage plan activated (alternate route / stockpile buffer) until conditions normalise.,Proxy (2025 same-calendar-date pattern),"Proxy (global reference dataset, not MOIL-specific)","Proxy (generic MWD reference dataset, not MOIL-specific)"
CASE-SIT-202310-0573,2,Sitapatore,2023-10-08,2023,10,12169.64,9469.3,2700.34,22.19,0.946,0.941,0.874,Medium,UNIT-5933,crusher,bearing,general_component,49.5,corrective,False,major,26.18,0.44,1.79,44.4,Rhomb_porphyry,False,64.467,Weather,Issue persists after initial action ('Haulage rescheduled around peak rainfall hours; drainage and access-road reinforcement carried out.') did not fully resolve it.,Contingency haulage plan activated (alternate route / stockpile buffer) until conditions normalise.,Resolved,Successful,Continue routine monitoring; no further action required.,Proxy (2025 same-calendar-date pattern),"Proxy (global reference dataset, not MOIL-specific)","Proxy (generic MWD reference dataset, not MOIL-specific)"
CASE-TIR-202310-0574,1,Tirodi,2023-10-01,2023,10,18572.95,13665.05,4907.9,26.42,0.827,0.938,0.949,High,UNIT-1550,excavator,preventive,inspection,11.5,preventive,True,minor,26.42,1.14,1.49,43.0,Drammensgranite,False,228.306,Operational/Workforce,"Operational efficiency at 0.83, below target — indicates shift, workflow or crew utilisation gap.","Shift roster reallocated, additional crew deployed to bottleneck section, workflow reviewed with site supervisor.",Reduced,In Progress,Re-inspect within 7 days; escalate if shortfall persists.,Proxy (2025 same-calendar-date pattern),"Proxy (global reference dataset, not MOIL-specific)","Proxy (generic MWD reference dataset, not MOIL-specific)"
CASE-UKW-202310-0575,1,Ukwa,2023-10-01,2023,10,20810.06,11549.26,9260.79,44.5,0.814,0.764,0.892,High,UNIT-7159,conveyor,preventive,inspection,0.9,preventive,True,routine,25.66,5.44,1.14,37.8,Granittic_gneiss,False,228.419,Equipment,"Equipment availability below target. conveyor (UNIT-7159) recorded a routine 'preventive' issue affecting the inspection; 0.9h downtime, scheduled preventive maintenance logged.",Preventive/predictive maintenance carried out on inspection per maintenance schedule.,Resolved,Successful,Continue routine monitoring; no further action required.,Proxy (2025 same-calendar-date pattern),"Proxy (global reference dataset, not MOIL-specific)","Proxy (generic MWD reference dataset, not MOIL-specific)"
CASE-BAL-202311-0576,1,Balaghat,2023-11-01,2023,11,26723.24,19671.38,7051.86,26.39,0.849,0.977,0.887,High,UNIT-7184,loader,hydraulics,cylinder,4.7,predictive,False,routine,24.38,0.65,1.11,46.6,Granittic_gneiss,True,137.454,Geological/Drilling,"Drilling data flags a transition/variable rock zone (Rock type: Granittic_gneiss, rotation-pressure variance 137.5) — likely reduced penetration rate slowing blast-hole completion. [Hypothesis from generic MWD reference data — not yet validated against MOIL's own geology.]",Drill parameters and blast pattern adjusted for harder/variable rock; additional bit changes scheduled.,Reduced,In Progress,Re-inspect within 7 days; escalate if shortfall persists.,Proxy (2025 same-calendar-date pattern),"Proxy (global reference dataset, not MOIL-specific)","Proxy (generic MWD reference dataset, not MOIL-specific)"
CASE-BEL-202311-0577,1,Beldongri,2023-11-01,2023,11,11703.69,9286.16,2417.53,20.66,0.952,0.862,0.967,Medium,UNIT-7436,pump,preventive,oil_change,1.6,preventive,True,routine,25.62,0.27,0.97,36.1,Huk_limestone,True,89.472,Geological/Drilling,"Drilling data flags a transition/variable rock zone (Rock type: Huk_limestone, rotation-pressure variance 89.5) — likely reduced penetration rate slowing blast-hole completion. [Hypothesis from generic MWD reference data — not yet validated against MOIL's own geology.]","Action scheduled, not yet executed.",Not Yet Assessed,Pending,Action logged; awaiting execution and outcome review.,Proxy (2025 same-calendar-date pattern),"Proxy (global reference dataset, not MOIL-specific)","Proxy (generic MWD reference dataset, not MOIL-specific)"
CASE-CHI-202311-0578,1,Chikla,2023-11-01,2023,11,14729.49,8616.35,6113.13,41.5,0.898,0.758,0.859,High,UNIT-5071,drill_rig,hydraulics,valve,2.7,predictive,False,routine,25.66,0.33,0.86,34.9,Rhomb_porphyry,False,197.502,Equipment,"Equipment availability below target. drill rig (UNIT-5071) recorded a routine 'hydraulics' issue affecting the valve; 2.7h downtime, unscheduled predictive maintenance logged.",Corrective maintenance performed on valve.,Reduced,In Progress,Re-inspect within 7 days; escalate if shortfall persists.,Proxy (2025 same-calendar-date pattern),"Proxy (global reference dataset, not MOIL-specific)","Proxy (generic MWD reference dataset, not MOIL-specific)"
CASE-DON-202311-0579,1,Dongri Buzurg,2023-11-01,2023,11,21366.18,14240.5,7125.67,33.35,0.828,0.883,0.912,High,UNIT-9658,conveyor,motor,general_component,3.0,corrective,False,minor,25.62,0.27,0.97,34.2,Granittic_gneiss,False,220.0,Operational/Workforce,"Operational efficiency at 0.83, below target — indicates shift, workflow or crew utilisation gap.","Shift roster reallocated, additional crew deployed to bottleneck section, workflow reviewed with site supervisor.",Reduced,In Progress,Re-inspect within 7 days; escalate if shortfall persists.,Proxy (2025 same-calendar-date pattern),"Proxy (global reference dataset, not MOIL-specific)","Proxy (generic MWD reference dataset, not MOIL-specific)"
CASE-DON-202311-0580,2,Dongri Buzurg,2023-11-04,2023,11,21366.18,14240.5,7125.67,33.35,0.828,0.883,0.912,High,UNIT-9658,conveyor,motor,general_component,3.0,corrective,False,minor,25.62,0.27,0.97,34.2,Granittic_gneiss,False,220.0,Operational/Workforce,"Issue persists after initial action ('Shift roster reallocated, additional crew deployed to bottleneck section, workflow reviewed with site supervisor.') did not fully resolve it.",Escalated to operations manager for full process and staffing audit.,Resolved,Successful,Continue routine monitoring; no further action required.,Proxy (2025 same-calendar-date pattern),"Proxy (global reference dataset, not MOIL-specific)","Proxy (generic MWD reference dataset, not MOIL-specific)"
CASE-GUM-202311-0581,1,Gumgaon,2023-11-01,2023,11,13478.84,9475.44,4003.4,29.7,0.98,0.755,0.95,High,UNIT-1461,pump,impeller,general_component,4.3,corrective,False,minor,25.14,0.06,1.07,36.0,Elnes_lime_shale,False,72.983,Equipment,"Equipment availability below target. pump (UNIT-1461) recorded a minor 'impeller' issue affecting the general component; 4.3h downtime, unscheduled corrective maintenance logged.",Corrective maintenance performed on general component.,Reduced,In Progress,Re-inspect within 7 days; escalate if shortfall persists.,Proxy (2025 same-calendar-date pattern),"Proxy (global reference dataset, not MOIL-specific)","Proxy (generic MWD reference dataset, not MOIL-specific)"
CASE-GUM-202311-0582,2,Gumgaon,2023-11-05,2023,11,13478.84,9475.44,4003.4,29.7,0.98,0.755,0.95,High,UNIT-1461,pump,impeller,general_component,4.3,corrective,False,minor,25.14,0.06,1.07,36.0,Elnes_lime_shale,False,72.983,Equipment,Issue persists after initial action ('Corrective maintenance performed on general component.') did not fully resolve it.,Component replacement / major overhaul scheduled; equipment flagged for engineering review.,Reduced,In Progress,Re-inspect within 7 days; escalate if shortfall persists.,Proxy (2025 same-calendar-date pattern),"Proxy (global reference dataset, not MOIL-specific)","Proxy (generic MWD reference dataset, not MOIL-specific)"
CASE-KAN-202311-0583,1,Kandri,2023-11-01,2023,11,14322.08,11028.3,3293.78,23.0,0.912,0.984,0.858,Medium,UNIT-3432,conveyor,motor,general_component,1.0,predictive,False,routine,25.62,0.27,0.97,34.699999999999996,Granittic_gneiss,False,292.005,Weather,"Weather impact score 0.86 — rainfall 0.3mm, wind 1.0 m/s, soil moisture (0-100cm) 34.7%, affecting haul-road and pit access (2025 seasonal pattern used as proxy for this calendar date).",Operations continued with adjusted shift timing to work around weather window.,Reduced,In Progress,Re-inspect within 7 days; escalate if shortfall persists.,Proxy (2025 same-calendar-date pattern),"Proxy (global reference dataset, not MOIL-specific)","Proxy (generic MWD reference dataset, not MOIL-specific)"
CASE-MUN-202311-0584,1,Munsar,2023-11-01,2023,11,11879.56,9414.13,2465.43,20.75,0.852,0.933,0.997,Medium,UNIT-3902,conveyor,roller,general_component,7.1,major_overhaul,True,major,25.62,0.27,0.97,34.699999999999996,Blackshale,True,83.751,Geological/Drilling,"Drilling data flags a transition/variable rock zone (Rock type: Blackshale, rotation-pressure variance 83.8) — likely reduced penetration rate slowing blast-hole completion. [Hypothesis from generic MWD reference data — not yet validated against MOIL's own geology.]",Drill parameters and blast pattern adjusted for harder/variable rock; additional bit changes scheduled.,Resolved,Successful,Continue routine monitoring; no further action required.,Proxy (2025 same-calendar-date pattern),"Proxy (global reference dataset, not MOIL-specific)","Proxy (generic MWD reference dataset, not MOIL-specific)"
CASE-SIT-202311-0585,1,Sitapatore,2023-11-01,2023,11,13354.54,9290.77,4063.77,30.43,0.931,0.8,0.935,High,UNIT-6956,grader,transmission,clutch,17.5,major_overhaul,True,major,25.62,0.27,0.97,39.1,Rhomb_porphyry,False,150.407,Equipment,"Equipment availability below target. grader (UNIT-6956) recorded a major 'transmission' issue affecting the clutch; 17.5h downtime, scheduled major_overhaul maintenance logged.",Preventive/predictive maintenance carried out on clutch per maintenance schedule.,Reduced,In Progress,Re-inspect within 7 days; escalate if shortfall persists.,Proxy (2025 same-calendar-date pattern),"Proxy (global reference dataset, not MOIL-specific)","Proxy (generic MWD reference dataset, not MOIL-specific)"
CASE-TIR-202311-0586,1,Tirodi,2023-11-01,2023,11,20457.64,16561.46,3896.18,19.05,0.994,0.902,0.902,Medium,UNIT-8348,crusher,preventive,oil_change,5.9,preventive,True,routine,25.66,0.33,0.86,38.7,Granittic_gneiss,False,461.265,Weather,"Weather impact score 0.90 — rainfall 0.3mm, wind 0.9 m/s, soil moisture (0-100cm) 38.7%, affecting haul-road and pit access (2025 seasonal pattern used as proxy for this calendar date).",Operations continued with adjusted shift timing to work around weather window.,Reduced,In Progress,Re-inspect within 7 days; escalate if shortfall persists.,Proxy (2025 same-calendar-date pattern),"Proxy (global reference dataset, not MOIL-specific)","Proxy (generic MWD reference dataset, not MOIL-specific)"
CASE-UKW-202311-0587,1,Ukwa,2023-11-01,2023,11,21384.31,12707.37,8676.95,40.58,0.83,0.806,0.888,High,UNIT-4728,haul_truck,preventive,oil_change,3.7,preventive,True,routine,23.8,0.2,1.16,32.1,Huk_limestone,False,103.505,Operational/Workforce,"Operational efficiency at 0.83, below target — indicates shift, workflow or crew utilisation gap.","Shift roster reallocated, additional crew deployed to bottleneck section, workflow reviewed with site supervisor.",Reduced,In Progress,Re-inspect within 7 days; escalate if shortfall persists.,Proxy (2025 same-calendar-date pattern),"Proxy (global reference dataset, not MOIL-specific)","Proxy (generic MWD reference dataset, not MOIL-specific)"
CASE-BAL-202312-0588,1,Balaghat,2023-12-01,2023,12,34300.77,23902.48,10398.29,30.32,0.912,0.881,0.867,High,UNIT-5446,haul_truck,hydraulics,valve,10.4,corrective,False,minor,17.4,0.0,1.29,37.8,Elnes_lime_shale,False,79.89,Weather,"Weather impact score 0.87 — rainfall 0.0mm, wind 1.3 m/s, soil moisture (0-100cm) 37.8%, affecting haul-road and pit access (2025 seasonal pattern used as proxy for this calendar date).",Operations continued with adjusted shift timing to work around weather window.,Failed,Escalated,Escalate: Contingency haulage plan activated (alternate route / stockpile buffer) until conditions normalise.,Proxy (2025 same-calendar-date pattern),"Proxy (global reference dataset, not MOIL-specific)","Proxy (generic MWD reference dataset, not MOIL-specific)"
CASE-BAL-202312-0589,2,Balaghat,2023-12-08,2023,12,34300.77,23902.48,10398.29,30.32,0.912,0.881,0.867,High,UNIT-5446,haul_truck,hydraulics,valve,10.4,corrective,False,minor,17.4,0.0,1.29,37.8,Elnes_lime_shale,False,79.89,Weather,Issue persists after initial action ('Operations continued with adjusted shift timing to work around weather window.') did not fully resolve it.,Contingency haulage plan activated (alternate route / stockpile buffer) until conditions normalise.,Failed,Escalated,Escalate: Contingency haulage plan activated (alternate route / stockpile buffer) until conditions normalise.,Proxy (2025 same-calendar-date pattern),"Proxy (global reference dataset, not MOIL-specific)","Proxy (generic MWD reference dataset, not MOIL-specific)"
CASE-BEL-202312-0590,1,Beldongri,2023-12-01,2023,12,15020.4,10403.95,4616.45,30.73,0.945,0.767,0.956,High,UNIT-5630,grader,electrical,sensors,2.0,predictive,False,routine,17.84,0.0,1.51,30.599999999999998,Blackshale,True,123.234,Equipment,"Equipment availability below target. grader (UNIT-5630) recorded a routine 'electrical' issue affecting the sensors; 2.0h downtime, unscheduled predictive maintenance logged.",Corrective maintenance performed on sensors.,Resolved,Successful,Continue routine monitoring; no further action required.,Proxy (2025 same-calendar-date pattern),"Proxy (global reference dataset, not MOIL-specific)","Proxy (generic MWD reference dataset, not MOIL-specific)"
CASE-CHI-202312-0591,1,Chikla,2023-12-01,2023,12,18721.77,12192.31,6529.46,34.88,0.816,0.865,0.923,High,UNIT-4767,conveyor,motor,general_component,7.5,major_overhaul,True,major,18.1,0.0,1.45,33.4,Granittic_gneiss,False,524.614,Operational/Workforce,"Operational efficiency at 0.82, below target — indicates shift, workflow or crew utilisation gap.","Shift roster reallocated, additional crew deployed to bottleneck section, workflow reviewed with site supervisor.",Resolved,Successful,Continue routine monitoring; no further action required.,Proxy (2025 same-calendar-date pattern),"Proxy (global reference dataset, not MOIL-specific)","Proxy (generic MWD reference dataset, not MOIL-specific)"
CASE-GUM-202312-0592,1,Gumgaon,2023-12-01,2023,12,16506.96,12387.62,4119.34,24.96,0.882,0.913,0.932,Medium,UNIT-6916,conveyor,roller,general_component,8.6,corrective,False,major,17.71,0.0,1.6,31.900000000000002,Drammensgranite,False,150.681,Operational/Workforce,"Operational efficiency at 0.88, below target — indicates shift, workflow or crew utilisation gap.","Shift roster reallocated, additional crew deployed to bottleneck section, workflow reviewed with site supervisor.",Resolved,Successful,Continue routine monitoring; no further action required.,Proxy (2025 same-calendar-date pattern),"Proxy (global reference dataset, not MOIL-specific)","Proxy (generic MWD reference dataset, not MOIL-specific)"
CASE-KAN-202312-0593,1,Kandri,2023-12-01,2023,12,15844.15,12503.53,3340.61,21.08,0.903,0.952,0.919,Medium,UNIT-7937,haul_truck,engine,injector,18.7,corrective,False,major,17.84,0.0,1.51,30.3,Amphibolittic_gneiss,False,633.066,Operational/Workforce,"Operational efficiency at 0.90, below target — indicates shift, workflow or crew utilisation gap.","Shift roster reallocated, additional crew deployed to bottleneck section, workflow reviewed with site supervisor.",Reduced,In Progress,Re-inspect within 7 days; escalate if shortfall persists.,Proxy (2025 same-calendar-date pattern),"Proxy (global reference dataset, not MOIL-specific)","Proxy (generic MWD reference dataset, not MOIL-specific)"
CASE-MUN-202312-0594,1,Munsar,2023-12-01,2023,12,13848.67,9430.0,4418.67,31.91,0.957,0.8,0.889,High,UNIT-9222,haul_truck,brakes,general_component,4.0,predictive,False,routine,17.84,0.0,1.51,30.3,Granittic_gneiss,False,277.68,Equipment,"Equipment availability below target. haul truck (UNIT-9222) recorded a routine 'brakes' issue affecting the general component; 4.0h downtime, unscheduled predictive maintenance logged.",Corrective maintenance performed on general component.,Reduced,In Progress,Re-inspect within 7 days; escalate if shortfall persists.,Proxy (2025 same-calendar-date pattern),"Proxy (global reference dataset, not MOIL-specific)","Proxy (generic MWD reference dataset, not MOIL-specific)"
CASE-SIT-202312-0595,1,Sitapatore,2023-12-01,2023,12,16013.87,12086.29,3927.58,24.53,0.866,0.939,0.928,Medium,UNIT-4869,pump,casing,general_component,3.4,corrective,False,minor,17.84,0.0,1.51,33.800000000000004,Amphibolittic_gneiss,False,232.533,Operational/Workforce,"Operational efficiency at 0.87, below target — indicates shift, workflow or crew utilisation gap.","Shift roster reallocated, additional crew deployed to bottleneck section, workflow reviewed with site supervisor.",Resolved,Successful,Continue routine monitoring; no further action required.,Proxy (2025 same-calendar-date pattern),"Proxy (global reference dataset, not MOIL-specific)","Proxy (generic MWD reference dataset, not MOIL-specific)"
CASE-UKW-202312-0596,1,Ukwa,2023-12-01,2023,12,26222.03,22461.18,3760.85,14.34,0.89,0.996,0.966,Medium,UNIT-7301,drill_rig,drill_string,general_component,16.7,corrective,False,major,16.81,0.0,1.35,28.599999999999998,Rhomb_porphyry,False,90.668,Operational/Workforce,"Operational efficiency at 0.89, below target — indicates shift, workflow or crew utilisation gap.","Shift roster reallocated, additional crew deployed to bottleneck section, workflow reviewed with site supervisor.",Reduced,In Progress,Re-inspect within 7 days; escalate if shortfall persists.,Proxy (2025 same-calendar-date pattern),"Proxy (global reference dataset, not MOIL-specific)","Proxy (generic MWD reference dataset, not MOIL-specific)"
CASE-UKW-202312-0597,2,Ukwa,2023-12-09,2023,12,26222.03,22461.18,3760.85,14.34,0.89,0.996,0.966,Medium,UNIT-7301,drill_rig,drill_string,general_component,16.7,corrective,False,major,16.81,0.0,1.35,28.599999999999998,Rhomb_porphyry,False,90.668,Operational/Workforce,"Issue persists after initial action ('Shift roster reallocated, additional crew deployed to bottleneck section, workflow reviewed with site supervisor.') did not fully resolve it.",Escalated to operations manager for full process and staffing audit.,Resolved,Successful,Continue routine monitoring; no further action required.,Proxy (2025 same-calendar-date pattern),"Proxy (global reference dataset, not MOIL-specific)","Proxy (generic MWD reference dataset, not MOIL-specific)"
CASE-BAL-202401-0598,1,Balaghat,2024-01-01,2024,1,21129.79,14674.47,6455.32,30.55,0.813,0.866,0.986,High,UNIT-9703,grader,tires,front_right,14.5,major_overhaul,True,major,15.58,0.0,2.23,41.0,Rhomb_porphyry,False,77.323,Operational/Workforce,"Operational efficiency at 0.81, below target — indicates shift, workflow or crew utilisation gap.","Shift roster reallocated, additional crew deployed to bottleneck section, workflow reviewed with site supervisor.",Reduced,In Progress,Re-inspect within 7 days; escalate if shortfall persists.,Proxy (2025 same-calendar-date pattern),"Proxy (global reference dataset, not MOIL-specific)","Proxy (generic MWD reference dataset, not MOIL-specific)"
CASE-BEL-202401-0599,1,Beldongri,2024-01-01,2024,1,9740.63,6452.55,3288.08,33.76,0.9,0.776,0.949,High,UNIT-7055,drill_rig,preventive,inspection,2.6,preventive,True,routine,17.14,0.0,2.41,35.3,Blackshale,True,109.819,Equipment,"Equipment availability below target. drill rig (UNIT-7055) recorded a routine 'preventive' issue affecting the inspection; 2.6h downtime, scheduled preventive maintenance logged.",Preventive/predictive maintenance carried out on inspection per maintenance schedule.,Resolved,Successful,Continue routine monitoring; no further action required.,Proxy (2025 same-calendar-date pattern),"Proxy (global reference dataset, not MOIL-specific)","Proxy (generic MWD reference dataset, not MOIL-specific)"
CASE-CHI-202401-0600,1,Chikla,2024-01-01,2024,1,12877.22,10591.93,2285.3,17.75,0.876,0.944,0.995,Medium,UNIT-2704,excavator,engine,injector,54.8,corrective,False,critical,17.75,0.0,2.2,39.900000000000006,Huk_limestone,False,99.785,Operational/Workforce,"Operational efficiency at 0.88, below target — indicates shift, workflow or crew utilisation gap.","Shift roster reallocated, additional crew deployed to bottleneck section, workflow reviewed with site supervisor.",Failed,Escalated,Escalate: Escalated to operations manager for full process and staffing audit.,Proxy (2025 same-calendar-date pattern),"Proxy (global reference dataset, not MOIL-specific)","Proxy (generic MWD reference dataset, not MOIL-specific)"
CASE-CHI-202401-0601,2,Chikla,2024-01-05,2024,1,12877.22,10591.93,2285.3,17.75,0.876,0.944,0.995,Medium,UNIT-2704,excavator,engine,injector,54.8,corrective,False,critical,17.75,0.0,2.2,39.900000000000006,Huk_limestone,False,99.785,Operational/Workforce,"Issue persists after initial action ('Shift roster reallocated, additional crew deployed to bottleneck section, workflow reviewed with site supervisor.') did not fully resolve it.",Escalated to operations manager for full process and staffing audit.,Resolved,Successful,Continue routine monitoring; no further action required.,Proxy (2025 same-calendar-date pattern),"Proxy (global reference dataset, not MOIL-specific)","Proxy (generic MWD reference dataset, not MOIL-specific)"
CASE-DON-202401-0602,1,Dongri Buzurg,2024-01-01,2024,1,16141.1,11627.08,4514.01,27.97,0.905,0.822,0.969,High,UNIT-1726,haul_truck,preventive,inspection,3.0,preventive,True,routine,17.14,0.0,2.41,32.5,Granittic_gneiss,False,170.223,Equipment,"Equipment availability below target. haul truck (UNIT-1726) recorded a routine 'preventive' issue affecting the inspection; 3.0h downtime, scheduled preventive maintenance logged.",Preventive/predictive maintenance carried out on inspection per maintenance schedule.,Resolved,Successful,Continue routine monitoring; no further action required.,Proxy (2025 same-calendar-date pattern),"Proxy (global reference dataset, not MOIL-specific)","Proxy (generic MWD reference dataset, not MOIL-specific)"
CASE-GUM-202401-0603,1,Gumgaon,2024-01-01,2024,1,11175.28,8944.1,2231.17,19.97,0.927,0.949,0.909,Medium,UNIT-1316,drill_rig,compressor,general_component,33.2,corrective,False,critical,17.43,0.0,2.05,35.6,Granittic_gneiss,False,189.218,Weather,"Weather impact score 0.91 — rainfall 0.0mm, wind 2.0 m/s, soil moisture (0-100cm) 35.6%, affecting haul-road and pit access (2025 seasonal pattern used as proxy for this calendar date).",Operations continued with adjusted shift timing to work around weather window.,Reduced,In Progress,Re-inspect within 7 days; escalate if shortfall persists.,Proxy (2025 same-calendar-date pattern),"Proxy (global reference dataset, not MOIL-specific)","Proxy (generic MWD reference dataset, not MOIL-specific)"
CASE-GUM-202401-0604,2,Gumgaon,2024-01-08,2024,1,11175.28,8944.1,2231.17,19.97,0.927,0.949,0.909,Medium,UNIT-1316,drill_rig,compressor,general_component,33.2,corrective,False,critical,17.43,0.0,2.05,35.6,Granittic_gneiss,False,189.218,Weather,Issue persists after initial action ('Operations continued with adjusted shift timing to work around weather window.') did not fully resolve it.,Contingency haulage plan activated (alternate route / stockpile buffer) until conditions normalise.,Reduced,In Progress,Re-inspect within 7 days; escalate if shortfall persists.,Proxy (2025 same-calendar-date pattern),"Proxy (global reference dataset, not MOIL-specific)","Proxy (generic MWD reference dataset, not MOIL-specific)"
CASE-KAN-202401-0605,1,Kandri,2024-01-01,2024,1,11549.53,7889.55,3659.98,31.69,0.907,0.789,0.954,High,UNIT-9652,loader,hydraulics,filter,17.9,corrective,False,major,17.14,0.0,2.41,35.5,Granittic_gneiss,False,207.545,Equipment,"Equipment availability below target. loader (UNIT-9652) recorded a major 'hydraulics' issue affecting the filter; 17.9h downtime, unscheduled corrective maintenance logged.",Emergency corrective maintenance dispatched; loader isolated from production circuit until repaired.,Reduced,In Progress,Re-inspect within 7 days; escalate if shortfall persists.,Proxy (2025 same-calendar-date pattern),"Proxy (global reference dataset, not MOIL-specific)","Proxy (generic MWD reference dataset, not MOIL-specific)"
CASE-MUN-202401-0606,1,Munsar,2024-01-01,2024,1,9987.63,8197.9,1789.73,17.92,0.863,0.964,0.986,Medium,UNIT-8217,haul_truck,transmission,driveshaft,1.8,predictive,False,routine,17.14,0.0,2.41,35.5,Drammensgranite,False,78.71,Operational/Workforce,"Operational efficiency at 0.86, below target — indicates shift, workflow or crew utilisation gap.","Shift roster reallocated, additional crew deployed to bottleneck section, workflow reviewed with site supervisor.",Resolved,Successful,Continue routine monitoring; no further action required.,Proxy (2025 same-calendar-date pattern),"Proxy (global reference dataset, not MOIL-specific)","Proxy (generic MWD reference dataset, not MOIL-specific)"
CASE-SIT-202401-0607,1,Sitapatore,2024-01-01,2024,1,10841.84,7469.11,3372.72,31.11,0.997,0.785,0.88,High,UNIT-4338,grader,blade,general_component,4.0,predictive,False,minor,17.14,0.0,2.41,36.0,Drammensgranite,False,154.885,Equipment,"Equipment availability below target. grader (UNIT-4338) recorded a minor 'blade' issue affecting the general component; 4.0h downtime, unscheduled predictive maintenance logged.",Corrective maintenance performed on general component.,Failed,Escalated,Escalate: Component replacement / major overhaul scheduled; equipment flagged for engineering review.,Proxy (2025 same-calendar-date pattern),"Proxy (global reference dataset, not MOIL-specific)","Proxy (generic MWD reference dataset, not MOIL-specific)"
CASE-SIT-202401-0608,2,Sitapatore,2024-01-09,2024,1,10841.84,7469.11,3372.72,31.11,0.997,0.785,0.88,High,UNIT-4338,grader,blade,general_component,4.0,predictive,False,minor,17.14,0.0,2.41,36.0,Drammensgranite,False,154.885,Equipment,Issue persists after initial action ('Corrective maintenance performed on general component.') did not fully resolve it.,Component replacement / major overhaul scheduled; equipment flagged for engineering review.,Resolved,Successful,Continue routine monitoring; no further action required.,Proxy (2025 same-calendar-date pattern),"Proxy (global reference dataset, not MOIL-specific)","Proxy (generic MWD reference dataset, not MOIL-specific)"
CASE-TIR-202401-0609,1,Tirodi,2024-01-01,2024,1,16108.59,12572.35,3536.24,21.95,0.979,0.914,0.873,Medium,UNIT-1323,grader,blade,general_component,7.0,predictive,False,minor,17.75,0.0,2.2,32.7,Granittic_gneiss,False,114.887,Weather,"Weather impact score 0.87 — rainfall 0.0mm, wind 2.2 m/s, soil moisture (0-100cm) 32.7%, affecting haul-road and pit access (2025 seasonal pattern used as proxy for this calendar date).",Operations continued with adjusted shift timing to work around weather window.,Reduced,In Progress,Re-inspect within 7 days; escalate if shortfall persists.,Proxy (2025 same-calendar-date pattern),"Proxy (global reference dataset, not MOIL-specific)","Proxy (generic MWD reference dataset, not MOIL-specific)"
CASE-UKW-202401-0610,1,Ukwa,2024-01-01,2024,1,17912.46,12520.9,5391.56,30.1,0.923,0.771,0.982,High,UNIT-4929,haul_truck,hydraulics,filter,12.5,corrective,False,major,15.94,0.0,1.77,34.699999999999996,Granittic_gneiss,False,311.18,Equipment,"Equipment availability below target. haul truck (UNIT-4929) recorded a major 'hydraulics' issue affecting the filter; 12.5h downtime, unscheduled corrective maintenance logged.",Emergency corrective maintenance dispatched; haul truck isolated from production circuit until repaired.,Reduced,In Progress,Re-inspect within 7 days; escalate if shortfall persists.,Proxy (2025 same-calendar-date pattern),"Proxy (global reference dataset, not MOIL-specific)","Proxy (generic MWD reference dataset, not MOIL-specific)"
CASE-BAL-202402-0611,1,Balaghat,2024-02-01,2024,2,22851.81,18637.7,4214.11,18.44,0.901,0.992,0.913,Medium,UNIT-9724,drill_rig,preventive,filter_replace,1.7,preventive,True,routine,23.89,0.0,1.79,35.699999999999996,Hornfels,False,154.914,Operational/Workforce,"Operational efficiency at 0.90, below target — indicates shift, workflow or crew utilisation gap.","Shift roster reallocated, additional crew deployed to bottleneck section, workflow reviewed with site supervisor.",Resolved,Successful,Continue routine monitoring; no further action required.,Proxy (2025 same-calendar-date pattern),"Proxy (global reference dataset, not MOIL-specific)","Proxy (generic MWD reference dataset, not MOIL-specific)"
CASE-BEL-202402-0612,1,Beldongri,2024-02-01,2024,2,10172.81,7550.13,2622.68,25.78,0.934,0.909,0.875,High,UNIT-9936,haul_truck,preventive,filter_replace,11.4,preventive,True,minor,24.97,0.0,1.66,27.6,Granittic_gneiss,False,315.58,Weather,"Weather impact score 0.88 — rainfall 0.0mm, wind 1.7 m/s, soil moisture (0-100cm) 27.6%, affecting haul-road and pit access (2025 seasonal pattern used as proxy for this calendar date).",Operations continued with adjusted shift timing to work around weather window.,Reduced,In Progress,Re-inspect within 7 days; escalate if shortfall persists.,Proxy (2025 same-calendar-date pattern),"Proxy (global reference dataset, not MOIL-specific)","Proxy (generic MWD reference dataset, not MOIL-specific)"
CASE-CHI-202402-0613,1,Chikla,2024-02-01,2024,2,12951.85,7723.92,5227.94,40.36,0.885,0.791,0.852,High,UNIT-5214,haul_truck,transmission,driveshaft,2.2,predictive,False,routine,25.63,0.0,1.6,32.6,Granittic_gneiss,False,292.005,Equipment,"Equipment availability below target. haul truck (UNIT-5214) recorded a routine 'transmission' issue affecting the driveshaft; 2.2h downtime, unscheduled predictive maintenance logged.",Corrective maintenance performed on driveshaft.,Resolved,Successful,Continue routine monitoring; no further action required.,Proxy (2025 same-calendar-date pattern),"Proxy (global reference dataset, not MOIL-specific)","Proxy (generic MWD reference dataset, not MOIL-specific)"
CASE-DON-202402-0614,1,Dongri Buzurg,2024-02-01,2024,2,16733.24,13856.64,2876.6,17.19,0.905,0.93,0.984,Medium,UNIT-9513,conveyor,motor,general_component,1.1,predictive,False,routine,24.97,0.0,1.66,28.299999999999997,Rhomb_porphyry,False,81.485,Operational/Workforce,"Operational efficiency at 0.91, below target — indicates shift, workflow or crew utilisation gap.","Shift roster reallocated, additional crew deployed to bottleneck section, workflow reviewed with site supervisor.",Resolved,Successful,Continue routine monitoring; no further action required.,Proxy (2025 same-calendar-date pattern),"Proxy (global reference dataset, not MOIL-specific)","Proxy (generic MWD reference dataset, not MOIL-specific)"
CASE-GUM-202402-0615,1,Gumgaon,2024-02-01,2024,2,10622.83,7839.86,2782.97,26.2,0.946,0.797,0.979,High,UNIT-7543,grader,preventive,filter_replace,3.8,preventive,True,routine,24.32,0.0,1.67,30.3,Rhomb_porphyry,False,197.897,Equipment,"Equipment availability below target. grader (UNIT-7543) recorded a routine 'preventive' issue affecting the filter replace; 3.8h downtime, scheduled preventive maintenance logged.",Preventive/predictive maintenance carried out on filter replace per maintenance schedule.,Reduced,In Progress,Re-inspect within 7 days; escalate if shortfall persists.,Proxy (2025 same-calendar-date pattern),"Proxy (global reference dataset, not MOIL-specific)","Proxy (generic MWD reference dataset, not MOIL-specific)"
CASE-GUM-202402-0616,2,Gumgaon,2024-02-10,2024,2,10622.83,7839.86,2782.97,26.2,0.946,0.797,0.979,High,UNIT-7543,grader,preventive,filter_replace,3.8,preventive,True,routine,24.32,0.0,1.67,30.3,Rhomb_porphyry,False,197.897,Equipment,Issue persists after initial action ('Preventive/predictive maintenance carried out on filter replace per maintenance schedule.') did not fully resolve it.,Component replacement / major overhaul scheduled; equipment flagged for engineering review.,Resolved,Successful,Continue routine monitoring; no further action required.,Proxy (2025 same-calendar-date pattern),"Proxy (global reference dataset, not MOIL-specific)","Proxy (generic MWD reference dataset, not MOIL-specific)"
CASE-KAN-202402-0617,1,Kandri,2024-02-01,2024,2,11443.05,8647.93,2795.12,24.43,0.908,0.928,0.897,Medium,UNIT-2590,pump,preventive,inspection,4.3,preventive,True,minor,24.97,0.0,1.66,33.300000000000004,Granittic_gneiss,False,223.457,Weather,"Weather impact score 0.90 — rainfall 0.0mm, wind 1.7 m/s, soil moisture (0-100cm) 33.3%, affecting haul-road and pit access (2025 seasonal pattern used as proxy for this calendar date).",Operations continued with adjusted shift timing to work around weather window.,Reduced,In Progress,Re-inspect within 7 days; escalate if shortfall persists.,Proxy (2025 same-calendar-date pattern),"Proxy (global reference dataset, not MOIL-specific)","Proxy (generic MWD reference dataset, not MOIL-specific)"
CASE-MUN-202402-0618,1,Munsar,2024-02-01,2024,2,9675.1,7291.45,2383.66,24.64,0.964,0.865,0.904,Medium,UNIT-5316,excavator,hydraulics,hose,26.1,corrective,False,major,24.97,0.0,1.66,33.300000000000004,Blackshale,False,166.406,Weather,"Weather impact score 0.90 — rainfall 0.0mm, wind 1.7 m/s, soil moisture (0-100cm) 33.3%, affecting haul-road and pit access (2025 seasonal pattern used as proxy for this calendar date).",Operations continued with adjusted shift timing to work around weather window.,Reduced,In Progress,Re-inspect within 7 days; escalate if shortfall persists.,Proxy (2025 same-calendar-date pattern),"Proxy (global reference dataset, not MOIL-specific)","Proxy (generic MWD reference dataset, not MOIL-specific)"
CASE-MUN-202402-0619,2,Munsar,2024-02-08,2024,2,9675.1,7291.45,2383.66,24.64,0.964,0.865,0.904,Medium,UNIT-5316,excavator,hydraulics,hose,26.1,corrective,False,major,24.97,0.0,1.66,33.300000000000004,Blackshale,False,166.406,Weather,Issue persists after initial action ('Operations continued with adjusted shift timing to work around weather window.') did not fully resolve it.,Contingency haulage plan activated (alternate route / stockpile buffer) until conditions normalise.,Failed,Escalated,Escalate: Contingency haulage plan activated (alternate route / stockpile buffer) until conditions normalise.,Proxy (2025 same-calendar-date pattern),"Proxy (global reference dataset, not MOIL-specific)","Proxy (generic MWD reference dataset, not MOIL-specific)"
CASE-SIT-202402-0620,1,Sitapatore,2024-02-01,2024,2,11082.81,7817.51,3265.3,29.46,0.966,0.834,0.876,High,UNIT-9981,excavator,engine,injector,2.5,predictive,False,routine,24.97,0.0,1.66,31.3,Drammensgranite,False,96.149,Weather,"Weather impact score 0.88 — rainfall 0.0mm, wind 1.7 m/s, soil moisture (0-100cm) 31.3%, affecting haul-road and pit access (2025 seasonal pattern used as proxy for this calendar date).",Operations continued with adjusted shift timing to work around weather window.,Failed,Escalated,Escalate: Contingency haulage plan activated (alternate route / stockpile buffer) until conditions normalise.,Proxy (2025 same-calendar-date pattern),"Proxy (global reference dataset, not MOIL-specific)","Proxy (generic MWD reference dataset, not MOIL-specific)"
CASE-SIT-202402-0621,2,Sitapatore,2024-02-09,2024,2,11082.81,7817.51,3265.3,29.46,0.966,0.834,0.876,High,UNIT-9981,excavator,engine,injector,2.5,predictive,False,routine,24.97,0.0,1.66,31.3,Drammensgranite,False,96.149,Weather,Issue persists after initial action ('Operations continued with adjusted shift timing to work around weather window.') did not fully resolve it.,Contingency haulage plan activated (alternate route / stockpile buffer) until conditions normalise.,Failed,Escalated,Escalate: Contingency haulage plan activated (alternate route / stockpile buffer) until conditions normalise.,Proxy (2025 same-calendar-date pattern),"Proxy (global reference dataset, not MOIL-specific)","Proxy (generic MWD reference dataset, not MOIL-specific)"
CASE-TIR-202402-0622,1,Tirodi,2024-02-01,2024,2,16986.51,11259.91,5726.6,33.71,0.965,0.775,0.886,High,UNIT-6201,loader,preventive,adjustment,4.0,preventive,True,routine,25.63,0.0,1.6,27.800000000000004,Blackshale,True,135.656,Equipment,"Equipment availability below target. loader (UNIT-6201) recorded a routine 'preventive' issue affecting the adjustment; 4.0h downtime, scheduled preventive maintenance logged.",Preventive/predictive maintenance carried out on adjustment per maintenance schedule.,Resolved,Successful,Continue routine monitoring; no further action required.,Proxy (2025 same-calendar-date pattern),"Proxy (global reference dataset, not MOIL-specific)","Proxy (generic MWD reference dataset, not MOIL-specific)"
CASE-UKW-202402-0623,1,Ukwa,2024-02-01,2024,2,17374.83,12541.77,4833.06,27.82,0.87,0.863,0.962,High,UNIT-7037,grader,tires,rear_right,22.2,corrective,False,major,23.79,0.0,1.76,38.2,Elnes_lime_shale,False,100.162,Operational/Workforce,"Operational efficiency at 0.87, below target — indicates shift, workflow or crew utilisation gap.","Shift roster reallocated, additional crew deployed to bottleneck section, workflow reviewed with site supervisor.",Failed,Escalated,Escalate: Escalated to operations manager for full process and staffing audit.,Proxy (2025 same-calendar-date pattern),"Proxy (global reference dataset, not MOIL-specific)","Proxy (generic MWD reference dataset, not MOIL-specific)"
CASE-UKW-202402-0624,2,Ukwa,2024-02-08,2024,2,17374.83,12541.77,4833.06,27.82,0.87,0.863,0.962,High,UNIT-7037,grader,tires,rear_right,22.2,corrective,False,major,23.79,0.0,1.76,38.2,Elnes_lime_shale,False,100.162,Operational/Workforce,"Issue persists after initial action ('Shift roster reallocated, additional crew deployed to bottleneck section, workflow reviewed with site supervisor.') did not fully resolve it.",Escalated to operations manager for full process and staffing audit.,Resolved,Successful,Continue routine monitoring; no further action required.,Proxy (2025 same-calendar-date pattern),"Proxy (global reference dataset, not MOIL-specific)","Proxy (generic MWD reference dataset, not MOIL-specific)"
CASE-BAL-202403-0625,1,Balaghat,2024-03-01,2024,3,25515.51,19293.12,6222.39,24.39,0.924,0.838,0.976,Medium,UNIT-5043,haul_truck,hydraulics,filter,1.6,predictive,False,routine,26.55,0.0,1.98,32.2,Rhomb_porphyry,False,142.545,Equipment,"Equipment availability below target. haul truck (UNIT-5043) recorded a routine 'hydraulics' issue affecting the filter; 1.6h downtime, unscheduled predictive maintenance logged.",Corrective maintenance performed on filter.,Failed,Escalated,Escalate: Component replacement / major overhaul scheduled; equipment flagged for engineering review.,Proxy (2025 same-calendar-date pattern),"Proxy (global reference dataset, not MOIL-specific)","Proxy (generic MWD reference dataset, not MOIL-specific)"
CASE-BAL-202403-0626,2,Balaghat,2024-03-06,2024,3,25515.51,19293.12,6222.39,24.39,0.924,0.838,0.976,Medium,UNIT-5043,haul_truck,hydraulics,filter,1.6,predictive,False,routine,26.55,0.0,1.98,32.2,Rhomb_porphyry,False,142.545,Equipment,Issue persists after initial action ('Corrective maintenance performed on filter.') did not fully resolve it.,Component replacement / major overhaul scheduled; equipment flagged for engineering review.,Resolved,Successful,Continue routine monitoring; no further action required.,Proxy (2025 same-calendar-date pattern),"Proxy (global reference dataset, not MOIL-specific)","Proxy (generic MWD reference dataset, not MOIL-specific)"
CASE-BEL-202403-0627,1,Beldongri,2024-03-01,2024,3,10965.25,8620.48,2344.77,21.38,0.996,0.909,0.869,Medium,UNIT-4643,haul_truck,preventive,oil_change,2.2,preventive,True,routine,27.32,0.0,1.79,28.000000000000004,Rhomb_porphyry,False,120.17,Weather,"Weather impact score 0.87 — rainfall 0.0mm, wind 1.8 m/s, soil moisture (0-100cm) 28.0%, affecting haul-road and pit access (2025 seasonal pattern used as proxy for this calendar date).",Operations continued with adjusted shift timing to work around weather window.,Reduced,In Progress,Re-inspect within 7 days; escalate if shortfall persists.,Proxy (2025 same-calendar-date pattern),"Proxy (global reference dataset, not MOIL-specific)","Proxy (generic MWD reference dataset, not MOIL-specific)"
CASE-CHI-202403-0628,1,Chikla,2024-03-01,2024,3,14387.86,9869.17,4518.7,31.41,0.865,0.922,0.86,High,UNIT-8390,loader,preventive,inspection,2.0,preventive,True,routine,27.43,0.0,1.68,30.7,Granittic_gneiss,False,599.246,Weather,"Weather impact score 0.86 — rainfall 0.0mm, wind 1.7 m/s, soil moisture (0-100cm) 30.7%, affecting haul-road and pit access (2025 seasonal pattern used as proxy for this calendar date).",Operations continued with adjusted shift timing to work around weather window.,Reduced,In Progress,Re-inspect within 7 days; escalate if shortfall persists.,Proxy (2025 same-calendar-date pattern),"Proxy (global reference dataset, not MOIL-specific)","Proxy (generic MWD reference dataset, not MOIL-specific)"
CASE-CHI-202403-0629,2,Chikla,2024-03-10,2024,3,14387.86,9869.17,4518.7,31.41,0.865,0.922,0.86,High,UNIT-8390,loader,preventive,inspection,2.0,preventive,True,routine,27.43,0.0,1.68,30.7,Granittic_gneiss,False,599.246,Weather,Issue persists after initial action ('Operations continued with adjusted shift timing to work around weather window.') did not fully resolve it.,Contingency haulage plan activated (alternate route / stockpile buffer) until conditions normalise.,Resolved,Successful,Continue routine monitoring; no further action required.,Proxy (2025 same-calendar-date pattern),"Proxy (global reference dataset, not MOIL-specific)","Proxy (generic MWD reference dataset, not MOIL-specific)"
CASE-DON-202403-0630,1,Dongri Buzurg,2024-03-01,2024,3,18238.79,13941.09,4297.7,23.56,0.971,0.807,0.976,Medium,UNIT-4283,conveyor,belt,general_component,2.5,corrective,False,minor,27.32,0.0,1.79,28.299999999999997,Granittic_gneiss,False,112.555,Equipment,"Equipment availability below target. conveyor (UNIT-4283) recorded a minor 'belt' issue affecting the general component; 2.5h downtime, unscheduled corrective maintenance logged.",Corrective maintenance performed on general component.,Reduced,In Progress,Re-inspect within 7 days; escalate if shortfall persists.,Proxy (2025 same-calendar-date pattern),"Proxy (global reference dataset, not MOIL-specific)","Proxy (generic MWD reference dataset, not MOIL-specific)"
CASE-GUM-202403-0631,1,Gumgaon,2024-03-01,2024,3,12290.39,9769.45,2520.94,20.51,0.929,0.924,0.927,Medium,UNIT-9850,haul_truck,preventive,oil_change,2.8,preventive,True,routine,26.9,0.0,1.91,28.9,Granittic_gneiss,False,224.28,Operational/Workforce,"Operational efficiency at 0.93, below target — indicates shift, workflow or crew utilisation gap.","Shift roster reallocated, additional crew deployed to bottleneck section, workflow reviewed with site supervisor.",Resolved,Successful,Continue routine monitoring; no further action required.,Proxy (2025 same-calendar-date pattern),"Proxy (global reference dataset, not MOIL-specific)","Proxy (generic MWD reference dataset, not MOIL-specific)"
CASE-KAN-202403-0632,1,Kandri,2024-03-01,2024,3,12323.11,7051.07,5272.04,42.78,0.843,0.758,0.896,High,UNIT-8044,drill_rig,preventive,inspection,2.7,preventive,True,routine,27.32,0.0,1.79,31.0,Granittic_gneiss,False,462.707,Equipment,"Equipment availability below target. drill rig (UNIT-8044) recorded a routine 'preventive' issue affecting the inspection; 2.7h downtime, scheduled preventive maintenance logged.",Preventive/predictive maintenance carried out on inspection per maintenance schedule.,Resolved,Successful,Continue routine monitoring; no further action required.,Proxy (2025 same-calendar-date pattern),"Proxy (global reference dataset, not MOIL-specific)","Proxy (generic MWD reference dataset, not MOIL-specific)"
CASE-SIT-202403-0633,1,Sitapatore,2024-03-01,2024,3,12930.31,9696.09,3234.22,25.01,0.933,0.815,0.986,High,UNIT-9370,haul_truck,preventive,filter_replace,2.0,preventive,True,routine,27.32,0.0,1.79,30.4,Amphibolittic_gneiss,False,142.526,Equipment,"Equipment availability below target. haul truck (UNIT-9370) recorded a routine 'preventive' issue affecting the filter replace; 2.0h downtime, scheduled preventive maintenance logged.",Preventive/predictive maintenance carried out on filter replace per maintenance schedule.,Resolved,Successful,Continue routine monitoring; no further action required.,Proxy (2025 same-calendar-date pattern),"Proxy (global reference dataset, not MOIL-specific)","Proxy (generic MWD reference dataset, not MOIL-specific)"
CASE-TIR-202403-0634,1,Tirodi,2024-03-01,2024,3,19173.55,12473.11,6700.44,34.95,0.912,0.778,0.917,High,UNIT-1209,crusher,liner,general_component,21.7,corrective,False,minor,27.43,0.0,1.68,28.000000000000004,Granittic_gneiss,True,645.441,Equipment,"Equipment availability below target. crusher (UNIT-1209) recorded a minor 'liner' issue affecting the general component; 21.7h downtime, unscheduled corrective maintenance logged.",Corrective maintenance performed on general component.,Resolved,Successful,Continue routine monitoring; no further action required.,Proxy (2025 same-calendar-date pattern),"Proxy (global reference dataset, not MOIL-specific)","Proxy (generic MWD reference dataset, not MOIL-specific)"
CASE-UKW-202403-0635,1,Ukwa,2024-03-01,2024,3,20341.71,15916.79,4424.92,21.75,0.973,0.887,0.907,Medium,UNIT-4555,excavator,bucket,general_component,8.7,corrective,False,minor,25.93,0.0,1.94,32.2,Drammensgranite,False,325.727,Weather,"Weather impact score 0.91 — rainfall 0.0mm, wind 1.9 m/s, soil moisture (0-100cm) 32.2%, affecting haul-road and pit access (2025 seasonal pattern used as proxy for this calendar date).",Operations continued with adjusted shift timing to work around weather window.,Reduced,In Progress,Re-inspect within 7 days; escalate if shortfall persists.,Proxy (2025 same-calendar-date pattern),"Proxy (global reference dataset, not MOIL-specific)","Proxy (generic MWD reference dataset, not MOIL-specific)"
CASE-UKW-202403-0636,2,Ukwa,2024-03-04,2024,3,20341.71,15916.79,4424.92,21.75,0.973,0.887,0.907,Medium,UNIT-4555,excavator,bucket,general_component,8.7,corrective,False,minor,25.93,0.0,1.94,32.2,Drammensgranite,False,325.727,Weather,Issue persists after initial action ('Operations continued with adjusted shift timing to work around weather window.') did not fully resolve it.,Contingency haulage plan activated (alternate route / stockpile buffer) until conditions normalise.,Resolved,Successful,Continue routine monitoring; no further action required.,Proxy (2025 same-calendar-date pattern),"Proxy (global reference dataset, not MOIL-specific)","Proxy (generic MWD reference dataset, not MOIL-specific)"
CASE-BAL-202404-0637,1,Balaghat,2024-04-01,2024,4,24784.99,14929.81,9855.19,39.76,0.822,0.856,0.856,High,UNIT-5063,haul_truck,tires,front_left,23.5,major_overhaul,True,major,30.71,0.0,1.71,27.3,Rhomb_porphyry,False,157.263,Operational/Workforce,"Operational efficiency at 0.82, below target — indicates shift, workflow or crew utilisation gap.","Action scheduled, not yet executed.",Not Yet Assessed,Pending,Action logged; awaiting execution and outcome review.,Proxy (2025 same-calendar-date pattern),"Proxy (global reference dataset, not MOIL-specific)","Proxy (generic MWD reference dataset, not MOIL-specific)"
CASE-BEL-202404-0638,1,Beldongri,2024-04-01,2024,4,10598.25,8366.63,2231.62,21.06,0.984,0.82,0.979,Medium,UNIT-2269,conveyor,roller,general_component,36.5,corrective,False,critical,31.24,0.0,1.79,27.900000000000002,Drammensgranite,False,69.478,Equipment,"Equipment availability below target. conveyor (UNIT-2269) recorded a critical 'roller' issue affecting the general component; 36.5h downtime, unscheduled corrective maintenance logged.",Emergency corrective maintenance dispatched; conveyor isolated from production circuit until repaired.,Reduced,In Progress,Re-inspect within 7 days; escalate if shortfall persists.,Proxy (2025 same-calendar-date pattern),"Proxy (global reference dataset, not MOIL-specific)","Proxy (generic MWD reference dataset, not MOIL-specific)"
CASE-CHI-202404-0639,1,Chikla,2024-04-01,2024,4,13030.58,11659.35,1371.23,10.52,0.982,0.938,0.971,Medium,UNIT-3560,grader,preventive,oil_change,10.1,preventive,True,minor,31.42,0.0,1.63,34.1,Amphibolittic_gneiss,False,319.342,Weather,"Weather impact score 0.97 — rainfall 0.0mm, wind 1.6 m/s, soil moisture (0-100cm) 34.1%, affecting haul-road and pit access (2025 seasonal pattern used as proxy for this calendar date).",Operations continued with adjusted shift timing to work around weather window.,Reduced,In Progress,Re-inspect within 7 days; escalate if shortfall persists.,Proxy (2025 same-calendar-date pattern),"Proxy (global reference dataset, not MOIL-specific)","Proxy (generic MWD reference dataset, not MOIL-specific)"
CASE-DON-202404-0640,1,Dongri Buzurg,2024-04-01,2024,4,16887.58,13987.98,2899.6,17.17,0.993,0.932,0.896,Medium,UNIT-5043,haul_truck,hydraulics,filter,1.6,predictive,False,routine,31.24,0.0,1.79,32.6,Rhomb_porphyry,False,212.02,Weather,"Weather impact score 0.90 — rainfall 0.0mm, wind 1.8 m/s, soil moisture (0-100cm) 32.6%, affecting haul-road and pit access (2025 seasonal pattern used as proxy for this calendar date).",Operations continued with adjusted shift timing to work around weather window.,Failed,Escalated,Escalate: Contingency haulage plan activated (alternate route / stockpile buffer) until conditions normalise.,Proxy (2025 same-calendar-date pattern),"Proxy (global reference dataset, not MOIL-specific)","Proxy (generic MWD reference dataset, not MOIL-specific)"
CASE-DON-202404-0641,2,Dongri Buzurg,2024-04-04,2024,4,16887.58,13987.98,2899.6,17.17,0.993,0.932,0.896,Medium,UNIT-5043,haul_truck,hydraulics,filter,1.6,predictive,False,routine,31.24,0.0,1.79,32.6,Rhomb_porphyry,False,212.02,Weather,Issue persists after initial action ('Operations continued with adjusted shift timing to work around weather window.') did not fully resolve it.,Contingency haulage plan activated (alternate route / stockpile buffer) until conditions normalise.,Resolved,Successful,Continue routine monitoring; no further action required.,Proxy (2025 same-calendar-date pattern),"Proxy (global reference dataset, not MOIL-specific)","Proxy (generic MWD reference dataset, not MOIL-specific)"
CASE-GUM-202404-0642,1,Gumgaon,2024-04-01,2024,4,12218.14,8781.23,3436.9,28.13,0.856,0.968,0.867,High,UNIT-9267,haul_truck,electrical,wiring,2.7,predictive,False,routine,31.26,1.77,1.8,28.299999999999997,Granittic_gneiss,False,136.165,Operational/Workforce,"Operational efficiency at 0.86, below target — indicates shift, workflow or crew utilisation gap.","Shift roster reallocated, additional crew deployed to bottleneck section, workflow reviewed with site supervisor.",Reduced,In Progress,Re-inspect within 7 days; escalate if shortfall persists.,Proxy (2025 same-calendar-date pattern),"Proxy (global reference dataset, not MOIL-specific)","Proxy (generic MWD reference dataset, not MOIL-specific)"
CASE-KAN-202404-0643,1,Kandri,2024-04-01,2024,4,12069.44,7520.19,4549.25,37.69,0.908,0.774,0.886,High,UNIT-5793,excavator,bucket,general_component,87.3,corrective,False,critical,31.24,0.0,1.79,29.7,Rhomb_porphyry,False,69.752,Equipment,"Equipment availability below target. excavator (UNIT-5793) recorded a critical 'bucket' issue affecting the general component; 87.3h downtime, unscheduled corrective maintenance logged.",Emergency corrective maintenance dispatched; excavator isolated from production circuit until repaired.,Reduced,In Progress,Re-inspect within 7 days; escalate if shortfall persists.,Proxy (2025 same-calendar-date pattern),"Proxy (global reference dataset, not MOIL-specific)","Proxy (generic MWD reference dataset, not MOIL-specific)"
CASE-MUN-202404-0644,1,Munsar,2024-04-01,2024,4,9845.29,6824.66,3020.63,30.68,0.894,0.825,0.94,High,UNIT-6376,conveyor,preventive,inspection,1.1,preventive,True,routine,31.24,0.0,1.79,29.7,Amphibolittic_gneiss,False,222.389,Equipment,"Equipment availability below target. conveyor (UNIT-6376) recorded a routine 'preventive' issue affecting the inspection; 1.1h downtime, scheduled preventive maintenance logged.",Preventive/predictive maintenance carried out on inspection per maintenance schedule.,Resolved,Successful,Continue routine monitoring; no further action required.,Proxy (2025 same-calendar-date pattern),"Proxy (global reference dataset, not MOIL-specific)","Proxy (generic MWD reference dataset, not MOIL-specific)"
CASE-SIT-202404-0645,1,Sitapatore,2024-04-01,2024,4,11588.68,7994.65,3594.03,31.01,0.86,0.936,0.857,High,UNIT-1531,excavator,hydraulics,hose,97.3,corrective,False,critical,31.24,0.0,1.79,29.4,Rhomb_porphyry,False,157.771,Operational/Workforce,"Operational efficiency at 0.86, below target — indicates shift, workflow or crew utilisation gap.","Shift roster reallocated, additional crew deployed to bottleneck section, workflow reviewed with site supervisor.",Reduced,In Progress,Re-inspect within 7 days; escalate if shortfall persists.,Proxy (2025 same-calendar-date pattern),"Proxy (global reference dataset, not MOIL-specific)","Proxy (generic MWD reference dataset, not MOIL-specific)"
CASE-SIT-202404-0646,2,Sitapatore,2024-04-07,2024,4,11588.68,7994.65,3594.03,31.01,0.86,0.936,0.857,High,UNIT-1531,excavator,hydraulics,hose,97.3,corrective,False,critical,31.24,0.0,1.79,29.4,Rhomb_porphyry,False,157.771,Operational/Workforce,"Issue persists after initial action ('Shift roster reallocated, additional crew deployed to bottleneck section, workflow reviewed with site supervisor.') did not fully resolve it.",Escalated to operations manager for full process and staffing audit.,Resolved,Successful,Continue routine monitoring; no further action required.,Proxy (2025 same-calendar-date pattern),"Proxy (global reference dataset, not MOIL-specific)","Proxy (generic MWD reference dataset, not MOIL-specific)"
CASE-TIR-202404-0647,1,Tirodi,2024-04-01,2024,4,18457.62,15422.47,3035.14,16.44,0.97,0.917,0.939,Medium,UNIT-6287,loader,preventive,adjustment,4.7,preventive,True,routine,31.42,0.0,1.63,30.3,Blackshale,False,84.026,Weather,"Weather impact score 0.94 — rainfall 0.0mm, wind 1.6 m/s, soil moisture (0-100cm) 30.3%, affecting haul-road and pit access (2025 seasonal pattern used as proxy for this calendar date).",Operations continued with adjusted shift timing to work around weather window.,Reduced,In Progress,Re-inspect within 7 days; escalate if shortfall persists.,Proxy (2025 same-calendar-date pattern),"Proxy (global reference dataset, not MOIL-specific)","Proxy (generic MWD reference dataset, not MOIL-specific)"
CASE-UKW-202404-0648,1,Ukwa,2024-04-01,2024,4,19975.39,11402.45,8572.94,42.92,0.837,0.77,0.886,High,UNIT-5033,excavator,preventive,inspection,3.3,preventive,True,routine,30.08,0.0,1.63,23.7,Hornfels,False,167.981,Equipment,"Equipment availability below target. excavator (UNIT-5033) recorded a routine 'preventive' issue affecting the inspection; 3.3h downtime, scheduled preventive maintenance logged.",Preventive/predictive maintenance carried out on inspection per maintenance schedule.,Resolved,Successful,Continue routine monitoring; no further action required.,Proxy (2025 same-calendar-date pattern),"Proxy (global reference dataset, not MOIL-specific)","Proxy (generic MWD reference dataset, not MOIL-specific)"
CASE-BAL-202405-0649,1,Balaghat,2024-05-01,2024,5,25876.03,18689.68,7186.35,27.77,0.807,0.896,0.999,High,UNIT-8628,loader,electrical,alternator,27.1,corrective,False,major,31.5,0.81,3.23,27.6,Rhomb_porphyry,False,56.443,Operational/Workforce,"Operational efficiency at 0.81, below target — indicates shift, workflow or crew utilisation gap.","Action scheduled, not yet executed.",Not Yet Assessed,Pending,Action logged; awaiting execution and outcome review.,Proxy (2025 same-calendar-date pattern),"Proxy (global reference dataset, not MOIL-specific)","Proxy (generic MWD reference dataset, not MOIL-specific)"
CASE-BEL-202405-0650,1,Beldongri,2024-05-01,2024,5,11387.97,7687.86,3700.12,32.49,0.904,0.766,0.975,High,UNIT-9818,haul_truck,tires,rear_left,4.7,predictive,False,minor,33.22,0.4,3.06,28.4,Drammensgranite,False,302.254,Equipment,"Equipment availability below target. haul truck (UNIT-9818) recorded a minor 'tires' issue affecting the rear left; 4.7h downtime, unscheduled predictive maintenance logged.",Corrective maintenance performed on rear left.,Resolved,Successful,Continue routine monitoring; no further action required.,Proxy (2025 same-calendar-date pattern),"Proxy (global reference dataset, not MOIL-specific)","Proxy (generic MWD reference dataset, not MOIL-specific)"
CASE-CHI-202405-0651,1,Chikla,2024-05-01,2024,5,14278.71,8965.91,5312.8,37.21,0.823,0.773,0.986,High,UNIT-5331,haul_truck,engine,oil_pump,11.7,corrective,False,minor,32.32,1.89,3.15,30.8,Granittic_gneiss,False,355.581,Equipment,"Equipment availability below target. haul truck (UNIT-5331) recorded a minor 'engine' issue affecting the oil pump; 11.7h downtime, unscheduled corrective maintenance logged.",Corrective maintenance performed on oil pump.,Failed,Escalated,Escalate: Component replacement / major overhaul scheduled; equipment flagged for engineering review.,Proxy (2025 same-calendar-date pattern),"Proxy (global reference dataset, not MOIL-specific)","Proxy (generic MWD reference dataset, not MOIL-specific)"
CASE-CHI-202405-0652,2,Chikla,2024-05-05,2024,5,14278.71,8965.91,5312.8,37.21,0.823,0.773,0.986,High,UNIT-5331,haul_truck,engine,oil_pump,11.7,corrective,False,minor,32.32,1.89,3.15,30.8,Granittic_gneiss,False,355.581,Equipment,Issue persists after initial action ('Corrective maintenance performed on oil pump.') did not fully resolve it.,Component replacement / major overhaul scheduled; equipment flagged for engineering review.,Resolved,Successful,Continue routine monitoring; no further action required.,Proxy (2025 same-calendar-date pattern),"Proxy (global reference dataset, not MOIL-specific)","Proxy (generic MWD reference dataset, not MOIL-specific)"
CASE-DON-202405-0653,1,Dongri Buzurg,2024-05-01,2024,5,19170.66,16802.53,2368.13,12.35,0.966,0.97,0.936,Medium,UNIT-4007,haul_truck,preventive,inspection,7.8,preventive,True,minor,33.22,0.4,3.06,30.4,Granittic_gneiss,False,95.535,Weather,"Weather impact score 0.94 — rainfall 0.4mm, wind 3.1 m/s, soil moisture (0-100cm) 30.4%, affecting haul-road and pit access (2025 seasonal pattern used as proxy for this calendar date).","Action scheduled, not yet executed.",Not Yet Assessed,Pending,Action logged; awaiting execution and outcome review.,Proxy (2025 same-calendar-date pattern),"Proxy (global reference dataset, not MOIL-specific)","Proxy (generic MWD reference dataset, not MOIL-specific)"
CASE-GUM-202405-0654,1,Gumgaon,2024-05-01,2024,5,12589.72,8466.06,4123.66,32.75,0.886,0.829,0.915,High,UNIT-1238,drill_rig,rotation,general_component,3.8,predictive,False,minor,33.49,0.16,2.42,27.400000000000002,Amphibolittic_gneiss,False,217.251,Equipment,"Equipment availability below target. drill rig (UNIT-1238) recorded a minor 'rotation' issue affecting the general component; 3.8h downtime, unscheduled predictive maintenance logged.",Corrective maintenance performed on general component.,Resolved,Successful,Continue routine monitoring; no further action required.,Proxy (2025 same-calendar-date pattern),"Proxy (global reference dataset, not MOIL-specific)","Proxy (generic MWD reference dataset, not MOIL-specific)"
CASE-KAN-202405-0655,1,Kandri,2024-05-01,2024,5,12912.0,10599.12,2312.88,17.91,0.92,0.973,0.917,Medium,UNIT-9575,haul_truck,preventive,oil_change,2.5,preventive,True,routine,33.22,0.4,3.06,27.700000000000003,Granittic_gneiss,True,166.075,Geological/Drilling,"Drilling data flags a transition/variable rock zone (Rock type: Granittic_gneiss, rotation-pressure variance 166.1) — likely reduced penetration rate slowing blast-hole completion. [Hypothesis from generic MWD reference data — not yet validated against MOIL's own geology.]",Drill parameters and blast pattern adjusted for harder/variable rock; additional bit changes scheduled.,Failed,Escalated,Escalate: Escalated to geology/blast engineering team for re-survey of the zone.,Proxy (2025 same-calendar-date pattern),"Proxy (global reference dataset, not MOIL-specific)","Proxy (generic MWD reference dataset, not MOIL-specific)"
CASE-KAN-202405-0656,2,Kandri,2024-05-05,2024,5,12912.0,10599.12,2312.88,17.91,0.92,0.973,0.917,Medium,UNIT-9575,haul_truck,preventive,oil_change,2.5,preventive,True,routine,33.22,0.4,3.06,27.700000000000003,Granittic_gneiss,True,166.075,Geological/Drilling,Issue persists after initial action ('Drill parameters and blast pattern adjusted for harder/variable rock; additional bit changes scheduled.') did not fully resolve it.,Escalated to geology/blast engineering team for re-survey of the zone.,Failed,Escalated,Escalate: Escalated to geology/blast engineering team for re-survey of the zone.,Proxy (2025 same-calendar-date pattern),"Proxy (global reference dataset, not MOIL-specific)","Proxy (generic MWD reference dataset, not MOIL-specific)"
CASE-MUN-202405-0657,1,Munsar,2024-05-01,2024,5,11114.59,8831.81,2282.78,20.54,0.926,0.898,0.955,Medium,UNIT-9507,excavator,bucket,general_component,22.1,corrective,False,major,33.22,0.4,3.06,27.700000000000003,Drammensgranite,False,265.846,Operational/Workforce,"Operational efficiency at 0.93, below target — indicates shift, workflow or crew utilisation gap.","Shift roster reallocated, additional crew deployed to bottleneck section, workflow reviewed with site supervisor.",Reduced,In Progress,Re-inspect within 7 days; escalate if shortfall persists.,Proxy (2025 same-calendar-date pattern),"Proxy (global reference dataset, not MOIL-specific)","Proxy (generic MWD reference dataset, not MOIL-specific)"
CASE-SIT-202405-0658,1,Sitapatore,2024-05-01,2024,5,12237.81,7779.69,4458.12,36.43,0.902,0.776,0.908,High,UNIT-6283,crusher,liner,general_component,47.9,corrective,False,major,33.22,0.4,3.06,26.200000000000003,Drammensgranite,False,324.563,Equipment,"Equipment availability below target. crusher (UNIT-6283) recorded a major 'liner' issue affecting the general component; 47.9h downtime, unscheduled corrective maintenance logged.",Emergency corrective maintenance dispatched; crusher isolated from production circuit until repaired.,Resolved,Successful,Continue routine monitoring; no further action required.,Proxy (2025 same-calendar-date pattern),"Proxy (global reference dataset, not MOIL-specific)","Proxy (generic MWD reference dataset, not MOIL-specific)"
CASE-TIR-202405-0659,1,Tirodi,2024-05-01,2024,5,18828.44,16265.73,2562.71,13.61,0.93,0.988,0.94,Medium,UNIT-4449,excavator,preventive,adjustment,5.9,preventive,True,routine,32.32,1.89,3.15,27.900000000000002,Granittic_gneiss,False,202.539,Operational/Workforce,"Operational efficiency at 0.93, below target — indicates shift, workflow or crew utilisation gap.","Shift roster reallocated, additional crew deployed to bottleneck section, workflow reviewed with site supervisor.",Reduced,In Progress,Re-inspect within 7 days; escalate if shortfall persists.,Proxy (2025 same-calendar-date pattern),"Proxy (global reference dataset, not MOIL-specific)","Proxy (generic MWD reference dataset, not MOIL-specific)"
CASE-UKW-202405-0660,1,Ukwa,2024-05-01,2024,5,20920.15,14742.48,6177.67,29.53,0.901,0.909,0.861,High,UNIT-9308,haul_truck,tires,front_right,2.6,predictive,False,routine,29.88,3.22,2.62,30.3,Hagaberg_shale,False,207.871,Weather,"Weather impact score 0.86 — rainfall 3.2mm, wind 2.6 m/s, soil moisture (0-100cm) 30.3%, affecting haul-road and pit access (2025 seasonal pattern used as proxy for this calendar date).",Operations continued with adjusted shift timing to work around weather window.,Reduced,In Progress,Re-inspect within 7 days; escalate if shortfall persists.,Proxy (2025 same-calendar-date pattern),"Proxy (global reference dataset, not MOIL-specific)","Proxy (generic MWD reference dataset, not MOIL-specific)"
CASE-BAL-202406-0661,1,Balaghat,2024-06-01,2024,6,21633.74,11268.87,10364.87,47.91,0.872,0.868,0.688,High,UNIT-4862,drill_rig,compressor,general_component,9.8,major_overhaul,True,major,31.56,0.0,4.08,30.9,Rhomb_porphyry,False,89.647,Weather,"Weather impact score 0.69 — rainfall 0.0mm, wind 4.1 m/s, soil moisture (0-100cm) 30.9%, affecting haul-road and pit access (2025 seasonal pattern used as proxy for this calendar date).",Operations continued with adjusted shift timing to work around weather window.,Resolved,Successful,Continue routine monitoring; no further action required.,Proxy (2025 same-calendar-date pattern),"Proxy (global reference dataset, not MOIL-specific)","Proxy (generic MWD reference dataset, not MOIL-specific)"
CASE-BEL-202406-0662,1,Beldongri,2024-06-01,2024,6,9486.52,5522.16,3964.36,41.79,0.994,0.833,0.703,High,UNIT-4196,drill_rig,electrical,alternator,3.3,corrective,False,minor,31.72,0.0,4.71,37.2,Amphibolittic_gneiss,False,190.352,Weather,"Weather impact score 0.70 — rainfall 0.0mm, wind 4.7 m/s, soil moisture (0-100cm) 37.2%, affecting haul-road and pit access (2025 seasonal pattern used as proxy for this calendar date).",Operations continued with adjusted shift timing to work around weather window.,Failed,Escalated,Escalate: Contingency haulage plan activated (alternate route / stockpile buffer) until conditions normalise.,Proxy (2025 same-calendar-date pattern),"Proxy (global reference dataset, not MOIL-specific)","Proxy (generic MWD reference dataset, not MOIL-specific)"
CASE-BEL-202406-0663,2,Beldongri,2024-06-05,2024,6,9486.52,5522.16,3964.36,41.79,0.994,0.833,0.703,High,UNIT-4196,drill_rig,electrical,alternator,3.3,corrective,False,minor,31.72,0.0,4.71,37.2,Amphibolittic_gneiss,False,190.352,Weather,Issue persists after initial action ('Operations continued with adjusted shift timing to work around weather window.') did not fully resolve it.,Contingency haulage plan activated (alternate route / stockpile buffer) until conditions normalise.,Reduced,In Progress,Re-inspect within 7 days; escalate if shortfall persists.,Proxy (2025 same-calendar-date pattern),"Proxy (global reference dataset, not MOIL-specific)","Proxy (generic MWD reference dataset, not MOIL-specific)"
CASE-CHI-202406-0664,1,Chikla,2024-06-01,2024,6,12613.59,5640.6,6972.99,55.28,0.856,0.802,0.651,High,UNIT-5746,haul_truck,tires,rear_left,15.7,corrective,False,major,32.0,0.0,4.1,38.9,Drammensgranite,False,126.133,Weather,"Weather impact score 0.65 — rainfall 0.0mm, wind 4.1 m/s, soil moisture (0-100cm) 38.9%, affecting haul-road and pit access (2025 seasonal pattern used as proxy for this calendar date).",Operations continued with adjusted shift timing to work around weather window.,Reduced,In Progress,Re-inspect within 7 days; escalate if shortfall persists.,Proxy (2025 same-calendar-date pattern),"Proxy (global reference dataset, not MOIL-specific)","Proxy (generic MWD reference dataset, not MOIL-specific)"
CASE-DON-202406-0665,1,Dongri Buzurg,2024-06-01,2024,6,15814.9,7512.16,8302.74,52.5,0.844,0.759,0.741,High,UNIT-6711,grader,electrical,battery,7.8,corrective,False,minor,31.72,0.0,4.71,38.2,Drammensgranite,False,121.446,Weather,"Weather impact score 0.74 — rainfall 0.0mm, wind 4.7 m/s, soil moisture (0-100cm) 38.2%, affecting haul-road and pit access (2025 seasonal pattern used as proxy for this calendar date).",Operations continued with adjusted shift timing to work around weather window.,Failed,Escalated,Escalate: Contingency haulage plan activated (alternate route / stockpile buffer) until conditions normalise.,Proxy (2025 same-calendar-date pattern),"Proxy (global reference dataset, not MOIL-specific)","Proxy (generic MWD reference dataset, not MOIL-specific)"
CASE-DON-202406-0666,2,Dongri Buzurg,2024-06-04,2024,6,15814.9,7512.16,8302.74,52.5,0.844,0.759,0.741,High,UNIT-6711,grader,electrical,battery,7.8,corrective,False,minor,31.72,0.0,4.71,38.2,Drammensgranite,False,121.446,Weather,Issue persists after initial action ('Operations continued with adjusted shift timing to work around weather window.') did not fully resolve it.,Contingency haulage plan activated (alternate route / stockpile buffer) until conditions normalise.,Resolved,Successful,Continue routine monitoring; no further action required.,Proxy (2025 same-calendar-date pattern),"Proxy (global reference dataset, not MOIL-specific)","Proxy (generic MWD reference dataset, not MOIL-specific)"
CASE-GUM-202406-0667,1,Gumgaon,2024-06-01,2024,6,11424.78,8271.17,3153.61,27.6,0.914,0.878,0.902,High,UNIT-5890,loader,electrical,battery,4.2,predictive,False,routine,30.69,0.0,4.96,32.1,Granittic_gneiss,False,116.904,Weather,"Weather impact score 0.90 — rainfall 0.0mm, wind 5.0 m/s, soil moisture (0-100cm) 32.1%, affecting haul-road and pit access (2025 seasonal pattern used as proxy for this calendar date).",Operations continued with adjusted shift timing to work around weather window.,Resolved,Successful,Continue routine monitoring; no further action required.,Proxy (2025 same-calendar-date pattern),"Proxy (global reference dataset, not MOIL-specific)","Proxy (generic MWD reference dataset, not MOIL-specific)"
CASE-KAN-202406-0668,1,Kandri,2024-06-01,2024,6,10975.03,6029.18,4945.85,45.06,0.817,0.904,0.743,High,UNIT-3628,grader,preventive,inspection,1.8,preventive,True,routine,31.72,0.0,4.71,34.300000000000004,Amphibolittic_gneiss,False,456.094,Weather,"Weather impact score 0.74 — rainfall 0.0mm, wind 4.7 m/s, soil moisture (0-100cm) 34.3%, affecting haul-road and pit access (2025 seasonal pattern used as proxy for this calendar date).",Operations continued with adjusted shift timing to work around weather window.,Resolved,Successful,Continue routine monitoring; no further action required.,Proxy (2025 same-calendar-date pattern),"Proxy (global reference dataset, not MOIL-specific)","Proxy (generic MWD reference dataset, not MOIL-specific)"
CASE-MUN-202406-0669,1,Munsar,2024-06-01,2024,6,9710.27,7590.05,2120.22,21.83,0.975,0.873,0.918,Medium,UNIT-9058,excavator,preventive,filter_replace,18.0,preventive,True,minor,31.72,0.0,4.71,34.300000000000004,Amphibolittic_gneiss,False,345.952,Equipment,"Equipment availability below target. excavator (UNIT-9058) recorded a minor 'preventive' issue affecting the filter replace; 18.0h downtime, scheduled preventive maintenance logged.",Preventive/predictive maintenance carried out on filter replace per maintenance schedule.,Resolved,Successful,Continue routine monitoring; no further action required.,Proxy (2025 same-calendar-date pattern),"Proxy (global reference dataset, not MOIL-specific)","Proxy (generic MWD reference dataset, not MOIL-specific)"
CASE-SIT-202406-0670,1,Sitapatore,2024-06-01,2024,6,10680.58,5896.99,4783.6,44.79,0.855,0.849,0.761,High,UNIT-3158,loader,electrical,alternator,7.7,corrective,False,minor,31.72,0.0,4.71,28.199999999999996,Blackshale,False,154.307,Weather,"Weather impact score 0.76 — rainfall 0.0mm, wind 4.7 m/s, soil moisture (0-100cm) 28.2%, affecting haul-road and pit access (2025 seasonal pattern used as proxy for this calendar date).",Operations continued with adjusted shift timing to work around weather window.,Reduced,In Progress,Re-inspect within 7 days; escalate if shortfall persists.,Proxy (2025 same-calendar-date pattern),"Proxy (global reference dataset, not MOIL-specific)","Proxy (generic MWD reference dataset, not MOIL-specific)"
CASE-TIR-202406-0671,1,Tirodi,2024-06-01,2024,6,17311.86,12843.66,4468.2,25.81,0.943,0.902,0.872,High,UNIT-1169,conveyor,belt,general_component,5.7,corrective,False,minor,32.0,0.0,4.1,32.7,Amphibolittic_gneiss,False,796.403,Weather,"Weather impact score 0.87 — rainfall 0.0mm, wind 4.1 m/s, soil moisture (0-100cm) 32.7%, affecting haul-road and pit access (2025 seasonal pattern used as proxy for this calendar date).",Operations continued with adjusted shift timing to work around weather window.,Reduced,In Progress,Re-inspect within 7 days; escalate if shortfall persists.,Proxy (2025 same-calendar-date pattern),"Proxy (global reference dataset, not MOIL-specific)","Proxy (generic MWD reference dataset, not MOIL-specific)"
CASE-TIR-202406-0672,2,Tirodi,2024-06-07,2024,6,17311.86,12843.66,4468.2,25.81,0.943,0.902,0.872,High,UNIT-1169,conveyor,belt,general_component,5.7,corrective,False,minor,32.0,0.0,4.1,32.7,Amphibolittic_gneiss,False,796.403,Weather,Issue persists after initial action ('Operations continued with adjusted shift timing to work around weather window.') did not fully resolve it.,Contingency haulage plan activated (alternate route / stockpile buffer) until conditions normalise.,Reduced,In Progress,Re-inspect within 7 days; escalate if shortfall persists.,Proxy (2025 same-calendar-date pattern),"Proxy (global reference dataset, not MOIL-specific)","Proxy (generic MWD reference dataset, not MOIL-specific)"
CASE-UKW-202406-0673,1,Ukwa,2024-06-01,2024,6,18840.02,9048.9,9791.12,51.97,0.964,0.75,0.664,High,UNIT-4510,haul_truck,engine,injector,19.8,corrective,False,major,30.45,0.0,3.49,36.9,Granittic_gneiss,True,708.961,Weather,"Weather impact score 0.66 — rainfall 0.0mm, wind 3.5 m/s, soil moisture (0-100cm) 36.9%, affecting haul-road and pit access (2025 seasonal pattern used as proxy for this calendar date).",Operations continued with adjusted shift timing to work around weather window.,Resolved,Successful,Continue routine monitoring; no further action required.,Proxy (2025 same-calendar-date pattern),"Proxy (global reference dataset, not MOIL-specific)","Proxy (generic MWD reference dataset, not MOIL-specific)"
CASE-BAL-202407-0674,1,Balaghat,2024-07-01,2024,7,18755.42,9341.64,9413.79,50.19,0.812,0.901,0.681,High,UNIT-4733,haul_truck,transmission,gearbox,3.3,predictive,False,routine,25.76,44.26,2.9,43.2,Granittic_gneiss,False,792.27,Weather,"Weather impact score 0.68 — rainfall 44.3mm, wind 2.9 m/s, soil moisture (0-100cm) 43.2%, affecting haul-road and pit access (2025 seasonal pattern used as proxy for this calendar date).","Action scheduled, not yet executed.",Not Yet Assessed,Pending,Action logged; awaiting execution and outcome review.,Proxy (2025 same-calendar-date pattern),"Proxy (global reference dataset, not MOIL-specific)","Proxy (generic MWD reference dataset, not MOIL-specific)"
CASE-BEL-202407-0675,1,Beldongri,2024-07-01,2024,7,8311.65,4761.28,3550.37,42.72,0.891,0.842,0.763,High,UNIT-6430,crusher,preventive,adjustment,7.5,preventive,True,routine,26.25,30.35,3.77,44.6,Amphibolittic_gneiss,False,501.949,Weather,"Weather impact score 0.76 — rainfall 30.4mm, wind 3.8 m/s, soil moisture (0-100cm) 44.6%, affecting haul-road and pit access (2025 seasonal pattern used as proxy for this calendar date).",Haulage rescheduled around peak rainfall hours; drainage and access-road reinforcement carried out.,Reduced,In Progress,Re-inspect within 7 days; escalate if shortfall persists.,Proxy (2025 same-calendar-date pattern),"Proxy (global reference dataset, not MOIL-specific)","Proxy (generic MWD reference dataset, not MOIL-specific)"
CASE-CHI-202407-0676,1,Chikla,2024-07-01,2024,7,11083.57,6283.82,4799.75,43.31,0.814,0.77,0.904,High,UNIT-2917,grader,preventive,oil_change,2.1,preventive,True,routine,26.27,41.54,3.23,47.599999999999994,Augen_gneiss,True,215.689,Operational/Workforce,"Operational efficiency at 0.81, below target — indicates shift, workflow or crew utilisation gap.","Shift roster reallocated, additional crew deployed to bottleneck section, workflow reviewed with site supervisor.",Resolved,Successful,Continue routine monitoring; no further action required.,Proxy (2025 same-calendar-date pattern),"Proxy (global reference dataset, not MOIL-specific)","Proxy (generic MWD reference dataset, not MOIL-specific)"
CASE-DON-202407-0677,1,Dongri Buzurg,2024-07-01,2024,7,14659.01,7525.26,7133.75,48.66,0.936,0.84,0.653,High,UNIT-6491,haul_truck,preventive,oil_change,2.2,preventive,True,routine,26.25,30.35,3.77,48.199999999999996,Granittic_gneiss,False,97.57,Weather,"Weather impact score 0.65 — rainfall 30.4mm, wind 3.8 m/s, soil moisture (0-100cm) 48.2%, affecting haul-road and pit access (2025 seasonal pattern used as proxy for this calendar date).",Haulage rescheduled around peak rainfall hours; drainage and access-road reinforcement carried out.,Reduced,In Progress,Re-inspect within 7 days; escalate if shortfall persists.,Proxy (2025 same-calendar-date pattern),"Proxy (global reference dataset, not MOIL-specific)","Proxy (generic MWD reference dataset, not MOIL-specific)"
CASE-DON-202407-0678,2,Dongri Buzurg,2024-07-07,2024,7,14659.01,7525.26,7133.75,48.66,0.936,0.84,0.653,High,UNIT-6491,haul_truck,preventive,oil_change,2.2,preventive,True,routine,26.25,30.35,3.77,48.199999999999996,Granittic_gneiss,False,97.57,Weather,Issue persists after initial action ('Haulage rescheduled around peak rainfall hours; drainage and access-road reinforcement carried out.') did not fully resolve it.,Contingency haulage plan activated (alternate route / stockpile buffer) until conditions normalise.,Resolved,Successful,Continue routine monitoring; no further action required.,Proxy (2025 same-calendar-date pattern),"Proxy (global reference dataset, not MOIL-specific)","Proxy (generic MWD reference dataset, not MOIL-specific)"
CASE-GUM-202407-0679,1,Gumgaon,2024-07-01,2024,7,9741.46,7309.42,2432.05,24.97,0.983,0.903,0.845,Medium,UNIT-3358,excavator,bucket,general_component,14.8,corrective,False,minor,25.64,16.47,4.46,40.6,Elnes_lime_shale,False,75.829,Weather,"Weather impact score 0.84 — rainfall 16.5mm, wind 4.5 m/s, soil moisture (0-100cm) 40.6%, affecting haul-road and pit access (2025 seasonal pattern used as proxy for this calendar date).",Haulage rescheduled around peak rainfall hours; drainage and access-road reinforcement carried out.,Reduced,In Progress,Re-inspect within 7 days; escalate if shortfall persists.,Proxy (2025 same-calendar-date pattern),"Proxy (global reference dataset, not MOIL-specific)","Proxy (generic MWD reference dataset, not MOIL-specific)"
CASE-KAN-202407-0680,1,Kandri,2024-07-01,2024,7,9246.0,4784.08,4461.92,48.26,0.98,0.767,0.688,High,UNIT-6763,haul_truck,preventive,oil_change,3.3,preventive,True,routine,26.25,30.35,3.77,40.300000000000004,Hornfels,False,147.112,Weather,"Weather impact score 0.69 — rainfall 30.4mm, wind 3.8 m/s, soil moisture (0-100cm) 40.3%, affecting haul-road and pit access (2025 seasonal pattern used as proxy for this calendar date).",Haulage rescheduled around peak rainfall hours; drainage and access-road reinforcement carried out.,Resolved,Successful,Continue routine monitoring; no further action required.,Proxy (2025 same-calendar-date pattern),"Proxy (global reference dataset, not MOIL-specific)","Proxy (generic MWD reference dataset, not MOIL-specific)"
CASE-MUN-202407-0681,1,Munsar,2024-07-01,2024,7,7998.71,4695.95,3302.76,41.29,0.884,0.824,0.806,High,UNIT-5146,pump,preventive,inspection,1.5,preventive,True,routine,26.25,30.35,3.77,40.300000000000004,Granittic_gneiss,False,95.002,Weather,"Weather impact score 0.81 — rainfall 30.4mm, wind 3.8 m/s, soil moisture (0-100cm) 40.3%, affecting haul-road and pit access (2025 seasonal pattern used as proxy for this calendar date).",Haulage rescheduled around peak rainfall hours; drainage and access-road reinforcement carried out.,Reduced,In Progress,Re-inspect within 7 days; escalate if shortfall persists.,Proxy (2025 same-calendar-date pattern),"Proxy (global reference dataset, not MOIL-specific)","Proxy (generic MWD reference dataset, not MOIL-specific)"
CASE-MUN-202407-0682,2,Munsar,2024-07-07,2024,7,7998.71,4695.95,3302.76,41.29,0.884,0.824,0.806,High,UNIT-5146,pump,preventive,inspection,1.5,preventive,True,routine,26.25,30.35,3.77,40.300000000000004,Granittic_gneiss,False,95.002,Weather,Issue persists after initial action ('Haulage rescheduled around peak rainfall hours; drainage and access-road reinforcement carried out.') did not fully resolve it.,Contingency haulage plan activated (alternate route / stockpile buffer) until conditions normalise.,Reduced,In Progress,Re-inspect within 7 days; escalate if shortfall persists.,Proxy (2025 same-calendar-date pattern),"Proxy (global reference dataset, not MOIL-specific)","Proxy (generic MWD reference dataset, not MOIL-specific)"
CASE-SIT-202407-0683,1,Sitapatore,2024-07-01,2024,7,9172.17,5698.5,3473.67,37.87,0.825,0.89,0.847,High,UNIT-7274,grader,tires,rear_left,10.1,corrective,False,minor,26.25,30.35,3.77,41.3,Augen_gneiss,False,142.056,Operational/Workforce,"Operational efficiency at 0.82, below target — indicates shift, workflow or crew utilisation gap.","Action scheduled, not yet executed.",Not Yet Assessed,Pending,Action logged; awaiting execution and outcome review.,Proxy (2025 same-calendar-date pattern),"Proxy (global reference dataset, not MOIL-specific)","Proxy (generic MWD reference dataset, not MOIL-specific)"
CASE-TIR-202407-0684,1,Tirodi,2024-07-01,2024,7,14635.54,10889.64,3745.9,25.59,0.969,0.923,0.832,High,UNIT-1108,pump,bearing,general_component,2.5,corrective,False,minor,26.27,41.54,3.23,42.8,Elnes_lime_shale,False,122.069,Weather,"Weather impact score 0.83 — rainfall 41.5mm, wind 3.2 m/s, soil moisture (0-100cm) 42.8%, affecting haul-road and pit access (2025 seasonal pattern used as proxy for this calendar date).",Haulage rescheduled around peak rainfall hours; drainage and access-road reinforcement carried out.,Reduced,In Progress,Re-inspect within 7 days; escalate if shortfall persists.,Proxy (2025 same-calendar-date pattern),"Proxy (global reference dataset, not MOIL-specific)","Proxy (generic MWD reference dataset, not MOIL-specific)"
CASE-UKW-202407-0685,1,Ukwa,2024-07-01,2024,7,15266.54,10780.47,4486.07,29.38,0.861,0.947,0.866,High,UNIT-1268,haul_truck,transmission,torque_converter,17.9,corrective,False,major,25.31,33.41,3.01,42.4,Elnes_lime_shale,False,86.534,Operational/Workforce,"Operational efficiency at 0.86, below target — indicates shift, workflow or crew utilisation gap.","Shift roster reallocated, additional crew deployed to bottleneck section, workflow reviewed with site supervisor.",Failed,Escalated,Escalate: Escalated to operations manager for full process and staffing audit.,Proxy (2025 same-calendar-date pattern),"Proxy (global reference dataset, not MOIL-specific)","Proxy (generic MWD reference dataset, not MOIL-specific)"
CASE-UKW-202407-0686,2,Ukwa,2024-07-06,2024,7,15266.54,10780.47,4486.07,29.38,0.861,0.947,0.866,High,UNIT-1268,haul_truck,transmission,torque_converter,17.9,corrective,False,major,25.31,33.41,3.01,42.4,Elnes_lime_shale,False,86.534,Operational/Workforce,"Issue persists after initial action ('Shift roster reallocated, additional crew deployed to bottleneck section, workflow reviewed with site supervisor.') did not fully resolve it.",Escalated to operations manager for full process and staffing audit.,Resolved,Successful,Continue routine monitoring; no further action required.,Proxy (2025 same-calendar-date pattern),"Proxy (global reference dataset, not MOIL-specific)","Proxy (generic MWD reference dataset, not MOIL-specific)"
CASE-BAL-202408-0687,1,Balaghat,2024-08-01,2024,8,19841.07,13893.13,5947.95,29.98,0.972,0.979,0.736,High,UNIT-8443,excavator,preventive,filter_replace,4.2,preventive,True,routine,25.78,4.18,2.08,48.9,Elnes_lime_shale,False,83.112,Weather,"Weather impact score 0.74 — rainfall 4.2mm, wind 2.1 m/s, soil moisture (0-100cm) 48.9%, affecting haul-road and pit access (2025 seasonal pattern used as proxy for this calendar date).",Haulage rescheduled around peak rainfall hours; drainage and access-road reinforcement carried out.,Reduced,In Progress,Re-inspect within 7 days; escalate if shortfall persists.,Proxy (2025 same-calendar-date pattern),"Proxy (global reference dataset, not MOIL-specific)","Proxy (generic MWD reference dataset, not MOIL-specific)"
CASE-BEL-202408-0688,1,Beldongri,2024-08-01,2024,8,8478.46,5577.7,2900.76,34.21,0.874,0.9,0.836,High,UNIT-4108,loader,hydraulics,cylinder,7.9,corrective,False,minor,26.48,1.28,2.31,49.0,Granittic_gneiss,False,267.618,Weather,"Weather impact score 0.84 — rainfall 1.3mm, wind 2.3 m/s, soil moisture (0-100cm) 49.0%, affecting haul-road and pit access (2025 seasonal pattern used as proxy for this calendar date).",Haulage rescheduled around peak rainfall hours; drainage and access-road reinforcement carried out.,Failed,Escalated,Escalate: Contingency haulage plan activated (alternate route / stockpile buffer) until conditions normalise.,Proxy (2025 same-calendar-date pattern),"Proxy (global reference dataset, not MOIL-specific)","Proxy (generic MWD reference dataset, not MOIL-specific)"
CASE-BEL-202408-0689,2,Beldongri,2024-08-04,2024,8,8478.46,5577.7,2900.76,34.21,0.874,0.9,0.836,High,UNIT-4108,loader,hydraulics,cylinder,7.9,corrective,False,minor,26.48,1.28,2.31,49.0,Granittic_gneiss,False,267.618,Weather,Issue persists after initial action ('Haulage rescheduled around peak rainfall hours; drainage and access-road reinforcement carried out.') did not fully resolve it.,Contingency haulage plan activated (alternate route / stockpile buffer) until conditions normalise.,Resolved,Successful,Continue routine monitoring; no further action required.,Proxy (2025 same-calendar-date pattern),"Proxy (global reference dataset, not MOIL-specific)","Proxy (generic MWD reference dataset, not MOIL-specific)"
CASE-CHI-202408-0690,1,Chikla,2024-08-01,2024,8,10676.37,6793.8,3882.57,36.37,0.833,0.858,0.89,High,UNIT-3914,haul_truck,transmission,driveshaft,7.9,predictive,False,minor,26.35,3.46,2.0,46.7,Huk_limestone,False,63.162,Operational/Workforce,"Operational efficiency at 0.83, below target — indicates shift, workflow or crew utilisation gap.","Shift roster reallocated, additional crew deployed to bottleneck section, workflow reviewed with site supervisor.",Resolved,Successful,Continue routine monitoring; no further action required.,Proxy (2025 same-calendar-date pattern),"Proxy (global reference dataset, not MOIL-specific)","Proxy (generic MWD reference dataset, not MOIL-specific)"
CASE-DON-202408-0691,1,Dongri Buzurg,2024-08-01,2024,8,14193.82,7332.06,6861.76,48.34,0.831,0.756,0.822,High,UNIT-3145,haul_truck,brakes,general_component,8.6,corrective,False,minor,26.48,1.28,2.31,46.300000000000004,Drammensgranite,False,198.222,Equipment,"Equipment availability below target. haul truck (UNIT-3145) recorded a minor 'brakes' issue affecting the general component; 8.6h downtime, unscheduled corrective maintenance logged.",Corrective maintenance performed on general component.,Failed,Escalated,Escalate: Component replacement / major overhaul scheduled; equipment flagged for engineering review.,Proxy (2025 same-calendar-date pattern),"Proxy (global reference dataset, not MOIL-specific)","Proxy (generic MWD reference dataset, not MOIL-specific)"
CASE-DON-202408-0692,2,Dongri Buzurg,2024-08-09,2024,8,14193.82,7332.06,6861.76,48.34,0.831,0.756,0.822,High,UNIT-3145,haul_truck,brakes,general_component,8.6,corrective,False,minor,26.48,1.28,2.31,46.300000000000004,Drammensgranite,False,198.222,Equipment,Issue persists after initial action ('Corrective maintenance performed on general component.') did not fully resolve it.,Component replacement / major overhaul scheduled; equipment flagged for engineering review.,Resolved,Successful,Continue routine monitoring; no further action required.,Proxy (2025 same-calendar-date pattern),"Proxy (global reference dataset, not MOIL-specific)","Proxy (generic MWD reference dataset, not MOIL-specific)"
CASE-GUM-202408-0693,1,Gumgaon,2024-08-01,2024,8,9457.48,5467.41,3990.06,42.19,0.814,0.852,0.833,High,UNIT-3754,conveyor,preventive,inspection,3.7,preventive,True,minor,26.05,0.29,2.67,49.1,Elnes_lime_shale,False,59.136,Operational/Workforce,"Operational efficiency at 0.81, below target — indicates shift, workflow or crew utilisation gap.","Shift roster reallocated, additional crew deployed to bottleneck section, workflow reviewed with site supervisor.",Failed,Escalated,Escalate: Escalated to operations manager for full process and staffing audit.,Proxy (2025 same-calendar-date pattern),"Proxy (global reference dataset, not MOIL-specific)","Proxy (generic MWD reference dataset, not MOIL-specific)"
CASE-GUM-202408-0694,2,Gumgaon,2024-08-04,2024,8,9457.48,5467.41,3990.06,42.19,0.814,0.852,0.833,High,UNIT-3754,conveyor,preventive,inspection,3.7,preventive,True,minor,26.05,0.29,2.67,49.1,Elnes_lime_shale,False,59.136,Operational/Workforce,"Issue persists after initial action ('Shift roster reallocated, additional crew deployed to bottleneck section, workflow reviewed with site supervisor.') did not fully resolve it.",Escalated to operations manager for full process and staffing audit.,Resolved,Successful,Continue routine monitoring; no further action required.,Proxy (2025 same-calendar-date pattern),"Proxy (global reference dataset, not MOIL-specific)","Proxy (generic MWD reference dataset, not MOIL-specific)"
CASE-KAN-202408-0695,1,Kandri,2024-08-01,2024,8,9712.33,5269.29,4443.03,45.75,0.873,0.804,0.773,High,UNIT-9395,crusher,motor,general_component,7.0,predictive,False,routine,26.48,1.28,2.31,49.0,Granittic_gneiss,False,219.823,Weather,"Weather impact score 0.77 — rainfall 1.3mm, wind 2.3 m/s, soil moisture (0-100cm) 49.0%, affecting haul-road and pit access (2025 seasonal pattern used as proxy for this calendar date).",Haulage rescheduled around peak rainfall hours; drainage and access-road reinforcement carried out.,Reduced,In Progress,Re-inspect within 7 days; escalate if shortfall persists.,Proxy (2025 same-calendar-date pattern),"Proxy (global reference dataset, not MOIL-specific)","Proxy (generic MWD reference dataset, not MOIL-specific)"
CASE-MUN-202408-0696,1,Munsar,2024-08-01,2024,8,8567.66,4862.4,3705.26,43.25,0.828,0.871,0.786,High,UNIT-6203,conveyor,gearbox,general_component,1.5,predictive,False,routine,26.48,1.28,2.31,49.0,Hagaberg_shale,False,160.907,Weather,"Weather impact score 0.79 — rainfall 1.3mm, wind 2.3 m/s, soil moisture (0-100cm) 49.0%, affecting haul-road and pit access (2025 seasonal pattern used as proxy for this calendar date).",Haulage rescheduled around peak rainfall hours; drainage and access-road reinforcement carried out.,Failed,Escalated,Escalate: Contingency haulage plan activated (alternate route / stockpile buffer) until conditions normalise.,Proxy (2025 same-calendar-date pattern),"Proxy (global reference dataset, not MOIL-specific)","Proxy (generic MWD reference dataset, not MOIL-specific)"
CASE-MUN-202408-0697,2,Munsar,2024-08-06,2024,8,8567.66,4862.4,3705.26,43.25,0.828,0.871,0.786,High,UNIT-6203,conveyor,gearbox,general_component,1.5,predictive,False,routine,26.48,1.28,2.31,49.0,Hagaberg_shale,False,160.907,Weather,Issue persists after initial action ('Haulage rescheduled around peak rainfall hours; drainage and access-road reinforcement carried out.') did not fully resolve it.,Contingency haulage plan activated (alternate route / stockpile buffer) until conditions normalise.,Resolved,Successful,Continue routine monitoring; no further action required.,Proxy (2025 same-calendar-date pattern),"Proxy (global reference dataset, not MOIL-specific)","Proxy (generic MWD reference dataset, not MOIL-specific)"
CASE-SIT-202408-0698,1,Sitapatore,2024-08-01,2024,8,10056.62,5056.5,5000.12,49.72,0.877,0.76,0.755,High,UNIT-7275,grader,electrical,starter,13.4,corrective,False,major,26.48,1.28,2.31,48.9,Huk_limestone,False,67.345,Weather,"Weather impact score 0.76 — rainfall 1.3mm, wind 2.3 m/s, soil moisture (0-100cm) 48.9%, affecting haul-road and pit access (2025 seasonal pattern used as proxy for this calendar date).",Haulage rescheduled around peak rainfall hours; drainage and access-road reinforcement carried out.,Reduced,In Progress,Re-inspect within 7 days; escalate if shortfall persists.,Proxy (2025 same-calendar-date pattern),"Proxy (global reference dataset, not MOIL-specific)","Proxy (generic MWD reference dataset, not MOIL-specific)"
CASE-SIT-202408-0699,2,Sitapatore,2024-08-10,2024,8,10056.62,5056.5,5000.12,49.72,0.877,0.76,0.755,High,UNIT-7275,grader,electrical,starter,13.4,corrective,False,major,26.48,1.28,2.31,48.9,Huk_limestone,False,67.345,Weather,Issue persists after initial action ('Haulage rescheduled around peak rainfall hours; drainage and access-road reinforcement carried out.') did not fully resolve it.,Contingency haulage plan activated (alternate route / stockpile buffer) until conditions normalise.,Resolved,Successful,Continue routine monitoring; no further action required.,Proxy (2025 same-calendar-date pattern),"Proxy (global reference dataset, not MOIL-specific)","Proxy (generic MWD reference dataset, not MOIL-specific)"
CASE-TIR-202408-0700,1,Tirodi,2024-08-01,2024,8,13925.89,7661.61,6264.28,44.98,0.805,0.939,0.728,High,UNIT-8589,excavator,electrical,sensors,19.8,corrective,False,major,26.35,3.46,2.0,46.6,Elnes_lime_shale,False,81.432,Weather,"Weather impact score 0.73 — rainfall 3.5mm, wind 2.0 m/s, soil moisture (0-100cm) 46.6%, affecting haul-road and pit access (2025 seasonal pattern used as proxy for this calendar date).",Haulage rescheduled around peak rainfall hours; drainage and access-road reinforcement carried out.,Resolved,Successful,Continue routine monitoring; no further action required.,Proxy (2025 same-calendar-date pattern),"Proxy (global reference dataset, not MOIL-specific)","Proxy (generic MWD reference dataset, not MOIL-specific)"
CASE-UKW-202408-0701,1,Ukwa,2024-08-01,2024,8,16242.16,11767.31,4474.85,27.55,0.823,0.989,0.89,High,UNIT-5566,crusher,motor,general_component,21.0,corrective,False,minor,25.18,5.4,2.21,41.0,Huk_limestone,False,64.535,Operational/Workforce,"Operational efficiency at 0.82, below target — indicates shift, workflow or crew utilisation gap.","Shift roster reallocated, additional crew deployed to bottleneck section, workflow reviewed with site supervisor.",Resolved,Successful,Continue routine monitoring; no further action required.,Proxy (2025 same-calendar-date pattern),"Proxy (global reference dataset, not MOIL-specific)","Proxy (generic MWD reference dataset, not MOIL-specific)"
CASE-BAL-202409-0702,1,Balaghat,2024-09-01,2024,9,22406.77,19594.17,2812.6,12.55,0.965,0.996,0.91,Medium,UNIT-1403,loader,preventive,adjustment,2.4,preventive,True,routine,25.89,10.12,1.85,49.9,Granittic_gneiss,False,151.809,Weather,"Weather impact score 0.91 — rainfall 10.1mm, wind 1.9 m/s, soil moisture (0-100cm) 49.9%, affecting haul-road and pit access (2025 seasonal pattern used as proxy for this calendar date).",Haulage rescheduled around peak rainfall hours; drainage and access-road reinforcement carried out.,Reduced,In Progress,Re-inspect within 7 days; escalate if shortfall persists.,Proxy (2025 same-calendar-date pattern),"Proxy (global reference dataset, not MOIL-specific)","Proxy (generic MWD reference dataset, not MOIL-specific)"
CASE-BEL-202409-0703,1,Beldongri,2024-09-01,2024,9,9595.84,4861.13,4734.71,49.34,0.877,0.835,0.692,High,UNIT-1317,conveyor,preventive,adjustment,1.7,preventive,True,routine,26.03,19.43,2.06,50.9,Elnes_lime_shale,False,97.073,Weather,"Weather impact score 0.69 — rainfall 19.4mm, wind 2.1 m/s, soil moisture (0-100cm) 50.9%, affecting haul-road and pit access (2025 seasonal pattern used as proxy for this calendar date).",Haulage rescheduled around peak rainfall hours; drainage and access-road reinforcement carried out.,Reduced,In Progress,Re-inspect within 7 days; escalate if shortfall persists.,Proxy (2025 same-calendar-date pattern),"Proxy (global reference dataset, not MOIL-specific)","Proxy (generic MWD reference dataset, not MOIL-specific)"
CASE-CHI-202409-0704,1,Chikla,2024-09-01,2024,9,12542.39,8238.68,4303.72,34.31,0.908,0.94,0.769,High,UNIT-4128,excavator,preventive,adjustment,8.1,preventive,True,minor,26.4,14.75,1.89,50.7,Drammensgranite,False,183.502,Weather,"Weather impact score 0.77 — rainfall 14.8mm, wind 1.9 m/s, soil moisture (0-100cm) 50.7%, affecting haul-road and pit access (2025 seasonal pattern used as proxy for this calendar date).","Action scheduled, not yet executed.",Not Yet Assessed,Pending,Action logged; awaiting execution and outcome review.,Proxy (2025 same-calendar-date pattern),"Proxy (global reference dataset, not MOIL-specific)","Proxy (generic MWD reference dataset, not MOIL-specific)"
CASE-DON-202409-0705,1,Dongri Buzurg,2024-09-01,2024,9,16305.05,8236.21,8068.84,49.49,0.852,0.799,0.742,High,UNIT-5225,drill_rig,drill_string,general_component,13.7,major_overhaul,True,major,26.03,19.43,2.06,50.3,Hagaberg_shale,False,92.011,Weather,"Weather impact score 0.74 — rainfall 19.4mm, wind 2.1 m/s, soil moisture (0-100cm) 50.3%, affecting haul-road and pit access (2025 seasonal pattern used as proxy for this calendar date).",Haulage rescheduled around peak rainfall hours; drainage and access-road reinforcement carried out.,Reduced,In Progress,Re-inspect within 7 days; escalate if shortfall persists.,Proxy (2025 same-calendar-date pattern),"Proxy (global reference dataset, not MOIL-specific)","Proxy (generic MWD reference dataset, not MOIL-specific)"
CASE-GUM-202409-0706,1,Gumgaon,2024-09-01,2024,9,10834.45,7721.77,3112.68,28.73,0.993,0.889,0.807,High,UNIT-8153,conveyor,preventive,oil_change,1.9,preventive,True,routine,25.25,16.7,2.24,51.2,Elnes_lime_shale,False,84.922,Weather,"Weather impact score 0.81 — rainfall 16.7mm, wind 2.2 m/s, soil moisture (0-100cm) 51.2%, affecting haul-road and pit access (2025 seasonal pattern used as proxy for this calendar date).",Haulage rescheduled around peak rainfall hours; drainage and access-road reinforcement carried out.,Failed,Escalated,Escalate: Contingency haulage plan activated (alternate route / stockpile buffer) until conditions normalise.,Proxy (2025 same-calendar-date pattern),"Proxy (global reference dataset, not MOIL-specific)","Proxy (generic MWD reference dataset, not MOIL-specific)"
CASE-GUM-202409-0707,2,Gumgaon,2024-09-05,2024,9,10834.45,7721.77,3112.68,28.73,0.993,0.889,0.807,High,UNIT-8153,conveyor,preventive,oil_change,1.9,preventive,True,routine,25.25,16.7,2.24,51.2,Elnes_lime_shale,False,84.922,Weather,Issue persists after initial action ('Haulage rescheduled around peak rainfall hours; drainage and access-road reinforcement carried out.') did not fully resolve it.,Contingency haulage plan activated (alternate route / stockpile buffer) until conditions normalise.,Resolved,Successful,Continue routine monitoring; no further action required.,Proxy (2025 same-calendar-date pattern),"Proxy (global reference dataset, not MOIL-specific)","Proxy (generic MWD reference dataset, not MOIL-specific)"
CASE-KAN-202409-0708,1,Kandri,2024-09-01,2024,9,10689.13,6532.67,4156.46,38.88,0.889,0.907,0.758,High,UNIT-9735,excavator,engine,oil_pump,23.5,major_overhaul,True,major,26.03,19.43,2.06,51.1,Hagaberg_shale,False,164.016,Weather,"Weather impact score 0.76 — rainfall 19.4mm, wind 2.1 m/s, soil moisture (0-100cm) 51.1%, affecting haul-road and pit access (2025 seasonal pattern used as proxy for this calendar date).",Haulage rescheduled around peak rainfall hours; drainage and access-road reinforcement carried out.,Reduced,In Progress,Re-inspect within 7 days; escalate if shortfall persists.,Proxy (2025 same-calendar-date pattern),"Proxy (global reference dataset, not MOIL-specific)","Proxy (generic MWD reference dataset, not MOIL-specific)"
CASE-KAN-202409-0709,2,Kandri,2024-09-08,2024,9,10689.13,6532.67,4156.46,38.88,0.889,0.907,0.758,High,UNIT-9735,excavator,engine,oil_pump,23.5,major_overhaul,True,major,26.03,19.43,2.06,51.1,Hagaberg_shale,False,164.016,Weather,Issue persists after initial action ('Haulage rescheduled around peak rainfall hours; drainage and access-road reinforcement carried out.') did not fully resolve it.,Contingency haulage plan activated (alternate route / stockpile buffer) until conditions normalise.,Resolved,Successful,Continue routine monitoring; no further action required.,Proxy (2025 same-calendar-date pattern),"Proxy (global reference dataset, not MOIL-specific)","Proxy (generic MWD reference dataset, not MOIL-specific)"
CASE-MUN-202409-0710,1,Munsar,2024-09-01,2024,9,10182.26,7360.52,2821.74,27.71,0.976,0.906,0.818,High,UNIT-4296,loader,preventive,filter_replace,3.6,preventive,True,routine,26.03,19.43,2.06,51.1,Amphibolittic_gneiss,True,142.605,Weather,"Weather impact score 0.82 — rainfall 19.4mm, wind 2.1 m/s, soil moisture (0-100cm) 51.1%, affecting haul-road and pit access (2025 seasonal pattern used as proxy for this calendar date).",Haulage rescheduled around peak rainfall hours; drainage and access-road reinforcement carried out.,Reduced,In Progress,Re-inspect within 7 days; escalate if shortfall persists.,Proxy (2025 same-calendar-date pattern),"Proxy (global reference dataset, not MOIL-specific)","Proxy (generic MWD reference dataset, not MOIL-specific)"
CASE-MUN-202409-0711,2,Munsar,2024-09-08,2024,9,10182.26,7360.52,2821.74,27.71,0.976,0.906,0.818,High,UNIT-4296,loader,preventive,filter_replace,3.6,preventive,True,routine,26.03,19.43,2.06,51.1,Amphibolittic_gneiss,True,142.605,Weather,Issue persists after initial action ('Haulage rescheduled around peak rainfall hours; drainage and access-road reinforcement carried out.') did not fully resolve it.,Contingency haulage plan activated (alternate route / stockpile buffer) until conditions normalise.,Failed,Escalated,Escalate: Contingency haulage plan activated (alternate route / stockpile buffer) until conditions normalise.,Proxy (2025 same-calendar-date pattern),"Proxy (global reference dataset, not MOIL-specific)","Proxy (generic MWD reference dataset, not MOIL-specific)"
CASE-SIT-202409-0712,1,Sitapatore,2024-09-01,2024,9,10758.01,5724.27,5033.74,46.79,0.879,0.76,0.797,High,UNIT-3021,crusher,preventive,inspection,10.7,preventive,True,routine,26.03,19.43,2.06,47.4,Drammensgranite,False,114.23,Weather,"Weather impact score 0.80 — rainfall 19.4mm, wind 2.1 m/s, soil moisture (0-100cm) 47.4%, affecting haul-road and pit access (2025 seasonal pattern used as proxy for this calendar date).",Haulage rescheduled around peak rainfall hours; drainage and access-road reinforcement carried out.,Reduced,In Progress,Re-inspect within 7 days; escalate if shortfall persists.,Proxy (2025 same-calendar-date pattern),"Proxy (global reference dataset, not MOIL-specific)","Proxy (generic MWD reference dataset, not MOIL-specific)"
CASE-SIT-202409-0713,2,Sitapatore,2024-09-04,2024,9,10758.01,5724.27,5033.74,46.79,0.879,0.76,0.797,High,UNIT-3021,crusher,preventive,inspection,10.7,preventive,True,routine,26.03,19.43,2.06,47.4,Drammensgranite,False,114.23,Weather,Issue persists after initial action ('Haulage rescheduled around peak rainfall hours; drainage and access-road reinforcement carried out.') did not fully resolve it.,Contingency haulage plan activated (alternate route / stockpile buffer) until conditions normalise.,Resolved,Successful,Continue routine monitoring; no further action required.,Proxy (2025 same-calendar-date pattern),"Proxy (global reference dataset, not MOIL-specific)","Proxy (generic MWD reference dataset, not MOIL-specific)"
CASE-TIR-202409-0714,1,Tirodi,2024-09-01,2024,9,16180.99,12466.77,3714.22,22.95,0.993,0.977,0.794,Medium,UNIT-4733,haul_truck,transmission,gearbox,3.3,predictive,False,routine,26.4,14.75,1.89,50.4,Rhomb_porphyry,False,150.965,Weather,"Weather impact score 0.79 — rainfall 14.8mm, wind 1.9 m/s, soil moisture (0-100cm) 50.4%, affecting haul-road and pit access (2025 seasonal pattern used as proxy for this calendar date).",Haulage rescheduled around peak rainfall hours; drainage and access-road reinforcement carried out.,Reduced,In Progress,Re-inspect within 7 days; escalate if shortfall persists.,Proxy (2025 same-calendar-date pattern),"Proxy (global reference dataset, not MOIL-specific)","Proxy (generic MWD reference dataset, not MOIL-specific)"
CASE-UKW-202409-0715,1,Ukwa,2024-09-01,2024,9,18686.68,12645.96,6040.72,32.33,0.826,0.948,0.864,High,UNIT-8928,haul_truck,preventive,adjustment,4.6,preventive,True,minor,25.55,6.85,1.84,41.3,Amphibolittic_gneiss,False,623.404,Operational/Workforce,"Operational efficiency at 0.83, below target — indicates shift, workflow or crew utilisation gap.","Shift roster reallocated, additional crew deployed to bottleneck section, workflow reviewed with site supervisor.",Resolved,Successful,Continue routine monitoring; no further action required.,Proxy (2025 same-calendar-date pattern),"Proxy (global reference dataset, not MOIL-specific)","Proxy (generic MWD reference dataset, not MOIL-specific)"
CASE-BAL-202410-0716,1,Balaghat,2024-10-01,2024,10,24571.97,20615.21,3956.75,16.1,0.975,0.986,0.872,Medium,UNIT-9380,excavator,preventive,inspection,7.2,preventive,True,minor,25.59,3.9,1.7,48.0,Hagaberg_shale,False,239.019,Weather,"Weather impact score 0.87 — rainfall 3.9mm, wind 1.7 m/s, soil moisture (0-100cm) 48.0%, affecting haul-road and pit access (2025 seasonal pattern used as proxy for this calendar date).",Haulage rescheduled around peak rainfall hours; drainage and access-road reinforcement carried out.,Reduced,In Progress,Re-inspect within 7 days; escalate if shortfall persists.,Proxy (2025 same-calendar-date pattern),"Proxy (global reference dataset, not MOIL-specific)","Proxy (generic MWD reference dataset, not MOIL-specific)"
CASE-BEL-202410-0717,1,Beldongri,2024-10-01,2024,10,10955.78,9310.04,1645.74,15.02,0.996,0.871,0.98,Medium,UNIT-8990,pump,preventive,oil_change,1.4,preventive,True,routine,26.18,0.44,1.79,43.6,Granittic_gneiss,False,440.207,Equipment,"Equipment availability below target. pump (UNIT-8990) recorded a routine 'preventive' issue affecting the oil change; 1.4h downtime, scheduled preventive maintenance logged.",Preventive/predictive maintenance carried out on oil change per maintenance schedule.,Resolved,Successful,Continue routine monitoring; no further action required.,Proxy (2025 same-calendar-date pattern),"Proxy (global reference dataset, not MOIL-specific)","Proxy (generic MWD reference dataset, not MOIL-specific)"
CASE-CHI-202410-0718,1,Chikla,2024-10-01,2024,10,14264.22,9027.95,5236.27,36.71,0.875,0.821,0.88,High,UNIT-8564,crusher,motor,general_component,30.8,predictive,False,minor,26.42,1.14,1.49,38.9,Drammensgranite,False,331.634,Equipment,"Equipment availability below target. crusher (UNIT-8564) recorded a minor 'motor' issue affecting the general component; 30.8h downtime, unscheduled predictive maintenance logged.",Corrective maintenance performed on general component.,Reduced,In Progress,Re-inspect within 7 days; escalate if shortfall persists.,Proxy (2025 same-calendar-date pattern),"Proxy (global reference dataset, not MOIL-specific)","Proxy (generic MWD reference dataset, not MOIL-specific)"
CASE-DON-202410-0719,1,Dongri Buzurg,2024-10-01,2024,10,19345.23,13763.59,5581.63,28.85,0.877,0.878,0.924,High,UNIT-7306,haul_truck,tires,front_left,23.5,corrective,False,major,26.18,0.44,1.79,42.5,Elnes_lime_shale,False,153.77,Operational/Workforce,"Operational efficiency at 0.88, below target — indicates shift, workflow or crew utilisation gap.","Shift roster reallocated, additional crew deployed to bottleneck section, workflow reviewed with site supervisor.",Reduced,In Progress,Re-inspect within 7 days; escalate if shortfall persists.,Proxy (2025 same-calendar-date pattern),"Proxy (global reference dataset, not MOIL-specific)","Proxy (generic MWD reference dataset, not MOIL-specific)"
CASE-GUM-202410-0720,1,Gumgaon,2024-10-01,2024,10,12664.92,11175.18,1489.74,11.76,0.973,0.995,0.911,Medium,UNIT-7867,excavator,preventive,oil_change,10.9,preventive,True,minor,25.26,0.25,1.87,46.2,Amphibolittic_gneiss,True,95.732,Geological/Drilling,"Drilling data flags a transition/variable rock zone (Rock type: Amphibolittic_gneiss, rotation-pressure variance 95.7) — likely reduced penetration rate slowing blast-hole completion. [Hypothesis from generic MWD reference data — not yet validated against MOIL's own geology.]",Drill parameters and blast pattern adjusted for harder/variable rock; additional bit changes scheduled.,Resolved,Successful,Continue routine monitoring; no further action required.,Proxy (2025 same-calendar-date pattern),"Proxy (global reference dataset, not MOIL-specific)","Proxy (generic MWD reference dataset, not MOIL-specific)"
CASE-KAN-202410-0721,1,Kandri,2024-10-01,2024,10,12979.41,10976.64,2002.77,15.43,0.953,0.893,0.993,Medium,UNIT-7298,loader,preventive,adjustment,2.4,preventive,True,routine,26.18,0.44,1.79,44.1,Granittic_gneiss,False,191.843,Equipment,"Equipment availability below target. loader (UNIT-7298) recorded a routine 'preventive' issue affecting the adjustment; 2.4h downtime, scheduled preventive maintenance logged.",Preventive/predictive maintenance carried out on adjustment per maintenance schedule.,Resolved,Successful,Continue routine monitoring; no further action required.,Proxy (2025 same-calendar-date pattern),"Proxy (global reference dataset, not MOIL-specific)","Proxy (generic MWD reference dataset, not MOIL-specific)"
CASE-MUN-202410-0722,1,Munsar,2024-10-01,2024,10,10667.44,7736.36,2931.08,27.48,0.822,0.963,0.916,High,UNIT-4136,drill_rig,electrical,battery,4.6,predictive,False,minor,26.18,0.44,1.79,44.1,Rhomb_porphyry,False,111.742,Operational/Workforce,"Operational efficiency at 0.82, below target — indicates shift, workflow or crew utilisation gap.","Action scheduled, not yet executed.",Not Yet Assessed,Pending,Action logged; awaiting execution and outcome review.,Proxy (2025 same-calendar-date pattern),"Proxy (global reference dataset, not MOIL-specific)","Proxy (generic MWD reference dataset, not MOIL-specific)"
CASE-SIT-202410-0723,1,Sitapatore,2024-10-01,2024,10,13003.86,9572.75,3431.11,26.39,0.979,0.766,0.983,High,UNIT-9739,loader,engine,injector,4.8,predictive,False,routine,26.18,0.44,1.79,44.4,Drammensgranite,False,624.42,Equipment,"Equipment availability below target. loader (UNIT-9739) recorded a routine 'engine' issue affecting the injector; 4.8h downtime, unscheduled predictive maintenance logged.",Corrective maintenance performed on injector.,Reduced,In Progress,Re-inspect within 7 days; escalate if shortfall persists.,Proxy (2025 same-calendar-date pattern),"Proxy (global reference dataset, not MOIL-specific)","Proxy (generic MWD reference dataset, not MOIL-specific)"
CASE-TIR-202410-0724,1,Tirodi,2024-10-01,2024,10,18754.26,15169.27,3585.0,19.12,0.902,0.907,0.989,Medium,UNIT-8762,drill_rig,preventive,oil_change,1.2,preventive,True,routine,26.42,1.14,1.49,43.0,Drammensgranite,False,323.772,Operational/Workforce,"Operational efficiency at 0.90, below target — indicates shift, workflow or crew utilisation gap.","Shift roster reallocated, additional crew deployed to bottleneck section, workflow reviewed with site supervisor.",Resolved,Successful,Continue routine monitoring; no further action required.,Proxy (2025 same-calendar-date pattern),"Proxy (global reference dataset, not MOIL-specific)","Proxy (generic MWD reference dataset, not MOIL-specific)"
CASE-UKW-202410-0725,1,Ukwa,2024-10-01,2024,10,19440.57,15380.08,4060.49,20.89,0.895,0.922,0.958,Medium,UNIT-4050,excavator,preventive,inspection,3.0,preventive,True,routine,25.66,5.44,1.14,37.8,Drammensgranite,False,283.719,Operational/Workforce,"Operational efficiency at 0.90, below target — indicates shift, workflow or crew utilisation gap.","Shift roster reallocated, additional crew deployed to bottleneck section, workflow reviewed with site supervisor.",Resolved,Successful,Continue routine monitoring; no further action required.,Proxy (2025 same-calendar-date pattern),"Proxy (global reference dataset, not MOIL-specific)","Proxy (generic MWD reference dataset, not MOIL-specific)"
CASE-BAL-202411-0726,1,Balaghat,2024-11-01,2024,11,28633.59,17651.12,10982.47,38.36,0.827,0.825,0.904,High,UNIT-2831,excavator,hydraulics,cylinder,4.3,predictive,False,routine,24.38,0.65,1.11,46.6,Granittic_gneiss,False,532.858,Operational/Workforce,"Operational efficiency at 0.83, below target — indicates shift, workflow or crew utilisation gap.","Shift roster reallocated, additional crew deployed to bottleneck section, workflow reviewed with site supervisor.",Reduced,In Progress,Re-inspect within 7 days; escalate if shortfall persists.,Proxy (2025 same-calendar-date pattern),"Proxy (global reference dataset, not MOIL-specific)","Proxy (generic MWD reference dataset, not MOIL-specific)"
CASE-BAL-202411-0727,2,Balaghat,2024-11-10,2024,11,28633.59,17651.12,10982.47,38.36,0.827,0.825,0.904,High,UNIT-2831,excavator,hydraulics,cylinder,4.3,predictive,False,routine,24.38,0.65,1.11,46.6,Granittic_gneiss,False,532.858,Operational/Workforce,"Issue persists after initial action ('Shift roster reallocated, additional crew deployed to bottleneck section, workflow reviewed with site supervisor.') did not fully resolve it.",Escalated to operations manager for full process and staffing audit.,Reduced,In Progress,Re-inspect within 7 days; escalate if shortfall persists.,Proxy (2025 same-calendar-date pattern),"Proxy (global reference dataset, not MOIL-specific)","Proxy (generic MWD reference dataset, not MOIL-specific)"
CASE-BEL-202411-0728,1,Beldongri,2024-11-01,2024,11,12664.73,8643.78,4020.96,31.75,0.856,0.803,0.994,High,UNIT-5849,crusher,preventive,filter_replace,6.0,preventive,True,routine,25.62,0.27,0.97,36.1,Granittic_gneiss,False,421.839,Equipment,"Equipment availability below target. crusher (UNIT-5849) recorded a routine 'preventive' issue affecting the filter replace; 6.0h downtime, scheduled preventive maintenance logged.",Preventive/predictive maintenance carried out on filter replace per maintenance schedule.,Resolved,Successful,Continue routine monitoring; no further action required.,Proxy (2025 same-calendar-date pattern),"Proxy (global reference dataset, not MOIL-specific)","Proxy (generic MWD reference dataset, not MOIL-specific)"
CASE-CHI-202411-0729,1,Chikla,2024-11-01,2024,11,15026.05,13450.78,1575.27,10.48,1.0,0.919,0.974,Medium,UNIT-6283,crusher,liner,general_component,47.9,corrective,False,major,25.66,0.33,0.86,34.9,Granittic_gneiss,False,796.026,Equipment,"Equipment availability below target. crusher (UNIT-6283) recorded a major 'liner' issue affecting the general component; 47.9h downtime, unscheduled corrective maintenance logged.",Emergency corrective maintenance dispatched; crusher isolated from production circuit until repaired.,Resolved,Successful,Continue routine monitoring; no further action required.,Proxy (2025 same-calendar-date pattern),"Proxy (global reference dataset, not MOIL-specific)","Proxy (generic MWD reference dataset, not MOIL-specific)"
CASE-DON-202411-0730,1,Dongri Buzurg,2024-11-01,2024,11,20636.81,15097.57,5539.24,26.84,0.803,0.934,0.975,High,UNIT-2756,excavator,preventive,oil_change,7.9,preventive,True,minor,25.62,0.27,0.97,34.2,Granittic_gneiss,False,221.298,Operational/Workforce,"Operational efficiency at 0.80, below target — indicates shift, workflow or crew utilisation gap.","Shift roster reallocated, additional crew deployed to bottleneck section, workflow reviewed with site supervisor.",Resolved,Successful,Continue routine monitoring; no further action required.,Proxy (2025 same-calendar-date pattern),"Proxy (global reference dataset, not MOIL-specific)","Proxy (generic MWD reference dataset, not MOIL-specific)"
CASE-GUM-202411-0731,1,Gumgaon,2024-11-01,2024,11,14384.14,10795.95,3588.19,24.95,0.829,0.938,0.965,Medium,UNIT-8840,grader,preventive,filter_replace,3.6,preventive,True,routine,25.14,0.06,1.07,36.0,Granittic_gneiss,False,182.15,Operational/Workforce,"Operational efficiency at 0.83, below target — indicates shift, workflow or crew utilisation gap.","Shift roster reallocated, additional crew deployed to bottleneck section, workflow reviewed with site supervisor.",Failed,Escalated,Escalate: Escalated to operations manager for full process and staffing audit.,Proxy (2025 same-calendar-date pattern),"Proxy (global reference dataset, not MOIL-specific)","Proxy (generic MWD reference dataset, not MOIL-specific)"
CASE-GUM-202411-0732,2,Gumgaon,2024-11-09,2024,11,14384.14,10795.95,3588.19,24.95,0.829,0.938,0.965,Medium,UNIT-8840,grader,preventive,filter_replace,3.6,preventive,True,routine,25.14,0.06,1.07,36.0,Granittic_gneiss,False,182.15,Operational/Workforce,"Issue persists after initial action ('Shift roster reallocated, additional crew deployed to bottleneck section, workflow reviewed with site supervisor.') did not fully resolve it.",Escalated to operations manager for full process and staffing audit.,Reduced,In Progress,Re-inspect within 7 days; escalate if shortfall persists.,Proxy (2025 same-calendar-date pattern),"Proxy (global reference dataset, not MOIL-specific)","Proxy (generic MWD reference dataset, not MOIL-specific)"
CASE-KAN-202411-0733,1,Kandri,2024-11-01,2024,11,14269.05,12319.69,1949.36,13.66,0.953,0.961,0.942,Medium,UNIT-6011,haul_truck,tires,front_left,23.9,corrective,False,major,25.62,0.27,0.97,34.699999999999996,Elnes_lime_shale,False,76.314,Weather,"Weather impact score 0.94 — rainfall 0.3mm, wind 1.0 m/s, soil moisture (0-100cm) 34.7%, affecting haul-road and pit access (2025 seasonal pattern used as proxy for this calendar date).",Operations continued with adjusted shift timing to work around weather window.,Resolved,Successful,Continue routine monitoring; no further action required.,Proxy (2025 same-calendar-date pattern),"Proxy (global reference dataset, not MOIL-specific)","Proxy (generic MWD reference dataset, not MOIL-specific)"
CASE-MUN-202411-0734,1,Munsar,2024-11-01,2024,11,11784.94,7415.05,4369.88,37.08,0.898,0.769,0.911,High,UNIT-6173,conveyor,gearbox,general_component,1.3,predictive,False,routine,25.62,0.27,0.97,34.699999999999996,Rhomb_porphyry,False,290.675,Equipment,"Equipment availability below target. conveyor (UNIT-6173) recorded a routine 'gearbox' issue affecting the general component; 1.3h downtime, unscheduled predictive maintenance logged.",Corrective maintenance performed on general component.,Failed,Escalated,Escalate: Component replacement / major overhaul scheduled; equipment flagged for engineering review.,Proxy (2025 same-calendar-date pattern),"Proxy (global reference dataset, not MOIL-specific)","Proxy (generic MWD reference dataset, not MOIL-specific)"
CASE-MUN-202411-0735,2,Munsar,2024-11-06,2024,11,11784.94,7415.05,4369.88,37.08,0.898,0.769,0.911,High,UNIT-6173,conveyor,gearbox,general_component,1.3,predictive,False,routine,25.62,0.27,0.97,34.699999999999996,Rhomb_porphyry,False,290.675,Equipment,Issue persists after initial action ('Corrective maintenance performed on general component.') did not fully resolve it.,Component replacement / major overhaul scheduled; equipment flagged for engineering review.,Resolved,Successful,Continue routine monitoring; no further action required.,Proxy (2025 same-calendar-date pattern),"Proxy (global reference dataset, not MOIL-specific)","Proxy (generic MWD reference dataset, not MOIL-specific)"
CASE-SIT-202411-0736,1,Sitapatore,2024-11-01,2024,11,13915.88,8210.78,5705.1,41.0,0.813,0.837,0.867,High,UNIT-9583,crusher,liner,general_component,18.6,corrective,False,minor,25.62,0.27,0.97,39.1,Drammensgranite,False,129.617,Operational/Workforce,"Operational efficiency at 0.81, below target — indicates shift, workflow or crew utilisation gap.","Shift roster reallocated, additional crew deployed to bottleneck section, workflow reviewed with site supervisor.",Reduced,In Progress,Re-inspect within 7 days; escalate if shortfall persists.,Proxy (2025 same-calendar-date pattern),"Proxy (global reference dataset, not MOIL-specific)","Proxy (generic MWD reference dataset, not MOIL-specific)"
CASE-TIR-202411-0737,1,Tirodi,2024-11-01,2024,11,21718.98,16396.22,5322.76,24.51,0.99,0.768,0.993,Medium,UNIT-3628,grader,preventive,inspection,1.8,preventive,True,routine,25.66,0.33,0.86,38.7,Drammensgranite,False,78.71,Equipment,"Equipment availability below target. grader (UNIT-3628) recorded a routine 'preventive' issue affecting the inspection; 1.8h downtime, scheduled preventive maintenance logged.",Preventive/predictive maintenance carried out on inspection per maintenance schedule.,Reduced,In Progress,Re-inspect within 7 days; escalate if shortfall persists.,Proxy (2025 same-calendar-date pattern),"Proxy (global reference dataset, not MOIL-specific)","Proxy (generic MWD reference dataset, not MOIL-specific)"
CASE-TIR-202411-0738,2,Tirodi,2024-11-04,2024,11,21718.98,16396.22,5322.76,24.51,0.99,0.768,0.993,Medium,UNIT-3628,grader,preventive,inspection,1.8,preventive,True,routine,25.66,0.33,0.86,38.7,Drammensgranite,False,78.71,Equipment,Issue persists after initial action ('Preventive/predictive maintenance carried out on inspection per maintenance schedule.') did not fully resolve it.,Component replacement / major overhaul scheduled; equipment flagged for engineering review.,Resolved,Successful,Continue routine monitoring; no further action required.,Proxy (2025 same-calendar-date pattern),"Proxy (global reference dataset, not MOIL-specific)","Proxy (generic MWD reference dataset, not MOIL-specific)"
CASE-UKW-202411-0739,1,Ukwa,2024-11-01,2024,11,22876.87,13998.61,8878.26,38.81,0.86,0.769,0.925,High,UNIT-4765,drill_rig,drill_string,general_component,9.6,corrective,False,major,23.8,0.2,1.16,32.1,Rhomb_porphyry,False,206.935,Equipment,"Equipment availability below target. drill rig (UNIT-4765) recorded a major 'drill_string' issue affecting the general component; 9.6h downtime, unscheduled corrective maintenance logged.",Emergency corrective maintenance dispatched; drill rig isolated from production circuit until repaired.,Resolved,Successful,Continue routine monitoring; no further action required.,Proxy (2025 same-calendar-date pattern),"Proxy (global reference dataset, not MOIL-specific)","Proxy (generic MWD reference dataset, not MOIL-specific)"
CASE-BAL-202412-0740,1,Balaghat,2024-12-01,2024,12,35008.53,21637.08,13371.45,38.19,0.941,0.763,0.861,High,UNIT-7174,drill_rig,rotation,general_component,4.3,corrective,False,minor,17.4,0.0,1.29,37.8,Granittic_gneiss,False,170.919,Equipment,"Equipment availability below target. drill rig (UNIT-7174) recorded a minor 'rotation' issue affecting the general component; 4.3h downtime, unscheduled corrective maintenance logged.",Corrective maintenance performed on general component.,Resolved,Successful,Continue routine monitoring; no further action required.,Proxy (2025 same-calendar-date pattern),"Proxy (global reference dataset, not MOIL-specific)","Proxy (generic MWD reference dataset, not MOIL-specific)"
CASE-BEL-202412-0741,1,Beldongri,2024-12-01,2024,12,14733.55,9124.96,5608.58,38.07,0.859,0.808,0.892,High,UNIT-6550,pump,preventive,filter_replace,3.6,preventive,True,minor,17.84,0.0,1.51,30.599999999999998,Elnes_lime_shale,False,134.847,Equipment,"Equipment availability below target. pump (UNIT-6550) recorded a minor 'preventive' issue affecting the filter replace; 3.6h downtime, scheduled preventive maintenance logged.",Preventive/predictive maintenance carried out on filter replace per maintenance schedule.,Resolved,Successful,Continue routine monitoring; no further action required.,Proxy (2025 same-calendar-date pattern),"Proxy (global reference dataset, not MOIL-specific)","Proxy (generic MWD reference dataset, not MOIL-specific)"
CASE-CHI-202412-0742,1,Chikla,2024-12-01,2024,12,19709.45,16307.74,3401.71,17.26,0.986,0.851,0.986,Medium,UNIT-2705,excavator,preventive,adjustment,3.0,preventive,True,routine,18.1,0.0,1.45,33.4,Granittic_gneiss,False,151.809,Equipment,"Equipment availability below target. excavator (UNIT-2705) recorded a routine 'preventive' issue affecting the adjustment; 3.0h downtime, scheduled preventive maintenance logged.",Preventive/predictive maintenance carried out on adjustment per maintenance schedule.,Resolved,Successful,Continue routine monitoring; no further action required.,Proxy (2025 same-calendar-date pattern),"Proxy (global reference dataset, not MOIL-specific)","Proxy (generic MWD reference dataset, not MOIL-specific)"
CASE-DON-202412-0743,1,Dongri Buzurg,2024-12-01,2024,12,25049.95,17112.03,7937.92,31.69,0.895,0.807,0.946,High,UNIT-8180,haul_truck,preventive,adjustment,2.5,preventive,True,routine,17.84,0.0,1.51,34.0,Huk_limestone,False,144.254,Equipment,"Equipment availability below target. haul truck (UNIT-8180) recorded a routine 'preventive' issue affecting the adjustment; 2.5h downtime, scheduled preventive maintenance logged.",Preventive/predictive maintenance carried out on adjustment per maintenance schedule.,Reduced,In Progress,Re-inspect within 7 days; escalate if shortfall persists.,Proxy (2025 same-calendar-date pattern),"Proxy (global reference dataset, not MOIL-specific)","Proxy (generic MWD reference dataset, not MOIL-specific)"
CASE-GUM-202412-0744,1,Gumgaon,2024-12-01,2024,12,17817.92,13043.69,4774.24,26.79,0.921,0.839,0.947,High,UNIT-5478,excavator,preventive,adjustment,12.4,preventive,True,minor,17.71,0.0,1.6,31.900000000000002,Granittic_gneiss,False,704.952,Equipment,"Equipment availability below target. excavator (UNIT-5478) recorded a minor 'preventive' issue affecting the adjustment; 12.4h downtime, scheduled preventive maintenance logged.",Preventive/predictive maintenance carried out on adjustment per maintenance schedule.,Resolved,Successful,Continue routine monitoring; no further action required.,Proxy (2025 same-calendar-date pattern),"Proxy (global reference dataset, not MOIL-specific)","Proxy (generic MWD reference dataset, not MOIL-specific)"
CASE-KAN-202412-0745,1,Kandri,2024-12-01,2024,12,16362.32,12853.31,3509.01,21.45,0.978,0.876,0.917,Medium,UNIT-6340,drill_rig,electrical,battery,2.0,predictive,False,routine,17.84,0.0,1.51,30.3,Rhomb_porphyry,False,114.987,Weather,"Weather impact score 0.92 — rainfall 0.0mm, wind 1.5 m/s, soil moisture (0-100cm) 30.3%, affecting haul-road and pit access (2025 seasonal pattern used as proxy for this calendar date).",Operations continued with adjusted shift timing to work around weather window.,Reduced,In Progress,Re-inspect within 7 days; escalate if shortfall persists.,Proxy (2025 same-calendar-date pattern),"Proxy (global reference dataset, not MOIL-specific)","Proxy (generic MWD reference dataset, not MOIL-specific)"
CASE-MUN-202412-0746,1,Munsar,2024-12-01,2024,12,15005.8,10151.41,4854.4,32.35,0.925,0.768,0.952,High,UNIT-5729,haul_truck,preventive,oil_change,10.0,preventive,True,minor,17.84,0.0,1.51,30.3,Elnes_lime_shale,False,83.235,Equipment,"Equipment availability below target. haul truck (UNIT-5729) recorded a minor 'preventive' issue affecting the oil change; 10.0h downtime, scheduled preventive maintenance logged.",Preventive/predictive maintenance carried out on oil change per maintenance schedule.,Resolved,Successful,Continue routine monitoring; no further action required.,Proxy (2025 same-calendar-date pattern),"Proxy (global reference dataset, not MOIL-specific)","Proxy (generic MWD reference dataset, not MOIL-specific)"
CASE-SIT-202412-0747,1,Sitapatore,2024-12-01,2024,12,16564.68,14485.29,2079.39,12.55,0.943,0.956,0.971,Medium,UNIT-5452,haul_truck,preventive,filter_replace,1.9,preventive,True,routine,17.84,0.0,1.51,33.800000000000004,Blackshale,False,65.101,Operational/Workforce,"Operational efficiency at 0.94, below target — indicates shift, workflow or crew utilisation gap.","Shift roster reallocated, additional crew deployed to bottleneck section, workflow reviewed with site supervisor.",Reduced,In Progress,Re-inspect within 7 days; escalate if shortfall persists.,Proxy (2025 same-calendar-date pattern),"Proxy (global reference dataset, not MOIL-specific)","Proxy (generic MWD reference dataset, not MOIL-specific)"
CASE-SIT-202412-0748,2,Sitapatore,2024-12-04,2024,12,16564.68,14485.29,2079.39,12.55,0.943,0.956,0.971,Medium,UNIT-5452,haul_truck,preventive,filter_replace,1.9,preventive,True,routine,17.84,0.0,1.51,33.800000000000004,Blackshale,False,65.101,Operational/Workforce,"Issue persists after initial action ('Shift roster reallocated, additional crew deployed to bottleneck section, workflow reviewed with site supervisor.') did not fully resolve it.",Escalated to operations manager for full process and staffing audit.,Resolved,Successful,Continue routine monitoring; no further action required.,Proxy (2025 same-calendar-date pattern),"Proxy (global reference dataset, not MOIL-specific)","Proxy (generic MWD reference dataset, not MOIL-specific)"
CASE-TIR-202412-0749,1,Tirodi,2024-12-01,2024,12,25639.14,17598.2,8040.94,31.36,0.904,0.786,0.966,High,UNIT-5295,conveyor,pulley,general_component,1.3,predictive,False,routine,18.1,0.0,1.45,34.2,Blackshale,False,95.302,Equipment,"Equipment availability below target. conveyor (UNIT-5295) recorded a routine 'pulley' issue affecting the general component; 1.3h downtime, unscheduled predictive maintenance logged.",Corrective maintenance performed on general component.,Resolved,Successful,Continue routine monitoring; no further action required.,Proxy (2025 same-calendar-date pattern),"Proxy (global reference dataset, not MOIL-specific)","Proxy (generic MWD reference dataset, not MOIL-specific)"
CASE-UKW-202412-0750,1,Ukwa,2024-12-01,2024,12,26999.06,17346.34,9652.72,35.75,0.899,0.821,0.87,High,UNIT-3554,conveyor,preventive,oil_change,1.2,preventive,True,routine,16.81,0.0,1.35,28.599999999999998,Drammensgranite,False,307.849,Equipment,"Equipment availability below target. conveyor (UNIT-3554) recorded a routine 'preventive' issue affecting the oil change; 1.2h downtime, scheduled preventive maintenance logged.",Preventive/predictive maintenance carried out on oil change per maintenance schedule.,Reduced,In Progress,Re-inspect within 7 days; escalate if shortfall persists.,Proxy (2025 same-calendar-date pattern),"Proxy (global reference dataset, not MOIL-specific)","Proxy (generic MWD reference dataset, not MOIL-specific)"
CASE-UKW-202412-0751,2,Ukwa,2024-12-10,2024,12,26999.06,17346.34,9652.72,35.75,0.899,0.821,0.87,High,UNIT-3554,conveyor,preventive,oil_change,1.2,preventive,True,routine,16.81,0.0,1.35,28.599999999999998,Drammensgranite,False,307.849,Equipment,Issue persists after initial action ('Preventive/predictive maintenance carried out on oil change per maintenance schedule.') did not fully resolve it.,Component replacement / major overhaul scheduled; equipment flagged for engineering review.,Resolved,Successful,Continue routine monitoring; no further action required.,Proxy (2025 same-calendar-date pattern),"Proxy (global reference dataset, not MOIL-specific)","Proxy (generic MWD reference dataset, not MOIL-specific)"
CASE-BAL-202501-0752,1,Balaghat,2025-01-01,2025,1,23687.58,16157.93,7529.66,31.79,0.811,0.937,0.898,High,UNIT-1185,drill_rig,rotation,general_component,17.0,corrective,False,major,15.58,0.0,2.23,41.0,Rhomb_porphyry,False,69.972,Operational/Workforce,"Operational efficiency at 0.81, below target — indicates shift, workflow or crew utilisation gap.","Shift roster reallocated, additional crew deployed to bottleneck section, workflow reviewed with site supervisor.",Resolved,Successful,Continue routine monitoring; no further action required.,Actual 2025 record,"Proxy (global reference dataset, not MOIL-specific)","Proxy (generic MWD reference dataset, not MOIL-specific)"
CASE-BEL-202501-0753,1,Beldongri,2025-01-01,2025,1,9719.37,5954.29,3765.08,38.74,0.902,0.762,0.891,High,UNIT-2200,drill_rig,preventive,oil_change,1.4,preventive,True,routine,17.14,0.0,2.41,35.3,Blackshale,True,110.562,Equipment,"Equipment availability below target. drill rig (UNIT-2200) recorded a routine 'preventive' issue affecting the oil change; 1.4h downtime, scheduled preventive maintenance logged.",Preventive/predictive maintenance carried out on oil change per maintenance schedule.,Resolved,Successful,Continue routine monitoring; no further action required.,Actual 2025 record,"Proxy (global reference dataset, not MOIL-specific)","Proxy (generic MWD reference dataset, not MOIL-specific)"
CASE-CHI-202501-0754,1,Chikla,2025-01-01,2025,1,13426.1,8906.39,4519.71,33.66,0.813,0.96,0.851,High,UNIT-1666,grader,transmission,clutch,9.7,predictive,False,minor,17.75,0.0,2.2,39.900000000000006,Rhomb_porphyry,False,171.717,Operational/Workforce,"Operational efficiency at 0.81, below target — indicates shift, workflow or crew utilisation gap.","Shift roster reallocated, additional crew deployed to bottleneck section, workflow reviewed with site supervisor.",Resolved,Successful,Continue routine monitoring; no further action required.,Actual 2025 record,"Proxy (global reference dataset, not MOIL-specific)","Proxy (generic MWD reference dataset, not MOIL-specific)"
CASE-DON-202501-0755,1,Dongri Buzurg,2025-01-01,2025,1,17094.43,11627.71,5466.72,31.98,0.948,0.829,0.865,High,UNIT-2355,haul_truck,hydraulics,hose,2.3,predictive,False,routine,17.14,0.0,2.41,32.5,Huk_limestone,False,100.143,Weather,"Weather impact score 0.86 — rainfall 0.0mm, wind 2.4 m/s, soil moisture (0-100cm) 32.5%, affecting haul-road and pit access.",Operations continued with adjusted shift timing to work around weather window.,Reduced,In Progress,Re-inspect within 7 days; escalate if shortfall persists.,Actual 2025 record,"Proxy (global reference dataset, not MOIL-specific)","Proxy (generic MWD reference dataset, not MOIL-specific)"
CASE-GUM-202501-0756,1,Gumgaon,2025-01-01,2025,1,11528.89,8485.09,3043.79,26.4,0.854,0.961,0.897,High,UNIT-3907,excavator,engine,oil_pump,15.4,corrective,False,minor,17.43,0.0,2.05,35.6,Rhomb_porphyry,False,113.219,Operational/Workforce,"Operational efficiency at 0.85, below target — indicates shift, workflow or crew utilisation gap.","Shift roster reallocated, additional crew deployed to bottleneck section, workflow reviewed with site supervisor.",Reduced,In Progress,Re-inspect within 7 days; escalate if shortfall persists.,Actual 2025 record,"Proxy (global reference dataset, not MOIL-specific)","Proxy (generic MWD reference dataset, not MOIL-specific)"
CASE-KAN-202501-0757,1,Kandri,2025-01-01,2025,1,12030.14,9967.5,2062.64,17.15,0.978,0.858,0.986,Medium,UNIT-5849,crusher,preventive,filter_replace,6.0,preventive,True,routine,17.14,0.0,2.41,35.5,Drammensgranite,False,67.548,Equipment,"Equipment availability below target. crusher (UNIT-5849) recorded a routine 'preventive' issue affecting the filter replace; 6.0h downtime, scheduled preventive maintenance logged.",Preventive/predictive maintenance carried out on filter replace per maintenance schedule.,Reduced,In Progress,Re-inspect within 7 days; escalate if shortfall persists.,Actual 2025 record,"Proxy (global reference dataset, not MOIL-specific)","Proxy (generic MWD reference dataset, not MOIL-specific)"
CASE-KAN-202501-0758,2,Kandri,2025-01-10,2025,1,12030.14,9967.5,2062.64,17.15,0.978,0.858,0.986,Medium,UNIT-5849,crusher,preventive,filter_replace,6.0,preventive,True,routine,17.14,0.0,2.41,35.5,Drammensgranite,False,67.548,Equipment,Issue persists after initial action ('Preventive/predictive maintenance carried out on filter replace per maintenance schedule.') did not fully resolve it.,Component replacement / major overhaul scheduled; equipment flagged for engineering review.,Resolved,Successful,Continue routine monitoring; no further action required.,Actual 2025 record,"Proxy (global reference dataset, not MOIL-specific)","Proxy (generic MWD reference dataset, not MOIL-specific)"
CASE-MUN-202501-0759,1,Munsar,2025-01-01,2025,1,10105.26,7384.68,2720.58,26.92,0.993,0.772,0.953,High,UNIT-6527,crusher,preventive,oil_change,7.2,preventive,True,routine,17.14,0.0,2.41,35.5,Drammensgranite,False,118.446,Equipment,"Equipment availability below target. crusher (UNIT-6527) recorded a routine 'preventive' issue affecting the oil change; 7.2h downtime, scheduled preventive maintenance logged.",Preventive/predictive maintenance carried out on oil change per maintenance schedule.,Resolved,Successful,Continue routine monitoring; no further action required.,Actual 2025 record,"Proxy (global reference dataset, not MOIL-specific)","Proxy (generic MWD reference dataset, not MOIL-specific)"
CASE-SIT-202501-0760,1,Sitapatore,2025-01-01,2025,1,11685.07,8898.79,2786.29,23.84,0.878,0.908,0.956,Medium,UNIT-1313,excavator,preventive,filter_replace,5.8,preventive,True,routine,17.14,0.0,2.41,36.0,Blackshale,False,136.864,Operational/Workforce,"Operational efficiency at 0.88, below target — indicates shift, workflow or crew utilisation gap.","Shift roster reallocated, additional crew deployed to bottleneck section, workflow reviewed with site supervisor.",Reduced,In Progress,Re-inspect within 7 days; escalate if shortfall persists.,Actual 2025 record,"Proxy (global reference dataset, not MOIL-specific)","Proxy (generic MWD reference dataset, not MOIL-specific)"
CASE-TIR-202501-0761,1,Tirodi,2025-01-01,2025,1,16669.19,12250.05,4419.14,26.51,0.833,0.928,0.95,High,UNIT-2443,haul_truck,preventive,filter_replace,1.7,preventive,True,routine,17.75,0.0,2.2,32.7,Elnes_lime_shale,False,81.004,Operational/Workforce,"Operational efficiency at 0.83, below target — indicates shift, workflow or crew utilisation gap.","Shift roster reallocated, additional crew deployed to bottleneck section, workflow reviewed with site supervisor.",Reduced,In Progress,Re-inspect within 7 days; escalate if shortfall persists.,Actual 2025 record,"Proxy (global reference dataset, not MOIL-specific)","Proxy (generic MWD reference dataset, not MOIL-specific)"
CASE-UKW-202501-0762,1,Ukwa,2025-01-01,2025,1,19885.49,17867.62,2017.87,10.15,0.952,0.988,0.955,Medium,UNIT-5285,haul_truck,tires,rear_right,17.0,corrective,False,major,15.94,0.0,1.77,34.699999999999996,Drammensgranite,False,253.83,Operational/Workforce,"Operational efficiency at 0.95, below target — indicates shift, workflow or crew utilisation gap.","Shift roster reallocated, additional crew deployed to bottleneck section, workflow reviewed with site supervisor.",Reduced,In Progress,Re-inspect within 7 days; escalate if shortfall persists.,Actual 2025 record,"Proxy (global reference dataset, not MOIL-specific)","Proxy (generic MWD reference dataset, not MOIL-specific)"
CASE-UKW-202501-0763,2,Ukwa,2025-01-09,2025,1,19885.49,17867.62,2017.87,10.15,0.952,0.988,0.955,Medium,UNIT-5285,haul_truck,tires,rear_right,17.0,corrective,False,major,15.94,0.0,1.77,34.699999999999996,Drammensgranite,False,253.83,Operational/Workforce,"Issue persists after initial action ('Shift roster reallocated, additional crew deployed to bottleneck section, workflow reviewed with site supervisor.') did not fully resolve it.",Escalated to operations manager for full process and staffing audit.,Resolved,Successful,Continue routine monitoring; no further action required.,Actual 2025 record,"Proxy (global reference dataset, not MOIL-specific)","Proxy (generic MWD reference dataset, not MOIL-specific)"
CASE-BAL-202502-0764,1,Balaghat,2025-02-01,2025,2,22912.37,16837.2,6075.17,26.51,0.821,0.945,0.947,High,UNIT-2650,conveyor,belt,general_component,20.3,corrective,False,critical,23.89,0.0,1.79,35.699999999999996,Granittic_gneiss,False,265.259,Operational/Workforce,"Operational efficiency at 0.82, below target — indicates shift, workflow or crew utilisation gap.","Shift roster reallocated, additional crew deployed to bottleneck section, workflow reviewed with site supervisor.",Reduced,In Progress,Re-inspect within 7 days; escalate if shortfall persists.,Actual 2025 record,"Proxy (global reference dataset, not MOIL-specific)","Proxy (generic MWD reference dataset, not MOIL-specific)"
CASE-BEL-202502-0765,1,Beldongri,2025-02-01,2025,2,9768.53,7794.8,1973.73,20.21,0.872,0.989,0.925,Medium,UNIT-2532,conveyor,gearbox,general_component,11.9,corrective,False,major,24.97,0.0,1.66,27.6,Drammensgranite,False,281.178,Operational/Workforce,"Operational efficiency at 0.87, below target — indicates shift, workflow or crew utilisation gap.","Shift roster reallocated, additional crew deployed to bottleneck section, workflow reviewed with site supervisor.",Reduced,In Progress,Re-inspect within 7 days; escalate if shortfall persists.,Actual 2025 record,"Proxy (global reference dataset, not MOIL-specific)","Proxy (generic MWD reference dataset, not MOIL-specific)"
CASE-BEL-202502-0766,2,Beldongri,2025-02-07,2025,2,9768.53,7794.8,1973.73,20.21,0.872,0.989,0.925,Medium,UNIT-2532,conveyor,gearbox,general_component,11.9,corrective,False,major,24.97,0.0,1.66,27.6,Drammensgranite,False,281.178,Operational/Workforce,"Issue persists after initial action ('Shift roster reallocated, additional crew deployed to bottleneck section, workflow reviewed with site supervisor.') did not fully resolve it.",Escalated to operations manager for full process and staffing audit.,Resolved,Successful,Continue routine monitoring; no further action required.,Actual 2025 record,"Proxy (global reference dataset, not MOIL-specific)","Proxy (generic MWD reference dataset, not MOIL-specific)"
CASE-CHI-202502-0767,1,Chikla,2025-02-01,2025,2,13065.36,8459.63,4605.73,35.25,0.892,0.802,0.905,High,UNIT-5611,haul_truck,brakes,general_component,16.9,corrective,False,major,25.63,0.0,1.6,32.6,Hornfels,False,138.059,Equipment,"Equipment availability below target. haul truck (UNIT-5611) recorded a major 'brakes' issue affecting the general component; 16.9h downtime, unscheduled corrective maintenance logged.",Emergency corrective maintenance dispatched; haul truck isolated from production circuit until repaired.,Resolved,Successful,Continue routine monitoring; no further action required.,Actual 2025 record,"Proxy (global reference dataset, not MOIL-specific)","Proxy (generic MWD reference dataset, not MOIL-specific)"
CASE-DON-202502-0768,1,Dongri Buzurg,2025-02-01,2025,2,17310.13,12057.58,5252.55,30.34,0.81,0.942,0.912,High,UNIT-3412,grader,preventive,oil_change,2.5,preventive,True,routine,24.97,0.0,1.66,28.299999999999997,Drammensgranite,False,239.215,Operational/Workforce,"Operational efficiency at 0.81, below target — indicates shift, workflow or crew utilisation gap.","Shift roster reallocated, additional crew deployed to bottleneck section, workflow reviewed with site supervisor.",Reduced,In Progress,Re-inspect within 7 days; escalate if shortfall persists.,Actual 2025 record,"Proxy (global reference dataset, not MOIL-specific)","Proxy (generic MWD reference dataset, not MOIL-specific)"
CASE-GUM-202502-0769,1,Gumgaon,2025-02-01,2025,2,12069.01,8918.13,3150.88,26.11,0.97,0.803,0.949,High,UNIT-6256,loader,preventive,oil_change,2.8,preventive,True,routine,24.32,0.0,1.67,30.3,Elnes_lime_shale,False,117.332,Equipment,"Equipment availability below target. loader (UNIT-6256) recorded a routine 'preventive' issue affecting the oil change; 2.8h downtime, scheduled preventive maintenance logged.","Action scheduled, not yet executed.",Not Yet Assessed,Pending,Action logged; awaiting execution and outcome review.,Actual 2025 record,"Proxy (global reference dataset, not MOIL-specific)","Proxy (generic MWD reference dataset, not MOIL-specific)"
CASE-KAN-202502-0770,1,Kandri,2025-02-01,2025,2,11659.9,8706.97,2952.93,25.33,0.976,0.804,0.952,High,UNIT-4122,loader,engine,cooling_system,12.1,predictive,False,minor,24.97,0.0,1.66,33.300000000000004,Drammensgranite,False,169.43,Equipment,"Equipment availability below target. loader (UNIT-4122) recorded a minor 'engine' issue affecting the cooling system; 12.1h downtime, unscheduled predictive maintenance logged.","Action scheduled, not yet executed.",Not Yet Assessed,Pending,Action logged; awaiting execution and outcome review.,Actual 2025 record,"Proxy (global reference dataset, not MOIL-specific)","Proxy (generic MWD reference dataset, not MOIL-specific)"
CASE-MUN-202502-0771,1,Munsar,2025-02-01,2025,2,10341.01,6602.03,3738.97,36.16,0.859,0.784,0.948,High,UNIT-4277,conveyor,roller,general_component,4.5,corrective,False,minor,24.97,0.0,1.66,33.300000000000004,Elnes_lime_shale,False,42.477,Equipment,"Equipment availability below target. conveyor (UNIT-4277) recorded a minor 'roller' issue affecting the general component; 4.5h downtime, unscheduled corrective maintenance logged.",Corrective maintenance performed on general component.,Failed,Escalated,Escalate: Component replacement / major overhaul scheduled; equipment flagged for engineering review.,Actual 2025 record,"Proxy (global reference dataset, not MOIL-specific)","Proxy (generic MWD reference dataset, not MOIL-specific)"
CASE-MUN-202502-0772,2,Munsar,2025-02-04,2025,2,10341.01,6602.03,3738.97,36.16,0.859,0.784,0.948,High,UNIT-4277,conveyor,roller,general_component,4.5,corrective,False,minor,24.97,0.0,1.66,33.300000000000004,Elnes_lime_shale,False,42.477,Equipment,Issue persists after initial action ('Corrective maintenance performed on general component.') did not fully resolve it.,Component replacement / major overhaul scheduled; equipment flagged for engineering review.,Reduced,In Progress,Re-inspect within 7 days; escalate if shortfall persists.,Actual 2025 record,"Proxy (global reference dataset, not MOIL-specific)","Proxy (generic MWD reference dataset, not MOIL-specific)"
CASE-SIT-202502-0773,1,Sitapatore,2025-02-01,2025,2,11971.28,8561.01,3410.27,28.49,0.863,0.911,0.909,High,UNIT-7018,grader,tires,front_right,5.1,corrective,False,minor,24.97,0.0,1.66,31.3,Granittic_gneiss,False,235.725,Operational/Workforce,"Operational efficiency at 0.86, below target — indicates shift, workflow or crew utilisation gap.","Shift roster reallocated, additional crew deployed to bottleneck section, workflow reviewed with site supervisor.",Resolved,Successful,Continue routine monitoring; no further action required.,Actual 2025 record,"Proxy (global reference dataset, not MOIL-specific)","Proxy (generic MWD reference dataset, not MOIL-specific)"
CASE-TIR-202502-0774,1,Tirodi,2025-02-01,2025,2,17912.39,13066.85,4845.54,27.05,0.84,0.973,0.893,High,UNIT-6886,drill_rig,rotation,general_component,17.5,corrective,False,major,25.63,0.0,1.6,27.800000000000004,Amphibolittic_gneiss,True,786.767,Operational/Workforce,"Operational efficiency at 0.84, below target — indicates shift, workflow or crew utilisation gap.","Shift roster reallocated, additional crew deployed to bottleneck section, workflow reviewed with site supervisor.",Resolved,Successful,Continue routine monitoring; no further action required.,Actual 2025 record,"Proxy (global reference dataset, not MOIL-specific)","Proxy (generic MWD reference dataset, not MOIL-specific)"
CASE-UKW-202502-0775,1,Ukwa,2025-02-01,2025,2,18748.79,10977.26,7771.53,41.45,0.812,0.778,0.927,High,UNIT-7553,drill_rig,electrical,alternator,9.8,corrective,False,major,23.79,0.0,1.76,38.2,Amphibolittic_gneiss,False,102.142,Operational/Workforce,"Operational efficiency at 0.81, below target — indicates shift, workflow or crew utilisation gap.","Shift roster reallocated, additional crew deployed to bottleneck section, workflow reviewed with site supervisor.",Failed,Escalated,Escalate: Escalated to operations manager for full process and staffing audit.,Actual 2025 record,"Proxy (global reference dataset, not MOIL-specific)","Proxy (generic MWD reference dataset, not MOIL-specific)"
CASE-UKW-202502-0776,2,Ukwa,2025-02-06,2025,2,18748.79,10977.26,7771.53,41.45,0.812,0.778,0.927,High,UNIT-7553,drill_rig,electrical,alternator,9.8,corrective,False,major,23.79,0.0,1.76,38.2,Amphibolittic_gneiss,False,102.142,Operational/Workforce,"Issue persists after initial action ('Shift roster reallocated, additional crew deployed to bottleneck section, workflow reviewed with site supervisor.') did not fully resolve it.",Escalated to operations manager for full process and staffing audit.,Resolved,Successful,Continue routine monitoring; no further action required.,Actual 2025 record,"Proxy (global reference dataset, not MOIL-specific)","Proxy (generic MWD reference dataset, not MOIL-specific)"
CASE-BAL-202503-0777,1,Balaghat,2025-03-01,2025,3,25886.63,17110.8,8775.82,33.9,0.967,0.754,0.907,High,UNIT-2549,haul_truck,preventive,filter_replace,2.1,preventive,True,routine,26.55,0.0,1.98,32.2,Granittic_gneiss,False,180.731,Equipment,"Equipment availability below target. haul truck (UNIT-2549) recorded a routine 'preventive' issue affecting the filter replace; 2.1h downtime, scheduled preventive maintenance logged.",Preventive/predictive maintenance carried out on filter replace per maintenance schedule.,Resolved,Successful,Continue routine monitoring; no further action required.,Actual 2025 record,"Proxy (global reference dataset, not MOIL-specific)","Proxy (generic MWD reference dataset, not MOIL-specific)"
CASE-BEL-202503-0778,1,Beldongri,2025-03-01,2025,3,11406.28,6532.0,4874.27,42.73,0.804,0.781,0.912,High,UNIT-8018,drill_rig,drill_string,general_component,13.5,corrective,False,major,27.32,0.0,1.79,28.000000000000004,Granittic_gneiss,False,193.479,Operational/Workforce,"Operational efficiency at 0.80, below target — indicates shift, workflow or crew utilisation gap.","Shift roster reallocated, additional crew deployed to bottleneck section, workflow reviewed with site supervisor.",Resolved,Successful,Continue routine monitoring; no further action required.,Actual 2025 record,"Proxy (global reference dataset, not MOIL-specific)","Proxy (generic MWD reference dataset, not MOIL-specific)"
CASE-CHI-202503-0779,1,Chikla,2025-03-01,2025,3,14897.06,10879.94,4017.11,26.97,0.881,0.883,0.939,High,UNIT-5084,loader,transmission,driveshaft,20.0,major_overhaul,True,major,27.43,0.0,1.68,30.7,Drammensgranite,False,198.449,Operational/Workforce,"Operational efficiency at 0.88, below target — indicates shift, workflow or crew utilisation gap.","Action scheduled, not yet executed.",Not Yet Assessed,Pending,Action logged; awaiting execution and outcome review.,Actual 2025 record,"Proxy (global reference dataset, not MOIL-specific)","Proxy (generic MWD reference dataset, not MOIL-specific)"
CASE-DON-202503-0780,1,Dongri Buzurg,2025-03-01,2025,3,18902.8,15516.31,3386.49,17.92,0.893,0.991,0.928,Medium,UNIT-8850,excavator,engine,injector,33.7,corrective,False,major,27.32,0.0,1.79,28.299999999999997,Granittic_gneiss,False,117.758,Operational/Workforce,"Operational efficiency at 0.89, below target — indicates shift, workflow or crew utilisation gap.","Shift roster reallocated, additional crew deployed to bottleneck section, workflow reviewed with site supervisor.",Resolved,Successful,Continue routine monitoring; no further action required.,Actual 2025 record,"Proxy (global reference dataset, not MOIL-specific)","Proxy (generic MWD reference dataset, not MOIL-specific)"
CASE-GUM-202503-0781,1,Gumgaon,2025-03-01,2025,3,13486.55,10599.52,2887.03,21.41,0.862,0.943,0.966,Medium,UNIT-8010,haul_truck,brakes,general_component,13.3,corrective,False,major,26.9,0.0,1.91,28.9,Elnes_lime_shale,False,63.854,Operational/Workforce,"Operational efficiency at 0.86, below target — indicates shift, workflow or crew utilisation gap.","Shift roster reallocated, additional crew deployed to bottleneck section, workflow reviewed with site supervisor.",Resolved,Successful,Continue routine monitoring; no further action required.,Actual 2025 record,"Proxy (global reference dataset, not MOIL-specific)","Proxy (generic MWD reference dataset, not MOIL-specific)"
CASE-KAN-202503-0782,1,Kandri,2025-03-01,2025,3,13279.5,8803.91,4475.59,33.7,0.995,0.781,0.853,High,UNIT-7234,loader,preventive,filter_replace,5.0,preventive,True,routine,27.32,0.0,1.79,31.0,Amphibolittic_gneiss,False,142.526,Equipment,"Equipment availability below target. loader (UNIT-7234) recorded a routine 'preventive' issue affecting the filter replace; 5.0h downtime, scheduled preventive maintenance logged.",Preventive/predictive maintenance carried out on filter replace per maintenance schedule.,Resolved,Successful,Continue routine monitoring; no further action required.,Actual 2025 record,"Proxy (global reference dataset, not MOIL-specific)","Proxy (generic MWD reference dataset, not MOIL-specific)"
CASE-MUN-202503-0783,1,Munsar,2025-03-01,2025,3,11908.12,7946.86,3961.26,33.27,0.961,0.78,0.89,High,UNIT-5434,excavator,undercarriage,general_component,8.8,predictive,False,minor,27.32,0.0,1.79,31.0,Amphibolittic_gneiss,False,330.017,Equipment,"Equipment availability below target. excavator (UNIT-5434) recorded a minor 'undercarriage' issue affecting the general component; 8.8h downtime, unscheduled predictive maintenance logged.",Corrective maintenance performed on general component.,Failed,Escalated,Escalate: Component replacement / major overhaul scheduled; equipment flagged for engineering review.,Actual 2025 record,"Proxy (global reference dataset, not MOIL-specific)","Proxy (generic MWD reference dataset, not MOIL-specific)"
CASE-MUN-202503-0784,2,Munsar,2025-03-08,2025,3,11908.12,7946.86,3961.26,33.27,0.961,0.78,0.89,High,UNIT-5434,excavator,undercarriage,general_component,8.8,predictive,False,minor,27.32,0.0,1.79,31.0,Amphibolittic_gneiss,False,330.017,Equipment,Issue persists after initial action ('Corrective maintenance performed on general component.') did not fully resolve it.,Component replacement / major overhaul scheduled; equipment flagged for engineering review.,Resolved,Successful,Continue routine monitoring; no further action required.,Actual 2025 record,"Proxy (global reference dataset, not MOIL-specific)","Proxy (generic MWD reference dataset, not MOIL-specific)"
CASE-SIT-202503-0785,1,Sitapatore,2025-03-01,2025,3,12611.98,9476.61,3135.36,24.86,0.859,0.943,0.928,Medium,UNIT-5932,grader,hydraulics,cylinder,10.3,corrective,False,minor,27.32,0.0,1.79,30.4,Hagaberg_shale,False,46.391,Operational/Workforce,"Operational efficiency at 0.86, below target — indicates shift, workflow or crew utilisation gap.","Shift roster reallocated, additional crew deployed to bottleneck section, workflow reviewed with site supervisor.",Reduced,In Progress,Re-inspect within 7 days; escalate if shortfall persists.,Actual 2025 record,"Proxy (global reference dataset, not MOIL-specific)","Proxy (generic MWD reference dataset, not MOIL-specific)"
CASE-TIR-202503-0786,1,Tirodi,2025-03-01,2025,3,19574.98,11493.48,8081.51,41.28,0.874,0.75,0.895,High,UNIT-8408,conveyor,preventive,inspection,1.7,preventive,True,routine,27.43,0.0,1.68,28.000000000000004,Amphibolittic_gneiss,False,265.405,Equipment,"Equipment availability below target. conveyor (UNIT-8408) recorded a routine 'preventive' issue affecting the inspection; 1.7h downtime, scheduled preventive maintenance logged.",Preventive/predictive maintenance carried out on inspection per maintenance schedule.,Resolved,Successful,Continue routine monitoring; no further action required.,Actual 2025 record,"Proxy (global reference dataset, not MOIL-specific)","Proxy (generic MWD reference dataset, not MOIL-specific)"
CASE-UKW-202503-0787,1,Ukwa,2025-03-01,2025,3,21848.71,17843.13,4005.58,18.33,0.995,0.962,0.854,Medium,UNIT-7931,loader,engine,cooling_system,10.2,predictive,False,minor,25.93,0.0,1.94,32.2,Amphibolittic_gneiss,False,277.84,Weather,"Weather impact score 0.85 — rainfall 0.0mm, wind 1.9 m/s, soil moisture (0-100cm) 32.2%, affecting haul-road and pit access.",Operations continued with adjusted shift timing to work around weather window.,Reduced,In Progress,Re-inspect within 7 days; escalate if shortfall persists.,Actual 2025 record,"Proxy (global reference dataset, not MOIL-specific)","Proxy (generic MWD reference dataset, not MOIL-specific)"
CASE-BAL-202504-0788,1,Balaghat,2025-04-01,2025,4,25937.74,21544.13,4393.61,16.94,0.957,0.945,0.919,Medium,UNIT-4363,loader,hydraulics,cylinder,18.3,corrective,False,major,30.71,0.0,1.71,27.3,Huk_limestone,True,106.464,Geological/Drilling,"Drilling data flags a transition/variable rock zone (Rock type: Huk_limestone, rotation-pressure variance 106.5) — likely reduced penetration rate slowing blast-hole completion. [Hypothesis from generic MWD reference data — not yet validated against MOIL's own geology.]",Drill parameters and blast pattern adjusted for harder/variable rock; additional bit changes scheduled.,Failed,Escalated,Escalate: Escalated to geology/blast engineering team for re-survey of the zone.,Actual 2025 record,"Proxy (global reference dataset, not MOIL-specific)","Proxy (generic MWD reference dataset, not MOIL-specific)"
CASE-BAL-202504-0789,2,Balaghat,2025-04-06,2025,4,25937.74,21544.13,4393.61,16.94,0.957,0.945,0.919,Medium,UNIT-4363,loader,hydraulics,cylinder,18.3,corrective,False,major,30.71,0.0,1.71,27.3,Huk_limestone,True,106.464,Geological/Drilling,Issue persists after initial action ('Drill parameters and blast pattern adjusted for harder/variable rock; additional bit changes scheduled.') did not fully resolve it.,Escalated to geology/blast engineering team for re-survey of the zone.,Resolved,Successful,Continue routine monitoring; no further action required.,Actual 2025 record,"Proxy (global reference dataset, not MOIL-specific)","Proxy (generic MWD reference dataset, not MOIL-specific)"
CASE-BEL-202504-0790,1,Beldongri,2025-04-01,2025,4,10801.52,6299.62,4501.9,41.68,0.861,0.766,0.884,High,UNIT-5924,haul_truck,engine,cooling_system,16.9,corrective,False,major,31.24,0.0,1.79,27.900000000000002,Augen_gneiss,False,67.977,Equipment,"Equipment availability below target. haul truck (UNIT-5924) recorded a major 'engine' issue affecting the cooling system; 16.9h downtime, unscheduled corrective maintenance logged.",Emergency corrective maintenance dispatched; haul truck isolated from production circuit until repaired.,Resolved,Successful,Continue routine monitoring; no further action required.,Actual 2025 record,"Proxy (global reference dataset, not MOIL-specific)","Proxy (generic MWD reference dataset, not MOIL-specific)"
CASE-CHI-202504-0791,1,Chikla,2025-04-01,2025,4,13675.23,10582.94,3092.29,22.61,0.897,0.937,0.921,Medium,UNIT-5952,pump,preventive,filter_replace,3.4,preventive,True,minor,31.42,0.0,1.63,34.1,Amphibolittic_gneiss,True,593.898,Geological/Drilling,"Drilling data flags a transition/variable rock zone (Rock type: Amphibolittic_gneiss, rotation-pressure variance 593.9) — likely reduced penetration rate slowing blast-hole completion. [Hypothesis from generic MWD reference data — not yet validated against MOIL's own geology.]",Drill parameters and blast pattern adjusted for harder/variable rock; additional bit changes scheduled.,Reduced,In Progress,Re-inspect within 7 days; escalate if shortfall persists.,Actual 2025 record,"Proxy (global reference dataset, not MOIL-specific)","Proxy (generic MWD reference dataset, not MOIL-specific)"
CASE-GUM-202504-0792,1,Gumgaon,2025-04-01,2025,4,13084.57,10148.17,2936.4,22.44,0.909,0.991,0.861,Medium,UNIT-8432,conveyor,preventive,adjustment,1.1,preventive,True,routine,31.26,1.77,1.8,28.299999999999997,Drammensgranite,False,214.994,Weather,"Weather impact score 0.86 — rainfall 1.8mm, wind 1.8 m/s, soil moisture (0-100cm) 28.3%, affecting haul-road and pit access.",Operations continued with adjusted shift timing to work around weather window.,Resolved,Successful,Continue routine monitoring; no further action required.,Actual 2025 record,"Proxy (global reference dataset, not MOIL-specific)","Proxy (generic MWD reference dataset, not MOIL-specific)"
CASE-KAN-202504-0793,1,Kandri,2025-04-01,2025,4,12304.27,7236.93,5067.35,41.18,0.845,0.799,0.871,High,UNIT-4337,excavator,bucket,general_component,26.5,corrective,False,major,31.24,0.0,1.79,29.7,Blackshale,False,132.441,Operational/Workforce,"Operational efficiency at 0.84, below target — indicates shift, workflow or crew utilisation gap.","Shift roster reallocated, additional crew deployed to bottleneck section, workflow reviewed with site supervisor.",Resolved,Successful,Continue routine monitoring; no further action required.,Actual 2025 record,"Proxy (global reference dataset, not MOIL-specific)","Proxy (generic MWD reference dataset, not MOIL-specific)"
CASE-MUN-202504-0794,1,Munsar,2025-04-01,2025,4,11046.41,8240.51,2805.9,25.4,0.956,0.895,0.872,High,UNIT-8855,loader,electrical,alternator,15.1,major_overhaul,True,major,31.24,0.0,1.79,29.7,Drammensgranite,False,138.463,Weather,"Weather impact score 0.87 — rainfall 0.0mm, wind 1.8 m/s, soil moisture (0-100cm) 29.7%, affecting haul-road and pit access.",Operations continued with adjusted shift timing to work around weather window.,Reduced,In Progress,Re-inspect within 7 days; escalate if shortfall persists.,Actual 2025 record,"Proxy (global reference dataset, not MOIL-specific)","Proxy (generic MWD reference dataset, not MOIL-specific)"
CASE-MUN-202504-0795,2,Munsar,2025-04-10,2025,4,11046.41,8240.51,2805.9,25.4,0.956,0.895,0.872,High,UNIT-8855,loader,electrical,alternator,15.1,major_overhaul,True,major,31.24,0.0,1.79,29.7,Drammensgranite,False,138.463,Weather,Issue persists after initial action ('Operations continued with adjusted shift timing to work around weather window.') did not fully resolve it.,Contingency haulage plan activated (alternate route / stockpile buffer) until conditions normalise.,Resolved,Successful,Continue routine monitoring; no further action required.,Actual 2025 record,"Proxy (global reference dataset, not MOIL-specific)","Proxy (generic MWD reference dataset, not MOIL-specific)"
CASE-SIT-202504-0796,1,Sitapatore,2025-04-01,2025,4,12859.82,9606.03,3253.79,25.3,0.927,0.847,0.951,High,UNIT-3475,haul_truck,preventive,inspection,3.7,preventive,True,routine,31.24,0.0,1.79,29.4,Rhomb_porphyry,False,190.059,Equipment,"Equipment availability below target. haul truck (UNIT-3475) recorded a routine 'preventive' issue affecting the inspection; 3.7h downtime, scheduled preventive maintenance logged.",Preventive/predictive maintenance carried out on inspection per maintenance schedule.,Resolved,Successful,Continue routine monitoring; no further action required.,Actual 2025 record,"Proxy (global reference dataset, not MOIL-specific)","Proxy (generic MWD reference dataset, not MOIL-specific)"
CASE-TIR-202504-0797,1,Tirodi,2025-04-01,2025,4,18258.53,13886.21,4372.32,23.95,0.869,0.979,0.894,Medium,UNIT-3216,haul_truck,preventive,adjustment,2.7,preventive,True,routine,31.42,0.0,1.63,30.3,Amphibolittic_gneiss,True,140.527,Geological/Drilling,"Drilling data flags a transition/variable rock zone (Rock type: Amphibolittic_gneiss, rotation-pressure variance 140.5) — likely reduced penetration rate slowing blast-hole completion. [Hypothesis from generic MWD reference data — not yet validated against MOIL's own geology.]",Drill parameters and blast pattern adjusted for harder/variable rock; additional bit changes scheduled.,Resolved,Successful,Continue routine monitoring; no further action required.,Actual 2025 record,"Proxy (global reference dataset, not MOIL-specific)","Proxy (generic MWD reference dataset, not MOIL-specific)"
CASE-UKW-202504-0798,1,Ukwa,2025-04-01,2025,4,20205.84,15741.12,4464.72,22.1,0.978,0.927,0.859,Medium,UNIT-4118,pump,preventive,filter_replace,1.5,preventive,True,routine,30.08,0.0,1.63,23.7,Rhomb_porphyry,False,87.886,Weather,"Weather impact score 0.86 — rainfall 0.0mm, wind 1.6 m/s, soil moisture (0-100cm) 23.7%, affecting haul-road and pit access.",Operations continued with adjusted shift timing to work around weather window.,Failed,Escalated,Escalate: Contingency haulage plan activated (alternate route / stockpile buffer) until conditions normalise.,Actual 2025 record,"Proxy (global reference dataset, not MOIL-specific)","Proxy (generic MWD reference dataset, not MOIL-specific)"
CASE-UKW-202504-0799,2,Ukwa,2025-04-08,2025,4,20205.84,15741.12,4464.72,22.1,0.978,0.927,0.859,Medium,UNIT-4118,pump,preventive,filter_replace,1.5,preventive,True,routine,30.08,0.0,1.63,23.7,Rhomb_porphyry,False,87.886,Weather,Issue persists after initial action ('Operations continued with adjusted shift timing to work around weather window.') did not fully resolve it.,Contingency haulage plan activated (alternate route / stockpile buffer) until conditions normalise.,Resolved,Successful,Continue routine monitoring; no further action required.,Actual 2025 record,"Proxy (global reference dataset, not MOIL-specific)","Proxy (generic MWD reference dataset, not MOIL-specific)"
CASE-BAL-202505-0800,1,Balaghat,2025-05-01,2025,5,25567.83,17062.09,8505.74,33.27,0.802,0.908,0.917,High,UNIT-2821,loader,transmission,driveshaft,2.3,predictive,False,routine,31.5,0.81,3.23,27.6,Granittic_gneiss,False,165.146,Operational/Workforce,"Operational efficiency at 0.80, below target — indicates shift, workflow or crew utilisation gap.","Shift roster reallocated, additional crew deployed to bottleneck section, workflow reviewed with site supervisor.",Resolved,Successful,Continue routine monitoring; no further action required.,Actual 2025 record,"Proxy (global reference dataset, not MOIL-specific)","Proxy (generic MWD reference dataset, not MOIL-specific)"
CASE-BEL-202505-0801,1,Beldongri,2025-05-01,2025,5,11170.82,8662.86,2507.95,22.45,0.992,0.882,0.886,Medium,UNIT-1800,grader,preventive,oil_change,9.4,preventive,True,minor,33.22,0.4,3.06,28.4,Huk_limestone,False,57.708,Weather,"Weather impact score 0.89 — rainfall 0.4mm, wind 3.1 m/s, soil moisture (0-100cm) 28.4%, affecting haul-road and pit access.","Action scheduled, not yet executed.",Not Yet Assessed,Pending,Action logged; awaiting execution and outcome review.,Actual 2025 record,"Proxy (global reference dataset, not MOIL-specific)","Proxy (generic MWD reference dataset, not MOIL-specific)"
CASE-CHI-202505-0802,1,Chikla,2025-05-01,2025,5,14908.59,9563.46,5345.13,35.85,0.936,0.769,0.891,High,UNIT-4114,conveyor,belt,general_component,8.9,corrective,False,major,32.32,1.89,3.15,30.8,Granittic_gneiss,False,503.526,Equipment,"Equipment availability below target. conveyor (UNIT-4114) recorded a major 'belt' issue affecting the general component; 8.9h downtime, unscheduled corrective maintenance logged.",Emergency corrective maintenance dispatched; conveyor isolated from production circuit until repaired.,Failed,Escalated,Escalate: Component replacement / major overhaul scheduled; equipment flagged for engineering review.,Actual 2025 record,"Proxy (global reference dataset, not MOIL-specific)","Proxy (generic MWD reference dataset, not MOIL-specific)"
CASE-CHI-202505-0803,2,Chikla,2025-05-04,2025,5,14908.59,9563.46,5345.13,35.85,0.936,0.769,0.891,High,UNIT-4114,conveyor,belt,general_component,8.9,corrective,False,major,32.32,1.89,3.15,30.8,Granittic_gneiss,False,503.526,Equipment,Issue persists after initial action ('Emergency corrective maintenance dispatched; conveyor isolated from production circuit until repaired.') did not fully resolve it.,Component replacement / major overhaul scheduled; equipment flagged for engineering review.,Resolved,Successful,Continue routine monitoring; no further action required.,Actual 2025 record,"Proxy (global reference dataset, not MOIL-specific)","Proxy (generic MWD reference dataset, not MOIL-specific)"
CASE-DON-202505-0804,1,Dongri Buzurg,2025-05-01,2025,5,20487.08,14823.33,5663.74,27.65,0.892,0.887,0.915,High,UNIT-2181,crusher,preventive,oil_change,11.0,preventive,True,routine,33.22,0.4,3.06,30.4,Drammensgranite,False,341.772,Operational/Workforce,"Operational efficiency at 0.89, below target — indicates shift, workflow or crew utilisation gap.","Shift roster reallocated, additional crew deployed to bottleneck section, workflow reviewed with site supervisor.",Reduced,In Progress,Re-inspect within 7 days; escalate if shortfall persists.,Actual 2025 record,"Proxy (global reference dataset, not MOIL-specific)","Proxy (generic MWD reference dataset, not MOIL-specific)"
CASE-GUM-202505-0805,1,Gumgaon,2025-05-01,2025,5,12646.89,7999.57,4647.32,36.75,0.833,0.861,0.881,High,UNIT-4598,crusher,preventive,filter_replace,32.5,preventive,True,minor,33.49,0.16,2.42,27.400000000000002,Granittic_gneiss,False,437.207,Operational/Workforce,"Operational efficiency at 0.83, below target — indicates shift, workflow or crew utilisation gap.","Action scheduled, not yet executed.",Not Yet Assessed,Pending,Action logged; awaiting execution and outcome review.,Actual 2025 record,"Proxy (global reference dataset, not MOIL-specific)","Proxy (generic MWD reference dataset, not MOIL-specific)"
CASE-MUN-202505-0806,1,Munsar,2025-05-01,2025,5,12005.08,8869.97,3135.11,26.11,0.848,0.99,0.88,High,UNIT-8351,haul_truck,transmission,gearbox,15.8,major_overhaul,True,major,33.22,0.4,3.06,27.700000000000003,Elnes_lime_shale,False,71.489,Operational/Workforce,"Operational efficiency at 0.85, below target — indicates shift, workflow or crew utilisation gap.","Shift roster reallocated, additional crew deployed to bottleneck section, workflow reviewed with site supervisor.",Resolved,Successful,Continue routine monitoring; no further action required.,Actual 2025 record,"Proxy (global reference dataset, not MOIL-specific)","Proxy (generic MWD reference dataset, not MOIL-specific)"
CASE-TIR-202505-0807,1,Tirodi,2025-05-01,2025,5,20015.15,13757.9,6257.25,31.26,0.852,0.859,0.939,High,UNIT-4956,grader,blade,general_component,5.1,corrective,False,minor,32.32,1.89,3.15,27.900000000000002,Granittic_gneiss,False,170.623,Operational/Workforce,"Operational efficiency at 0.85, below target — indicates shift, workflow or crew utilisation gap.","Shift roster reallocated, additional crew deployed to bottleneck section, workflow reviewed with site supervisor.",Reduced,In Progress,Re-inspect within 7 days; escalate if shortfall persists.,Actual 2025 record,"Proxy (global reference dataset, not MOIL-specific)","Proxy (generic MWD reference dataset, not MOIL-specific)"
CASE-UKW-202505-0808,1,Ukwa,2025-05-01,2025,5,20614.04,16663.13,3950.91,19.17,0.924,0.995,0.879,Medium,UNIT-6228,excavator,preventive,oil_change,9.4,preventive,True,minor,29.88,3.22,2.62,30.3,Huk_limestone,True,235.801,Geological/Drilling,"Drilling data flags a transition/variable rock zone (Rock type: Huk_limestone, rotation-pressure variance 235.8) — likely reduced penetration rate slowing blast-hole completion. [Hypothesis from generic MWD reference data — not yet validated against MOIL's own geology.]",Drill parameters and blast pattern adjusted for harder/variable rock; additional bit changes scheduled.,Failed,Escalated,Escalate: Escalated to geology/blast engineering team for re-survey of the zone.,Actual 2025 record,"Proxy (global reference dataset, not MOIL-specific)","Proxy (generic MWD reference dataset, not MOIL-specific)"
CASE-UKW-202505-0809,2,Ukwa,2025-05-05,2025,5,20614.04,16663.13,3950.91,19.17,0.924,0.995,0.879,Medium,UNIT-6228,excavator,preventive,oil_change,9.4,preventive,True,minor,29.88,3.22,2.62,30.3,Huk_limestone,True,235.801,Geological/Drilling,Issue persists after initial action ('Drill parameters and blast pattern adjusted for harder/variable rock; additional bit changes scheduled.') did not fully resolve it.,Escalated to geology/blast engineering team for re-survey of the zone.,Reduced,In Progress,Re-inspect within 7 days; escalate if shortfall persists.,Actual 2025 record,"Proxy (global reference dataset, not MOIL-specific)","Proxy (generic MWD reference dataset, not MOIL-specific)"
CASE-BAL-202506-0810,1,Balaghat,2025-06-01,2025,6,24068.84,18419.94,5648.9,23.47,0.982,0.986,0.791,Medium,UNIT-9129,haul_truck,preventive,oil_change,3.7,preventive,True,routine,31.56,0.0,4.08,30.9,Amphibolittic_gneiss,False,378.972,Weather,"Weather impact score 0.79 — rainfall 0.0mm, wind 4.1 m/s, soil moisture (0-100cm) 30.9%, affecting haul-road and pit access.",Operations continued with adjusted shift timing to work around weather window.,Reduced,In Progress,Re-inspect within 7 days; escalate if shortfall persists.,Actual 2025 record,"Proxy (global reference dataset, not MOIL-specific)","Proxy (generic MWD reference dataset, not MOIL-specific)"
CASE-BEL-202506-0811,1,Beldongri,2025-06-01,2025,6,10719.09,6803.35,3915.74,36.53,0.951,0.79,0.844,High,UNIT-7509,crusher,shaft,general_component,31.1,corrective,False,minor,31.72,0.0,4.71,37.2,Blackshale,False,62.233,Equipment,"Equipment availability below target. crusher (UNIT-7509) recorded a minor 'shaft' issue affecting the general component; 31.1h downtime, unscheduled corrective maintenance logged.",Corrective maintenance performed on general component.,Resolved,Successful,Continue routine monitoring; no further action required.,Actual 2025 record,"Proxy (global reference dataset, not MOIL-specific)","Proxy (generic MWD reference dataset, not MOIL-specific)"
CASE-CHI-202506-0812,1,Chikla,2025-06-01,2025,6,12821.5,8754.53,4066.98,31.72,0.928,0.917,0.803,High,UNIT-1494,pump,seal,general_component,8.6,corrective,False,major,32.0,0.0,4.1,38.9,Drammensgranite,False,133.302,Weather,"Weather impact score 0.80 — rainfall 0.0mm, wind 4.1 m/s, soil moisture (0-100cm) 38.9%, affecting haul-road and pit access.",Operations continued with adjusted shift timing to work around weather window.,Resolved,Successful,Continue routine monitoring; no further action required.,Actual 2025 record,"Proxy (global reference dataset, not MOIL-specific)","Proxy (generic MWD reference dataset, not MOIL-specific)"
CASE-DON-202506-0813,1,Dongri Buzurg,2025-06-01,2025,6,18014.85,9110.6,8904.25,49.43,0.9,0.753,0.746,High,UNIT-2443,haul_truck,preventive,filter_replace,1.7,preventive,True,routine,31.72,0.0,4.71,38.2,Drammensgranite,False,1395.771,Weather,"Weather impact score 0.75 — rainfall 0.0mm, wind 4.7 m/s, soil moisture (0-100cm) 38.2%, affecting haul-road and pit access.",Operations continued with adjusted shift timing to work around weather window.,Resolved,Successful,Continue routine monitoring; no further action required.,Actual 2025 record,"Proxy (global reference dataset, not MOIL-specific)","Proxy (generic MWD reference dataset, not MOIL-specific)"
CASE-GUM-202506-0814,1,Gumgaon,2025-06-01,2025,6,12190.63,6902.53,5288.09,43.38,0.846,0.909,0.737,High,UNIT-6999,excavator,preventive,adjustment,9.9,preventive,True,minor,30.69,0.0,4.96,32.1,Amphibolittic_gneiss,False,156.2,Weather,"Weather impact score 0.74 — rainfall 0.0mm, wind 5.0 m/s, soil moisture (0-100cm) 32.1%, affecting haul-road and pit access.",Operations continued with adjusted shift timing to work around weather window.,Resolved,Successful,Continue routine monitoring; no further action required.,Actual 2025 record,"Proxy (global reference dataset, not MOIL-specific)","Proxy (generic MWD reference dataset, not MOIL-specific)"
CASE-KAN-202506-0815,1,Kandri,2025-06-01,2025,6,12099.25,5825.67,6273.58,51.85,0.946,0.774,0.658,High,UNIT-4825,drill_rig,drill_string,general_component,11.6,corrective,False,major,31.72,0.0,4.71,34.300000000000004,Rhomb_porphyry,False,151.611,Weather,"Weather impact score 0.66 — rainfall 0.0mm, wind 4.7 m/s, soil moisture (0-100cm) 34.3%, affecting haul-road and pit access.",Operations continued with adjusted shift timing to work around weather window.,Failed,Escalated,Escalate: Contingency haulage plan activated (alternate route / stockpile buffer) until conditions normalise.,Actual 2025 record,"Proxy (global reference dataset, not MOIL-specific)","Proxy (generic MWD reference dataset, not MOIL-specific)"
CASE-KAN-202506-0816,2,Kandri,2025-06-09,2025,6,12099.25,5825.67,6273.58,51.85,0.946,0.774,0.658,High,UNIT-4825,drill_rig,drill_string,general_component,11.6,corrective,False,major,31.72,0.0,4.71,34.300000000000004,Rhomb_porphyry,False,151.611,Weather,Issue persists after initial action ('Operations continued with adjusted shift timing to work around weather window.') did not fully resolve it.,Contingency haulage plan activated (alternate route / stockpile buffer) until conditions normalise.,Reduced,In Progress,Re-inspect within 7 days; escalate if shortfall persists.,Actual 2025 record,"Proxy (global reference dataset, not MOIL-specific)","Proxy (generic MWD reference dataset, not MOIL-specific)"
CASE-MUN-202506-0817,1,Munsar,2025-06-01,2025,6,10211.22,5622.65,4588.57,44.94,0.932,0.78,0.757,High,UNIT-4013,haul_truck,engine,head_gasket,4.1,predictive,False,minor,31.72,0.0,4.71,34.300000000000004,Elnes_lime_shale,True,117.029,Weather,"Weather impact score 0.76 — rainfall 0.0mm, wind 4.7 m/s, soil moisture (0-100cm) 34.3%, affecting haul-road and pit access.",Operations continued with adjusted shift timing to work around weather window.,Reduced,In Progress,Re-inspect within 7 days; escalate if shortfall persists.,Actual 2025 record,"Proxy (global reference dataset, not MOIL-specific)","Proxy (generic MWD reference dataset, not MOIL-specific)"
CASE-SIT-202506-0818,1,Sitapatore,2025-06-01,2025,6,12182.84,6949.44,5233.4,42.96,0.999,0.761,0.75,High,UNIT-2798,crusher,bearing,general_component,72.0,corrective,False,major,31.72,0.0,4.71,28.199999999999996,Augen_gneiss,False,207.162,Weather,"Weather impact score 0.75 — rainfall 0.0mm, wind 4.7 m/s, soil moisture (0-100cm) 28.2%, affecting haul-road and pit access.",Operations continued with adjusted shift timing to work around weather window.,Reduced,In Progress,Re-inspect within 7 days; escalate if shortfall persists.,Actual 2025 record,"Proxy (global reference dataset, not MOIL-specific)","Proxy (generic MWD reference dataset, not MOIL-specific)"
CASE-TIR-202506-0819,1,Tirodi,2025-06-01,2025,6,17349.85,13022.68,4327.17,24.94,0.951,0.98,0.806,Medium,UNIT-1678,haul_truck,electrical,sensors,18.9,major_overhaul,True,major,32.0,0.0,4.1,32.7,Granittic_gneiss,False,264.632,Weather,"Weather impact score 0.81 — rainfall 0.0mm, wind 4.1 m/s, soil moisture (0-100cm) 32.7%, affecting haul-road and pit access.",Operations continued with adjusted shift timing to work around weather window.,Reduced,In Progress,Re-inspect within 7 days; escalate if shortfall persists.,Actual 2025 record,"Proxy (global reference dataset, not MOIL-specific)","Proxy (generic MWD reference dataset, not MOIL-specific)"
CASE-UKW-202506-0820,1,Ukwa,2025-06-01,2025,6,18728.53,10884.73,7843.8,41.88,0.958,0.813,0.747,High,UNIT-8192,pump,seal,general_component,10.0,corrective,False,major,30.45,0.0,3.49,36.9,Hagaberg_shale,False,72.531,Weather,"Weather impact score 0.75 — rainfall 0.0mm, wind 3.5 m/s, soil moisture (0-100cm) 36.9%, affecting haul-road and pit access.",Operations continued with adjusted shift timing to work around weather window.,Failed,Escalated,Escalate: Contingency haulage plan activated (alternate route / stockpile buffer) until conditions normalise.,Actual 2025 record,"Proxy (global reference dataset, not MOIL-specific)","Proxy (generic MWD reference dataset, not MOIL-specific)"
CASE-UKW-202506-0821,2,Ukwa,2025-06-04,2025,6,18728.53,10884.73,7843.8,41.88,0.958,0.813,0.747,High,UNIT-8192,pump,seal,general_component,10.0,corrective,False,major,30.45,0.0,3.49,36.9,Hagaberg_shale,False,72.531,Weather,Issue persists after initial action ('Operations continued with adjusted shift timing to work around weather window.') did not fully resolve it.,Contingency haulage plan activated (alternate route / stockpile buffer) until conditions normalise.,Resolved,Successful,Continue routine monitoring; no further action required.,Actual 2025 record,"Proxy (global reference dataset, not MOIL-specific)","Proxy (generic MWD reference dataset, not MOIL-specific)"
CASE-BAL-202507-0822,1,Balaghat,2025-07-01,2025,7,20584.11,9436.64,11147.47,54.16,0.848,0.798,0.677,High,UNIT-9313,drill_rig,compressor,general_component,2.4,predictive,False,routine,25.76,44.26,2.9,43.2,Huk_limestone,False,120.337,Weather,"Weather impact score 0.68 — rainfall 44.3mm, wind 2.9 m/s, soil moisture (0-100cm) 43.2%, affecting haul-road and pit access.",Haulage rescheduled around peak rainfall hours; drainage and access-road reinforcement carried out.,Reduced,In Progress,Re-inspect within 7 days; escalate if shortfall persists.,Actual 2025 record,"Proxy (global reference dataset, not MOIL-specific)","Proxy (generic MWD reference dataset, not MOIL-specific)"
CASE-BAL-202507-0823,2,Balaghat,2025-07-07,2025,7,20584.11,9436.64,11147.47,54.16,0.848,0.798,0.677,High,UNIT-9313,drill_rig,compressor,general_component,2.4,predictive,False,routine,25.76,44.26,2.9,43.2,Huk_limestone,False,120.337,Weather,Issue persists after initial action ('Haulage rescheduled around peak rainfall hours; drainage and access-road reinforcement carried out.') did not fully resolve it.,Contingency haulage plan activated (alternate route / stockpile buffer) until conditions normalise.,Resolved,Successful,Continue routine monitoring; no further action required.,Actual 2025 record,"Proxy (global reference dataset, not MOIL-specific)","Proxy (generic MWD reference dataset, not MOIL-specific)"
CASE-BEL-202507-0824,1,Beldongri,2025-07-01,2025,7,8871.95,3967.67,4904.28,55.28,0.844,0.76,0.697,High,UNIT-2600,haul_truck,preventive,filter_replace,1.7,preventive,True,routine,26.25,30.35,3.77,44.6,Blackshale,True,109.819,Weather,"Weather impact score 0.70 — rainfall 30.4mm, wind 3.8 m/s, soil moisture (0-100cm) 44.6%, affecting haul-road and pit access.",Haulage rescheduled around peak rainfall hours; drainage and access-road reinforcement carried out.,Reduced,In Progress,Re-inspect within 7 days; escalate if shortfall persists.,Actual 2025 record,"Proxy (global reference dataset, not MOIL-specific)","Proxy (generic MWD reference dataset, not MOIL-specific)"
CASE-CHI-202507-0825,1,Chikla,2025-07-01,2025,7,11818.12,7676.4,4141.71,35.05,0.856,0.988,0.768,High,UNIT-3209,loader,engine,head_gasket,3.0,predictive,False,routine,26.27,41.54,3.23,47.599999999999994,Granittic_gneiss,False,161.099,Weather,"Weather impact score 0.77 — rainfall 41.5mm, wind 3.2 m/s, soil moisture (0-100cm) 47.6%, affecting haul-road and pit access.",Haulage rescheduled around peak rainfall hours; drainage and access-road reinforcement carried out.,Reduced,In Progress,Re-inspect within 7 days; escalate if shortfall persists.,Actual 2025 record,"Proxy (global reference dataset, not MOIL-specific)","Proxy (generic MWD reference dataset, not MOIL-specific)"
CASE-DON-202507-0826,1,Dongri Buzurg,2025-07-01,2025,7,15321.74,9693.72,5628.02,36.73,0.903,0.94,0.745,High,UNIT-4486,haul_truck,engine,injector,2.9,predictive,False,routine,26.25,30.35,3.77,48.199999999999996,Rhomb_porphyry,False,91.474,Weather,"Weather impact score 0.74 — rainfall 30.4mm, wind 3.8 m/s, soil moisture (0-100cm) 48.2%, affecting haul-road and pit access.",Haulage rescheduled around peak rainfall hours; drainage and access-road reinforcement carried out.,Reduced,In Progress,Re-inspect within 7 days; escalate if shortfall persists.,Actual 2025 record,"Proxy (global reference dataset, not MOIL-specific)","Proxy (generic MWD reference dataset, not MOIL-specific)"
CASE-GUM-202507-0827,1,Gumgaon,2025-07-01,2025,7,10532.68,8727.49,1805.19,17.14,0.989,0.973,0.861,Medium,UNIT-3774,excavator,preventive,filter_replace,5.0,preventive,True,routine,25.64,16.47,4.46,40.6,Amphibolittic_gneiss,False,455.339,Weather,"Weather impact score 0.86 — rainfall 16.5mm, wind 4.5 m/s, soil moisture (0-100cm) 40.6%, affecting haul-road and pit access.",Haulage rescheduled around peak rainfall hours; drainage and access-road reinforcement carried out.,Resolved,Successful,Continue routine monitoring; no further action required.,Actual 2025 record,"Proxy (global reference dataset, not MOIL-specific)","Proxy (generic MWD reference dataset, not MOIL-specific)"
CASE-KAN-202507-0828,1,Kandri,2025-07-01,2025,7,10109.35,5101.65,5007.71,49.54,0.9,0.801,0.7,High,UNIT-8432,conveyor,gearbox,general_component,2.4,corrective,False,minor,26.25,30.35,3.77,40.300000000000004,Granittic_gneiss,False,207.438,Weather,"Weather impact score 0.70 — rainfall 30.4mm, wind 3.8 m/s, soil moisture (0-100cm) 40.3%, affecting haul-road and pit access.",Haulage rescheduled around peak rainfall hours; drainage and access-road reinforcement carried out.,Reduced,In Progress,Re-inspect within 7 days; escalate if shortfall persists.,Actual 2025 record,"Proxy (global reference dataset, not MOIL-specific)","Proxy (generic MWD reference dataset, not MOIL-specific)"
CASE-MUN-202507-0829,1,Munsar,2025-07-01,2025,7,8717.32,4537.76,4179.56,47.95,0.971,0.802,0.669,High,UNIT-6256,loader,preventive,oil_change,2.8,preventive,True,routine,26.25,30.35,3.77,40.300000000000004,Granittic_gneiss,False,207.545,Weather,"Weather impact score 0.67 — rainfall 30.4mm, wind 3.8 m/s, soil moisture (0-100cm) 40.3%, affecting haul-road and pit access.",Haulage rescheduled around peak rainfall hours; drainage and access-road reinforcement carried out.,Reduced,In Progress,Re-inspect within 7 days; escalate if shortfall persists.,Actual 2025 record,"Proxy (global reference dataset, not MOIL-specific)","Proxy (generic MWD reference dataset, not MOIL-specific)"
CASE-SIT-202507-0830,1,Sitapatore,2025-07-01,2025,7,10579.99,7117.98,3462.01,32.72,0.901,0.852,0.876,High,UNIT-9846,grader,hydraulics,pump,55.3,corrective,False,critical,26.25,30.35,3.77,41.3,Amphibolittic_gneiss,False,158.159,Weather,"Weather impact score 0.88 — rainfall 30.4mm, wind 3.8 m/s, soil moisture (0-100cm) 41.3%, affecting haul-road and pit access.",Haulage rescheduled around peak rainfall hours; drainage and access-road reinforcement carried out.,Reduced,In Progress,Re-inspect within 7 days; escalate if shortfall persists.,Actual 2025 record,"Proxy (global reference dataset, not MOIL-specific)","Proxy (generic MWD reference dataset, not MOIL-specific)"
CASE-TIR-202507-0831,1,Tirodi,2025-07-01,2025,7,14944.93,9138.54,5806.39,38.85,0.939,0.943,0.691,High,UNIT-9294,crusher,preventive,oil_change,7.2,preventive,True,routine,26.27,41.54,3.23,42.8,Amphibolittic_gneiss,True,390.068,Weather,"Weather impact score 0.69 — rainfall 41.5mm, wind 3.2 m/s, soil moisture (0-100cm) 42.8%, affecting haul-road and pit access.",Haulage rescheduled around peak rainfall hours; drainage and access-road reinforcement carried out.,Resolved,Successful,Continue routine monitoring; no further action required.,Actual 2025 record,"Proxy (global reference dataset, not MOIL-specific)","Proxy (generic MWD reference dataset, not MOIL-specific)"
CASE-UKW-202507-0832,1,Ukwa,2025-07-01,2025,7,17085.62,8402.53,8683.09,50.82,0.908,0.821,0.66,High,UNIT-1741,drill_rig,preventive,filter_replace,3.6,preventive,True,minor,25.31,33.41,3.01,42.4,Hornfels,False,191.884,Weather,"Weather impact score 0.66 — rainfall 33.4mm, wind 3.0 m/s, soil moisture (0-100cm) 42.4%, affecting haul-road and pit access.",Haulage rescheduled around peak rainfall hours; drainage and access-road reinforcement carried out.,Reduced,In Progress,Re-inspect within 7 days; escalate if shortfall persists.,Actual 2025 record,"Proxy (global reference dataset, not MOIL-specific)","Proxy (generic MWD reference dataset, not MOIL-specific)"
CASE-UKW-202507-0833,2,Ukwa,2025-07-05,2025,7,17085.62,8402.53,8683.09,50.82,0.908,0.821,0.66,High,UNIT-1741,drill_rig,preventive,filter_replace,3.6,preventive,True,minor,25.31,33.41,3.01,42.4,Hornfels,False,191.884,Weather,Issue persists after initial action ('Haulage rescheduled around peak rainfall hours; drainage and access-road reinforcement carried out.') did not fully resolve it.,Contingency haulage plan activated (alternate route / stockpile buffer) until conditions normalise.,Resolved,Successful,Continue routine monitoring; no further action required.,Actual 2025 record,"Proxy (global reference dataset, not MOIL-specific)","Proxy (generic MWD reference dataset, not MOIL-specific)"
CASE-BAL-202508-0834,1,Balaghat,2025-08-01,2025,8,19512.48,11034.11,8478.37,43.45,0.953,0.75,0.791,High,UNIT-9184,haul_truck,transmission,torque_converter,13.1,corrective,False,major,25.78,4.18,2.08,48.9,Huk_limestone,False,54.945,Weather,"Weather impact score 0.79 — rainfall 4.2mm, wind 2.1 m/s, soil moisture (0-100cm) 48.9%, affecting haul-road and pit access.",Haulage rescheduled around peak rainfall hours; drainage and access-road reinforcement carried out.,Reduced,In Progress,Re-inspect within 7 days; escalate if shortfall persists.,Actual 2025 record,"Proxy (global reference dataset, not MOIL-specific)","Proxy (generic MWD reference dataset, not MOIL-specific)"
CASE-BEL-202508-0835,1,Beldongri,2025-08-01,2025,8,8471.78,4975.08,3496.69,41.27,0.995,0.807,0.732,High,UNIT-6221,haul_truck,engine,injector,19.9,corrective,False,major,26.48,1.28,2.31,49.0,Granittic_gneiss,False,520.257,Weather,"Weather impact score 0.73 — rainfall 1.3mm, wind 2.3 m/s, soil moisture (0-100cm) 49.0%, affecting haul-road and pit access.",Haulage rescheduled around peak rainfall hours; drainage and access-road reinforcement carried out.,Failed,Escalated,Escalate: Contingency haulage plan activated (alternate route / stockpile buffer) until conditions normalise.,Actual 2025 record,"Proxy (global reference dataset, not MOIL-specific)","Proxy (generic MWD reference dataset, not MOIL-specific)"
CASE-BEL-202508-0836,2,Beldongri,2025-08-04,2025,8,8471.78,4975.08,3496.69,41.27,0.995,0.807,0.732,High,UNIT-6221,haul_truck,engine,injector,19.9,corrective,False,major,26.48,1.28,2.31,49.0,Granittic_gneiss,False,520.257,Weather,Issue persists after initial action ('Haulage rescheduled around peak rainfall hours; drainage and access-road reinforcement carried out.') did not fully resolve it.,Contingency haulage plan activated (alternate route / stockpile buffer) until conditions normalise.,Resolved,Successful,Continue routine monitoring; no further action required.,Actual 2025 record,"Proxy (global reference dataset, not MOIL-specific)","Proxy (generic MWD reference dataset, not MOIL-specific)"
CASE-CHI-202508-0837,1,Chikla,2025-08-01,2025,8,11092.67,5881.11,5211.57,46.98,0.8,0.932,0.711,High,UNIT-2907,haul_truck,engine,cooling_system,10.4,predictive,False,minor,26.35,3.46,2.0,46.7,Granittic_gneiss,False,153.769,Weather,"Weather impact score 0.71 — rainfall 3.5mm, wind 2.0 m/s, soil moisture (0-100cm) 46.7%, affecting haul-road and pit access.",Haulage rescheduled around peak rainfall hours; drainage and access-road reinforcement carried out.,Failed,Escalated,Escalate: Contingency haulage plan activated (alternate route / stockpile buffer) until conditions normalise.,Actual 2025 record,"Proxy (global reference dataset, not MOIL-specific)","Proxy (generic MWD reference dataset, not MOIL-specific)"
CASE-CHI-202508-0838,2,Chikla,2025-08-10,2025,8,11092.67,5881.11,5211.57,46.98,0.8,0.932,0.711,High,UNIT-2907,haul_truck,engine,cooling_system,10.4,predictive,False,minor,26.35,3.46,2.0,46.7,Granittic_gneiss,False,153.769,Weather,Issue persists after initial action ('Haulage rescheduled around peak rainfall hours; drainage and access-road reinforcement carried out.') did not fully resolve it.,Contingency haulage plan activated (alternate route / stockpile buffer) until conditions normalise.,Resolved,Successful,Continue routine monitoring; no further action required.,Actual 2025 record,"Proxy (global reference dataset, not MOIL-specific)","Proxy (generic MWD reference dataset, not MOIL-specific)"
CASE-DON-202508-0839,1,Dongri Buzurg,2025-08-01,2025,8,15447.83,10314.78,5133.05,33.23,0.948,0.962,0.732,High,UNIT-9151,haul_truck,hydraulics,hose,10.2,corrective,False,minor,26.48,1.28,2.31,46.300000000000004,Drammensgranite,False,243.571,Weather,"Weather impact score 0.73 — rainfall 1.3mm, wind 2.3 m/s, soil moisture (0-100cm) 46.3%, affecting haul-road and pit access.",Haulage rescheduled around peak rainfall hours; drainage and access-road reinforcement carried out.,Reduced,In Progress,Re-inspect within 7 days; escalate if shortfall persists.,Actual 2025 record,"Proxy (global reference dataset, not MOIL-specific)","Proxy (generic MWD reference dataset, not MOIL-specific)"
CASE-DON-202508-0840,2,Dongri Buzurg,2025-08-05,2025,8,15447.83,10314.78,5133.05,33.23,0.948,0.962,0.732,High,UNIT-9151,haul_truck,hydraulics,hose,10.2,corrective,False,minor,26.48,1.28,2.31,46.300000000000004,Drammensgranite,False,243.571,Weather,Issue persists after initial action ('Haulage rescheduled around peak rainfall hours; drainage and access-road reinforcement carried out.') did not fully resolve it.,Contingency haulage plan activated (alternate route / stockpile buffer) until conditions normalise.,Reduced,In Progress,Re-inspect within 7 days; escalate if shortfall persists.,Actual 2025 record,"Proxy (global reference dataset, not MOIL-specific)","Proxy (generic MWD reference dataset, not MOIL-specific)"
CASE-GUM-202508-0841,1,Gumgaon,2025-08-01,2025,8,9956.3,6717.04,3239.26,32.53,0.943,0.954,0.75,High,UNIT-8902,haul_truck,preventive,adjustment,3.1,preventive,True,routine,26.05,0.29,2.67,49.1,Granittic_gneiss,False,342.656,Weather,"Weather impact score 0.75 — rainfall 0.3mm, wind 2.7 m/s, soil moisture (0-100cm) 49.1%, affecting haul-road and pit access.",Haulage rescheduled around peak rainfall hours; drainage and access-road reinforcement carried out.,Reduced,In Progress,Re-inspect within 7 days; escalate if shortfall persists.,Actual 2025 record,"Proxy (global reference dataset, not MOIL-specific)","Proxy (generic MWD reference dataset, not MOIL-specific)"
CASE-GUM-202508-0842,2,Gumgaon,2025-08-08,2025,8,9956.3,6717.04,3239.26,32.53,0.943,0.954,0.75,High,UNIT-8902,haul_truck,preventive,adjustment,3.1,preventive,True,routine,26.05,0.29,2.67,49.1,Granittic_gneiss,False,342.656,Weather,Issue persists after initial action ('Haulage rescheduled around peak rainfall hours; drainage and access-road reinforcement carried out.') did not fully resolve it.,Contingency haulage plan activated (alternate route / stockpile buffer) until conditions normalise.,Failed,Escalated,Escalate: Contingency haulage plan activated (alternate route / stockpile buffer) until conditions normalise.,Actual 2025 record,"Proxy (global reference dataset, not MOIL-specific)","Proxy (generic MWD reference dataset, not MOIL-specific)"
CASE-KAN-202508-0843,1,Kandri,2025-08-01,2025,8,10540.63,7633.28,2907.35,27.58,0.961,0.996,0.756,High,UNIT-2798,conveyor,preventive,adjustment,1.4,preventive,True,routine,26.48,1.28,2.31,49.0,Amphibolittic_gneiss,False,146.087,Weather,"Weather impact score 0.76 — rainfall 1.3mm, wind 2.3 m/s, soil moisture (0-100cm) 49.0%, affecting haul-road and pit access.",Haulage rescheduled around peak rainfall hours; drainage and access-road reinforcement carried out.,Reduced,In Progress,Re-inspect within 7 days; escalate if shortfall persists.,Actual 2025 record,"Proxy (global reference dataset, not MOIL-specific)","Proxy (generic MWD reference dataset, not MOIL-specific)"
CASE-MUN-202508-0844,1,Munsar,2025-08-01,2025,8,8947.03,5401.63,3545.4,39.63,0.932,0.77,0.842,High,UNIT-6382,conveyor,preventive,adjustment,2.3,preventive,True,minor,26.48,1.28,2.31,49.0,Drammensgranite,False,236.967,Equipment,"Equipment availability below target. conveyor (UNIT-6382) recorded a minor 'preventive' issue affecting the adjustment; 2.3h downtime, scheduled preventive maintenance logged.",Preventive/predictive maintenance carried out on adjustment per maintenance schedule.,Resolved,Successful,Continue routine monitoring; no further action required.,Actual 2025 record,"Proxy (global reference dataset, not MOIL-specific)","Proxy (generic MWD reference dataset, not MOIL-specific)"
CASE-SIT-202508-0845,1,Sitapatore,2025-08-01,2025,8,9796.22,5550.78,4245.44,43.34,0.956,0.896,0.661,High,UNIT-8273,drill_rig,preventive,filter_replace,1.2,preventive,True,routine,26.48,1.28,2.31,48.9,Rhomb_porphyry,False,206.962,Weather,"Weather impact score 0.66 — rainfall 1.3mm, wind 2.3 m/s, soil moisture (0-100cm) 48.9%, affecting haul-road and pit access.",Haulage rescheduled around peak rainfall hours; drainage and access-road reinforcement carried out.,Reduced,In Progress,Re-inspect within 7 days; escalate if shortfall persists.,Actual 2025 record,"Proxy (global reference dataset, not MOIL-specific)","Proxy (generic MWD reference dataset, not MOIL-specific)"
CASE-TIR-202508-0846,1,Tirodi,2025-08-01,2025,8,14843.3,9624.92,5218.38,35.16,0.92,0.824,0.855,High,UNIT-4535,drill_rig,rotation,general_component,10.2,major_overhaul,True,major,26.35,3.46,2.0,46.6,Drammensgranite,False,189.595,Weather,"Weather impact score 0.85 — rainfall 3.5mm, wind 2.0 m/s, soil moisture (0-100cm) 46.6%, affecting haul-road and pit access.",Haulage rescheduled around peak rainfall hours; drainage and access-road reinforcement carried out.,Reduced,In Progress,Re-inspect within 7 days; escalate if shortfall persists.,Actual 2025 record,"Proxy (global reference dataset, not MOIL-specific)","Proxy (generic MWD reference dataset, not MOIL-specific)"
CASE-UKW-202508-0847,1,Ukwa,2025-08-01,2025,8,15812.14,11293.58,4518.57,28.58,0.903,0.877,0.902,High,UNIT-7865,drill_rig,preventive,inspection,3.8,preventive,True,minor,25.18,5.4,2.21,41.0,Huk_limestone,False,100.39,Operational/Workforce,"Operational efficiency at 0.90, below target — indicates shift, workflow or crew utilisation gap.","Shift roster reallocated, additional crew deployed to bottleneck section, workflow reviewed with site supervisor.",Resolved,Successful,Continue routine monitoring; no further action required.,Actual 2025 record,"Proxy (global reference dataset, not MOIL-specific)","Proxy (generic MWD reference dataset, not MOIL-specific)"
CASE-BAL-202509-0848,1,Balaghat,2025-09-01,2025,9,24150.48,18932.82,5217.66,21.6,0.939,0.929,0.899,Medium,UNIT-1763,excavator,engine,cooling_system,5.2,predictive,False,routine,25.89,10.12,1.85,49.9,Elnes_lime_shale,False,48.588,Weather,"Weather impact score 0.90 — rainfall 10.1mm, wind 1.9 m/s, soil moisture (0-100cm) 49.9%, affecting haul-road and pit access.",Haulage rescheduled around peak rainfall hours; drainage and access-road reinforcement carried out.,Failed,Escalated,Escalate: Contingency haulage plan activated (alternate route / stockpile buffer) until conditions normalise.,Actual 2025 record,"Proxy (global reference dataset, not MOIL-specific)","Proxy (generic MWD reference dataset, not MOIL-specific)"
CASE-BAL-202509-0849,2,Balaghat,2025-09-10,2025,9,24150.48,18932.82,5217.66,21.6,0.939,0.929,0.899,Medium,UNIT-1763,excavator,engine,cooling_system,5.2,predictive,False,routine,25.89,10.12,1.85,49.9,Elnes_lime_shale,False,48.588,Weather,Issue persists after initial action ('Haulage rescheduled around peak rainfall hours; drainage and access-road reinforcement carried out.') did not fully resolve it.,Contingency haulage plan activated (alternate route / stockpile buffer) until conditions normalise.,Resolved,Successful,Continue routine monitoring; no further action required.,Actual 2025 record,"Proxy (global reference dataset, not MOIL-specific)","Proxy (generic MWD reference dataset, not MOIL-specific)"
CASE-BEL-202509-0850,1,Beldongri,2025-09-01,2025,9,10429.86,8265.47,2164.38,20.75,0.946,0.965,0.868,Medium,UNIT-6456,conveyor,preventive,adjustment,0.9,preventive,True,routine,26.03,19.43,2.06,50.9,Blackshale,False,66.624,Weather,"Weather impact score 0.87 — rainfall 19.4mm, wind 2.1 m/s, soil moisture (0-100cm) 50.9%, affecting haul-road and pit access.",Haulage rescheduled around peak rainfall hours; drainage and access-road reinforcement carried out.,Reduced,In Progress,Re-inspect within 7 days; escalate if shortfall persists.,Actual 2025 record,"Proxy (global reference dataset, not MOIL-specific)","Proxy (generic MWD reference dataset, not MOIL-specific)"
CASE-BEL-202509-0851,2,Beldongri,2025-09-10,2025,9,10429.86,8265.47,2164.38,20.75,0.946,0.965,0.868,Medium,UNIT-6456,conveyor,preventive,adjustment,0.9,preventive,True,routine,26.03,19.43,2.06,50.9,Blackshale,False,66.624,Weather,Issue persists after initial action ('Haulage rescheduled around peak rainfall hours; drainage and access-road reinforcement carried out.') did not fully resolve it.,Contingency haulage plan activated (alternate route / stockpile buffer) until conditions normalise.,Failed,Escalated,Escalate: Contingency haulage plan activated (alternate route / stockpile buffer) until conditions normalise.,Actual 2025 record,"Proxy (global reference dataset, not MOIL-specific)","Proxy (generic MWD reference dataset, not MOIL-specific)"
CASE-CHI-202509-0852,1,Chikla,2025-09-01,2025,9,12752.97,8144.93,4608.04,36.13,0.869,0.834,0.881,High,UNIT-5810,haul_truck,tires,rear_left,7.0,corrective,False,minor,26.4,14.75,1.89,50.7,Rhomb_porphyry,False,211.808,Operational/Workforce,"Operational efficiency at 0.87, below target — indicates shift, workflow or crew utilisation gap.","Shift roster reallocated, additional crew deployed to bottleneck section, workflow reviewed with site supervisor.",Resolved,Successful,Continue routine monitoring; no further action required.,Actual 2025 record,"Proxy (global reference dataset, not MOIL-specific)","Proxy (generic MWD reference dataset, not MOIL-specific)"
CASE-DON-202509-0853,1,Dongri Buzurg,2025-09-01,2025,9,17891.28,11809.07,6082.22,34.0,0.945,0.891,0.784,High,UNIT-4336,conveyor,preventive,filter_replace,0.9,preventive,True,routine,26.03,19.43,2.06,50.3,Blackshale,False,68.964,Weather,"Weather impact score 0.78 — rainfall 19.4mm, wind 2.1 m/s, soil moisture (0-100cm) 50.3%, affecting haul-road and pit access.",Haulage rescheduled around peak rainfall hours; drainage and access-road reinforcement carried out.,Reduced,In Progress,Re-inspect within 7 days; escalate if shortfall persists.,Actual 2025 record,"Proxy (global reference dataset, not MOIL-specific)","Proxy (generic MWD reference dataset, not MOIL-specific)"
CASE-GUM-202509-0854,1,Gumgaon,2025-09-01,2025,9,11552.61,6862.88,4689.72,40.59,0.833,0.947,0.754,High,UNIT-2742,crusher,liner,general_component,11.1,predictive,False,routine,25.25,16.7,2.24,51.2,Granittic_gneiss,True,680.645,Weather,"Weather impact score 0.75 — rainfall 16.7mm, wind 2.2 m/s, soil moisture (0-100cm) 51.2%, affecting haul-road and pit access.",Haulage rescheduled around peak rainfall hours; drainage and access-road reinforcement carried out.,Reduced,In Progress,Re-inspect within 7 days; escalate if shortfall persists.,Actual 2025 record,"Proxy (global reference dataset, not MOIL-specific)","Proxy (generic MWD reference dataset, not MOIL-specific)"
CASE-KAN-202509-0855,1,Kandri,2025-09-01,2025,9,11137.15,7400.32,3736.83,33.55,0.968,0.753,0.912,High,UNIT-2586,haul_truck,transmission,driveshaft,16.4,corrective,False,major,26.03,19.43,2.06,51.1,Granittic_gneiss,False,152.955,Equipment,"Equipment availability below target. haul truck (UNIT-2586) recorded a major 'transmission' issue affecting the driveshaft; 16.4h downtime, unscheduled corrective maintenance logged.",Emergency corrective maintenance dispatched; haul truck isolated from production circuit until repaired.,Resolved,Successful,Continue routine monitoring; no further action required.,Actual 2025 record,"Proxy (global reference dataset, not MOIL-specific)","Proxy (generic MWD reference dataset, not MOIL-specific)"
CASE-MUN-202509-0856,1,Munsar,2025-09-01,2025,9,10166.99,6361.17,3805.83,37.43,0.847,0.926,0.798,High,UNIT-3679,loader,preventive,inspection,13.0,preventive,True,minor,26.03,19.43,2.06,51.1,Elnes_lime_shale,False,83.112,Weather,"Weather impact score 0.80 — rainfall 19.4mm, wind 2.1 m/s, soil moisture (0-100cm) 51.1%, affecting haul-road and pit access.",Haulage rescheduled around peak rainfall hours; drainage and access-road reinforcement carried out.,Reduced,In Progress,Re-inspect within 7 days; escalate if shortfall persists.,Actual 2025 record,"Proxy (global reference dataset, not MOIL-specific)","Proxy (generic MWD reference dataset, not MOIL-specific)"
CASE-SIT-202509-0857,1,Sitapatore,2025-09-01,2025,9,12238.38,7672.0,4566.38,37.31,0.81,0.876,0.883,High,UNIT-2940,grader,preventive,filter_replace,3.9,preventive,True,routine,26.03,19.43,2.06,47.4,Granittic_gneiss,False,400.126,Operational/Workforce,"Operational efficiency at 0.81, below target — indicates shift, workflow or crew utilisation gap.","Shift roster reallocated, additional crew deployed to bottleneck section, workflow reviewed with site supervisor.",Resolved,Successful,Continue routine monitoring; no further action required.,Actual 2025 record,"Proxy (global reference dataset, not MOIL-specific)","Proxy (generic MWD reference dataset, not MOIL-specific)"
CASE-TIR-202509-0858,1,Tirodi,2025-09-01,2025,9,16975.93,9923.2,7052.72,41.55,0.96,0.888,0.686,High,UNIT-4352,loader,preventive,oil_change,8.5,preventive,True,minor,26.4,14.75,1.89,50.4,Granittic_gneiss,False,192.458,Weather,"Weather impact score 0.69 — rainfall 14.8mm, wind 1.9 m/s, soil moisture (0-100cm) 50.4%, affecting haul-road and pit access.",Haulage rescheduled around peak rainfall hours; drainage and access-road reinforcement carried out.,Resolved,Successful,Continue routine monitoring; no further action required.,Actual 2025 record,"Proxy (global reference dataset, not MOIL-specific)","Proxy (generic MWD reference dataset, not MOIL-specific)"
CASE-UKW-202509-0859,1,Ukwa,2025-09-01,2025,9,19694.06,11994.87,7699.19,39.09,0.831,0.827,0.885,High,UNIT-2907,conveyor,belt,general_component,2.1,corrective,False,minor,25.55,6.85,1.84,41.3,Blackshale,False,154.042,Operational/Workforce,"Operational efficiency at 0.83, below target — indicates shift, workflow or crew utilisation gap.","Shift roster reallocated, additional crew deployed to bottleneck section, workflow reviewed with site supervisor.",Reduced,In Progress,Re-inspect within 7 days; escalate if shortfall persists.,Actual 2025 record,"Proxy (global reference dataset, not MOIL-specific)","Proxy (generic MWD reference dataset, not MOIL-specific)"
CASE-BAL-202510-0860,1,Balaghat,2025-10-01,2025,10,26960.27,19834.87,7125.4,26.43,0.959,0.813,0.944,High,UNIT-2816,haul_truck,electrical,sensors,13.1,corrective,False,major,25.59,3.9,1.7,48.0,Drammensgranite,True,450.977,Geological/Drilling,"Drilling data flags a transition/variable rock zone (Rock type: Drammensgranite, rotation-pressure variance 451.0) — likely reduced penetration rate slowing blast-hole completion. [Hypothesis from generic MWD reference data — not yet validated against MOIL's own geology.]",Drill parameters and blast pattern adjusted for harder/variable rock; additional bit changes scheduled.,Resolved,Successful,Continue routine monitoring; no further action required.,Actual 2025 record,"Proxy (global reference dataset, not MOIL-specific)","Proxy (generic MWD reference dataset, not MOIL-specific)"
CASE-BEL-202510-0861,1,Beldongri,2025-10-01,2025,10,11678.06,9389.31,2288.75,19.6,0.967,0.977,0.852,Medium,UNIT-2210,loader,engine,oil_pump,29.8,major_overhaul,True,major,26.18,0.44,1.79,43.6,Rhomb_porphyry,False,91.91,Weather,"Weather impact score 0.85 — rainfall 0.4mm, wind 1.8 m/s, soil moisture (0-100cm) 43.6%, affecting haul-road and pit access.",Haulage rescheduled around peak rainfall hours; drainage and access-road reinforcement carried out.,Failed,Escalated,Escalate: Contingency haulage plan activated (alternate route / stockpile buffer) until conditions normalise.,Actual 2025 record,"Proxy (global reference dataset, not MOIL-specific)","Proxy (generic MWD reference dataset, not MOIL-specific)"
CASE-BEL-202510-0862,2,Beldongri,2025-10-04,2025,10,11678.06,9389.31,2288.75,19.6,0.967,0.977,0.852,Medium,UNIT-2210,loader,engine,oil_pump,29.8,major_overhaul,True,major,26.18,0.44,1.79,43.6,Rhomb_porphyry,False,91.91,Weather,Issue persists after initial action ('Haulage rescheduled around peak rainfall hours; drainage and access-road reinforcement carried out.') did not fully resolve it.,Contingency haulage plan activated (alternate route / stockpile buffer) until conditions normalise.,Resolved,Successful,Continue routine monitoring; no further action required.,Actual 2025 record,"Proxy (global reference dataset, not MOIL-specific)","Proxy (generic MWD reference dataset, not MOIL-specific)"
CASE-CHI-202510-0863,1,Chikla,2025-10-01,2025,10,15167.12,9739.47,5427.64,35.79,0.81,0.887,0.893,High,UNIT-8700,crusher,shaft,general_component,55.7,corrective,False,major,26.42,1.14,1.49,38.9,Granittic_gneiss,False,184.406,Operational/Workforce,"Operational efficiency at 0.81, below target — indicates shift, workflow or crew utilisation gap.","Shift roster reallocated, additional crew deployed to bottleneck section, workflow reviewed with site supervisor.",Reduced,In Progress,Re-inspect within 7 days; escalate if shortfall persists.,Actual 2025 record,"Proxy (global reference dataset, not MOIL-specific)","Proxy (generic MWD reference dataset, not MOIL-specific)"
CASE-DON-202510-0864,1,Dongri Buzurg,2025-10-01,2025,10,19492.85,13828.91,5663.94,29.06,0.871,0.905,0.9,High,UNIT-9729,crusher,preventive,oil_change,7.8,preventive,True,routine,26.18,0.44,1.79,42.5,Drammensgranite,False,247.926,Operational/Workforce,"Operational efficiency at 0.87, below target — indicates shift, workflow or crew utilisation gap.","Shift roster reallocated, additional crew deployed to bottleneck section, workflow reviewed with site supervisor.",Reduced,In Progress,Re-inspect within 7 days; escalate if shortfall persists.,Actual 2025 record,"Proxy (global reference dataset, not MOIL-specific)","Proxy (generic MWD reference dataset, not MOIL-specific)"
CASE-DON-202510-0865,2,Dongri Buzurg,2025-10-06,2025,10,19492.85,13828.91,5663.94,29.06,0.871,0.905,0.9,High,UNIT-9729,crusher,preventive,oil_change,7.8,preventive,True,routine,26.18,0.44,1.79,42.5,Drammensgranite,False,247.926,Operational/Workforce,"Issue persists after initial action ('Shift roster reallocated, additional crew deployed to bottleneck section, workflow reviewed with site supervisor.') did not fully resolve it.",Escalated to operations manager for full process and staffing audit.,Failed,Escalated,Escalate: Escalated to operations manager for full process and staffing audit.,Actual 2025 record,"Proxy (global reference dataset, not MOIL-specific)","Proxy (generic MWD reference dataset, not MOIL-specific)"
CASE-GUM-202510-0866,1,Gumgaon,2025-10-01,2025,10,13559.64,8865.48,4694.15,34.62,0.881,0.767,0.968,High,UNIT-3798,pump,preventive,filter_replace,2.8,preventive,True,minor,25.26,0.25,1.87,46.2,Hagaberg_shale,False,46.391,Equipment,"Equipment availability below target. pump (UNIT-3798) recorded a minor 'preventive' issue affecting the filter replace; 2.8h downtime, scheduled preventive maintenance logged.",Preventive/predictive maintenance carried out on filter replace per maintenance schedule.,Resolved,Successful,Continue routine monitoring; no further action required.,Actual 2025 record,"Proxy (global reference dataset, not MOIL-specific)","Proxy (generic MWD reference dataset, not MOIL-specific)"
CASE-KAN-202510-0867,1,Kandri,2025-10-01,2025,10,12967.38,9531.61,3435.78,26.5,0.887,0.921,0.9,High,UNIT-9566,haul_truck,hydraulics,filter,22.7,corrective,False,major,26.18,0.44,1.79,44.1,Granittic_gneiss,False,211.551,Operational/Workforce,"Operational efficiency at 0.89, below target — indicates shift, workflow or crew utilisation gap.","Shift roster reallocated, additional crew deployed to bottleneck section, workflow reviewed with site supervisor.",Resolved,Successful,Continue routine monitoring; no further action required.,Actual 2025 record,"Proxy (global reference dataset, not MOIL-specific)","Proxy (generic MWD reference dataset, not MOIL-specific)"
CASE-MUN-202510-0868,1,Munsar,2025-10-01,2025,10,11080.74,9044.96,2035.78,18.37,0.875,0.986,0.946,Medium,UNIT-1048,crusher,bearing,general_component,9.2,predictive,False,routine,26.18,0.44,1.79,44.1,Rhomb_porphyry,False,147.016,Operational/Workforce,"Operational efficiency at 0.88, below target — indicates shift, workflow or crew utilisation gap.","Shift roster reallocated, additional crew deployed to bottleneck section, workflow reviewed with site supervisor.",Resolved,Successful,Continue routine monitoring; no further action required.,Actual 2025 record,"Proxy (global reference dataset, not MOIL-specific)","Proxy (generic MWD reference dataset, not MOIL-specific)"
CASE-SIT-202510-0869,1,Sitapatore,2025-10-01,2025,10,13478.51,9115.32,4363.19,32.37,0.926,0.8,0.913,High,UNIT-3614,crusher,preventive,inspection,7.6,preventive,True,routine,26.18,0.44,1.79,44.4,Granittic_gneiss,False,222.152,Equipment,"Equipment availability below target. crusher (UNIT-3614) recorded a routine 'preventive' issue affecting the inspection; 7.6h downtime, scheduled preventive maintenance logged.",Preventive/predictive maintenance carried out on inspection per maintenance schedule.,Resolved,Successful,Continue routine monitoring; no further action required.,Actual 2025 record,"Proxy (global reference dataset, not MOIL-specific)","Proxy (generic MWD reference dataset, not MOIL-specific)"
CASE-TIR-202510-0870,1,Tirodi,2025-10-01,2025,10,20375.71,12209.49,8166.22,40.08,0.82,0.819,0.891,High,UNIT-3688,loader,preventive,adjustment,4.0,preventive,True,routine,26.42,1.14,1.49,43.0,Rhomb_porphyry,False,150.655,Operational/Workforce,"Operational efficiency at 0.82, below target — indicates shift, workflow or crew utilisation gap.","Shift roster reallocated, additional crew deployed to bottleneck section, workflow reviewed with site supervisor.",Failed,Escalated,Escalate: Escalated to operations manager for full process and staffing audit.,Actual 2025 record,"Proxy (global reference dataset, not MOIL-specific)","Proxy (generic MWD reference dataset, not MOIL-specific)"
CASE-TIR-202510-0871,2,Tirodi,2025-10-04,2025,10,20375.71,12209.49,8166.22,40.08,0.82,0.819,0.891,High,UNIT-3688,loader,preventive,adjustment,4.0,preventive,True,routine,26.42,1.14,1.49,43.0,Rhomb_porphyry,False,150.655,Operational/Workforce,"Issue persists after initial action ('Shift roster reallocated, additional crew deployed to bottleneck section, workflow reviewed with site supervisor.') did not fully resolve it.",Escalated to operations manager for full process and staffing audit.,Resolved,Successful,Continue routine monitoring; no further action required.,Actual 2025 record,"Proxy (global reference dataset, not MOIL-specific)","Proxy (generic MWD reference dataset, not MOIL-specific)"
CASE-UKW-202510-0872,1,Ukwa,2025-10-01,2025,10,21386.95,15157.31,6229.64,29.13,0.996,0.767,0.928,High,UNIT-3950,haul_truck,transmission,torque_converter,11.2,corrective,False,minor,25.66,5.44,1.14,37.8,Drammensgranite,False,385.685,Equipment,"Equipment availability below target. haul truck (UNIT-3950) recorded a minor 'transmission' issue affecting the torque converter; 11.2h downtime, unscheduled corrective maintenance logged.",Corrective maintenance performed on torque converter.,Failed,Escalated,Escalate: Component replacement / major overhaul scheduled; equipment flagged for engineering review.,Actual 2025 record,"Proxy (global reference dataset, not MOIL-specific)","Proxy (generic MWD reference dataset, not MOIL-specific)"
CASE-UKW-202510-0873,2,Ukwa,2025-10-09,2025,10,21386.95,15157.31,6229.64,29.13,0.996,0.767,0.928,High,UNIT-3950,haul_truck,transmission,torque_converter,11.2,corrective,False,minor,25.66,5.44,1.14,37.8,Drammensgranite,False,385.685,Equipment,Issue persists after initial action ('Corrective maintenance performed on torque converter.') did not fully resolve it.,Component replacement / major overhaul scheduled; equipment flagged for engineering review.,Resolved,Successful,Continue routine monitoring; no further action required.,Actual 2025 record,"Proxy (global reference dataset, not MOIL-specific)","Proxy (generic MWD reference dataset, not MOIL-specific)"
CASE-BAL-202511-0874,1,Balaghat,2025-11-01,2025,11,28670.77,20199.73,8471.05,29.55,0.994,0.778,0.911,High,UNIT-9940,haul_truck,preventive,filter_replace,7.1,preventive,True,minor,24.38,0.65,1.11,46.6,Amphibolittic_gneiss,True,129.459,Equipment,"Equipment availability below target. haul truck (UNIT-9940) recorded a minor 'preventive' issue affecting the filter replace; 7.1h downtime, scheduled preventive maintenance logged.",Preventive/predictive maintenance carried out on filter replace per maintenance schedule.,Resolved,Successful,Continue routine monitoring; no further action required.,Actual 2025 record,"Proxy (global reference dataset, not MOIL-specific)","Proxy (generic MWD reference dataset, not MOIL-specific)"
CASE-BEL-202511-0875,1,Beldongri,2025-11-01,2025,11,13267.25,9634.7,3632.55,27.38,0.941,0.856,0.902,High,UNIT-6243,haul_truck,hydraulics,cylinder,11.3,corrective,False,minor,25.62,0.27,0.97,36.1,Hagaberg_shale,True,64.816,Geological/Drilling,"Drilling data flags a transition/variable rock zone (Rock type: Hagaberg_shale, rotation-pressure variance 64.8) — likely reduced penetration rate slowing blast-hole completion. [Hypothesis from generic MWD reference data — not yet validated against MOIL's own geology.]",Drill parameters and blast pattern adjusted for harder/variable rock; additional bit changes scheduled.,Resolved,Successful,Continue routine monitoring; no further action required.,Actual 2025 record,"Proxy (global reference dataset, not MOIL-specific)","Proxy (generic MWD reference dataset, not MOIL-specific)"
CASE-CHI-202511-0876,1,Chikla,2025-11-01,2025,11,16490.94,10396.32,6094.62,36.96,0.853,0.801,0.922,High,UNIT-8217,haul_truck,preventive,filter_replace,3.4,preventive,True,routine,25.66,0.33,0.86,34.9,Elnes_lime_shale,True,117.029,Geological/Drilling,"Drilling data flags a transition/variable rock zone (Rock type: Elnes_lime_shale, rotation-pressure variance 117.0) — likely reduced penetration rate slowing blast-hole completion. [Hypothesis from generic MWD reference data — not yet validated against MOIL's own geology.]",Drill parameters and blast pattern adjusted for harder/variable rock; additional bit changes scheduled.,Failed,Escalated,Escalate: Escalated to geology/blast engineering team for re-survey of the zone.,Actual 2025 record,"Proxy (global reference dataset, not MOIL-specific)","Proxy (generic MWD reference dataset, not MOIL-specific)"
CASE-CHI-202511-0877,2,Chikla,2025-11-08,2025,11,16490.94,10396.32,6094.62,36.96,0.853,0.801,0.922,High,UNIT-8217,haul_truck,preventive,filter_replace,3.4,preventive,True,routine,25.66,0.33,0.86,34.9,Elnes_lime_shale,True,117.029,Geological/Drilling,Issue persists after initial action ('Drill parameters and blast pattern adjusted for harder/variable rock; additional bit changes scheduled.') did not fully resolve it.,Escalated to geology/blast engineering team for re-survey of the zone.,Reduced,In Progress,Re-inspect within 7 days; escalate if shortfall persists.,Actual 2025 record,"Proxy (global reference dataset, not MOIL-specific)","Proxy (generic MWD reference dataset, not MOIL-specific)"
CASE-DON-202511-0878,1,Dongri Buzurg,2025-11-01,2025,11,21701.17,16931.48,4769.69,21.98,0.857,0.914,0.995,Medium,UNIT-1388,excavator,electrical,starter,12.2,corrective,False,minor,25.62,0.27,0.97,34.2,Blackshale,True,141.807,Geological/Drilling,"Drilling data flags a transition/variable rock zone (Rock type: Blackshale, rotation-pressure variance 141.8) — likely reduced penetration rate slowing blast-hole completion. [Hypothesis from generic MWD reference data — not yet validated against MOIL's own geology.]",Drill parameters and blast pattern adjusted for harder/variable rock; additional bit changes scheduled.,Resolved,Successful,Continue routine monitoring; no further action required.,Actual 2025 record,"Proxy (global reference dataset, not MOIL-specific)","Proxy (generic MWD reference dataset, not MOIL-specific)"
CASE-GUM-202511-0879,1,Gumgaon,2025-11-01,2025,11,14963.75,9313.23,5650.52,37.76,0.815,0.769,0.993,High,UNIT-3110,haul_truck,engine,injector,3.1,predictive,False,routine,25.14,0.06,1.07,36.0,Rhomb_porphyry,False,112.141,Operational/Workforce,"Operational efficiency at 0.81, below target — indicates shift, workflow or crew utilisation gap.","Shift roster reallocated, additional crew deployed to bottleneck section, workflow reviewed with site supervisor.",Reduced,In Progress,Re-inspect within 7 days; escalate if shortfall persists.,Actual 2025 record,"Proxy (global reference dataset, not MOIL-specific)","Proxy (generic MWD reference dataset, not MOIL-specific)"
CASE-KAN-202511-0880,1,Kandri,2025-11-01,2025,11,14510.04,10081.66,4428.37,30.52,0.818,0.9,0.944,High,UNIT-7955,pump,preventive,oil_change,2.2,preventive,True,minor,25.62,0.27,0.97,34.699999999999996,Granittic_gneiss,False,116.879,Operational/Workforce,"Operational efficiency at 0.82, below target — indicates shift, workflow or crew utilisation gap.","Shift roster reallocated, additional crew deployed to bottleneck section, workflow reviewed with site supervisor.",Failed,Escalated,Escalate: Escalated to operations manager for full process and staffing audit.,Actual 2025 record,"Proxy (global reference dataset, not MOIL-specific)","Proxy (generic MWD reference dataset, not MOIL-specific)"
CASE-KAN-202511-0881,2,Kandri,2025-11-08,2025,11,14510.04,10081.66,4428.37,30.52,0.818,0.9,0.944,High,UNIT-7955,pump,preventive,oil_change,2.2,preventive,True,minor,25.62,0.27,0.97,34.699999999999996,Granittic_gneiss,False,116.879,Operational/Workforce,"Issue persists after initial action ('Shift roster reallocated, additional crew deployed to bottleneck section, workflow reviewed with site supervisor.') did not fully resolve it.",Escalated to operations manager for full process and staffing audit.,Resolved,Successful,Continue routine monitoring; no further action required.,Actual 2025 record,"Proxy (global reference dataset, not MOIL-specific)","Proxy (generic MWD reference dataset, not MOIL-specific)"
CASE-MUN-202511-0882,1,Munsar,2025-11-01,2025,11,13151.42,8416.36,4735.06,36.0,0.853,0.754,0.995,High,UNIT-1874,crusher,bearing,general_component,32.3,predictive,False,minor,25.62,0.27,0.97,34.699999999999996,Elnes_lime_shale,False,125.562,Equipment,"Equipment availability below target. crusher (UNIT-1874) recorded a minor 'bearing' issue affecting the general component; 32.3h downtime, unscheduled predictive maintenance logged.",Corrective maintenance performed on general component.,Reduced,In Progress,Re-inspect within 7 days; escalate if shortfall persists.,Actual 2025 record,"Proxy (global reference dataset, not MOIL-specific)","Proxy (generic MWD reference dataset, not MOIL-specific)"
CASE-SIT-202511-0883,1,Sitapatore,2025-11-01,2025,11,14441.32,11782.95,2658.37,18.41,0.935,0.927,0.942,Medium,UNIT-8902,haul_truck,preventive,oil_change,3.5,preventive,True,routine,25.62,0.27,0.97,39.1,Drammensgranite,False,138.463,Operational/Workforce,"Operational efficiency at 0.94, below target — indicates shift, workflow or crew utilisation gap.","Shift roster reallocated, additional crew deployed to bottleneck section, workflow reviewed with site supervisor.",Resolved,Successful,Continue routine monitoring; no further action required.,Actual 2025 record,"Proxy (global reference dataset, not MOIL-specific)","Proxy (generic MWD reference dataset, not MOIL-specific)"
CASE-TIR-202511-0884,1,Tirodi,2025-11-01,2025,11,21799.75,16412.33,5387.43,24.71,0.854,0.899,0.98,Medium,UNIT-8465,loader,preventive,adjustment,3.1,preventive,True,routine,25.66,0.33,0.86,38.7,Hornfels,False,151.691,Operational/Workforce,"Operational efficiency at 0.85, below target — indicates shift, workflow or crew utilisation gap.","Shift roster reallocated, additional crew deployed to bottleneck section, workflow reviewed with site supervisor.",Reduced,In Progress,Re-inspect within 7 days; escalate if shortfall persists.,Actual 2025 record,"Proxy (global reference dataset, not MOIL-specific)","Proxy (generic MWD reference dataset, not MOIL-specific)"
CASE-UKW-202511-0885,1,Ukwa,2025-11-01,2025,11,25141.81,16148.65,8993.16,35.77,0.821,0.789,0.992,High,UNIT-4980,haul_truck,preventive,adjustment,2.3,preventive,True,routine,23.8,0.2,1.16,32.1,Granittic_gneiss,False,146.458,Operational/Workforce,"Operational efficiency at 0.82, below target — indicates shift, workflow or crew utilisation gap.","Shift roster reallocated, additional crew deployed to bottleneck section, workflow reviewed with site supervisor.",Resolved,Successful,Continue routine monitoring; no further action required.,Actual 2025 record,"Proxy (global reference dataset, not MOIL-specific)","Proxy (generic MWD reference dataset, not MOIL-specific)"
CASE-BAL-202512-0886,1,Balaghat,2025-12-01,2025,12,36704.54,26924.63,9779.91,26.64,0.977,0.801,0.938,High,UNIT-9367,haul_truck,preventive,filter_replace,3.5,preventive,True,routine,17.4,0.0,1.29,37.8,Hornfels,False,244.847,Equipment,"Equipment availability below target. haul truck (UNIT-9367) recorded a routine 'preventive' issue affecting the filter replace; 3.5h downtime, scheduled preventive maintenance logged.",Preventive/predictive maintenance carried out on filter replace per maintenance schedule.,Resolved,Successful,Continue routine monitoring; no further action required.,Actual 2025 record,"Proxy (global reference dataset, not MOIL-specific)","Proxy (generic MWD reference dataset, not MOIL-specific)"
CASE-BEL-202512-0887,1,Beldongri,2025-12-01,2025,12,16002.71,10877.67,5125.04,32.03,0.936,0.852,0.852,High,UNIT-2215,pump,casing,general_component,7.8,corrective,False,major,17.84,0.0,1.51,30.599999999999998,Granittic_gneiss,True,195.884,Geological/Drilling,"Drilling data flags a transition/variable rock zone (Rock type: Granittic_gneiss, rotation-pressure variance 195.9) — likely reduced penetration rate slowing blast-hole completion. [Hypothesis from generic MWD reference data — not yet validated against MOIL's own geology.]",Drill parameters and blast pattern adjusted for harder/variable rock; additional bit changes scheduled.,Failed,Escalated,Escalate: Escalated to geology/blast engineering team for re-survey of the zone.,Actual 2025 record,"Proxy (global reference dataset, not MOIL-specific)","Proxy (generic MWD reference dataset, not MOIL-specific)"
CASE-BEL-202512-0888,2,Beldongri,2025-12-09,2025,12,16002.71,10877.67,5125.04,32.03,0.936,0.852,0.852,High,UNIT-2215,pump,casing,general_component,7.8,corrective,False,major,17.84,0.0,1.51,30.599999999999998,Granittic_gneiss,True,195.884,Geological/Drilling,Issue persists after initial action ('Drill parameters and blast pattern adjusted for harder/variable rock; additional bit changes scheduled.') did not fully resolve it.,Escalated to geology/blast engineering team for re-survey of the zone.,Resolved,Successful,Continue routine monitoring; no further action required.,Actual 2025 record,"Proxy (global reference dataset, not MOIL-specific)","Proxy (generic MWD reference dataset, not MOIL-specific)"
CASE-CHI-202512-0889,1,Chikla,2025-12-01,2025,12,20336.49,14826.23,5510.26,27.1,0.851,0.863,0.994,High,UNIT-7318,haul_truck,preventive,adjustment,4.0,preventive,True,routine,18.1,0.0,1.45,33.4,Granittic_gneiss,True,449.313,Geological/Drilling,"Drilling data flags a transition/variable rock zone (Rock type: Granittic_gneiss, rotation-pressure variance 449.3) — likely reduced penetration rate slowing blast-hole completion. [Hypothesis from generic MWD reference data — not yet validated against MOIL's own geology.]",Drill parameters and blast pattern adjusted for harder/variable rock; additional bit changes scheduled.,Reduced,In Progress,Re-inspect within 7 days; escalate if shortfall persists.,Actual 2025 record,"Proxy (global reference dataset, not MOIL-specific)","Proxy (generic MWD reference dataset, not MOIL-specific)"
CASE-DON-202512-0890,1,Dongri Buzurg,2025-12-01,2025,12,26620.79,19531.3,7089.49,26.63,0.968,0.797,0.951,High,UNIT-8001,haul_truck,engine,injector,57.5,corrective,False,critical,17.84,0.0,1.51,34.0,Hornfels,False,105.736,Equipment,"Equipment availability below target. haul truck (UNIT-8001) recorded a critical 'engine' issue affecting the injector; 57.5h downtime, unscheduled corrective maintenance logged.",Emergency corrective maintenance dispatched; haul truck isolated from production circuit until repaired.,Reduced,In Progress,Re-inspect within 7 days; escalate if shortfall persists.,Actual 2025 record,"Proxy (global reference dataset, not MOIL-specific)","Proxy (generic MWD reference dataset, not MOIL-specific)"
CASE-GUM-202512-0891,1,Gumgaon,2025-12-01,2025,12,18783.39,10604.53,8178.87,43.54,0.82,0.752,0.915,High,UNIT-9789,excavator,hydraulics,hose,3.1,predictive,False,routine,17.71,0.0,1.6,31.900000000000002,Huk_limestone,False,83.457,Equipment,"Equipment availability below target. excavator (UNIT-9789) recorded a routine 'hydraulics' issue affecting the hose; 3.1h downtime, unscheduled predictive maintenance logged.",Corrective maintenance performed on hose.,Failed,Escalated,Escalate: Component replacement / major overhaul scheduled; equipment flagged for engineering review.,Actual 2025 record,"Proxy (global reference dataset, not MOIL-specific)","Proxy (generic MWD reference dataset, not MOIL-specific)"
CASE-GUM-202512-0892,2,Gumgaon,2025-12-06,2025,12,18783.39,10604.53,8178.87,43.54,0.82,0.752,0.915,High,UNIT-9789,excavator,hydraulics,hose,3.1,predictive,False,routine,17.71,0.0,1.6,31.900000000000002,Huk_limestone,False,83.457,Equipment,Issue persists after initial action ('Corrective maintenance performed on hose.') did not fully resolve it.,Component replacement / major overhaul scheduled; equipment flagged for engineering review.,Resolved,Successful,Continue routine monitoring; no further action required.,Actual 2025 record,"Proxy (global reference dataset, not MOIL-specific)","Proxy (generic MWD reference dataset, not MOIL-specific)"
CASE-KAN-202512-0893,1,Kandri,2025-12-01,2025,12,17197.86,14626.55,2571.31,14.95,0.95,0.979,0.915,Medium,UNIT-2300,loader,preventive,inspection,3.8,preventive,True,routine,17.84,0.0,1.51,30.3,Huk_limestone,False,83.457,Weather,"Weather impact score 0.92 — rainfall 0.0mm, wind 1.5 m/s, soil moisture (0-100cm) 30.3%, affecting haul-road and pit access.",Operations continued with adjusted shift timing to work around weather window.,Failed,Escalated,Escalate: Contingency haulage plan activated (alternate route / stockpile buffer) until conditions normalise.,Actual 2025 record,"Proxy (global reference dataset, not MOIL-specific)","Proxy (generic MWD reference dataset, not MOIL-specific)"
CASE-KAN-202512-0894,2,Kandri,2025-12-04,2025,12,17197.86,14626.55,2571.31,14.95,0.95,0.979,0.915,Medium,UNIT-2300,loader,preventive,inspection,3.8,preventive,True,routine,17.84,0.0,1.51,30.3,Huk_limestone,False,83.457,Weather,Issue persists after initial action ('Operations continued with adjusted shift timing to work around weather window.') did not fully resolve it.,Contingency haulage plan activated (alternate route / stockpile buffer) until conditions normalise.,Resolved,Successful,Continue routine monitoring; no further action required.,Actual 2025 record,"Proxy (global reference dataset, not MOIL-specific)","Proxy (generic MWD reference dataset, not MOIL-specific)"
CASE-MUN-202512-0895,1,Munsar,2025-12-01,2025,12,15308.67,10759.7,4548.97,29.71,0.887,0.931,0.851,High,UNIT-6850,loader,preventive,oil_change,3.2,preventive,True,routine,17.84,0.0,1.51,30.3,Elnes_lime_shale,True,77.419,Geological/Drilling,"Drilling data flags a transition/variable rock zone (Rock type: Elnes_lime_shale, rotation-pressure variance 77.4) — likely reduced penetration rate slowing blast-hole completion. [Hypothesis from generic MWD reference data — not yet validated against MOIL's own geology.]",Drill parameters and blast pattern adjusted for harder/variable rock; additional bit changes scheduled.,Reduced,In Progress,Re-inspect within 7 days; escalate if shortfall persists.,Actual 2025 record,"Proxy (global reference dataset, not MOIL-specific)","Proxy (generic MWD reference dataset, not MOIL-specific)"
CASE-SIT-202512-0896,1,Sitapatore,2025-12-01,2025,12,18088.58,13452.2,4636.38,25.63,0.923,0.909,0.886,High,UNIT-3524,haul_truck,brakes,general_component,1.8,predictive,False,routine,17.84,0.0,1.51,33.800000000000004,Augen_gneiss,True,73.507,Geological/Drilling,"Drilling data flags a transition/variable rock zone (Rock type: Augen_gneiss, rotation-pressure variance 73.5) — likely reduced penetration rate slowing blast-hole completion. [Hypothesis from generic MWD reference data — not yet validated against MOIL's own geology.]",Drill parameters and blast pattern adjusted for harder/variable rock; additional bit changes scheduled.,Reduced,In Progress,Re-inspect within 7 days; escalate if shortfall persists.,Actual 2025 record,"Proxy (global reference dataset, not MOIL-specific)","Proxy (generic MWD reference dataset, not MOIL-specific)"
CASE-TIR-202512-0897,1,Tirodi,2025-12-01,2025,12,27467.94,17646.63,9821.32,35.76,0.818,0.8,0.982,High,UNIT-2036,crusher,hydraulics,cylinder,8.2,predictive,False,routine,18.1,0.0,1.45,34.2,Hagaberg_shale,True,292.232,Operational/Workforce,"Operational efficiency at 0.82, below target — indicates shift, workflow or crew utilisation gap.","Shift roster reallocated, additional crew deployed to bottleneck section, workflow reviewed with site supervisor.",Resolved,Successful,Continue routine monitoring; no further action required.,Actual 2025 record,"Proxy (global reference dataset, not MOIL-specific)","Proxy (generic MWD reference dataset, not MOIL-specific)"
CASE-UKW-202512-0898,1,Ukwa,2025-12-01,2025,12,29828.81,17154.18,12674.63,42.49,0.803,0.812,0.882,High,UNIT-9815,pump,casing,general_component,5.5,predictive,False,minor,16.81,0.0,1.35,28.599999999999998,Granittic_gneiss,True,162.635,Operational/Workforce,"Operational efficiency at 0.80, below target — indicates shift, workflow or crew utilisation gap.","Shift roster reallocated, additional crew deployed to bottleneck section, workflow reviewed with site supervisor.",Resolved,Successful,Continue routine monitoring; no further action required.,Actual 2025 record,"Proxy (global reference dataset, not MOIL-specific)","Proxy (generic MWD reference dataset, not MOIL-specific)"
