record_id,equipment_id,equipment_type,manufacturer,model_year,mine_type,country,operating_hours,event_date,event_type,failure_mode,component_failed,severity,downtime_hours,repair_cost_usd,production_loss_tonnes,maintenance_type,was_scheduled,days_since_last_service,oil_analysis_flag,vibration_flag,temperature_flag
EQP-ADB3590D,UNIT-1803,haul_truck,Caterpillar,2008,underground,drc,64584,2022-12-03,breakdown,electrical,alternator,major,17.4,70862.6,1711.0,corrective,False,27,False,False,False
EQP-596EE017,UNIT-7964,crusher,Sandvik,2019,open_pit,botswana,19253,2023-08-03,breakdown,hydraulics,cylinder,major,46.3,74513.34,10010.0,corrective,False,57,True,False,False
EQP-23341C24,UNIT-6890,pump,Metso,2011,open_pit,south_africa,52894,2020-05-28,breakdown,casing,general_component,major,10.7,17661.8,580.0,corrective,False,107,False,False,False
EQP-D8EF5309,UNIT-4949,loader,Volvo,2019,processing_plant,zambia,18369,2024-11-21,condition_based,tires,front_left,routine,2.5,2218.7,240.0,predictive,False,23,False,True,False
EQP-5A611650,UNIT-4896,excavator,Hitachi,2017,underground,ghana,27901,2022-12-30,condition_based,bucket,general_component,minor,7.7,36773.6,1468.0,predictive,False,57,False,False,False
EQP-772D4E59,UNIT-8726,haul_truck,Caterpillar,2011,open_pit,zambia,51965,2023-01-17,scheduled_maintenance,preventive,adjustment,minor,4.8,23730.11,650.0,preventive,True,88,False,False,False
EQP-FAF8FC8C,UNIT-1773,pump,Metso,2015,underground,zambia,36480,2024-05-07,breakdown,seal,general_component,major,8.5,13579.31,796.0,corrective,False,86,False,True,False
EQP-A33557AD,UNIT-7275,grader,John Deere,2008,underground,south_africa,62968,2022-06-02,breakdown,electrical,starter,major,13.4,17855.68,215.0,corrective,False,28,False,True,False
EQP-6774156A,UNIT-2813,conveyor,ThyssenKrupp,2019,processing_plant,tanzania,18033,2020-02-24,scheduled_maintenance,preventive,adjustment,routine,0.8,860.33,217.0,preventive,True,38,False,False,False
EQP-07368603,UNIT-1847,crusher,Sandvik,2012,underground,south_africa,48171,2020-08-27,breakdown,bearing,general_component,minor,19.1,22423.17,3067.0,corrective,False,32,False,False,False
EQP-43DEF3FE,UNIT-5737,drill_rig,Epiroc,2014,open_pit,tanzania,40526,2024-09-01,scheduled_maintenance,preventive,oil_change,routine,3.0,4046.22,134.0,preventive,True,25,False,False,False
EQP-FFD8470D,UNIT-9779,drill_rig,Caterpillar,2010,open_pit,south_africa,57007,2024-11-11,scheduled_maintenance,preventive,oil_change,routine,1.2,3488.05,46.0,preventive,True,150,False,False,False
EQP-30DDE4C5,UNIT-7621,haul_truck,Komatsu,2013,open_pit,zambia,43641,2020-05-30,condition_based,transmission,torque_converter,routine,1.8,2805.71,172.0,predictive,False,119,True,False,False
EQP-8AC6BC3C,UNIT-7849,haul_truck,Belaz,2014,underground,ghana,40775,2023-05-17,breakdown,transmission,clutch,minor,8.7,15772.63,677.0,corrective,False,31,True,False,False
EQP-9D554B23,UNIT-7456,haul_truck,Hitachi,2011,underground,zambia,52485,2023-04-04,scheduled_maintenance,preventive,filter_replace,routine,2.8,3355.99,417.0,preventive,True,113,False,False,False
EQP-2469FA20,UNIT-8073,loader,Volvo,2023,underground,ghana,5322,2020-10-24,scheduled_maintenance,preventive,oil_change,routine,2.3,4331.96,126.0,preventive,True,17,False,False,False
EQP-0DD3A635,UNIT-5618,haul_truck,Hitachi,2012,underground,zambia,47944,2023-11-18,inspection,preventive,inspection,routine,3.7,3482.33,379.0,preventive,True,16,False,False,False
EQP-50C0A798,UNIT-2152,haul_truck,Hitachi,2010,open_pit,south_africa,54270,2022-04-07,scheduled_maintenance,preventive,oil_change,routine,3.2,6111.62,403.0,preventive,True,54,False,True,True
EQP-B07114D9,UNIT-8556,conveyor,Metso,2016,open_pit,ghana,31932,2021-02-18,scheduled_maintenance,preventive,inspection,routine,1.4,1889.93,568.0,preventive,True,57,False,True,False
EQP-C78A86BB,UNIT-5053,haul_truck,Hitachi,2013,open_pit,tanzania,44088,2022-10-05,breakdown,tires,front_right,major,18.5,40917.2,1563.0,corrective,False,132,False,False,False
EQP-8FCBD06E,UNIT-5502,haul_truck,Caterpillar,2015,open_pit,drc,36518,2024-06-17,condition_based,engine,head_gasket,routine,3.5,3442.97,425.0,predictive,False,18,True,False,False
EQP-8727DECE,UNIT-4336,conveyor,FLSmidth,2019,underground,drc,18467,2021-01-25,scheduled_maintenance,preventive,filter_replace,routine,0.9,1598.92,301.0,preventive,True,2,False,True,False
EQP-2B8400B6,UNIT-2642,excavator,Hitachi,2009,processing_plant,zambia,59687,2023-01-18,condition_based,undercarriage,general_component,routine,5.8,9262.88,679.0,predictive,False,18,True,False,False
EQP-069B351A,UNIT-9339,conveyor,FLSmidth,2016,open_pit,drc,32868,2023-08-11,condition_based,gearbox,general_component,routine,0.9,722.97,364.0,predictive,False,13,False,True,False
EQP-6DD6D052,UNIT-8033,grader,Caterpillar,2008,underground,tanzania,63895,2023-01-30,inspection,preventive,inspection,routine,2.7,1947.49,51.0,preventive,True,187,False,False,False
EQP-D99398FD,UNIT-6794,haul_truck,Caterpillar,2008,open_pit,drc,63694,2023-03-16,inspection,preventive,adjustment,routine,2.2,5095.06,289.0,preventive,True,10,False,False,False
EQP-E0966AD6,UNIT-4621,grader,Komatsu,2009,underground,botswana,61906,2023-07-30,scheduled_maintenance,preventive,oil_change,routine,3.2,1838.55,37.0,preventive,True,134,True,False,False
EQP-2FC015B3,UNIT-8404,grader,Komatsu,2010,open_pit,tanzania,54929,2021-02-24,breakdown,tires,front_left,major,22.1,22949.26,259.0,corrective,False,40,False,False,False
EQP-8205EC56,UNIT-5908,loader,Komatsu,2013,underground,drc,45233,2020-07-01,overhaul,transmission,driveshaft,major,24.3,39550.09,1785.0,major_overhaul,True,32,True,True,False
EQP-A83E749F,UNIT-4990,conveyor,ThyssenKrupp,2022,open_pit,ghana,9021,2024-11-16,condition_based,gearbox,general_component,minor,2.9,3944.6,740.0,predictive,False,46,True,True,False
EQP-433994D1,UNIT-5053,conveyor,ThyssenKrupp,2022,open_pit,zimbabwe,7774,2021-07-29,overhaul,pulley,general_component,major,10.7,19051.57,2730.0,major_overhaul,True,88,False,False,False
EQP-3073D525,UNIT-3044,conveyor,FLSmidth,2009,underground,zimbabwe,59967,2024-09-03,scheduled_maintenance,preventive,adjustment,routine,1.9,2256.64,595.0,preventive,True,37,False,False,False
EQP-9B009935,UNIT-1829,crusher,Metso,2023,open_pit,south_africa,3963,2021-04-28,overhaul,motor,general_component,major,41.8,141968.11,6939.0,major_overhaul,True,19,False,True,False
EQP-89043B16,UNIT-5990,haul_truck,Belaz,2018,open_pit,south_africa,24181,2021-04-22,breakdown,tires,front_right,minor,6.0,18106.82,696.0,corrective,False,16,False,False,False
EQP-6EC8326F,UNIT-8990,pump,Metso,2016,open_pit,south_africa,31405,2020-02-14,scheduled_maintenance,preventive,oil_change,routine,1.4,869.51,73.0,preventive,True,26,False,False,False
EQP-0111CD48,UNIT-1574,conveyor,ThyssenKrupp,2020,processing_plant,zimbabwe,15571,2022-03-06,scheduled_maintenance,preventive,adjustment,routine,1.7,1264.79,529.0,preventive,True,53,False,False,False
EQP-3CB8BBE0,UNIT-8723,loader,Volvo,2015,open_pit,zimbabwe,35644,2024-08-27,breakdown,tires,rear_left,critical,38.9,101104.02,2058.0,corrective,False,39,True,False,False
EQP-396B4208,UNIT-8447,excavator,Komatsu,2012,underground,south_africa,47676,2024-05-29,breakdown,bucket,general_component,minor,6.6,27956.4,1010.0,corrective,False,21,False,False,False
EQP-2FD77B22,UNIT-3490,haul_truck,Hitachi,2016,processing_plant,drc,31689,2021-07-02,breakdown,electrical,wiring,critical,55.7,105311.39,5651.0,corrective,False,41,False,True,False
EQP-0CBEC397,UNIT-6684,drill_rig,Sandvik,2019,underground,zimbabwe,17759,2022-01-01,breakdown,drill_string,general_component,critical,51.5,97726.3,1394.0,corrective,False,42,False,False,False
EQP-ECAE2D8D,UNIT-2486,drill_rig,Caterpillar,2018,open_pit,botswana,24097,2023-04-20,overhaul,drill_string,general_component,major,11.7,25117.76,396.0,major_overhaul,True,130,False,False,False
EQP-B8587403,UNIT-7822,drill_rig,Sandvik,2010,underground,south_africa,55472,2024-09-14,overhaul,electrical,alternator,major,14.2,26158.14,355.0,major_overhaul,True,51,False,False,False
EQP-7AE0F851,UNIT-7304,excavator,Hitachi,2023,open_pit,ghana,2133,2022-12-23,inspection,preventive,inspection,routine,5.3,7371.65,967.0,preventive,True,49,False,False,False
EQP-CB05D3CC,UNIT-4190,haul_truck,Komatsu,2012,underground,ghana,47649,2020-12-26,overhaul,transmission,gearbox,major,12.3,74673.29,1258.0,major_overhaul,True,56,True,False,False
EQP-849A59B9,UNIT-1611,conveyor,Metso,2021,open_pit,zambia,11619,2021-10-03,inspection,preventive,filter_replace,routine,1.2,1850.84,500.0,preventive,True,22,False,False,False
EQP-B504153B,UNIT-9735,excavator,Komatsu,2012,underground,south_africa,49275,2023-07-27,overhaul,engine,oil_pump,major,23.5,54646.46,4016.0,major_overhaul,True,42,False,False,True
EQP-7636ED7D,UNIT-5010,pump,KSB,2009,processing_plant,south_africa,59460,2020-02-12,breakdown,motor,general_component,minor,4.9,4445.95,381.0,corrective,False,83,False,True,False
EQP-4109C499,UNIT-9037,haul_truck,Caterpillar,2023,open_pit,tanzania,4667,2022-12-15,breakdown,tires,front_right,major,20.0,58257.52,2383.0,corrective,False,16,False,True,False
EQP-772FE08D,UNIT-7100,excavator,Komatsu,2017,open_pit,drc,29382,2023-10-16,inspection,preventive,adjustment,minor,15.9,36021.72,2272.0,preventive,True,84,False,False,False
EQP-096675DF,UNIT-8004,excavator,Caterpillar,2011,open_pit,south_africa,51371,2021-09-15,scheduled_maintenance,preventive,filter_replace,routine,4.4,7714.01,619.0,preventive,True,40,True,False,False
EQP-E89D56AE,UNIT-7838,conveyor,Metso,2008,underground,ghana,63952,2022-08-28,condition_based,motor,general_component,routine,1.1,790.75,359.0,predictive,False,34,False,True,False
EQP-20D5314A,UNIT-2751,drill_rig,Sandvik,2010,open_pit,south_africa,57728,2023-07-16,scheduled_maintenance,preventive,inspection,routine,2.0,3415.7,54.0,preventive,True,1,False,False,False
EQP-45ED40AE,UNIT-4274,crusher,Sandvik,2010,underground,ghana,56228,2022-12-07,scheduled_maintenance,preventive,inspection,minor,21.5,23872.93,4352.0,preventive,True,8,True,False,False
EQP-7C435606,UNIT-5200,pump,KSB,2022,underground,drc,8373,2020-02-13,breakdown,motor,general_component,major,10.0,12491.92,731.0,corrective,False,4,False,True,False
EQP-ADBD88CD,UNIT-5479,excavator,Hitachi,2010,processing_plant,south_africa,55592,2022-11-19,condition_based,undercarriage,general_component,minor,17.4,38944.64,1973.0,predictive,False,135,True,False,False
EQP-6267C331,UNIT-1394,crusher,FLSmidth,2010,open_pit,south_africa,56687,2021-02-19,scheduled_maintenance,preventive,inspection,routine,8.1,13704.98,2318.0,preventive,True,18,False,False,False
EQP-51B9F9A4,UNIT-5918,haul_truck,Hitachi,2021,open_pit,tanzania,11960,2023-08-24,scheduled_maintenance,preventive,inspection,routine,3.1,3040.64,234.0,preventive,True,109,False,False,False
EQP-8ABFFA6E,UNIT-2388,excavator,Komatsu,2022,open_pit,tanzania,6167,2021-04-15,scheduled_maintenance,preventive,filter_replace,routine,3.0,7828.33,367.0,preventive,True,51,True,False,False
EQP-CCB93AC3,UNIT-7689,drill_rig,Caterpillar,2011,underground,south_africa,51644,2024-10-26,scheduled_maintenance,preventive,adjustment,minor,6.4,9942.79,269.0,preventive,True,5,False,False,False
EQP-C2C85256,UNIT-7146,haul_truck,Caterpillar,2018,open_pit,zambia,22816,2020-07-30,scheduled_maintenance,preventive,inspection,routine,3.3,1547.15,451.0,preventive,True,25,True,True,False
EQP-248513DA,UNIT-9301,conveyor,ThyssenKrupp,2016,open_pit,south_africa,32112,2024-05-22,condition_based,belt,general_component,routine,1.7,2200.23,626.0,predictive,False,37,False,False,False
EQP-9A090B36,UNIT-7702,crusher,Metso,2017,open_pit,tanzania,27083,2020-03-02,scheduled_maintenance,preventive,oil_change,routine,11.8,12869.92,2812.0,preventive,True,86,False,False,False
EQP-C4EBFD24,UNIT-4299,loader,Volvo,2012,underground,tanzania,48478,2023-05-14,overhaul,tires,rear_left,major,29.8,34589.75,1897.0,major_overhaul,True,3,False,False,False
EQP-51213139,UNIT-9706,drill_rig,Sandvik,2020,processing_plant,zambia,16044,2021-09-27,scheduled_maintenance,preventive,adjustment,minor,6.1,16581.4,298.0,preventive,True,12,False,True,False
EQP-F4D26B61,UNIT-4697,conveyor,Metso,2022,open_pit,zambia,6751,2020-12-17,overhaul,roller,general_component,major,11.2,10472.31,4604.0,major_overhaul,True,19,True,False,False
EQP-3B43867B,UNIT-3932,excavator,Komatsu,2019,open_pit,ghana,19507,2021-01-27,inspection,preventive,inspection,routine,5.1,6318.27,577.0,preventive,True,54,False,False,False
EQP-7F4F6C80,UNIT-9148,haul_truck,Hitachi,2022,open_pit,south_africa,8620,2020-03-10,inspection,preventive,adjustment,routine,2.9,7389.5,378.0,preventive,True,7,True,False,False
EQP-6BBA66A1,UNIT-4333,haul_truck,Caterpillar,2009,open_pit,drc,61147,2020-08-27,condition_based,transmission,gearbox,routine,1.7,6230.87,144.0,predictive,False,4,True,False,False
EQP-65F93B93,UNIT-1687,crusher,Metso,2018,processing_plant,south_africa,23097,2021-12-06,scheduled_maintenance,preventive,oil_change,routine,11.8,9906.75,2484.0,preventive,True,56,True,False,False
EQP-957CC4C2,UNIT-5225,pump,Metso,2023,open_pit,zimbabwe,2902,2020-10-10,scheduled_maintenance,preventive,filter_replace,minor,5.9,4194.93,440.0,preventive,True,74,False,False,False
EQP-295C4C82,UNIT-8160,haul_truck,Hitachi,2016,underground,drc,33950,2024-10-08,scheduled_maintenance,preventive,oil_change,routine,2.8,5912.06,362.0,preventive,True,32,False,False,False
EQP-2D5F5567,UNIT-2705,conveyor,ThyssenKrupp,2023,processing_plant,south_africa,3990,2024-01-27,breakdown,gearbox,general_component,critical,21.6,98155.64,10780.0,corrective,False,29,False,True,False
EQP-9B223007,UNIT-5166,loader,Komatsu,2013,underground,zambia,44091,2022-04-30,breakdown,hydraulics,pump,major,16.7,30916.35,1145.0,corrective,False,94,True,False,False
EQP-72D6FFAF,UNIT-2169,loader,Komatsu,2022,open_pit,tanzania,7260,2020-06-19,breakdown,engine,head_gasket,major,15.8,25783.2,1324.0,corrective,False,24,False,False,True
EQP-8AE0F3D8,UNIT-7177,conveyor,FLSmidth,2023,underground,zambia,4215,2024-11-10,condition_based,motor,general_component,routine,1.8,1254.53,753.0,predictive,False,31,False,True,True
EQP-A8548F35,UNIT-5280,conveyor,ThyssenKrupp,2017,open_pit,drc,29715,2023-07-28,breakdown,gearbox,general_component,major,8.5,17753.1,2516.0,corrective,False,20,False,False,False
EQP-60EC4EDD,UNIT-3971,crusher,Metso,2019,open_pit,tanzania,20254,2020-11-25,scheduled_maintenance,preventive,oil_change,routine,8.9,5942.62,2193.0,preventive,True,5,True,False,False
EQP-A21FC492,UNIT-3041,loader,Caterpillar,2016,processing_plant,south_africa,33064,2020-04-07,breakdown,electrical,starter,major,19.5,46196.18,1832.0,corrective,False,120,False,False,False
EQP-D6D742D7,UNIT-6079,haul_truck,Caterpillar,2013,open_pit,zambia,44028,2023-01-20,breakdown,brakes,general_component,major,19.4,43764.07,2264.0,corrective,False,118,False,False,True
EQP-AFD2652E,UNIT-7027,grader,Caterpillar,2016,open_pit,drc,30974,2020-03-14,scheduled_maintenance,preventive,filter_replace,minor,10.1,15783.03,149.0,preventive,True,86,False,False,False
EQP-9279872F,UNIT-9461,haul_truck,Komatsu,2023,open_pit,south_africa,3316,2023-01-10,inspection,preventive,oil_change,minor,11.1,13470.31,1372.0,preventive,True,13,True,False,False
EQP-9A51FC11,UNIT-4933,loader,Volvo,2008,open_pit,botswana,62882,2022-03-07,scheduled_maintenance,preventive,oil_change,routine,3.5,5054.3,316.0,preventive,True,11,False,False,False
EQP-FF8F12D9,UNIT-2446,haul_truck,Hitachi,2011,underground,drc,52217,2024-05-03,inspection,preventive,inspection,routine,2.3,7287.82,211.0,preventive,True,71,False,False,False
EQP-7A4D6B72,UNIT-8493,haul_truck,Komatsu,2015,underground,ghana,37223,2021-11-18,breakdown,engine,turbo,major,12.9,52479.52,1125.0,corrective,False,11,False,True,False
EQP-0EA7AAF6,UNIT-6667,haul_truck,Caterpillar,2013,underground,south_africa,44161,2022-03-17,scheduled_maintenance,preventive,inspection,routine,3.6,2695.52,446.0,preventive,True,4,True,False,False
EQP-3DF830A1,UNIT-7301,drill_rig,Epiroc,2017,open_pit,botswana,27692,2022-09-09,breakdown,drill_string,general_component,major,16.7,46711.4,432.0,corrective,False,86,False,False,False
EQP-8ABBA3B7,UNIT-1874,excavator,Komatsu,2013,open_pit,tanzania,43210,2024-11-04,scheduled_maintenance,preventive,filter_replace,routine,3.7,5218.72,675.0,preventive,True,5,False,False,False
EQP-933B3C98,UNIT-3810,haul_truck,Belaz,2018,open_pit,south_africa,24355,2023-06-18,breakdown,tires,front_left,major,14.5,54485.6,1416.0,corrective,False,70,True,False,False
EQP-49806335,UNIT-7909,drill_rig,Epiroc,2009,underground,zambia,58761,2023-04-19,breakdown,compressor,general_component,major,15.1,21471.2,419.0,corrective,False,52,False,False,False
EQP-E2242B1E,UNIT-8489,drill_rig,Epiroc,2013,underground,south_africa,42865,2021-07-11,condition_based,hydraulics,hose,routine,2.6,2392.42,115.0,predictive,False,6,False,False,False
EQP-9DC546E1,UNIT-4916,loader,Volvo,2019,underground,zimbabwe,20900,2022-05-19,condition_based,electrical,battery,routine,4.2,3868.58,257.0,predictive,False,32,True,False,False
EQP-E940FD52,UNIT-8242,grader,Caterpillar,2015,processing_plant,drc,35722,2020-12-15,breakdown,blade,general_component,minor,4.6,12315.83,64.0,corrective,False,94,False,False,False
EQP-D87020F0,UNIT-8574,crusher,Sandvik,2019,underground,south_africa,19702,2021-12-05,inspection,preventive,inspection,routine,11.9,14413.75,2524.0,preventive,True,11,False,False,False
EQP-B41BC2FE,UNIT-4486,haul_truck,Hitachi,2018,open_pit,zambia,23830,2024-01-19,condition_based,engine,injector,routine,2.9,5000.98,396.0,predictive,False,32,False,False,False
EQP-DEEB97B0,UNIT-9081,excavator,Komatsu,2013,underground,botswana,44725,2020-06-28,scheduled_maintenance,preventive,inspection,routine,4.6,4171.19,582.0,preventive,True,8,False,False,False
EQP-DE16D037,UNIT-3594,grader,Caterpillar,2014,underground,ghana,40165,2020-10-24,scheduled_maintenance,preventive,oil_change,routine,1.7,2582.94,28.0,preventive,True,150,False,False,False
EQP-26FD23A8,UNIT-3155,haul_truck,Komatsu,2023,processing_plant,south_africa,3256,2022-11-20,breakdown,hydraulics,pump,minor,4.1,9095.73,615.0,corrective,False,43,False,False,True
EQP-3D2B3823,UNIT-7141,drill_rig,Sandvik,2023,open_pit,botswana,3292,2023-12-08,inspection,preventive,oil_change,routine,1.4,1592.39,56.0,preventive,True,33,False,False,False
EQP-577F8110,UNIT-6730,pump,KSB,2008,underground,south_africa,63804,2024-10-21,scheduled_maintenance,preventive,adjustment,routine,1.3,962.94,74.0,preventive,True,119,True,False,False
EQP-C07A2327,UNIT-2257,pump,Weir,2019,open_pit,drc,20302,2022-11-22,breakdown,seal,general_component,minor,5.8,2133.54,372.0,corrective,False,42,False,False,False
EQP-6E782A93,UNIT-8493,drill_rig,Sandvik,2015,underground,drc,35964,2023-03-28,breakdown,hydraulics,filter,critical,48.6,61298.63,1865.0,corrective,False,40,False,False,False
EQP-21681CDB,UNIT-2798,crusher,FLSmidth,2008,processing_plant,south_africa,63875,2021-06-04,breakdown,bearing,general_component,major,72.0,60660.87,14281.0,corrective,False,91,False,False,True
EQP-194A28DB,UNIT-8243,drill_rig,Epiroc,2018,processing_plant,south_africa,24046,2022-01-07,scheduled_maintenance,preventive,inspection,minor,7.1,7726.84,269.0,preventive,True,22,False,False,False
EQP-D97E3622,UNIT-1066,loader,Volvo,2008,open_pit,south_africa,63963,2021-07-19,scheduled_maintenance,preventive,adjustment,routine,2.3,5162.59,177.0,preventive,True,55,False,False,False
EQP-52E9EE02,UNIT-8170,haul_truck,Hitachi,2013,open_pit,south_africa,43219,2020-07-15,overhaul,transmission,gearbox,major,20.3,45813.15,2642.0,major_overhaul,True,39,True,True,False
EQP-A20FEC3F,UNIT-8081,haul_truck,Komatsu,2019,underground,drc,21107,2021-10-29,breakdown,electrical,starter,major,19.7,70610.34,2398.0,corrective,False,25,False,False,False
EQP-E92ECCC8,UNIT-8022,conveyor,FLSmidth,2021,underground,tanzania,11517,2021-01-26,scheduled_maintenance,preventive,adjustment,minor,5.5,9137.03,2335.0,preventive,True,24,False,False,False
EQP-1C2A3F40,UNIT-6982,haul_truck,Caterpillar,2014,processing_plant,south_africa,40129,2022-11-29,breakdown,electrical,sensors,major,18.5,68855.53,1690.0,corrective,False,7,True,False,False
EQP-8F5165E1,UNIT-5243,crusher,Sandvik,2020,open_pit,zimbabwe,13939,2023-09-18,scheduled_maintenance,preventive,inspection,minor,17.9,24534.06,3821.0,preventive,True,23,True,False,False
EQP-6973DF46,UNIT-7345,excavator,Hitachi,2021,processing_plant,drc,11784,2024-10-29,condition_based,electrical,starter,routine,5.0,4739.14,913.0,predictive,False,4,False,False,False
EQP-340F31CB,UNIT-3493,grader,Komatsu,2015,underground,south_africa,34900,2024-05-03,overhaul,tires,rear_right,major,21.0,27239.92,368.0,major_overhaul,True,45,True,False,False
EQP-EE4B37CC,UNIT-8025,loader,Volvo,2010,open_pit,drc,55020,2021-07-26,condition_based,tires,front_left,routine,3.5,3271.65,207.0,predictive,False,8,False,True,False
EQP-3CF4F296,UNIT-6000,drill_rig,Sandvik,2018,open_pit,ghana,26422,2024-08-16,breakdown,hydraulics,pump,major,9.9,22397.01,263.0,corrective,False,3,True,False,False
EQP-5A4D977F,UNIT-5129,loader,Caterpillar,2008,underground,zambia,64249,2024-08-22,inspection,preventive,oil_change,minor,9.1,10300.0,752.0,preventive,True,169,False,False,False
EQP-10D6BB2E,UNIT-5549,excavator,Hitachi,2022,open_pit,ghana,9226,2022-06-25,inspection,preventive,adjustment,routine,5.4,6961.74,780.0,preventive,True,61,False,False,False
EQP-64400A31,UNIT-6118,drill_rig,Sandvik,2014,underground,zambia,40855,2021-01-04,breakdown,compressor,general_component,minor,4.8,15148.1,169.0,corrective,False,103,False,False,False
EQP-5A14A6B1,UNIT-1335,haul_truck,Hitachi,2020,underground,botswana,16983,2023-10-31,overhaul,hydraulics,filter,major,20.8,46409.45,1599.0,major_overhaul,True,23,False,False,True
EQP-00BAC0BA,UNIT-2258,grader,Komatsu,2019,open_pit,south_africa,19800,2020-07-22,condition_based,transmission,clutch,routine,2.2,1750.39,30.0,predictive,False,39,False,False,False
EQP-67E7D39E,UNIT-3209,loader,Caterpillar,2015,open_pit,botswana,37606,2021-10-11,condition_based,engine,head_gasket,routine,3.0,4013.12,177.0,predictive,False,4,True,False,True
EQP-E3E26DE4,UNIT-2030,grader,Komatsu,2023,processing_plant,south_africa,4846,2022-08-15,scheduled_maintenance,preventive,inspection,minor,6.7,11961.61,69.0,preventive,True,15,False,False,False
EQP-FAC248CD,UNIT-4956,grader,Komatsu,2020,underground,south_africa,16041,2024-04-03,breakdown,blade,general_component,minor,5.1,12531.81,71.0,corrective,False,21,True,False,False
EQP-2EE7774D,UNIT-7014,pump,KSB,2022,underground,south_africa,8263,2024-10-23,condition_based,seal,general_component,routine,1.2,1697.54,109.0,predictive,False,100,False,False,False
EQP-BB1B58A7,UNIT-6889,haul_truck,Caterpillar,2009,underground,tanzania,59863,2024-01-12,scheduled_maintenance,preventive,inspection,routine,3.3,5003.25,468.0,preventive,True,26,True,True,False
EQP-57500E57,UNIT-5239,grader,Caterpillar,2015,underground,zimbabwe,36052,2022-05-22,overhaul,transmission,clutch,major,16.8,25092.97,208.0,major_overhaul,True,54,False,False,False
EQP-A0D2D4F7,UNIT-8694,conveyor,Metso,2023,processing_plant,botswana,3956,2020-06-01,breakdown,belt,general_component,minor,3.2,5109.17,1020.0,corrective,False,64,False,False,False
EQP-571CC3AA,UNIT-6086,drill_rig,Sandvik,2021,underground,zimbabwe,12381,2023-12-10,scheduled_maintenance,preventive,oil_change,routine,2.5,1137.36,69.0,preventive,True,1,False,False,False
EQP-BE431594,UNIT-1712,conveyor,Metso,2015,underground,drc,37739,2024-03-22,condition_based,belt,general_component,minor,4.1,5622.69,1957.0,predictive,False,2,False,False,False
EQP-980D1872,UNIT-7884,excavator,Komatsu,2009,open_pit,tanzania,58794,2022-04-30,scheduled_maintenance,preventive,oil_change,routine,4.0,8950.24,426.0,preventive,True,188,False,False,False
EQP-4374E4BF,UNIT-6170,excavator,Caterpillar,2012,open_pit,botswana,49142,2022-09-24,scheduled_maintenance,preventive,adjustment,routine,5.3,7021.3,1027.0,preventive,True,28,False,False,False
EQP-3FC72D2D,UNIT-6711,haul_truck,Komatsu,2017,underground,tanzania,27631,2024-03-10,condition_based,electrical,sensors,minor,7.1,20843.96,874.0,predictive,False,78,True,False,False
EQP-46373EE0,UNIT-6087,haul_truck,Belaz,2018,open_pit,zambia,25269,2020-08-25,condition_based,brakes,general_component,minor,8.4,12535.8,1125.0,predictive,False,166,False,False,False
EQP-88C6C59D,UNIT-5981,drill_rig,Caterpillar,2022,underground,tanzania,7666,2024-01-02,scheduled_maintenance,preventive,adjustment,routine,1.3,3384.31,40.0,preventive,True,26,False,False,False
EQP-10E32A4C,UNIT-1815,grader,Komatsu,2009,processing_plant,south_africa,60412,2022-07-11,scheduled_maintenance,preventive,adjustment,routine,2.4,1377.32,39.0,preventive,True,7,False,False,False
EQP-62CCEDE9,UNIT-6032,conveyor,Metso,2014,open_pit,botswana,39841,2023-05-20,scheduled_maintenance,preventive,oil_change,minor,2.9,5057.67,804.0,preventive,True,41,False,True,False
EQP-17214F68,UNIT-8153,conveyor,FLSmidth,2012,open_pit,botswana,46269,2020-12-09,scheduled_maintenance,preventive,oil_change,routine,1.9,1668.98,788.0,preventive,True,42,False,False,False
EQP-B02E829B,UNIT-3735,drill_rig,Epiroc,2023,underground,zambia,5738,2023-01-12,condition_based,drill_string,general_component,routine,1.2,1181.53,48.0,predictive,False,82,False,False,False
EQP-44364551,UNIT-6424,drill_rig,Sandvik,2010,open_pit,south_africa,55057,2021-04-27,condition_based,drill_string,general_component,routine,2.5,2245.65,114.0,predictive,False,43,False,False,False
EQP-B9D86A45,UNIT-1277,haul_truck,Belaz,2011,underground,south_africa,52083,2022-07-21,scheduled_maintenance,preventive,inspection,routine,3.4,2031.14,419.0,preventive,True,40,False,False,False
EQP-6D3D2F8D,UNIT-4127,loader,Komatsu,2012,underground,botswana,46947,2022-08-02,breakdown,engine,turbo,major,20.0,29902.25,1972.0,corrective,False,38,True,False,False
EQP-8344BA86,UNIT-4930,haul_truck,Belaz,2009,open_pit,tanzania,58662,2024-09-18,breakdown,engine,oil_pump,minor,6.1,15423.3,682.0,corrective,False,37,True,False,False
EQP-9C0BBE49,UNIT-9843,crusher,Metso,2018,underground,zimbabwe,23795,2023-04-21,scheduled_maintenance,preventive,adjustment,routine,6.0,11313.85,1397.0,preventive,True,93,True,False,False
EQP-4CAAAD13,UNIT-2931,loader,Komatsu,2016,underground,botswana,31406,2022-09-30,scheduled_maintenance,preventive,adjustment,minor,7.8,10813.66,420.0,preventive,True,21,False,False,False
EQP-57B2B914,UNIT-3488,conveyor,Metso,2016,open_pit,drc,30831,2021-12-24,condition_based,pulley,general_component,minor,5.7,2650.6,1579.0,predictive,False,121,False,True,False
EQP-57720680,UNIT-4676,grader,Komatsu,2022,open_pit,tanzania,7964,2021-08-29,overhaul,electrical,alternator,major,12.5,25577.2,147.0,major_overhaul,True,44,False,False,False
EQP-C1A00BF1,UNIT-9932,excavator,Hitachi,2014,open_pit,south_africa,38518,2023-03-20,scheduled_maintenance,preventive,filter_replace,routine,4.0,3768.15,447.0,preventive,True,4,False,False,False
EQP-21A3FAA6,UNIT-8679,grader,Caterpillar,2012,processing_plant,south_africa,48125,2024-05-06,condition_based,blade,general_component,minor,6.1,13339.38,69.0,predictive,False,94,False,False,False
EQP-24827FDF,UNIT-1312,crusher,Metso,2014,open_pit,drc,39872,2022-10-27,scheduled_maintenance,preventive,inspection,minor,28.7,51988.5,5426.0,preventive,True,86,False,True,False
EQP-7EC6BC0C,UNIT-3105,loader,Komatsu,2020,open_pit,ghana,13519,2023-04-03,scheduled_maintenance,preventive,oil_change,routine,3.0,4420.66,192.0,preventive,True,23,False,False,False
EQP-AC36E106,UNIT-8394,crusher,Metso,2016,open_pit,drc,31476,2021-08-13,scheduled_maintenance,preventive,inspection,routine,7.3,10355.91,1857.0,preventive,True,81,False,False,False
EQP-1D3B27E6,UNIT-1524,loader,Caterpillar,2010,open_pit,tanzania,56468,2022-10-01,scheduled_maintenance,preventive,filter_replace,routine,2.2,4707.0,164.0,preventive,True,74,False,False,False
EQP-50A53A58,UNIT-8700,pump,KSB,2019,open_pit,south_africa,18936,2022-10-26,scheduled_maintenance,preventive,inspection,minor,5.6,4255.94,540.0,preventive,True,17,True,False,False
EQP-FB4041BE,UNIT-3532,drill_rig,Caterpillar,2019,underground,zimbabwe,20511,2023-05-12,inspection,preventive,inspection,routine,2.1,3604.59,71.0,preventive,True,29,False,False,True
EQP-BC87A4AF,UNIT-9257,loader,Komatsu,2011,open_pit,south_africa,52432,2021-07-23,scheduled_maintenance,preventive,adjustment,routine,2.2,3214.69,117.0,preventive,True,71,False,False,False
EQP-F1B146C3,UNIT-3642,loader,Volvo,2016,underground,tanzania,30982,2021-09-19,breakdown,hydraulics,valve,minor,12.5,13736.92,1153.0,corrective,False,192,False,False,True
EQP-8CA7DB71,UNIT-4908,drill_rig,Epiroc,2017,open_pit,south_africa,27987,2021-10-08,scheduled_maintenance,preventive,filter_replace,routine,2.6,4154.93,120.0,preventive,True,100,False,True,True
EQP-F853B27D,UNIT-6956,grader,Caterpillar,2010,open_pit,zimbabwe,56824,2022-01-27,overhaul,transmission,clutch,major,17.5,34985.86,239.0,major_overhaul,True,38,True,False,False
EQP-AC114645,UNIT-2136,excavator,Hitachi,2008,open_pit,zambia,63123,2021-06-09,breakdown,undercarriage,general_component,major,35.6,64026.92,3811.0,corrective,False,17,False,False,False
EQP-1B7DAC83,UNIT-6012,conveyor,Metso,2019,underground,ghana,19794,2020-12-18,overhaul,gearbox,general_component,major,7.4,24057.27,3480.0,major_overhaul,True,48,False,False,False
EQP-3F586549,UNIT-5544,haul_truck,Belaz,2017,processing_plant,ghana,29150,2022-06-19,overhaul,brakes,general_component,major,22.1,54369.36,3205.0,major_overhaul,True,105,False,False,False
EQP-FD2F209A,UNIT-8054,haul_truck,Komatsu,2019,open_pit,south_africa,19142,2024-03-19,scheduled_maintenance,preventive,inspection,minor,10.8,18461.4,1618.0,preventive,True,96,False,True,False
EQP-C962EF3F,UNIT-9963,loader,Caterpillar,2014,processing_plant,ghana,40459,2020-02-27,scheduled_maintenance,preventive,adjustment,minor,10.2,15027.85,709.0,preventive,True,177,False,False,False
EQP-77F902FF,UNIT-6978,excavator,Komatsu,2016,open_pit,south_africa,30920,2023-04-13,breakdown,engine,head_gasket,minor,12.5,33380.95,1409.0,corrective,False,3,False,False,False
EQP-8621EC9D,UNIT-4682,excavator,Hitachi,2023,underground,south_africa,3839,2024-01-09,breakdown,electrical,battery,minor,7.3,39026.27,1006.0,corrective,False,4,False,False,False
EQP-AA543200,UNIT-4657,haul_truck,Belaz,2011,underground,zimbabwe,52446,2024-01-23,scheduled_maintenance,preventive,filter_replace,routine,1.9,5640.34,226.0,preventive,True,19,False,False,False
EQP-A478AF4B,UNIT-4761,drill_rig,Epiroc,2018,open_pit,south_africa,21595,2024-03-14,condition_based,hydraulics,valve,routine,2.0,2365.16,52.0,predictive,False,90,True,False,True
EQP-4A200C88,UNIT-8325,loader,Caterpillar,2010,open_pit,south_africa,55465,2021-07-25,overhaul,engine,injector,major,28.8,42604.88,1835.0,major_overhaul,True,47,True,False,False
EQP-44E71527,UNIT-3890,grader,Komatsu,2009,open_pit,ghana,60429,2020-06-30,breakdown,tires,rear_left,major,14.6,23372.88,284.0,corrective,False,37,False,False,False
EQP-AAF72BCC,UNIT-2502,haul_truck,Belaz,2023,underground,drc,4225,2024-11-26,scheduled_maintenance,preventive,inspection,routine,2.7,5422.06,211.0,preventive,True,18,False,False,False
EQP-06B7CA83,UNIT-4008,conveyor,FLSmidth,2010,open_pit,drc,55477,2023-06-13,scheduled_maintenance,preventive,filter_replace,routine,0.9,2498.44,259.0,preventive,True,85,False,False,False
EQP-94908D7E,UNIT-1204,drill_rig,Epiroc,2018,processing_plant,zambia,22895,2021-10-04,scheduled_maintenance,preventive,inspection,routine,1.7,4459.75,67.0,preventive,True,1,True,False,False
EQP-A5D31697,UNIT-1955,conveyor,ThyssenKrupp,2016,open_pit,zambia,32628,2024-03-13,scheduled_maintenance,preventive,inspection,minor,3.5,6045.59,1713.0,preventive,True,66,False,True,False
EQP-8441D97C,UNIT-1810,drill_rig,Epiroc,2020,processing_plant,drc,15677,2021-09-28,overhaul,hydraulics,hose,major,17.7,30265.54,859.0,major_overhaul,True,81,False,False,False
EQP-501CDFEE,UNIT-7943,excavator,Caterpillar,2016,open_pit,ghana,32545,2023-09-10,scheduled_maintenance,preventive,oil_change,minor,8.3,23582.05,1044.0,preventive,True,23,False,True,False
EQP-DA80FAC8,UNIT-7500,drill_rig,Sandvik,2019,underground,ghana,20380,2024-09-25,breakdown,drill_string,general_component,major,9.9,29487.19,399.0,corrective,False,27,False,False,False
EQP-21F499AD,UNIT-7270,conveyor,FLSmidth,2022,open_pit,zimbabwe,7552,2023-10-14,condition_based,roller,general_component,routine,0.9,2483.27,442.0,predictive,False,248,False,False,False
EQP-1F65FD50,UNIT-5156,drill_rig,Caterpillar,2021,open_pit,ghana,13072,2023-03-25,breakdown,compressor,general_component,minor,6.1,8028.63,249.0,corrective,False,14,False,False,False
EQP-246333F6,UNIT-7452,drill_rig,Caterpillar,2019,open_pit,tanzania,19405,2020-12-10,overhaul,compressor,general_component,major,13.7,44292.82,418.0,major_overhaul,True,7,False,True,False
EQP-DF3A370B,UNIT-2451,loader,Komatsu,2010,underground,zambia,57190,2024-08-07,overhaul,hydraulics,valve,major,17.9,38916.46,1516.0,major_overhaul,True,48,True,False,False
EQP-CE3AEAAF,UNIT-9104,loader,Caterpillar,2010,open_pit,zambia,57321,2022-02-05,breakdown,hydraulics,valve,minor,7.5,17730.25,567.0,corrective,False,11,False,False,True
EQP-7FBA145F,UNIT-5508,excavator,Komatsu,2015,underground,drc,37050,2023-01-26,scheduled_maintenance,preventive,filter_replace,routine,3.5,9382.63,523.0,preventive,True,12,False,False,False
EQP-ED610662,UNIT-9441,loader,Caterpillar,2018,processing_plant,botswana,23819,2023-01-06,condition_based,tires,front_right,minor,5.1,16657.57,380.0,predictive,False,31,False,False,False
EQP-49B27E57,UNIT-2370,loader,Komatsu,2018,open_pit,drc,26547,2021-03-19,scheduled_maintenance,preventive,inspection,minor,13.2,17102.94,734.0,preventive,True,86,False,False,False
EQP-AE97B1FD,UNIT-5475,haul_truck,Hitachi,2020,open_pit,drc,16151,2022-12-21,scheduled_maintenance,preventive,adjustment,minor,10.2,8310.18,1369.0,preventive,True,36,False,False,True
EQP-3C86ED41,UNIT-7266,conveyor,ThyssenKrupp,2009,open_pit,tanzania,60241,2021-12-04,overhaul,belt,general_component,major,7.9,11932.39,2660.0,major_overhaul,True,44,True,False,False
EQP-12000DE8,UNIT-5460,excavator,Liebherr,2010,open_pit,zambia,55977,2021-09-21,breakdown,engine,turbo,critical,84.2,262154.76,9976.0,corrective,False,19,False,False,True
EQP-81E2B25B,UNIT-5014,crusher,FLSmidth,2010,open_pit,drc,54870,2024-03-26,scheduled_maintenance,preventive,oil_change,routine,7.2,7447.72,1556.0,preventive,True,107,False,False,True
EQP-1721F998,UNIT-2495,haul_truck,Caterpillar,2016,underground,ghana,33295,2023-07-23,breakdown,tires,front_right,critical,25.5,212056.07,3142.0,corrective,False,48,False,False,False
EQP-CA663761,UNIT-4428,crusher,FLSmidth,2018,open_pit,south_africa,23427,2022-05-31,scheduled_maintenance,preventive,filter_replace,routine,9.0,7610.95,2097.0,preventive,True,84,False,False,False
EQP-EC1B6445,UNIT-3148,excavator,Caterpillar,2009,open_pit,tanzania,60919,2020-02-04,inspection,preventive,oil_change,routine,5.0,3399.69,910.0,preventive,True,24,False,True,False
EQP-158CA995,UNIT-3713,drill_rig,Epiroc,2021,underground,ghana,13159,2023-06-30,condition_based,hydraulics,valve,minor,5.0,16951.36,230.0,predictive,False,28,True,False,True
EQP-13D906E7,UNIT-7152,pump,KSB,2012,open_pit,south_africa,48603,2023-08-21,scheduled_maintenance,preventive,inspection,routine,1.1,1752.23,89.0,preventive,True,31,False,False,False
EQP-D3A01875,UNIT-6671,excavator,Liebherr,2018,underground,south_africa,23308,2020-10-26,breakdown,engine,cooling_system,minor,9.2,39040.97,1428.0,corrective,False,19,False,False,True
EQP-5AFC0220,UNIT-6464,grader,John Deere,2020,processing_plant,botswana,15658,2023-09-24,inspection,preventive,inspection,routine,2.4,1442.32,38.0,preventive,True,28,True,False,False
EQP-B3CA5F6C,UNIT-4255,pump,Weir,2008,open_pit,zambia,61322,2021-12-20,breakdown,casing,general_component,critical,25.1,38688.02,1748.0,corrective,False,55,False,False,True
EQP-57E4A0AD,UNIT-9636,grader,John Deere,2021,underground,drc,11883,2023-08-11,scheduled_maintenance,preventive,filter_replace,routine,3.4,1698.54,50.0,preventive,True,217,False,False,False
EQP-D4A1C300,UNIT-1788,haul_truck,Hitachi,2023,processing_plant,botswana,4802,2024-02-20,breakdown,tires,rear_left,major,14.4,71854.98,1649.0,corrective,False,23,True,False,False
EQP-58E50DC7,UNIT-4082,loader,Komatsu,2023,underground,ghana,3762,2023-06-14,scheduled_maintenance,preventive,filter_replace,routine,4.1,4067.55,369.0,preventive,True,42,False,False,False
EQP-DFF48C0E,UNIT-2061,haul_truck,Komatsu,2010,underground,tanzania,55409,2024-08-20,scheduled_maintenance,preventive,oil_change,minor,11.7,28254.73,1532.0,preventive,True,178,True,False,False
EQP-0C54C19D,UNIT-4050,excavator,Komatsu,2014,underground,zimbabwe,39702,2020-05-17,scheduled_maintenance,preventive,inspection,routine,3.0,9122.66,359.0,preventive,True,92,False,False,True
EQP-13CC1014,UNIT-9656,grader,John Deere,2011,underground,drc,53215,2021-08-06,scheduled_maintenance,preventive,filter_replace,minor,8.1,6943.4,160.0,preventive,True,129,False,False,False
EQP-B28F3296,UNIT-4296,crusher,Metso,2015,underground,tanzania,35945,2020-04-16,scheduled_maintenance,preventive,filter_replace,routine,7.4,8133.9,2182.0,preventive,True,7,False,False,False
EQP-5FBCEC0C,UNIT-9176,conveyor,ThyssenKrupp,2023,underground,botswana,5857,2020-11-06,condition_based,gearbox,general_component,minor,4.4,5602.17,1407.0,predictive,False,251,False,True,False
EQP-8EEAD235,UNIT-5455,excavator,Caterpillar,2020,underground,south_africa,15429,2021-11-03,scheduled_maintenance,preventive,adjustment,routine,5.6,5895.22,1119.0,preventive,True,365,False,False,False
EQP-52574071,UNIT-7296,loader,Volvo,2020,underground,south_africa,16217,2020-02-12,inspection,preventive,inspection,minor,13.9,23958.6,1060.0,preventive,True,5,False,False,False
EQP-0DC8C0B6,UNIT-5116,crusher,Metso,2014,open_pit,tanzania,39566,2021-12-14,breakdown,liner,general_component,minor,22.6,22819.81,4159.0,corrective,False,12,False,False,False
EQP-911B0563,UNIT-3392,drill_rig,Epiroc,2022,processing_plant,drc,10074,2020-08-17,breakdown,hydraulics,valve,minor,7.5,16586.55,323.0,corrective,False,24,True,False,True
EQP-86409AB3,UNIT-7877,grader,John Deere,2022,open_pit,drc,8179,2020-07-22,breakdown,transmission,torque_converter,major,18.1,21462.97,190.0,corrective,False,19,True,False,False
EQP-F85F8B38,UNIT-9721,haul_truck,Hitachi,2020,open_pit,south_africa,18128,2024-02-13,breakdown,brakes,general_component,critical,67.2,241362.54,8506.0,corrective,False,51,False,False,False
EQP-4714F768,UNIT-3371,haul_truck,Komatsu,2021,open_pit,tanzania,11579,2023-09-01,scheduled_maintenance,preventive,filter_replace,routine,3.7,2716.27,509.0,preventive,True,125,True,True,False
EQP-7BA4FCB5,UNIT-8007,crusher,FLSmidth,2018,open_pit,zimbabwe,25527,2022-03-31,breakdown,hydraulics,valve,minor,29.1,38718.76,5895.0,corrective,False,16,True,False,True
EQP-B287CF1E,UNIT-3349,pump,Weir,2009,underground,botswana,60118,2022-10-18,breakdown,bearing,general_component,minor,2.2,6006.65,147.0,corrective,False,44,True,False,False
EQP-FBE433DE,UNIT-7451,haul_truck,Belaz,2012,open_pit,drc,48836,2021-06-08,breakdown,transmission,driveshaft,major,14.9,49434.55,1422.0,corrective,False,6,True,False,False
EQP-288C3825,UNIT-8100,haul_truck,Hitachi,2020,underground,botswana,14780,2022-05-24,scheduled_maintenance,preventive,inspection,minor,10.3,29238.67,1087.0,preventive,True,7,False,False,False
EQP-FE2CDDAD,UNIT-5043,haul_truck,Belaz,2013,underground,drc,44348,2023-10-28,condition_based,hydraulics,filter,routine,1.6,5733.3,189.0,predictive,False,5,False,False,False
EQP-463AA9BA,UNIT-7631,grader,Caterpillar,2010,open_pit,zambia,54930,2022-07-27,scheduled_maintenance,preventive,oil_change,routine,2.8,1303.45,49.0,preventive,True,1,False,True,False
EQP-2EE60517,UNIT-3449,haul_truck,Caterpillar,2023,open_pit,zimbabwe,4257,2023-11-29,overhaul,electrical,sensors,major,19.3,46746.37,2731.0,major_overhaul,True,56,False,False,False
EQP-26366A28,UNIT-1713,drill_rig,Epiroc,2015,underground,drc,34481,2022-05-22,breakdown,compressor,general_component,major,16.4,29419.55,635.0,corrective,False,154,False,False,False
EQP-431DA0DB,UNIT-1867,pump,Weir,2021,underground,zambia,11905,2021-10-13,scheduled_maintenance,preventive,inspection,minor,5.2,3773.01,383.0,preventive,True,53,False,False,False
EQP-57C63442,UNIT-5022,haul_truck,Belaz,2012,open_pit,south_africa,49095,2024-05-29,breakdown,engine,cooling_system,minor,4.6,12264.43,474.0,corrective,False,38,True,False,False
EQP-E0ADC21E,UNIT-9122,conveyor,ThyssenKrupp,2013,open_pit,ghana,44547,2024-06-10,inspection,preventive,adjustment,routine,1.6,871.44,638.0,preventive,True,28,False,False,False
EQP-B584F6AE,UNIT-2148,drill_rig,Epiroc,2013,open_pit,zimbabwe,42766,2021-02-15,breakdown,hydraulics,pump,minor,7.7,18052.41,220.0,corrective,False,102,True,False,True
EQP-E87A2862,UNIT-5101,loader,Volvo,2013,open_pit,south_africa,42101,2022-04-13,overhaul,electrical,wiring,major,16.6,59616.03,1218.0,major_overhaul,True,18,True,False,False
EQP-3577CA2B,UNIT-7335,excavator,Caterpillar,2015,open_pit,zimbabwe,36496,2023-10-22,condition_based,undercarriage,general_component,routine,4.1,3280.23,619.0,predictive,False,13,False,False,False
EQP-D72CF09A,UNIT-2821,drill_rig,Caterpillar,2012,processing_plant,ghana,49581,2021-04-15,scheduled_maintenance,preventive,adjustment,routine,2.4,4165.03,98.0,preventive,True,58,False,False,False
EQP-34077A89,UNIT-7493,haul_truck,Caterpillar,2021,open_pit,ghana,11036,2023-09-09,scheduled_maintenance,preventive,adjustment,routine,2.4,2865.29,192.0,preventive,True,118,False,False,False
EQP-9981474C,UNIT-3753,loader,Volvo,2013,open_pit,zimbabwe,46097,2024-06-07,scheduled_maintenance,preventive,oil_change,routine,3.1,3704.02,222.0,preventive,True,1,True,True,False
EQP-0C6D162F,UNIT-8277,loader,Komatsu,2015,processing_plant,south_africa,35993,2021-02-28,breakdown,tires,rear_left,minor,6.0,9548.46,529.0,corrective,False,25,False,False,False
EQP-BA5F858A,UNIT-6212,haul_truck,Komatsu,2021,underground,botswana,10041,2020-10-02,inspection,preventive,filter_replace,minor,10.2,13599.98,1365.0,preventive,True,46,False,False,True
EQP-C29DD3CB,UNIT-5921,excavator,Komatsu,2014,open_pit,botswana,38439,2024-08-27,condition_based,bucket,general_component,routine,3.3,5285.55,509.0,predictive,False,61,False,False,False
EQP-A3A2D649,UNIT-2590,grader,John Deere,2008,underground,drc,64769,2024-11-27,breakdown,hydraulics,hose,major,17.2,32921.06,322.0,corrective,False,1,True,False,True
EQP-95C59C88,UNIT-5168,haul_truck,Belaz,2008,processing_plant,drc,64129,2024-03-25,breakdown,transmission,torque_converter,critical,52.9,181657.15,6962.0,corrective,False,2,False,False,False
EQP-23894783,UNIT-8708,excavator,Liebherr,2014,open_pit,south_africa,41482,2023-01-08,scheduled_maintenance,preventive,filter_replace,minor,7.0,34301.64,1258.0,preventive,True,241,False,False,False
EQP-3453D885,UNIT-1175,conveyor,FLSmidth,2018,open_pit,tanzania,22801,2020-06-02,condition_based,roller,general_component,minor,3.7,3224.44,1658.0,predictive,False,181,False,False,False
EQP-C8219492,UNIT-7825,excavator,Komatsu,2023,processing_plant,south_africa,4118,2024-07-05,scheduled_maintenance,preventive,filter_replace,routine,2.9,6574.8,501.0,preventive,True,144,True,False,False
EQP-F401C10B,UNIT-5434,excavator,Hitachi,2010,underground,botswana,56006,2020-12-23,condition_based,undercarriage,general_component,minor,8.8,13201.18,1633.0,predictive,False,25,False,False,False
EQP-23DB334B,UNIT-7474,drill_rig,Caterpillar,2016,processing_plant,botswana,31856,2020-11-17,breakdown,rotation,general_component,minor,5.1,6767.03,140.0,corrective,False,27,False,True,False
EQP-EDC1C7F4,UNIT-6969,haul_truck,Caterpillar,2012,open_pit,south_africa,47617,2023-07-14,overhaul,transmission,driveshaft,major,17.9,43900.66,2019.0,major_overhaul,True,3,True,False,True
EQP-14F52980,UNIT-4888,conveyor,ThyssenKrupp,2015,processing_plant,zimbabwe,35637,2021-12-01,breakdown,roller,general_component,major,8.6,11574.65,3925.0,corrective,False,11,False,True,False
EQP-3D1934A4,UNIT-3777,crusher,FLSmidth,2015,open_pit,drc,36174,2024-04-10,scheduled_maintenance,preventive,filter_replace,routine,5.3,12305.5,882.0,preventive,True,11,False,False,False
EQP-C51E8CBA,UNIT-6645,conveyor,ThyssenKrupp,2012,underground,drc,48302,2024-04-20,overhaul,belt,general_component,major,8.1,17610.88,2339.0,major_overhaul,True,227,False,False,False
EQP-AD76F6ED,UNIT-2261,haul_truck,Hitachi,2008,processing_plant,south_africa,64252,2023-12-20,condition_based,hydraulics,cylinder,routine,1.7,5367.33,179.0,predictive,False,91,True,False,True
EQP-277401C6,UNIT-6256,loader,Caterpillar,2009,open_pit,zimbabwe,61205,2024-02-15,scheduled_maintenance,preventive,oil_change,routine,2.8,1470.06,219.0,preventive,True,29,False,False,False
EQP-57E27B27,UNIT-1852,haul_truck,Komatsu,2016,open_pit,south_africa,30798,2022-09-09,inspection,preventive,oil_change,routine,1.8,2848.84,233.0,preventive,True,86,True,False,False
EQP-F9A47369,UNIT-6847,loader,Volvo,2011,underground,tanzania,50188,2024-04-18,breakdown,transmission,clutch,minor,6.7,15419.25,523.0,corrective,False,19,False,False,False
EQP-9010B650,UNIT-6658,excavator,Komatsu,2013,processing_plant,drc,45016,2024-07-05,breakdown,electrical,starter,minor,12.0,12460.33,1460.0,corrective,False,9,True,False,False
EQP-74C99DCE,UNIT-1759,loader,Caterpillar,2009,open_pit,zambia,59056,2021-05-19,breakdown,electrical,wiring,minor,14.3,8890.53,1321.0,corrective,False,166,True,False,False
EQP-7DA92E34,UNIT-7816,haul_truck,Hitachi,2008,processing_plant,botswana,63620,2022-02-04,breakdown,engine,head_gasket,minor,5.6,7992.33,531.0,corrective,False,46,False,False,False
EQP-71D0F2D0,UNIT-4741,haul_truck,Caterpillar,2010,open_pit,zimbabwe,55387,2023-01-16,condition_based,brakes,general_component,routine,3.4,6968.93,474.0,predictive,False,46,False,False,False
EQP-8BE40021,UNIT-8081,drill_rig,Caterpillar,2014,open_pit,drc,39366,2024-03-26,scheduled_maintenance,preventive,adjustment,routine,1.3,2724.96,49.0,preventive,True,163,False,False,False
EQP-59E0A25B,UNIT-1374,haul_truck,Komatsu,2010,open_pit,drc,54541,2021-12-02,scheduled_maintenance,preventive,inspection,routine,2.4,1770.12,187.0,preventive,True,99,False,False,False
EQP-D2BE6809,UNIT-2614,haul_truck,Komatsu,2011,processing_plant,drc,51430,2021-04-13,condition_based,tires,front_left,routine,2.6,4262.95,289.0,predictive,False,72,False,False,False
EQP-46F75699,UNIT-5445,crusher,Metso,2012,open_pit,ghana,48649,2021-07-31,scheduled_maintenance,preventive,inspection,routine,5.6,13650.57,1389.0,preventive,True,27,False,False,False
EQP-49818AC6,UNIT-2693,loader,Caterpillar,2012,underground,botswana,47996,2023-12-10,breakdown,engine,head_gasket,major,24.6,30838.17,2312.0,corrective,False,92,True,True,False
EQP-132D3619,UNIT-3968,haul_truck,Belaz,2008,open_pit,ghana,64504,2022-07-25,scheduled_maintenance,preventive,oil_change,routine,1.9,2927.19,225.0,preventive,True,88,False,False,False
EQP-CF9EBADD,UNIT-6944,grader,John Deere,2009,processing_plant,drc,59503,2021-04-03,condition_based,hydraulics,hose,routine,3.5,3943.15,70.0,predictive,False,35,True,False,True
EQP-FAA3214C,UNIT-2300,loader,Volvo,2023,underground,tanzania,4902,2023-07-11,scheduled_maintenance,preventive,inspection,routine,3.8,5298.77,262.0,preventive,True,38,True,False,False
EQP-31DED665,UNIT-7098,grader,Komatsu,2018,open_pit,ghana,23491,2023-04-03,overhaul,electrical,wiring,major,20.9,29164.66,260.0,major_overhaul,True,32,False,False,False
EQP-6D6E6A98,UNIT-1930,crusher,Metso,2009,open_pit,tanzania,57891,2022-07-22,inspection,preventive,oil_change,routine,6.0,5232.15,1299.0,preventive,True,18,False,False,False
EQP-85E82BC3,UNIT-2576,crusher,Sandvik,2012,open_pit,south_africa,48316,2023-01-20,condition_based,bearing,general_component,routine,7.1,5634.3,1766.0,predictive,False,17,True,True,False
EQP-940846CD,UNIT-6288,conveyor,ThyssenKrupp,2014,open_pit,south_africa,40767,2021-02-18,condition_based,motor,general_component,minor,4.8,8960.94,1314.0,predictive,False,1,True,False,True
EQP-E3A6786B,UNIT-8140,crusher,Sandvik,2022,processing_plant,zambia,7440,2020-11-24,scheduled_maintenance,preventive,oil_change,routine,8.1,11106.42,1324.0,preventive,True,23,False,False,False
EQP-70D5A5F9,UNIT-2535,grader,John Deere,2022,underground,drc,9199,2023-12-24,inspection,preventive,adjustment,routine,3.1,1923.02,50.0,preventive,True,56,False,False,False
EQP-C123BEF3,UNIT-3699,haul_truck,Hitachi,2020,open_pit,botswana,15149,2023-05-09,scheduled_maintenance,preventive,oil_change,minor,7.3,8084.28,758.0,preventive,True,38,False,False,False
EQP-B1DE577F,UNIT-9325,excavator,Hitachi,2009,underground,drc,60670,2024-10-26,scheduled_maintenance,preventive,filter_replace,minor,14.1,14080.65,2514.0,preventive,True,21,False,False,False
EQP-297CCC12,UNIT-9906,haul_truck,Belaz,2015,open_pit,south_africa,37744,2024-08-17,breakdown,hydraulics,hose,minor,9.1,23907.66,862.0,corrective,False,26,True,False,True
EQP-9D6DCDA6,UNIT-6228,pump,KSB,2015,open_pit,ghana,36036,2021-10-15,inspection,preventive,filter_replace,routine,1.2,1438.0,86.0,preventive,True,73,False,False,True
EQP-762A0E50,UNIT-5022,drill_rig,Epiroc,2018,open_pit,ghana,23773,2022-04-12,scheduled_maintenance,preventive,adjustment,minor,8.3,10381.73,314.0,preventive,True,128,False,False,False
EQP-689A3975,UNIT-4121,crusher,Sandvik,2021,open_pit,zambia,11894,2024-03-08,condition_based,shaft,general_component,routine,10.1,10103.5,2943.0,predictive,False,71,False,False,False
EQP-7E0CEC1E,UNIT-6511,loader,Komatsu,2013,underground,ghana,45628,2020-01-07,overhaul,hydraulics,cylinder,major,16.0,51184.25,806.0,major_overhaul,True,38,False,False,True
EQP-F7BDB117,UNIT-6317,pump,Weir,2016,open_pit,zambia,32402,2024-04-03,scheduled_maintenance,preventive,adjustment,minor,2.2,5862.96,134.0,preventive,True,23,True,False,False
EQP-E37BA63E,UNIT-3652,haul_truck,Hitachi,2012,underground,botswana,50144,2020-10-28,scheduled_maintenance,preventive,filter_replace,routine,3.3,2937.06,270.0,preventive,True,17,False,False,False
EQP-EDBBD23C,UNIT-1205,loader,Caterpillar,2011,open_pit,drc,52279,2021-04-13,breakdown,transmission,clutch,major,24.5,58254.16,2439.0,corrective,False,79,False,False,True
EQP-43B24800,UNIT-2363,grader,Komatsu,2013,underground,zambia,43346,2022-05-17,scheduled_maintenance,preventive,inspection,routine,3.8,875.61,43.0,preventive,True,61,False,False,False
EQP-7920E58C,UNIT-9626,haul_truck,Komatsu,2019,open_pit,south_africa,19416,2023-06-23,condition_based,brakes,general_component,routine,3.2,4837.65,438.0,predictive,False,47,False,False,False
EQP-192D94CD,UNIT-4762,loader,Volvo,2015,open_pit,tanzania,36061,2021-09-28,scheduled_maintenance,preventive,inspection,routine,2.6,2271.89,198.0,preventive,True,104,True,False,False
EQP-05EEB5DD,UNIT-5340,excavator,Liebherr,2018,open_pit,ghana,21958,2024-08-16,scheduled_maintenance,preventive,adjustment,minor,6.5,31225.62,1159.0,preventive,True,12,False,False,False
EQP-AA9F1608,UNIT-5203,crusher,Sandvik,2019,open_pit,zambia,19525,2023-11-10,scheduled_maintenance,preventive,oil_change,routine,8.6,9741.67,1679.0,preventive,True,37,False,False,False
EQP-41E519DE,UNIT-8043,drill_rig,Epiroc,2013,open_pit,ghana,43547,2023-08-24,breakdown,drill_string,general_component,minor,6.0,7935.55,221.0,corrective,False,13,False,False,False
EQP-95FCB0FB,UNIT-1584,excavator,Komatsu,2023,open_pit,south_africa,4239,2023-10-22,breakdown,undercarriage,general_component,major,34.9,70353.28,6903.0,corrective,False,21,True,False,False
EQP-EF407623,UNIT-1744,haul_truck,Komatsu,2008,underground,ghana,65941,2020-02-24,breakdown,electrical,wiring,minor,9.7,19194.14,797.0,corrective,False,99,True,False,False
EQP-9C087A42,UNIT-3482,haul_truck,Caterpillar,2022,open_pit,south_africa,8054,2024-01-21,inspection,preventive,inspection,routine,3.8,4021.81,462.0,preventive,True,34,False,True,False
EQP-DFE64B1B,UNIT-5379,haul_truck,Caterpillar,2008,underground,tanzania,62077,2022-12-24,breakdown,transmission,gearbox,critical,66.4,84488.76,9752.0,corrective,False,115,True,False,False
EQP-822D2B30,UNIT-7039,conveyor,ThyssenKrupp,2014,underground,ghana,39086,2020-12-01,breakdown,roller,general_component,critical,30.5,40508.29,8591.0,corrective,False,127,False,False,False
EQP-C670EF06,UNIT-5415,excavator,Liebherr,2021,underground,botswana,12262,2023-11-02,scheduled_maintenance,preventive,filter_replace,routine,4.4,9750.53,810.0,preventive,True,70,False,False,False
EQP-C98483B5,UNIT-4970,haul_truck,Caterpillar,2018,underground,drc,24092,2020-07-09,condition_based,tires,front_right,routine,3.0,2630.94,287.0,predictive,False,130,False,False,False
EQP-F855590C,UNIT-9439,crusher,Metso,2013,open_pit,south_africa,45624,2023-01-17,condition_based,motor,general_component,routine,8.5,8505.16,1531.0,predictive,False,13,True,True,True
EQP-01F44037,UNIT-2449,crusher,Sandvik,2022,underground,ghana,8960,2022-10-21,scheduled_maintenance,preventive,oil_change,minor,32.1,28231.82,5617.0,preventive,True,6,False,False,False
EQP-AFA4AAC0,UNIT-6144,conveyor,ThyssenKrupp,2010,underground,south_africa,56930,2020-02-21,scheduled_maintenance,preventive,inspection,minor,2.9,8176.36,1258.0,preventive,True,144,False,False,False
EQP-7F3A3360,UNIT-5879,grader,Komatsu,2018,underground,tanzania,23782,2021-11-05,condition_based,transmission,driveshaft,routine,3.8,2649.88,39.0,predictive,False,49,True,False,False
EQP-06A0F40A,UNIT-5260,excavator,Hitachi,2016,open_pit,south_africa,33099,2020-08-04,inspection,preventive,filter_replace,routine,4.4,7723.27,625.0,preventive,True,36,False,True,False
EQP-C091C9A0,UNIT-8267,loader,Caterpillar,2011,underground,tanzania,51104,2024-08-30,scheduled_maintenance,preventive,oil_change,routine,3.3,4257.49,280.0,preventive,True,183,False,False,True
EQP-7C7D0117,UNIT-3402,haul_truck,Komatsu,2022,open_pit,south_africa,8968,2023-12-13,condition_based,electrical,sensors,routine,2.1,4522.19,179.0,predictive,False,19,True,False,False
EQP-17D9D0CA,UNIT-9583,crusher,Sandvik,2020,open_pit,ghana,15717,2024-11-27,breakdown,liner,general_component,minor,18.6,58228.02,3415.0,corrective,False,14,False,False,False
EQP-61FFA7FF,UNIT-3983,pump,Weir,2008,open_pit,south_africa,62552,2022-05-28,scheduled_maintenance,preventive,adjustment,routine,1.5,1525.09,86.0,preventive,True,1,False,True,True
EQP-30B52BAA,UNIT-5904,loader,Komatsu,2009,open_pit,zimbabwe,60593,2021-08-14,inspection,preventive,inspection,routine,2.5,4506.36,128.0,preventive,True,26,False,False,False
EQP-AC3686B0,UNIT-5685,conveyor,FLSmidth,2008,underground,drc,65397,2024-09-20,breakdown,motor,general_component,minor,2.0,7678.6,728.0,corrective,False,12,False,True,False
EQP-0C07E3A5,UNIT-8647,conveyor,ThyssenKrupp,2014,processing_plant,botswana,39593,2021-07-06,scheduled_maintenance,preventive,oil_change,minor,3.0,6000.95,1123.0,preventive,True,7,False,False,False
EQP-ABFF81B7,UNIT-4949,excavator,Komatsu,2014,open_pit,ghana,41562,2022-01-16,condition_based,electrical,wiring,minor,9.6,29280.59,1868.0,predictive,False,11,False,False,False
EQP-EAB0E0A1,UNIT-3560,crusher,FLSmidth,2019,underground,south_africa,18344,2020-08-28,inspection,preventive,inspection,routine,11.6,10254.04,3007.0,preventive,True,81,False,False,False
EQP-A6959221,UNIT-1194,loader,Volvo,2018,underground,zimbabwe,22803,2024-01-19,breakdown,transmission,driveshaft,major,23.7,55978.47,2335.0,corrective,False,35,False,False,False
EQP-64417A76,UNIT-4272,pump,KSB,2008,processing_plant,zambia,63853,2020-08-03,inspection,preventive,filter_replace,minor,3.6,7873.1,316.0,preventive,True,45,False,True,False
EQP-5D301AE1,UNIT-8435,drill_rig,Caterpillar,2015,underground,tanzania,35629,2020-03-04,breakdown,rotation,general_component,major,17.8,34491.17,881.0,corrective,False,60,False,True,True
EQP-764EA646,UNIT-1089,haul_truck,Belaz,2020,open_pit,drc,15332,2024-02-08,inspection,preventive,oil_change,routine,2.5,5104.95,234.0,preventive,True,62,True,True,False
EQP-CB4BFF80,UNIT-9064,conveyor,Metso,2022,open_pit,zimbabwe,8133,2024-02-22,inspection,preventive,inspection,minor,5.8,4676.98,1693.0,preventive,True,121,True,False,False
EQP-9F72B16D,UNIT-5884,haul_truck,Komatsu,2012,underground,south_africa,47471,2024-03-16,condition_based,brakes,general_component,routine,3.9,6572.6,407.0,predictive,False,36,False,True,True
EQP-A1A6F519,UNIT-2262,haul_truck,Hitachi,2008,open_pit,botswana,63641,2024-03-26,overhaul,transmission,torque_converter,major,20.3,61980.53,2271.0,major_overhaul,True,192,True,True,True
EQP-70F4F88B,UNIT-3719,excavator,Liebherr,2010,processing_plant,south_africa,56278,2020-09-12,overhaul,bucket,general_component,major,27.5,95439.13,5018.0,major_overhaul,True,110,False,False,False
EQP-2D50E0E5,UNIT-5985,crusher,Metso,2013,processing_plant,tanzania,43332,2021-10-13,overhaul,shaft,general_component,major,65.6,114450.59,15168.0,major_overhaul,True,10,False,False,False
EQP-0AC6B6DD,UNIT-3840,haul_truck,Komatsu,2015,processing_plant,south_africa,35893,2023-10-09,scheduled_maintenance,preventive,oil_change,minor,6.6,23444.64,966.0,preventive,True,58,True,False,False
EQP-5C35DC25,UNIT-1977,haul_truck,Caterpillar,2013,open_pit,tanzania,43354,2021-07-11,scheduled_maintenance,preventive,filter_replace,minor,6.9,9640.79,667.0,preventive,True,40,False,False,False
EQP-F9AB1963,UNIT-6993,haul_truck,Caterpillar,2009,underground,tanzania,58794,2023-11-01,breakdown,hydraulics,pump,major,14.5,57302.79,1717.0,corrective,False,26,False,False,True
EQP-C82B8100,UNIT-7049,grader,Komatsu,2013,underground,tanzania,44763,2024-06-25,breakdown,electrical,starter,major,15.1,25042.86,249.0,corrective,False,139,False,False,False
EQP-105C6D1A,UNIT-2069,crusher,Metso,2012,open_pit,drc,49707,2024-09-26,condition_based,motor,general_component,routine,5.8,9097.1,1006.0,predictive,False,18,False,False,False
EQP-5458CE4B,UNIT-3530,haul_truck,Belaz,2015,open_pit,drc,37064,2023-10-31,breakdown,engine,turbo,major,22.2,44695.76,2973.0,corrective,False,268,False,False,True
EQP-A5D478D8,UNIT-3194,haul_truck,Belaz,2009,open_pit,tanzania,60331,2023-12-06,overhaul,transmission,clutch,major,12.0,42926.16,1475.0,major_overhaul,True,104,False,False,False
EQP-23C13568,UNIT-6934,conveyor,ThyssenKrupp,2020,open_pit,zambia,15358,2022-12-12,breakdown,gearbox,general_component,minor,3.7,8655.39,1103.0,corrective,False,175,False,False,False
EQP-6ED4F6AC,UNIT-7571,excavator,Caterpillar,2014,processing_plant,zambia,39713,2020-05-20,breakdown,undercarriage,general_component,critical,66.6,267286.47,9414.0,corrective,False,8,False,False,False
EQP-50453A63,UNIT-7542,conveyor,Metso,2013,processing_plant,south_africa,45057,2022-02-24,breakdown,roller,general_component,major,8.3,13798.17,3405.0,corrective,False,182,False,False,False
EQP-1B71C35E,UNIT-9447,drill_rig,Epiroc,2022,open_pit,drc,5718,2024-09-11,breakdown,compressor,general_component,major,16.6,43001.42,719.0,corrective,False,97,False,False,False
EQP-927FFD78,UNIT-7917,grader,John Deere,2019,underground,ghana,19636,2024-06-29,breakdown,electrical,alternator,minor,10.6,4897.63,150.0,corrective,False,67,False,False,False
EQP-AA59E22A,UNIT-3885,excavator,Liebherr,2010,open_pit,zambia,56734,2021-03-05,scheduled_maintenance,preventive,inspection,routine,4.8,4345.21,827.0,preventive,True,68,False,False,False
EQP-E53E9A86,UNIT-1969,crusher,Sandvik,2010,open_pit,south_africa,54861,2023-09-06,breakdown,bearing,general_component,minor,28.5,30133.72,5389.0,corrective,False,21,False,True,False
EQP-02DD75B8,UNIT-6531,haul_truck,Caterpillar,2008,open_pit,drc,64423,2021-07-06,inspection,preventive,filter_replace,routine,3.5,2565.52,343.0,preventive,True,56,False,False,False
EQP-1EA04798,UNIT-9243,pump,KSB,2016,underground,tanzania,32376,2022-01-20,scheduled_maintenance,preventive,oil_change,routine,1.3,1748.3,66.0,preventive,True,1,False,True,False
EQP-3D3D6C5A,UNIT-9775,pump,KSB,2013,underground,drc,42545,2023-03-14,condition_based,bearing,general_component,routine,1.3,1478.24,97.0,predictive,False,23,True,True,True
EQP-0943CD7B,UNIT-3071,crusher,Sandvik,2014,processing_plant,tanzania,40086,2022-06-13,condition_based,hydraulics,hose,routine,6.6,11043.65,1176.0,predictive,False,30,True,False,True
EQP-7CA8FC22,UNIT-3127,drill_rig,Caterpillar,2016,processing_plant,south_africa,31382,2022-12-23,breakdown,drill_string,general_component,major,11.1,37781.22,445.0,corrective,False,57,False,False,False
EQP-3758494D,UNIT-1336,haul_truck,Belaz,2016,open_pit,drc,32416,2020-06-26,breakdown,hydraulics,filter,critical,76.3,160115.78,11248.0,corrective,False,14,False,False,False
EQP-A1A14E9D,UNIT-2271,loader,Komatsu,2008,underground,drc,64669,2021-06-18,inspection,preventive,inspection,routine,4.3,4363.26,430.0,preventive,True,139,False,False,False
EQP-E248CBD9,UNIT-5993,crusher,Metso,2009,open_pit,drc,60398,2023-12-30,condition_based,liner,general_component,routine,8.1,11835.41,1670.0,predictive,False,328,False,False,False
EQP-A1F14C93,UNIT-5920,haul_truck,Hitachi,2020,open_pit,zimbabwe,16072,2023-01-19,breakdown,tires,front_right,minor,4.3,19615.83,559.0,corrective,False,25,False,False,True
EQP-9B59B0CE,UNIT-4337,drill_rig,Epiroc,2023,underground,south_africa,4288,2024-02-24,condition_based,hydraulics,filter,minor,7.5,12060.85,368.0,predictive,False,308,False,False,True
EQP-C69A72B1,UNIT-3789,drill_rig,Caterpillar,2021,open_pit,drc,10823,2024-10-03,scheduled_maintenance,preventive,filter_replace,routine,2.9,1894.1,110.0,preventive,True,4,False,False,False
EQP-49524958,UNIT-8467,loader,Volvo,2022,open_pit,south_africa,7969,2021-10-02,breakdown,engine,injector,major,28.9,27023.92,1928.0,corrective,False,39,True,False,False
EQP-4E1FBE11,UNIT-5139,crusher,Sandvik,2015,open_pit,zambia,35203,2021-04-20,breakdown,hydraulics,hose,major,61.7,63717.19,10697.0,corrective,False,50,True,False,False
EQP-86E7254A,UNIT-8273,crusher,Sandvik,2021,open_pit,tanzania,13031,2021-07-11,condition_based,hydraulics,hose,minor,27.5,47141.02,4851.0,predictive,False,66,True,False,True
EQP-4D7B850A,UNIT-9667,crusher,Sandvik,2022,processing_plant,south_africa,8683,2022-10-27,scheduled_maintenance,preventive,oil_change,routine,5.7,7183.77,1585.0,preventive,True,5,False,False,False
EQP-9F833420,UNIT-3853,excavator,Hitachi,2022,open_pit,drc,8680,2021-03-30,scheduled_maintenance,preventive,filter_replace,minor,7.0,31252.25,881.0,preventive,True,116,False,True,False
EQP-EA6A4068,UNIT-2824,excavator,Hitachi,2010,underground,drc,57713,2021-12-03,breakdown,bucket,general_component,major,22.8,70474.37,2897.0,corrective,False,33,False,False,False
EQP-60D2C66A,UNIT-9575,haul_truck,Hitachi,2010,processing_plant,zimbabwe,55670,2020-11-08,breakdown,transmission,clutch,critical,55.6,175549.44,7284.0,corrective,False,38,False,False,False
EQP-620F59A6,UNIT-6712,loader,Komatsu,2014,underground,south_africa,39450,2021-11-25,breakdown,electrical,wiring,major,28.7,46641.37,2636.0,corrective,False,41,True,False,False
EQP-B8A1FEEB,UNIT-3617,drill_rig,Caterpillar,2016,open_pit,drc,31646,2024-09-02,scheduled_maintenance,preventive,filter_replace,routine,2.8,1733.04,85.0,preventive,True,21,False,False,True
EQP-782C34F3,UNIT-6596,drill_rig,Sandvik,2023,processing_plant,tanzania,2397,2022-02-02,inspection,preventive,filter_replace,minor,4.8,19694.98,203.0,preventive,True,26,False,True,False
EQP-306FAC58,UNIT-5634,haul_truck,Caterpillar,2013,open_pit,drc,42476,2023-09-28,condition_based,transmission,torque_converter,routine,2.5,3481.36,271.0,predictive,False,59,True,False,False
EQP-FE7B70F4,UNIT-9148,haul_truck,Belaz,2021,open_pit,zimbabwe,12621,2022-02-13,breakdown,tires,rear_left,major,15.7,64613.34,1503.0,corrective,False,21,False,False,False
EQP-7FE79630,UNIT-3303,conveyor,ThyssenKrupp,2022,underground,ghana,6604,2022-02-19,breakdown,roller,general_component,minor,4.1,4359.01,1558.0,corrective,False,18,False,True,False
EQP-5B2CDCA7,UNIT-9921,haul_truck,Hitachi,2023,open_pit,botswana,2925,2023-03-31,breakdown,electrical,wiring,minor,10.5,18028.45,1400.0,corrective,False,61,False,False,False
EQP-19899FAA,UNIT-9423,haul_truck,Komatsu,2011,underground,south_africa,51898,2020-07-17,inspection,preventive,adjustment,routine,3.5,4495.86,289.0,preventive,True,188,False,False,False
EQP-A5F2B8CA,UNIT-2626,loader,Komatsu,2011,open_pit,south_africa,51587,2021-10-01,scheduled_maintenance,preventive,filter_replace,minor,13.9,11519.85,744.0,preventive,True,141,False,False,False
EQP-E1BB07EC,UNIT-2481,excavator,Komatsu,2011,underground,drc,52885,2020-09-07,inspection,preventive,filter_replace,routine,4.3,4788.98,822.0,preventive,True,102,False,False,False
EQP-7598BE5E,UNIT-5797,excavator,Caterpillar,2019,underground,drc,20060,2020-12-24,scheduled_maintenance,preventive,inspection,minor,13.9,23058.63,2729.0,preventive,True,14,False,False,False
EQP-9DE3ADF4,UNIT-1404,drill_rig,Epiroc,2018,processing_plant,zambia,23201,2023-07-01,scheduled_maintenance,preventive,oil_change,routine,2.9,4344.77,111.0,preventive,True,68,False,False,False
EQP-9DA0921A,UNIT-3688,loader,Caterpillar,2014,open_pit,south_africa,40971,2020-11-10,scheduled_maintenance,preventive,adjustment,routine,4.0,3600.24,229.0,preventive,True,16,False,False,True
EQP-242550F1,UNIT-4915,excavator,Komatsu,2009,open_pit,south_africa,60728,2020-12-31,scheduled_maintenance,preventive,inspection,minor,8.0,12657.26,863.0,preventive,True,25,False,False,False
EQP-256D2D10,UNIT-9723,loader,Komatsu,2016,processing_plant,zimbabwe,30589,2022-10-28,scheduled_maintenance,preventive,filter_replace,minor,8.3,9900.18,480.0,preventive,True,9,False,False,False
EQP-89251ADF,UNIT-9930,grader,Komatsu,2019,underground,ghana,20252,2021-09-18,breakdown,electrical,alternator,minor,4.6,15832.28,59.0,corrective,False,98,False,False,False
EQP-B5161DF4,UNIT-2363,crusher,Metso,2015,open_pit,zimbabwe,35284,2020-08-08,scheduled_maintenance,preventive,adjustment,routine,5.6,4078.47,1414.0,preventive,True,148,False,False,False
EQP-453B4C4F,UNIT-9024,drill_rig,Caterpillar,2012,open_pit,zambia,47258,2024-09-18,overhaul,drill_string,general_component,major,13.4,39431.86,372.0,major_overhaul,True,53,False,False,False
EQP-A5450E09,UNIT-1818,loader,Komatsu,2017,underground,south_africa,29869,2024-07-19,breakdown,tires,front_left,major,26.1,31601.66,1484.0,corrective,False,37,False,False,False
EQP-360CAF2D,UNIT-7736,drill_rig,Caterpillar,2018,underground,zimbabwe,24124,2022-11-12,condition_based,electrical,starter,routine,1.5,2727.72,64.0,predictive,False,55,False,False,False
EQP-85F2F712,UNIT-8609,drill_rig,Epiroc,2017,underground,tanzania,27782,2022-08-02,overhaul,drill_string,general_component,major,11.9,30710.59,374.0,major_overhaul,True,17,False,False,False
EQP-B513A3F8,UNIT-9016,conveyor,ThyssenKrupp,2021,processing_plant,tanzania,12084,2023-12-26,scheduled_maintenance,preventive,inspection,minor,3.3,9828.83,1003.0,preventive,True,13,False,False,False
EQP-F6ACAC65,UNIT-3010,excavator,Hitachi,2013,open_pit,south_africa,44874,2024-10-18,scheduled_maintenance,preventive,filter_replace,routine,5.4,6410.18,855.0,preventive,True,4,False,False,False
EQP-B3DDADD5,UNIT-9040,haul_truck,Hitachi,2017,open_pit,drc,27298,2020-07-05,breakdown,engine,injector,major,14.2,41246.12,1149.0,corrective,False,148,False,False,True
EQP-05D30B23,UNIT-2043,drill_rig,Epiroc,2021,underground,botswana,11469,2020-06-24,condition_based,electrical,alternator,routine,1.3,3414.3,53.0,predictive,False,10,False,False,False
EQP-273AE23C,UNIT-5669,haul_truck,Komatsu,2011,processing_plant,zambia,52656,2021-08-17,inspection,preventive,adjustment,routine,3.1,1928.38,237.0,preventive,True,130,False,False,False
EQP-0697C67E,UNIT-5225,drill_rig,Epiroc,2012,open_pit,ghana,46483,2021-07-02,overhaul,drill_string,general_component,major,13.7,47799.43,422.0,major_overhaul,True,12,False,False,False
EQP-906D59D4,UNIT-3843,conveyor,ThyssenKrupp,2008,underground,south_africa,64990,2024-05-31,breakdown,roller,general_component,major,6.0,15163.64,2176.0,corrective,False,20,False,False,False
EQP-65E1B51A,UNIT-1199,grader,Komatsu,2013,open_pit,zimbabwe,42394,2022-07-03,overhaul,hydraulics,valve,major,21.2,37200.89,346.0,major_overhaul,True,104,True,False,False
EQP-64D1D3DB,UNIT-7947,haul_truck,Caterpillar,2008,open_pit,tanzania,63754,2023-12-29,scheduled_maintenance,preventive,inspection,routine,2.6,6355.23,235.0,preventive,True,12,False,False,False
EQP-FC640242,UNIT-4019,conveyor,ThyssenKrupp,2019,processing_plant,botswana,18401,2023-04-16,scheduled_maintenance,preventive,oil_change,minor,4.2,3900.92,1973.0,preventive,True,9,False,False,False
EQP-AC646557,UNIT-6954,drill_rig,Caterpillar,2009,open_pit,botswana,58943,2023-07-26,breakdown,electrical,sensors,minor,7.0,19434.49,336.0,corrective,False,22,False,True,False
EQP-1681DA79,UNIT-4691,haul_truck,Hitachi,2019,open_pit,ghana,21297,2024-09-17,breakdown,brakes,general_component,minor,4.4,29812.74,489.0,corrective,False,151,False,False,False
EQP-69F8F340,UNIT-4362,haul_truck,Komatsu,2017,underground,zambia,29044,2022-11-23,scheduled_maintenance,preventive,oil_change,minor,5.4,25619.05,515.0,preventive,True,37,False,True,False
EQP-66542435,UNIT-8975,haul_truck,Komatsu,2023,open_pit,south_africa,5151,2023-10-29,scheduled_maintenance,preventive,oil_change,routine,2.7,4208.96,225.0,preventive,True,7,False,False,False
EQP-0F750B7C,UNIT-1850,haul_truck,Hitachi,2013,open_pit,south_africa,42551,2021-04-29,overhaul,brakes,general_component,major,14.1,60264.5,2050.0,major_overhaul,True,37,False,True,False
EQP-815215F0,UNIT-7628,excavator,Hitachi,2013,underground,south_africa,42948,2021-04-12,breakdown,electrical,alternator,critical,45.8,124195.58,5192.0,corrective,False,120,False,False,False
EQP-D66DE3F9,UNIT-7720,drill_rig,Epiroc,2011,open_pit,botswana,52339,2022-11-19,inspection,preventive,filter_replace,routine,1.8,4684.48,58.0,preventive,True,142,False,False,False
EQP-C7A1988A,UNIT-4419,conveyor,FLSmidth,2016,underground,south_africa,32715,2024-06-10,scheduled_maintenance,preventive,filter_replace,routine,1.3,943.52,432.0,preventive,True,98,False,False,False
EQP-55F03237,UNIT-3361,haul_truck,Komatsu,2011,open_pit,drc,51200,2020-04-01,breakdown,electrical,battery,major,22.2,62251.87,2112.0,corrective,False,70,False,False,False
EQP-DA800AED,UNIT-1047,haul_truck,Caterpillar,2009,open_pit,drc,59421,2022-06-20,breakdown,engine,turbo,minor,8.8,25534.46,661.0,corrective,False,82,True,False,False
EQP-4181BE55,UNIT-9430,haul_truck,Caterpillar,2023,underground,ghana,2868,2020-12-30,condition_based,brakes,general_component,routine,3.8,7317.45,344.0,predictive,False,20,False,False,False
EQP-0B9C7890,UNIT-9528,conveyor,Metso,2018,open_pit,drc,25658,2024-05-10,inspection,preventive,oil_change,routine,1.3,2147.62,568.0,preventive,True,106,False,False,False
EQP-7F1D25D2,UNIT-3168,excavator,Komatsu,2009,processing_plant,south_africa,59525,2022-07-21,breakdown,bucket,general_component,minor,11.7,34541.29,1410.0,corrective,False,5,False,False,False
EQP-C06941C3,UNIT-1287,conveyor,FLSmidth,2017,processing_plant,ghana,28031,2020-03-16,scheduled_maintenance,preventive,filter_replace,minor,3.2,7790.38,1411.0,preventive,True,50,False,False,False
EQP-430005C1,UNIT-2104,haul_truck,Komatsu,2012,processing_plant,drc,48083,2020-01-04,scheduled_maintenance,preventive,oil_change,routine,1.8,4959.88,191.0,preventive,True,3,False,False,False
EQP-3B1A8CF4,UNIT-1608,haul_truck,Belaz,2010,open_pit,tanzania,57105,2023-02-25,scheduled_maintenance,preventive,oil_change,routine,2.0,1751.3,162.0,preventive,True,92,False,False,False
EQP-A8D0D6E9,UNIT-8479,pump,Weir,2015,open_pit,zimbabwe,35047,2021-02-22,condition_based,impeller,general_component,routine,0.9,1956.32,82.0,predictive,False,78,False,False,False
EQP-9A130B0A,UNIT-9026,haul_truck,Komatsu,2020,processing_plant,tanzania,17168,2020-03-15,inspection,preventive,inspection,routine,3.3,4193.83,405.0,preventive,True,10,False,False,False
EQP-A3F60827,UNIT-2379,haul_truck,Caterpillar,2008,open_pit,ghana,62721,2020-10-01,breakdown,tires,rear_left,major,16.2,65855.47,1959.0,corrective,False,99,False,False,False
EQP-B80A0308,UNIT-7719,haul_truck,Komatsu,2013,underground,south_africa,45165,2020-10-04,breakdown,engine,oil_pump,major,12.4,46977.84,1070.0,corrective,False,269,True,False,True
EQP-EBC68D27,UNIT-2613,pump,Metso,2022,processing_plant,drc,6284,2021-09-13,breakdown,bearing,general_component,major,10.5,13472.72,852.0,corrective,False,75,False,True,True
EQP-E4359541,UNIT-4304,conveyor,Metso,2014,open_pit,botswana,39895,2023-07-16,overhaul,motor,general_component,major,7.5,16935.25,3369.0,major_overhaul,True,53,True,True,True
EQP-BEE856AB,UNIT-6393,conveyor,Metso,2009,open_pit,south_africa,61625,2024-03-25,scheduled_maintenance,preventive,filter_replace,minor,5.6,9925.06,2795.0,preventive,True,22,False,True,False
EQP-EB9F428B,UNIT-7478,pump,KSB,2014,underground,south_africa,40697,2022-08-15,breakdown,impeller,general_component,major,10.9,10536.18,911.0,corrective,False,139,False,True,False
EQP-9A18279F,UNIT-8870,haul_truck,Belaz,2018,underground,botswana,24421,2024-09-01,condition_based,transmission,driveshaft,routine,2.3,4510.59,247.0,predictive,False,70,False,False,False
EQP-0DEA85FE,UNIT-1403,pump,Weir,2023,open_pit,botswana,2951,2023-11-25,scheduled_maintenance,preventive,oil_change,routine,1.1,647.5,100.0,preventive,True,34,True,False,False
EQP-729CAD6A,UNIT-2767,haul_truck,Caterpillar,2018,underground,south_africa,23265,2020-10-24,scheduled_maintenance,preventive,filter_replace,routine,4.0,4464.73,315.0,preventive,True,99,False,False,False
EQP-39B4D5A7,UNIT-3524,conveyor,Metso,2008,underground,zimbabwe,65344,2023-08-16,breakdown,motor,general_component,major,10.9,18189.48,3868.0,corrective,False,52,False,True,True
EQP-6605309D,UNIT-3792,drill_rig,Epiroc,2020,open_pit,drc,16472,2021-02-19,condition_based,hydraulics,cylinder,routine,2.9,1546.6,126.0,predictive,False,23,True,False,False
EQP-F527D9B9,UNIT-9981,excavator,Liebherr,2020,open_pit,drc,16890,2024-09-29,condition_based,engine,injector,routine,2.5,7586.04,340.0,predictive,False,6,True,False,True
EQP-E4BB2AFF,UNIT-7995,grader,Caterpillar,2018,underground,drc,24073,2024-03-04,breakdown,transmission,torque_converter,major,19.2,35871.7,203.0,corrective,False,27,True,False,False
EQP-71F5DF77,UNIT-3883,haul_truck,Caterpillar,2022,underground,botswana,7718,2020-04-25,breakdown,electrical,starter,major,15.2,66721.24,1266.0,corrective,False,159,False,False,False
EQP-C29025F7,UNIT-9745,pump,Metso,2020,processing_plant,south_africa,16766,2020-11-06,breakdown,motor,general_component,major,8.2,16750.67,479.0,corrective,False,37,False,True,True
EQP-0A8C39B0,UNIT-5493,excavator,Liebherr,2011,open_pit,tanzania,52259,2022-03-05,condition_based,undercarriage,general_component,routine,2.7,3127.07,494.0,predictive,False,31,False,False,False
EQP-250704B1,UNIT-5506,crusher,Sandvik,2014,processing_plant,south_africa,39830,2023-08-27,breakdown,motor,general_component,major,62.9,115932.06,16236.0,corrective,False,57,False,True,False
EQP-1134E068,UNIT-4902,pump,KSB,2016,underground,zambia,30585,2022-09-21,scheduled_maintenance,preventive,inspection,minor,4.1,6190.14,362.0,preventive,True,29,False,False,False
EQP-73BD6A27,UNIT-2294,haul_truck,Hitachi,2015,underground,zambia,36953,2020-06-02,scheduled_maintenance,preventive,adjustment,routine,3.5,6056.12,501.0,preventive,True,21,True,False,False
EQP-C7D985E9,UNIT-9408,grader,Caterpillar,2018,open_pit,zimbabwe,24440,2023-02-05,overhaul,hydraulics,hose,major,13.4,33025.63,175.0,major_overhaul,True,1,True,False,False
EQP-FDA9FFB8,UNIT-1125,conveyor,FLSmidth,2019,open_pit,botswana,19393,2023-03-12,scheduled_maintenance,preventive,inspection,routine,2.0,1757.6,872.0,preventive,True,52,False,True,False
EQP-79F5A27A,UNIT-2568,crusher,FLSmidth,2009,underground,zimbabwe,61179,2024-07-31,scheduled_maintenance,preventive,oil_change,routine,7.3,11732.91,1494.0,preventive,True,14,True,False,False
EQP-C856107C,UNIT-3066,haul_truck,Hitachi,2017,open_pit,zimbabwe,28243,2021-04-23,scheduled_maintenance,preventive,inspection,minor,11.6,26677.28,1554.0,preventive,True,1,False,False,False
EQP-B238DAEE,UNIT-3513,conveyor,Metso,2008,open_pit,ghana,64263,2020-03-09,condition_based,belt,general_component,routine,1.6,1638.64,678.0,predictive,False,35,True,False,False
EQP-89479478,UNIT-2186,crusher,Metso,2016,processing_plant,botswana,32883,2023-09-11,inspection,preventive,inspection,minor,14.6,21538.35,4358.0,preventive,True,22,False,False,False
EQP-F4167F39,UNIT-1161,drill_rig,Epiroc,2014,open_pit,drc,40668,2023-06-18,overhaul,hydraulics,valve,major,16.0,44478.71,703.0,major_overhaul,True,19,True,False,True
EQP-AAF26C15,UNIT-7098,haul_truck,Komatsu,2011,processing_plant,drc,52293,2022-07-23,scheduled_maintenance,preventive,filter_replace,minor,8.5,22372.88,641.0,preventive,True,13,False,False,False
EQP-45E54C65,UNIT-9722,haul_truck,Hitachi,2023,underground,drc,3811,2023-05-30,scheduled_maintenance,preventive,oil_change,routine,2.1,5619.67,268.0,preventive,True,25,False,False,False
EQP-065C0E9B,UNIT-2096,loader,Komatsu,2012,processing_plant,ghana,49983,2020-11-18,scheduled_maintenance,preventive,adjustment,routine,2.6,2612.19,143.0,preventive,True,10,False,False,True
EQP-37D89B13,UNIT-3668,haul_truck,Komatsu,2008,open_pit,zambia,63266,2020-08-14,condition_based,transmission,driveshaft,routine,3.9,2397.96,452.0,predictive,False,38,True,False,False
EQP-936B2E2B,UNIT-5556,crusher,Sandvik,2013,underground,ghana,44745,2021-12-25,condition_based,hydraulics,hose,routine,12.0,12368.66,2083.0,predictive,False,49,False,False,True
EQP-F7053FA0,UNIT-9346,pump,Weir,2020,underground,south_africa,15916,2024-05-28,scheduled_maintenance,preventive,inspection,routine,1.5,479.07,112.0,preventive,True,32,False,False,False
EQP-F219E083,UNIT-7247,haul_truck,Komatsu,2008,processing_plant,botswana,64454,2022-07-14,scheduled_maintenance,preventive,oil_change,routine,2.0,3914.08,269.0,preventive,True,111,False,False,False
EQP-FE69143F,UNIT-7894,haul_truck,Komatsu,2015,open_pit,botswana,37233,2023-02-24,breakdown,electrical,sensors,critical,43.1,189493.86,4167.0,corrective,False,14,False,False,False
EQP-CB926624,UNIT-6229,crusher,FLSmidth,2014,open_pit,drc,39688,2024-11-27,condition_based,shaft,general_component,minor,17.1,15784.37,2957.0,predictive,False,12,False,False,False
EQP-7555C5C3,UNIT-4752,haul_truck,Hitachi,2021,processing_plant,botswana,12601,2021-06-28,breakdown,transmission,driveshaft,major,19.3,56865.29,1903.0,corrective,False,6,True,False,False
EQP-7B4A7698,UNIT-2797,conveyor,FLSmidth,2008,open_pit,drc,64265,2022-05-14,scheduled_maintenance,preventive,oil_change,routine,1.3,739.25,381.0,preventive,True,90,True,True,False
EQP-4068C83D,UNIT-8777,crusher,Metso,2008,underground,ghana,63358,2023-05-19,breakdown,liner,general_component,major,49.6,81730.34,8806.0,corrective,False,45,False,False,False
EQP-60FDC805,UNIT-8236,conveyor,Metso,2017,open_pit,botswana,29258,2020-09-29,breakdown,pulley,general_component,major,10.8,24903.53,4583.0,corrective,False,1,False,False,False
EQP-9A8FD08D,UNIT-1225,excavator,Caterpillar,2010,open_pit,zambia,56711,2021-12-24,breakdown,electrical,alternator,minor,17.6,26808.17,3000.0,corrective,False,49,False,False,True
EQP-7BBC4A2C,UNIT-7437,crusher,Metso,2019,underground,zimbabwe,19565,2022-09-26,condition_based,motor,general_component,routine,6.2,14619.27,1422.0,predictive,False,141,False,True,False
EQP-A0ACA3A9,UNIT-1759,conveyor,ThyssenKrupp,2012,underground,drc,49103,2021-06-30,condition_based,pulley,general_component,routine,1.3,1485.27,407.0,predictive,False,90,False,False,False
EQP-516EE30B,UNIT-7650,haul_truck,Caterpillar,2016,underground,drc,31168,2021-01-31,scheduled_maintenance,preventive,adjustment,routine,2.9,6320.55,333.0,preventive,True,62,True,False,True
EQP-0B52D4DF,UNIT-8432,conveyor,Metso,2008,open_pit,south_africa,63971,2022-02-27,scheduled_maintenance,preventive,adjustment,routine,1.1,575.98,536.0,preventive,True,47,False,False,False
EQP-8149CC97,UNIT-2179,grader,John Deere,2019,underground,botswana,19570,2024-05-02,inspection,preventive,filter_replace,minor,7.2,7495.13,100.0,preventive,True,59,True,False,False
EQP-122E10F9,UNIT-4904,crusher,Metso,2016,processing_plant,south_africa,32751,2022-01-18,inspection,preventive,filter_replace,routine,5.2,6398.69,1110.0,preventive,True,77,True,True,False
EQP-F8A50116,UNIT-2113,drill_rig,Caterpillar,2008,open_pit,drc,63520,2024-02-10,scheduled_maintenance,preventive,filter_replace,routine,1.3,1279.2,49.0,preventive,True,5,False,False,False
EQP-880747E0,UNIT-6104,excavator,Liebherr,2012,open_pit,south_africa,48758,2023-05-02,condition_based,electrical,wiring,routine,5.2,9616.81,613.0,predictive,False,7,False,False,False
EQP-2E43099B,UNIT-9347,haul_truck,Belaz,2008,open_pit,zambia,64594,2020-08-19,condition_based,tires,front_right,routine,2.4,4528.07,224.0,predictive,False,113,False,False,False
EQP-1A28E616,UNIT-1727,haul_truck,Komatsu,2008,underground,ghana,63624,2024-07-03,condition_based,hydraulics,valve,minor,9.7,20841.86,1230.0,predictive,False,70,False,True,False
EQP-72FF7B18,UNIT-4577,haul_truck,Komatsu,2019,open_pit,zimbabwe,21829,2022-11-25,breakdown,hydraulics,pump,critical,28.6,192103.76,2492.0,corrective,False,14,False,False,True
EQP-38EB3CF6,UNIT-9757,pump,Metso,2014,underground,drc,39254,2022-10-20,scheduled_maintenance,preventive,oil_change,routine,1.6,797.7,128.0,preventive,True,39,False,False,False
EQP-589265DC,UNIT-3708,haul_truck,Caterpillar,2020,open_pit,south_africa,14590,2023-06-07,breakdown,hydraulics,pump,major,19.8,71593.64,2058.0,corrective,False,103,True,False,False
EQP-8114C9F5,UNIT-2189,loader,Komatsu,2012,underground,south_africa,48856,2020-03-16,inspection,preventive,inspection,routine,4.5,4411.17,294.0,preventive,True,133,False,False,False
EQP-C91A294F,UNIT-5396,haul_truck,Belaz,2019,processing_plant,south_africa,17850,2021-03-28,condition_based,tires,rear_right,routine,2.1,2241.61,244.0,predictive,False,1,False,True,False
EQP-D6A95A81,UNIT-5574,excavator,Komatsu,2017,underground,zimbabwe,29491,2023-12-01,overhaul,bucket,general_component,major,27.9,67707.34,3420.0,major_overhaul,True,106,True,False,False
EQP-B65487C2,UNIT-6965,drill_rig,Sandvik,2018,open_pit,tanzania,24101,2023-02-01,breakdown,rotation,general_component,major,17.1,20044.21,560.0,corrective,False,39,False,True,False
EQP-D2944C32,UNIT-3823,excavator,Hitachi,2021,open_pit,ghana,10573,2021-12-01,scheduled_maintenance,preventive,oil_change,minor,8.6,30242.3,1311.0,preventive,True,49,True,False,False
EQP-E9A67782,UNIT-9599,loader,Komatsu,2019,underground,drc,19051,2022-04-12,condition_based,engine,cooling_system,minor,6.2,15424.5,514.0,predictive,False,61,True,False,True
EQP-52A4781F,UNIT-5688,pump,KSB,2019,open_pit,south_africa,18365,2023-01-20,inspection,preventive,oil_change,routine,1.2,1846.72,110.0,preventive,True,35,False,False,False
EQP-7880F16D,UNIT-3577,grader,Komatsu,2019,processing_plant,tanzania,20382,2022-05-17,inspection,preventive,oil_change,minor,11.7,15368.04,213.0,preventive,True,102,False,False,False
EQP-B6CCC062,UNIT-9641,haul_truck,Belaz,2015,open_pit,botswana,34673,2022-04-03,breakdown,tires,front_right,major,13.9,34417.97,1561.0,corrective,False,39,False,False,False
EQP-D8003FD6,UNIT-9322,loader,Komatsu,2019,open_pit,zimbabwe,20502,2022-09-19,overhaul,tires,front_right,major,16.8,27221.88,902.0,major_overhaul,True,82,True,False,False
EQP-FA63E56A,UNIT-5491,haul_truck,Belaz,2021,open_pit,south_africa,11695,2021-05-21,overhaul,engine,cooling_system,major,24.0,70459.09,2139.0,major_overhaul,True,47,True,False,True
EQP-568C6217,UNIT-1223,grader,Caterpillar,2019,underground,drc,19524,2022-10-23,overhaul,electrical,starter,major,16.7,28290.44,167.0,major_overhaul,True,26,True,False,False
EQP-0E317A86,UNIT-6371,drill_rig,Epiroc,2017,processing_plant,botswana,28509,2023-05-30,scheduled_maintenance,preventive,adjustment,routine,1.5,2878.71,44.0,preventive,True,5,True,False,False
EQP-F0539960,UNIT-5996,excavator,Komatsu,2009,open_pit,south_africa,60623,2023-07-01,inspection,preventive,adjustment,minor,12.7,27123.67,1309.0,preventive,True,1,False,False,False
EQP-1A0A3C52,UNIT-2333,haul_truck,Belaz,2014,open_pit,zimbabwe,41145,2023-01-21,breakdown,engine,head_gasket,minor,4.1,17994.04,527.0,corrective,False,15,False,False,True
EQP-8D4B8F7D,UNIT-6705,haul_truck,Hitachi,2009,open_pit,botswana,59366,2022-03-25,breakdown,engine,oil_pump,critical,47.8,213210.33,5543.0,corrective,False,29,True,False,True
EQP-F7290B84,UNIT-8566,haul_truck,Komatsu,2009,processing_plant,tanzania,59970,2023-03-25,breakdown,engine,head_gasket,minor,4.3,28854.06,334.0,corrective,False,30,True,False,False
EQP-9DECAB3F,UNIT-1952,grader,Caterpillar,2013,processing_plant,zambia,43364,2023-07-24,scheduled_maintenance,preventive,adjustment,minor,8.5,11271.79,137.0,preventive,True,83,False,False,False
EQP-9A82AA6E,UNIT-7509,loader,Volvo,2015,open_pit,drc,36162,2021-07-12,overhaul,transmission,clutch,major,24.4,35546.47,2213.0,major_overhaul,True,212,False,True,True
EQP-D6BC507E,UNIT-2262,pump,Metso,2016,underground,botswana,31221,2022-05-24,scheduled_maintenance,preventive,adjustment,routine,0.8,741.41,41.0,preventive,True,24,False,False,True
EQP-834647A8,UNIT-7738,haul_truck,Belaz,2022,underground,ghana,7575,2023-05-05,scheduled_maintenance,preventive,filter_replace,minor,8.1,29237.61,685.0,preventive,True,32,True,False,False
EQP-41E9D694,UNIT-4771,conveyor,FLSmidth,2020,underground,botswana,15580,2023-04-08,condition_based,belt,general_component,routine,1.9,1658.8,699.0,predictive,False,85,True,False,False
EQP-C4A60D76,UNIT-1058,excavator,Caterpillar,2014,open_pit,drc,40293,2022-06-11,scheduled_maintenance,preventive,adjustment,routine,3.8,6533.34,396.0,preventive,True,77,False,False,False
EQP-724E1791,UNIT-9695,conveyor,FLSmidth,2013,underground,zimbabwe,44002,2021-04-18,scheduled_maintenance,preventive,adjustment,minor,5.8,2749.98,1481.0,preventive,True,87,False,False,False
EQP-043DF07E,UNIT-2493,excavator,Hitachi,2019,underground,botswana,20506,2024-06-26,scheduled_maintenance,preventive,adjustment,routine,5.9,9347.1,934.0,preventive,True,10,False,False,False
EQP-90DA648F,UNIT-6363,excavator,Caterpillar,2012,open_pit,zambia,47893,2022-09-02,scheduled_maintenance,preventive,adjustment,routine,3.3,5756.82,516.0,preventive,True,37,False,False,False
EQP-3AC4477C,UNIT-2633,conveyor,Metso,2022,open_pit,ghana,7420,2022-08-31,scheduled_maintenance,preventive,filter_replace,routine,1.5,2499.5,677.0,preventive,True,4,False,False,False
EQP-87A915FA,UNIT-9396,haul_truck,Belaz,2020,open_pit,south_africa,16191,2022-04-22,inspection,preventive,inspection,minor,10.6,11276.97,857.0,preventive,True,47,False,False,False
EQP-37082AD2,UNIT-7644,drill_rig,Epiroc,2018,open_pit,tanzania,23082,2023-09-30,scheduled_maintenance,preventive,oil_change,routine,2.5,2304.82,119.0,preventive,True,1,True,False,False
EQP-0BA65DFD,UNIT-8238,crusher,Sandvik,2011,open_pit,zambia,52569,2021-06-27,scheduled_maintenance,preventive,filter_replace,routine,10.3,5520.9,1574.0,preventive,True,47,True,False,False
EQP-54FB12A3,UNIT-4888,haul_truck,Hitachi,2017,processing_plant,ghana,27714,2024-08-14,scheduled_maintenance,preventive,inspection,minor,6.1,16025.96,595.0,preventive,True,41,False,False,False
EQP-0A38E817,UNIT-5205,grader,Komatsu,2021,processing_plant,tanzania,12204,2020-04-22,inspection,preventive,adjustment,routine,3.8,3925.23,40.0,preventive,True,16,True,True,False
EQP-091BF27F,UNIT-6708,drill_rig,Sandvik,2009,open_pit,botswana,60220,2020-01-23,scheduled_maintenance,preventive,filter_replace,routine,1.6,2659.11,50.0,preventive,True,1,True,True,False
EQP-FEB58BB3,UNIT-8062,loader,Komatsu,2010,open_pit,tanzania,57601,2022-07-07,inspection,preventive,adjustment,routine,3.9,5170.08,354.0,preventive,True,155,True,False,False
EQP-BF0C7266,UNIT-8621,crusher,Metso,2016,underground,zambia,32381,2024-03-26,scheduled_maintenance,preventive,inspection,routine,11.2,12063.22,1890.0,preventive,True,25,False,False,False
EQP-476980DF,UNIT-1160,crusher,Metso,2013,open_pit,botswana,44073,2020-01-18,breakdown,hydraulics,filter,critical,132.4,284077.15,23869.0,corrective,False,69,True,False,False
EQP-99127A2B,UNIT-6971,crusher,Metso,2019,open_pit,tanzania,19307,2023-05-06,scheduled_maintenance,preventive,filter_replace,routine,8.8,9958.85,2127.0,preventive,True,51,False,False,False
EQP-B6053EF5,UNIT-1982,grader,John Deere,2014,processing_plant,south_africa,40802,2021-12-02,breakdown,electrical,wiring,minor,9.5,14220.5,97.0,corrective,False,18,False,False,False
EQP-D51217C5,UNIT-3591,conveyor,FLSmidth,2023,open_pit,botswana,3729,2020-02-09,breakdown,roller,general_component,minor,5.7,7084.97,2283.0,corrective,False,76,False,False,False
EQP-C510FFD0,UNIT-8464,excavator,Hitachi,2012,open_pit,drc,46474,2021-10-29,breakdown,engine,oil_pump,major,26.1,55895.79,4944.0,corrective,False,44,False,False,True
EQP-ED9ACB44,UNIT-3254,haul_truck,Belaz,2013,underground,botswana,43804,2023-03-09,condition_based,hydraulics,pump,routine,3.0,6679.02,241.0,predictive,False,5,True,False,True
EQP-27C51FD8,UNIT-8170,conveyor,FLSmidth,2008,underground,zimbabwe,64191,2023-02-14,scheduled_maintenance,preventive,filter_replace,minor,2.6,6671.24,654.0,preventive,True,27,False,False,False
EQP-505E2956,UNIT-5166,haul_truck,Hitachi,2011,open_pit,zambia,51181,2024-03-07,scheduled_maintenance,preventive,adjustment,minor,4.5,29550.2,475.0,preventive,True,22,False,False,False
EQP-F7E9FB9A,UNIT-3093,haul_truck,Belaz,2011,underground,ghana,51881,2024-11-12,scheduled_maintenance,preventive,inspection,minor,4.2,22251.58,582.0,preventive,True,14,False,False,False
EQP-5A70928E,UNIT-4007,haul_truck,Hitachi,2020,processing_plant,south_africa,15928,2020-04-07,scheduled_maintenance,preventive,inspection,minor,7.8,17599.2,1132.0,preventive,True,194,False,False,False
EQP-40D9C5DD,UNIT-5776,conveyor,ThyssenKrupp,2013,open_pit,ghana,43944,2024-03-24,inspection,preventive,oil_change,routine,1.5,1371.81,675.0,preventive,True,8,True,False,False
EQP-535DFA42,UNIT-7885,haul_truck,Caterpillar,2011,underground,zimbabwe,53234,2020-01-18,overhaul,tires,front_left,major,13.0,69604.75,1608.0,major_overhaul,True,6,False,False,False
EQP-6F5B1CCA,UNIT-6453,conveyor,ThyssenKrupp,2013,open_pit,tanzania,42688,2024-10-21,condition_based,motor,general_component,routine,1.0,2461.19,357.0,predictive,False,78,False,True,True
EQP-DE46F19B,UNIT-9398,loader,Volvo,2017,open_pit,south_africa,30033,2023-10-25,breakdown,tires,rear_left,minor,7.7,13386.36,689.0,corrective,False,172,False,False,False
EQP-C5453DF5,UNIT-8808,loader,Komatsu,2020,open_pit,south_africa,15967,2024-09-07,inspection,preventive,oil_change,routine,4.7,1982.49,413.0,preventive,True,3,False,False,False
EQP-BFA9ED42,UNIT-7779,excavator,Caterpillar,2023,open_pit,zimbabwe,4580,2020-05-01,inspection,preventive,oil_change,routine,2.8,2318.21,331.0,preventive,True,3,True,False,False
EQP-871AD387,UNIT-6427,conveyor,FLSmidth,2008,open_pit,ghana,64127,2020-05-13,breakdown,gearbox,general_component,major,8.9,14835.59,3818.0,corrective,False,88,False,True,False
EQP-A8B3FFCD,UNIT-3608,conveyor,ThyssenKrupp,2021,processing_plant,south_africa,10273,2024-11-08,scheduled_maintenance,preventive,inspection,routine,1.7,1183.96,762.0,preventive,True,108,False,False,False
EQP-3B0311EC,UNIT-4712,drill_rig,Epiroc,2014,open_pit,south_africa,38943,2021-05-22,scheduled_maintenance,preventive,adjustment,minor,8.2,11387.95,390.0,preventive,True,23,False,False,False
EQP-1FB7A4DD,UNIT-2069,crusher,Metso,2020,processing_plant,zambia,15475,2021-11-17,condition_based,hydraulics,filter,routine,9.8,4740.31,2543.0,predictive,False,23,True,False,True
EQP-2A7C4D95,UNIT-4367,haul_truck,Komatsu,2008,open_pit,zambia,64993,2021-06-18,scheduled_maintenance,preventive,filter_replace,minor,6.1,18584.89,793.0,preventive,True,26,False,False,False
EQP-2E533045,UNIT-9337,pump,Metso,2018,processing_plant,tanzania,22615,2020-10-09,breakdown,seal,general_component,minor,2.5,7660.19,238.0,corrective,False,58,True,False,False
EQP-1245BA8D,UNIT-4832,haul_truck,Belaz,2022,underground,ghana,7144,2020-05-07,breakdown,engine,cooling_system,major,13.9,40462.24,1245.0,corrective,False,72,True,True,False
EQP-703128D3,UNIT-2023,loader,Komatsu,2008,open_pit,south_africa,64164,2020-08-31,scheduled_maintenance,preventive,inspection,routine,4.3,4486.83,333.0,preventive,True,21,False,False,False
EQP-EB9391CA,UNIT-6866,conveyor,ThyssenKrupp,2020,underground,tanzania,16472,2024-03-03,condition_based,gearbox,general_component,routine,1.2,575.96,568.0,predictive,False,5,False,False,False
EQP-441D9CE1,UNIT-9662,haul_truck,Belaz,2009,underground,botswana,60442,2020-02-18,scheduled_maintenance,preventive,adjustment,routine,2.4,5362.86,294.0,preventive,True,96,False,False,False
EQP-D9FA961E,UNIT-8806,loader,Caterpillar,2023,open_pit,ghana,3015,2024-05-30,breakdown,engine,turbo,minor,6.8,22875.33,657.0,corrective,False,65,True,False,True
EQP-1E96092D,UNIT-3466,haul_truck,Caterpillar,2019,open_pit,tanzania,18402,2021-01-31,scheduled_maintenance,preventive,inspection,routine,2.6,3194.07,205.0,preventive,True,81,False,True,False
EQP-4A5C9BF1,UNIT-5084,loader,Volvo,2022,underground,zimbabwe,8539,2022-12-24,overhaul,transmission,driveshaft,major,20.0,53384.47,1214.0,major_overhaul,True,47,True,False,False
EQP-0002425A,UNIT-5778,conveyor,FLSmidth,2022,underground,botswana,9433,2021-04-08,breakdown,belt,general_component,minor,3.4,3118.37,1038.0,corrective,False,46,False,False,False
EQP-CD804A2E,UNIT-3230,haul_truck,Belaz,2013,open_pit,drc,43654,2024-05-22,scheduled_maintenance,preventive,adjustment,minor,4.3,15560.3,348.0,preventive,True,28,False,True,False
EQP-0AAAB125,UNIT-3417,haul_truck,Belaz,2014,underground,south_africa,38855,2020-03-13,scheduled_maintenance,preventive,adjustment,routine,2.7,1540.21,329.0,preventive,True,37,False,False,False
EQP-F627D4A7,UNIT-3129,loader,Komatsu,2019,open_pit,south_africa,19570,2023-07-09,breakdown,tires,front_left,critical,37.8,123919.7,2649.0,corrective,False,107,False,False,False
EQP-B46EE35C,UNIT-9950,excavator,Caterpillar,2010,open_pit,zimbabwe,56394,2024-08-09,inspection,preventive,inspection,routine,4.3,4478.72,534.0,preventive,True,37,False,False,False
EQP-230EF6A8,UNIT-7713,grader,Komatsu,2012,underground,tanzania,47766,2022-03-03,overhaul,tires,front_left,major,20.0,32626.14,346.0,major_overhaul,True,5,False,False,False
EQP-75F156BB,UNIT-8566,loader,Komatsu,2009,processing_plant,drc,61407,2022-03-22,scheduled_maintenance,preventive,filter_replace,routine,3.6,2613.65,302.0,preventive,True,9,False,False,False
EQP-89E93CA9,UNIT-8348,crusher,Metso,2022,open_pit,south_africa,8924,2020-09-26,scheduled_maintenance,preventive,oil_change,routine,5.9,12877.14,920.0,preventive,True,24,False,False,False
EQP-D0060A91,UNIT-9631,excavator,Hitachi,2011,open_pit,south_africa,52184,2024-04-30,breakdown,bucket,general_component,major,29.1,57487.4,4189.0,corrective,False,57,False,False,False
EQP-5AF90E2E,UNIT-1947,crusher,Metso,2014,open_pit,zambia,38045,2024-09-21,scheduled_maintenance,preventive,adjustment,routine,7.8,5679.83,2013.0,preventive,True,74,False,False,False
EQP-847F707D,UNIT-8933,pump,Weir,2015,underground,botswana,35307,2022-06-12,breakdown,seal,general_component,major,8.2,13934.32,452.0,corrective,False,17,True,False,False
EQP-E14B9C72,UNIT-1598,haul_truck,Komatsu,2014,open_pit,ghana,39451,2023-05-31,scheduled_maintenance,preventive,adjustment,routine,2.0,5438.75,269.0,preventive,True,44,True,False,False
EQP-357199B7,UNIT-5278,excavator,Komatsu,2020,open_pit,zambia,15253,2023-09-26,breakdown,hydraulics,pump,critical,119.5,366618.19,19312.0,corrective,False,14,True,False,True
EQP-D331AB3E,UNIT-6349,haul_truck,Hitachi,2022,open_pit,drc,8190,2021-09-29,condition_based,engine,cooling_system,routine,2.5,6381.05,322.0,predictive,False,34,True,True,False
EQP-475BF76B,UNIT-4220,excavator,Liebherr,2017,processing_plant,tanzania,28211,2020-01-08,overhaul,engine,cooling_system,major,26.2,71470.24,3276.0,major_overhaul,True,40,True,False,True
EQP-8C0224B8,UNIT-2315,loader,Komatsu,2021,open_pit,tanzania,10325,2020-08-19,breakdown,hydraulics,filter,major,16.4,59218.49,1433.0,corrective,False,61,True,False,False
EQP-628E2CA5,UNIT-2730,drill_rig,Caterpillar,2009,underground,south_africa,60804,2024-06-02,condition_based,drill_string,general_component,routine,2.4,2186.07,70.0,predictive,False,88,False,True,False
EQP-C11BE6B4,UNIT-8421,conveyor,ThyssenKrupp,2023,open_pit,zimbabwe,4016,2023-12-09,inspection,preventive,filter_replace,routine,1.1,2498.93,512.0,preventive,True,5,False,False,False
EQP-ED91CF4A,UNIT-3868,excavator,Hitachi,2009,open_pit,tanzania,60357,2020-06-19,breakdown,electrical,battery,major,31.3,63111.09,3775.0,corrective,False,12,False,False,False
EQP-180D1781,UNIT-3792,haul_truck,Komatsu,2009,open_pit,botswana,60744,2023-12-14,overhaul,engine,cooling_system,major,12.8,41808.37,1217.0,major_overhaul,True,24,True,False,False
EQP-AA546F90,UNIT-9309,excavator,Hitachi,2008,open_pit,zambia,63233,2024-05-08,scheduled_maintenance,preventive,inspection,minor,9.6,21483.93,1604.0,preventive,True,47,False,False,False
EQP-374A3216,UNIT-2294,loader,Caterpillar,2011,open_pit,south_africa,53258,2022-09-04,scheduled_maintenance,preventive,filter_replace,routine,4.2,4011.92,280.0,preventive,True,10,False,False,False
EQP-CCD0446A,UNIT-9236,conveyor,FLSmidth,2021,open_pit,zambia,11858,2022-03-23,condition_based,gearbox,general_component,routine,1.3,1447.87,425.0,predictive,False,130,False,True,False
EQP-5D6853E5,UNIT-9287,excavator,Hitachi,2012,open_pit,zambia,49512,2024-12-04,breakdown,bucket,general_component,minor,6.4,11505.63,680.0,corrective,False,3,False,False,False
EQP-EDFAAD23,UNIT-6386,loader,Caterpillar,2020,open_pit,ghana,15106,2024-04-18,breakdown,electrical,sensors,minor,12.9,12408.12,1174.0,corrective,False,24,False,False,False
EQP-BE374752,UNIT-2489,haul_truck,Caterpillar,2014,open_pit,botswana,41438,2021-11-26,scheduled_maintenance,preventive,oil_change,minor,11.7,18565.95,1281.0,preventive,True,7,False,False,False
EQP-DE007670,UNIT-2402,excavator,Liebherr,2009,open_pit,south_africa,59096,2022-05-08,condition_based,bucket,general_component,routine,3.8,7306.35,529.0,predictive,False,35,False,False,False
EQP-DDF175C2,UNIT-3562,haul_truck,Hitachi,2015,open_pit,botswana,38548,2024-08-22,inspection,preventive,filter_replace,minor,9.0,28943.63,841.0,preventive,True,64,False,False,False
EQP-A26B1E54,UNIT-6196,pump,Weir,2011,open_pit,drc,51048,2024-07-16,scheduled_maintenance,preventive,oil_change,routine,1.2,1929.45,93.0,preventive,True,26,False,False,False
EQP-D6FD1E59,UNIT-2382,crusher,Sandvik,2012,underground,south_africa,49056,2023-02-08,breakdown,motor,general_component,major,56.0,106263.0,13100.0,corrective,False,22,False,False,True
EQP-A6850E97,UNIT-5100,conveyor,Metso,2016,processing_plant,drc,31637,2023-03-13,breakdown,gearbox,general_component,minor,5.0,6768.18,1253.0,corrective,False,53,False,True,False
EQP-7FFA1FD5,UNIT-2039,haul_truck,Belaz,2020,underground,zambia,16715,2023-08-18,overhaul,engine,oil_pump,major,19.6,61411.49,1596.0,major_overhaul,True,22,False,True,False
EQP-1A9A0E08,UNIT-5862,haul_truck,Belaz,2017,open_pit,tanzania,27959,2021-06-04,breakdown,transmission,clutch,major,15.8,67589.71,1911.0,corrective,False,20,False,True,False
EQP-9863CE67,UNIT-1190,conveyor,ThyssenKrupp,2011,processing_plant,drc,50908,2024-07-08,inspection,preventive,adjustment,routine,1.0,1990.45,321.0,preventive,True,32,False,False,False
EQP-8C0EE75F,UNIT-7380,excavator,Komatsu,2019,processing_plant,south_africa,17203,2021-06-13,breakdown,electrical,wiring,critical,81.7,316153.49,16208.0,corrective,False,76,False,False,False
EQP-650F02EE,UNIT-1498,grader,Caterpillar,2019,open_pit,botswana,22507,2024-02-05,breakdown,hydraulics,valve,minor,9.3,9367.3,116.0,corrective,False,65,True,False,True
EQP-5A46C59B,UNIT-2753,loader,Caterpillar,2011,open_pit,zambia,52073,2024-01-16,breakdown,engine,oil_pump,minor,10.7,21641.1,616.0,corrective,False,75,False,False,False
EQP-3B9CA396,UNIT-2571,drill_rig,Sandvik,2021,underground,ghana,9056,2021-06-03,scheduled_maintenance,preventive,oil_change,routine,1.4,3650.19,37.0,preventive,True,83,False,False,False
EQP-5D99E69A,UNIT-8478,loader,Volvo,2021,processing_plant,tanzania,12302,2023-12-24,scheduled_maintenance,preventive,adjustment,routine,3.1,1964.15,261.0,preventive,True,35,False,False,True
EQP-4C01776A,UNIT-1480,pump,Weir,2017,underground,south_africa,28689,2024-04-10,inspection,preventive,filter_replace,minor,5.0,5590.26,323.0,preventive,True,163,True,False,False
EQP-1F255281,UNIT-4862,drill_rig,Caterpillar,2012,underground,south_africa,47284,2022-06-12,scheduled_maintenance,preventive,adjustment,routine,1.5,2242.24,48.0,preventive,True,58,False,False,True
EQP-DCACF5BB,UNIT-6319,crusher,FLSmidth,2013,underground,drc,43291,2022-08-29,breakdown,hydraulics,filter,major,67.8,78276.01,11293.0,corrective,False,111,True,False,False
EQP-115E1A66,UNIT-5643,grader,Caterpillar,2015,processing_plant,zambia,35980,2022-07-05,scheduled_maintenance,preventive,inspection,routine,2.7,2876.32,28.0,preventive,True,7,False,False,False
EQP-C35E3069,UNIT-7125,haul_truck,Hitachi,2011,open_pit,drc,53202,2020-03-21,scheduled_maintenance,preventive,inspection,minor,10.3,21950.63,950.0,preventive,True,10,False,False,False
EQP-39AEA3E8,UNIT-8227,grader,Komatsu,2012,open_pit,botswana,48099,2022-08-30,condition_based,hydraulics,filter,routine,2.4,3855.1,34.0,predictive,False,128,True,False,True
EQP-F73E1FD2,UNIT-4542,haul_truck,Komatsu,2010,processing_plant,ghana,57463,2023-04-27,condition_based,tires,front_right,routine,2.5,7357.33,312.0,predictive,False,3,False,False,False
EQP-BE11AFF7,UNIT-8453,crusher,Sandvik,2010,open_pit,botswana,57131,2022-10-07,overhaul,shaft,general_component,major,70.8,96790.92,11695.0,major_overhaul,True,283,False,False,False
EQP-D854765A,UNIT-3861,loader,Caterpillar,2019,open_pit,south_africa,19771,2022-06-18,scheduled_maintenance,preventive,filter_replace,routine,3.7,2056.89,253.0,preventive,True,1,False,False,False
EQP-36615B46,UNIT-9858,conveyor,FLSmidth,2010,open_pit,south_africa,54429,2022-06-21,scheduled_maintenance,preventive,adjustment,minor,2.4,3553.44,1195.0,preventive,True,17,False,False,False
EQP-076338A4,UNIT-5540,drill_rig,Caterpillar,2015,open_pit,south_africa,35773,2022-08-23,scheduled_maintenance,preventive,filter_replace,routine,2.9,4897.03,122.0,preventive,True,26,False,False,True
EQP-6447E7CB,UNIT-7623,conveyor,FLSmidth,2014,open_pit,south_africa,40526,2024-07-30,scheduled_maintenance,preventive,filter_replace,minor,3.5,5469.16,1749.0,preventive,True,59,False,False,False
EQP-A76E003E,UNIT-8874,haul_truck,Caterpillar,2008,underground,drc,64059,2022-01-10,scheduled_maintenance,preventive,oil_change,routine,3.3,3556.7,267.0,preventive,True,99,False,False,False
EQP-B99D980F,UNIT-8133,haul_truck,Hitachi,2021,open_pit,tanzania,12634,2021-02-07,breakdown,electrical,alternator,minor,5.0,21475.8,527.0,corrective,False,211,True,False,False
EQP-E57887E7,UNIT-8659,excavator,Hitachi,2023,underground,tanzania,4863,2020-04-25,breakdown,undercarriage,general_component,minor,16.3,11719.41,2005.0,corrective,False,2,False,False,False
EQP-AE805F05,UNIT-5828,conveyor,Metso,2018,open_pit,zimbabwe,24530,2024-04-16,overhaul,gearbox,general_component,major,11.8,19701.36,5728.0,major_overhaul,True,10,False,False,True
EQP-551DE0E1,UNIT-1391,drill_rig,Caterpillar,2018,processing_plant,south_africa,23724,2020-11-20,overhaul,compressor,general_component,major,12.4,46272.52,591.0,major_overhaul,True,70,False,False,False
EQP-AB73882D,UNIT-5437,haul_truck,Caterpillar,2011,underground,tanzania,52519,2022-01-20,breakdown,hydraulics,cylinder,major,13.7,62592.12,1612.0,corrective,False,4,False,True,False
EQP-D2D3D352,UNIT-2633,grader,Caterpillar,2021,processing_plant,ghana,14235,2023-09-23,overhaul,tires,rear_right,major,18.7,26018.87,244.0,major_overhaul,True,13,False,False,False
EQP-BBAB0265,UNIT-9001,excavator,Komatsu,2020,open_pit,zimbabwe,14510,2020-11-17,condition_based,engine,head_gasket,routine,3.0,2929.13,463.0,predictive,False,36,True,False,True
EQP-DE0460BF,UNIT-3130,drill_rig,Epiroc,2015,open_pit,zimbabwe,36487,2021-02-25,breakdown,hydraulics,cylinder,major,13.0,27237.28,608.0,corrective,False,29,False,False,True
EQP-08420C7E,UNIT-3052,drill_rig,Caterpillar,2019,underground,south_africa,21832,2023-02-17,inspection,preventive,adjustment,routine,2.3,2061.7,90.0,preventive,True,7,True,True,False
EQP-8AE88FF8,UNIT-3244,haul_truck,Caterpillar,2023,processing_plant,drc,2825,2023-02-03,overhaul,engine,head_gasket,major,13.7,47321.52,1814.0,major_overhaul,True,14,True,False,False
EQP-2321967E,UNIT-6782,crusher,Metso,2017,open_pit,botswana,29001,2021-03-14,scheduled_maintenance,preventive,filter_replace,routine,11.6,4600.16,2937.0,preventive,True,97,False,False,False
EQP-FCAC1031,UNIT-6140,drill_rig,Epiroc,2011,underground,ghana,53134,2022-09-02,condition_based,drill_string,general_component,routine,2.5,3302.62,69.0,predictive,False,136,False,False,False
EQP-FB520D05,UNIT-9538,haul_truck,Belaz,2013,underground,zimbabwe,42523,2023-06-21,scheduled_maintenance,preventive,inspection,routine,2.5,3697.87,330.0,preventive,True,6,False,False,False
EQP-F4322B10,UNIT-4745,pump,KSB,2010,open_pit,botswana,56712,2021-02-02,scheduled_maintenance,preventive,filter_replace,routine,1.3,1194.19,79.0,preventive,True,21,False,False,False
EQP-410CC066,UNIT-3540,loader,Komatsu,2013,underground,ghana,43728,2022-03-08,condition_based,tires,front_right,routine,4.5,2568.65,421.0,predictive,False,2,False,False,False
EQP-02097652,UNIT-1443,crusher,FLSmidth,2022,open_pit,ghana,7939,2021-05-20,scheduled_maintenance,preventive,inspection,minor,23.4,35423.85,4597.0,preventive,True,46,False,False,False
EQP-30764818,UNIT-1063,grader,Komatsu,2011,open_pit,drc,51675,2024-08-19,scheduled_maintenance,preventive,filter_replace,routine,4.0,3080.48,63.0,preventive,True,47,False,False,True
EQP-333A89E9,UNIT-4362,grader,Komatsu,2022,processing_plant,tanzania,9312,2021-11-21,scheduled_maintenance,preventive,filter_replace,routine,1.7,1082.32,22.0,preventive,True,59,False,False,False
EQP-97B10E85,UNIT-9331,excavator,Hitachi,2012,open_pit,drc,47887,2024-03-20,inspection,preventive,oil_change,minor,9.3,25302.83,938.0,preventive,True,28,False,False,False
EQP-84B77304,UNIT-5713,conveyor,FLSmidth,2015,underground,drc,35536,2024-05-03,inspection,preventive,adjustment,routine,1.4,1736.66,623.0,preventive,True,92,False,False,False
EQP-75F0B4BF,UNIT-9041,conveyor,ThyssenKrupp,2016,underground,south_africa,31553,2020-10-28,breakdown,motor,general_component,minor,2.5,7507.57,1072.0,corrective,False,44,False,True,False
EQP-142F89D7,UNIT-1914,excavator,Caterpillar,2010,processing_plant,botswana,55659,2024-08-21,scheduled_maintenance,preventive,adjustment,routine,3.7,9382.34,712.0,preventive,True,64,False,False,False
EQP-041A91C1,UNIT-1839,haul_truck,Komatsu,2010,open_pit,tanzania,54920,2020-03-29,breakdown,tires,rear_left,major,18.2,65150.47,2146.0,corrective,False,38,False,False,False
EQP-83600630,UNIT-8500,haul_truck,Hitachi,2012,open_pit,zambia,47527,2021-11-27,scheduled_maintenance,preventive,inspection,routine,2.2,5933.97,196.0,preventive,True,44,False,False,False
EQP-E07E62CE,UNIT-1960,crusher,Metso,2008,open_pit,botswana,64117,2020-10-13,breakdown,liner,general_component,minor,16.0,54059.99,2810.0,corrective,False,43,False,False,False
EQP-7531B7BA,UNIT-1467,loader,Komatsu,2020,underground,zimbabwe,16404,2020-03-24,overhaul,tires,rear_right,major,19.0,56919.25,1320.0,major_overhaul,True,23,True,False,False
EQP-5F77A888,UNIT-4636,loader,Volvo,2016,open_pit,botswana,33204,2022-09-20,scheduled_maintenance,preventive,adjustment,routine,2.2,5228.88,146.0,preventive,True,9,False,False,True
EQP-20A46288,UNIT-9322,excavator,Caterpillar,2021,underground,south_africa,12240,2022-12-17,scheduled_maintenance,preventive,filter_replace,minor,8.4,28419.85,1183.0,preventive,True,365,False,False,False
EQP-2B046D79,UNIT-7203,haul_truck,Belaz,2021,open_pit,south_africa,11525,2022-11-13,condition_based,hydraulics,hose,minor,4.5,26469.69,413.0,predictive,False,7,True,False,False
EQP-A4346FF6,UNIT-1891,drill_rig,Epiroc,2013,open_pit,tanzania,42988,2022-01-21,breakdown,rotation,general_component,major,17.6,29792.36,875.0,corrective,False,131,False,True,False
EQP-9F6A513A,UNIT-8533,conveyor,ThyssenKrupp,2021,processing_plant,drc,12294,2023-11-17,breakdown,pulley,general_component,minor,2.6,9639.83,706.0,corrective,False,72,False,True,False
EQP-250C6105,UNIT-8591,grader,John Deere,2008,processing_plant,ghana,63882,2022-06-05,breakdown,transmission,driveshaft,minor,4.0,6081.55,70.0,corrective,False,17,True,False,False
EQP-8CB56CA8,UNIT-8205,grader,Caterpillar,2014,open_pit,zimbabwe,39915,2022-08-21,scheduled_maintenance,preventive,oil_change,routine,3.9,1533.49,61.0,preventive,True,31,False,False,False
EQP-696E5824,UNIT-9122,grader,Komatsu,2018,underground,zambia,24262,2022-03-06,inspection,preventive,adjustment,minor,10.1,5902.31,157.0,preventive,True,55,False,False,False
EQP-A3A4F3F4,UNIT-3158,loader,Caterpillar,2015,open_pit,ghana,36519,2021-01-08,breakdown,electrical,alternator,minor,7.7,19986.24,621.0,corrective,False,27,False,False,False
EQP-F9AFE998,UNIT-9815,pump,Weir,2019,underground,ghana,20269,2023-03-24,condition_based,casing,general_component,minor,5.5,4606.97,524.0,predictive,False,45,True,True,False
EQP-A69CB07F,UNIT-3885,drill_rig,Caterpillar,2021,open_pit,drc,11829,2024-02-01,breakdown,electrical,starter,minor,8.2,16070.46,343.0,corrective,False,22,False,False,False
EQP-5C2FFB03,UNIT-8217,haul_truck,Belaz,2014,underground,south_africa,39198,2021-07-01,scheduled_maintenance,preventive,filter_replace,routine,3.4,4560.39,324.0,preventive,True,45,False,False,False
EQP-04BADD2C,UNIT-6213,haul_truck,Caterpillar,2012,open_pit,south_africa,47387,2022-04-14,condition_based,hydraulics,valve,routine,3.0,3919.65,286.0,predictive,False,25,False,False,False
EQP-F5EF6621,UNIT-8014,excavator,Komatsu,2017,open_pit,drc,28848,2024-05-25,inspection,preventive,inspection,minor,13.0,36891.3,2377.0,preventive,True,26,False,False,False
EQP-D2DC50FE,UNIT-6649,excavator,Caterpillar,2021,underground,tanzania,11576,2021-01-06,overhaul,bucket,general_component,major,35.4,65928.67,5232.0,major_overhaul,True,44,True,False,False
EQP-89C012C4,UNIT-6781,haul_truck,Komatsu,2023,open_pit,drc,2653,2022-01-28,scheduled_maintenance,preventive,oil_change,routine,2.7,5210.4,345.0,preventive,True,129,False,False,False
EQP-6438F8A6,UNIT-6545,pump,KSB,2021,open_pit,ghana,13159,2021-04-30,scheduled_maintenance,preventive,inspection,routine,1.8,1773.76,124.0,preventive,True,25,True,False,False
EQP-6D04D03E,UNIT-8010,haul_truck,Caterpillar,2011,open_pit,zambia,51057,2021-09-06,breakdown,brakes,general_component,major,13.3,39566.82,1734.0,corrective,False,7,True,False,False
EQP-B9EB6EDD,UNIT-7650,pump,Metso,2011,open_pit,south_africa,52035,2022-04-06,breakdown,motor,general_component,critical,31.6,44163.44,2250.0,corrective,False,39,True,True,True
EQP-80C18FC0,UNIT-2210,loader,Volvo,2017,underground,ghana,28491,2024-07-19,overhaul,engine,oil_pump,major,29.8,29216.59,2225.0,major_overhaul,True,2,False,False,True
EQP-D2D20C65,UNIT-8433,crusher,FLSmidth,2014,open_pit,south_africa,40003,2020-01-23,scheduled_maintenance,preventive,inspection,routine,4.9,9512.26,1417.0,preventive,True,36,False,False,False
EQP-5B4E457B,UNIT-5824,crusher,Sandvik,2017,underground,zambia,25521,2021-10-06,scheduled_maintenance,preventive,adjustment,minor,18.2,50530.56,4081.0,preventive,True,13,False,False,False
EQP-DE1688D5,UNIT-3907,excavator,Hitachi,2022,processing_plant,south_africa,8390,2024-04-07,breakdown,engine,oil_pump,minor,15.4,11650.97,1886.0,corrective,False,313,False,True,False
EQP-8944E864,UNIT-5627,crusher,Sandvik,2016,open_pit,drc,33326,2020-05-29,breakdown,shaft,general_component,major,62.4,65429.78,14334.0,corrective,False,317,True,False,False
EQP-CD43296B,UNIT-9701,haul_truck,Caterpillar,2013,processing_plant,zambia,44786,2022-06-30,condition_based,engine,head_gasket,routine,3.4,5947.15,257.0,predictive,False,7,False,False,True
EQP-8A2350E5,UNIT-8717,grader,Caterpillar,2021,open_pit,tanzania,9876,2020-10-06,scheduled_maintenance,preventive,filter_replace,routine,4.0,3070.69,51.0,preventive,True,18,True,False,False
EQP-53D96D74,UNIT-8502,excavator,Hitachi,2015,open_pit,zimbabwe,38127,2022-10-03,overhaul,hydraulics,filter,major,19.7,64131.68,3160.0,major_overhaul,True,77,True,False,False
EQP-C18A6211,UNIT-5164,excavator,Hitachi,2017,open_pit,botswana,26674,2023-07-09,scheduled_maintenance,preventive,adjustment,routine,4.8,4885.54,514.0,preventive,True,188,False,False,False
EQP-A92E170C,UNIT-8056,crusher,Sandvik,2010,open_pit,zimbabwe,54921,2023-02-17,inspection,preventive,oil_change,minor,27.4,27691.5,5982.0,preventive,True,58,True,False,True
EQP-7EBFD5FD,UNIT-4465,crusher,FLSmidth,2016,open_pit,ghana,32781,2022-10-09,breakdown,hydraulics,valve,minor,16.9,17779.25,4053.0,corrective,False,61,False,False,False
EQP-47894139,UNIT-7174,drill_rig,Caterpillar,2014,open_pit,south_africa,40452,2023-08-29,breakdown,rotation,general_component,minor,4.3,12703.24,132.0,corrective,False,26,False,True,False
EQP-4E5402C7,UNIT-6755,conveyor,FLSmidth,2009,processing_plant,south_africa,60080,2022-08-20,breakdown,motor,general_component,major,9.9,19241.13,3014.0,corrective,False,28,False,True,True
EQP-445988D7,UNIT-3247,haul_truck,Komatsu,2011,underground,ghana,51430,2023-01-08,breakdown,electrical,sensors,critical,60.7,269706.88,7597.0,corrective,False,117,False,False,False
EQP-C1E30EA4,UNIT-3397,crusher,FLSmidth,2019,processing_plant,south_africa,21330,2020-05-27,overhaul,liner,general_component,major,57.6,108767.52,17057.0,major_overhaul,True,9,False,False,False
EQP-9AF3A56E,UNIT-1550,excavator,Liebherr,2010,underground,ghana,55960,2020-02-08,inspection,preventive,inspection,minor,11.5,14558.69,1503.0,preventive,True,1,False,True,False
EQP-9FBF797F,UNIT-2257,excavator,Caterpillar,2010,underground,zimbabwe,54434,2020-10-22,scheduled_maintenance,preventive,adjustment,routine,4.9,4465.42,592.0,preventive,True,113,False,False,False
EQP-4F4084D5,UNIT-4902,haul_truck,Belaz,2008,open_pit,zimbabwe,65232,2022-08-29,scheduled_maintenance,preventive,oil_change,minor,6.6,25163.03,982.0,preventive,True,21,True,False,False
EQP-EADA15EF,UNIT-5300,excavator,Caterpillar,2008,underground,ghana,64219,2021-12-14,scheduled_maintenance,preventive,adjustment,minor,8.8,28545.7,1614.0,preventive,True,167,False,False,False
EQP-0FDBD768,UNIT-2485,excavator,Liebherr,2014,open_pit,drc,41115,2021-10-20,scheduled_maintenance,preventive,oil_change,routine,4.5,8168.89,871.0,preventive,True,25,False,True,False
EQP-910D4B9C,UNIT-4751,drill_rig,Epiroc,2015,processing_plant,south_africa,36572,2022-03-17,breakdown,rotation,general_component,minor,6.7,11202.29,175.0,corrective,False,115,False,True,False
EQP-BBE57C93,UNIT-6436,haul_truck,Hitachi,2017,processing_plant,drc,30391,2024-11-15,scheduled_maintenance,preventive,oil_change,routine,3.5,1905.1,508.0,preventive,True,116,False,False,False
EQP-877188E0,UNIT-3092,haul_truck,Hitachi,2017,open_pit,drc,27690,2021-11-08,breakdown,brakes,general_component,critical,47.3,275728.67,6521.0,corrective,False,63,False,False,False
EQP-4EFB2BEC,UNIT-4043,conveyor,FLSmidth,2016,underground,ghana,32016,2022-03-10,inspection,preventive,inspection,routine,1.7,1198.43,552.0,preventive,True,35,False,True,False
EQP-10789F55,UNIT-4307,haul_truck,Komatsu,2023,underground,ghana,4719,2022-06-23,scheduled_maintenance,preventive,adjustment,routine,3.8,2000.3,463.0,preventive,True,15,True,False,False
EQP-83B0C858,UNIT-5544,crusher,FLSmidth,2011,underground,botswana,51696,2023-10-25,condition_based,bearing,general_component,minor,22.2,41409.96,3903.0,predictive,False,60,False,False,False
EQP-4AF13CBD,UNIT-4297,pump,Metso,2019,open_pit,drc,20802,2023-08-13,overhaul,impeller,general_component,major,9.3,16927.54,659.0,major_overhaul,True,24,False,False,False
EQP-F173074F,UNIT-7631,drill_rig,Epiroc,2009,underground,zambia,57052,2024-10-28,scheduled_maintenance,preventive,filter_replace,minor,8.5,12170.06,341.0,preventive,True,15,False,False,False
EQP-3ECB7019,UNIT-3947,grader,Caterpillar,2021,underground,south_africa,11927,2023-02-18,breakdown,blade,general_component,minor,6.4,11366.34,71.0,corrective,False,26,True,False,False
EQP-4A32CF7D,UNIT-4904,haul_truck,Caterpillar,2013,open_pit,south_africa,43897,2024-09-12,scheduled_maintenance,preventive,oil_change,routine,3.3,4003.55,487.0,preventive,True,44,False,False,False
EQP-4DE3F308,UNIT-4414,haul_truck,Hitachi,2013,underground,ghana,43860,2023-01-05,condition_based,tires,rear_right,routine,3.0,6382.09,434.0,predictive,False,41,True,False,False
EQP-9A4D0F12,UNIT-2646,crusher,Sandvik,2010,open_pit,botswana,55123,2022-08-26,scheduled_maintenance,preventive,oil_change,routine,7.8,12404.59,2185.0,preventive,True,136,False,False,False
EQP-B87296C5,UNIT-7171,loader,Komatsu,2016,processing_plant,south_africa,32906,2022-10-01,breakdown,hydraulics,hose,major,28.0,49918.96,1580.0,corrective,False,80,False,False,True
EQP-3F39956F,UNIT-3118,loader,Komatsu,2014,open_pit,ghana,39495,2022-05-14,breakdown,hydraulics,pump,minor,6.6,6357.82,551.0,corrective,False,9,True,False,True
EQP-7A439E1E,UNIT-3671,haul_truck,Belaz,2023,open_pit,botswana,4200,2020-12-27,condition_based,brakes,general_component,minor,4.3,19117.99,610.0,predictive,False,8,False,False,False
EQP-E4B7E477,UNIT-8133,loader,Volvo,2010,open_pit,drc,55962,2021-10-21,condition_based,transmission,torque_converter,routine,2.6,4969.66,148.0,predictive,False,15,False,True,False
EQP-395B4D62,UNIT-9538,excavator,Komatsu,2014,processing_plant,ghana,40500,2022-12-24,breakdown,undercarriage,general_component,minor,16.5,17346.18,2718.0,corrective,False,30,True,False,False
EQP-FC26AE24,UNIT-7036,excavator,Hitachi,2022,underground,zambia,9430,2022-12-27,condition_based,electrical,starter,routine,3.6,4073.61,434.0,predictive,False,14,False,True,False
EQP-B744141C,UNIT-9246,haul_truck,Hitachi,2020,open_pit,drc,16195,2020-10-12,scheduled_maintenance,preventive,filter_replace,routine,3.2,6925.49,406.0,preventive,True,75,False,False,False
EQP-3988C0D3,UNIT-8686,pump,Metso,2020,open_pit,botswana,16841,2023-12-17,breakdown,seal,general_component,minor,2.9,7050.29,239.0,corrective,False,81,False,False,False
EQP-67B3418B,UNIT-5327,haul_truck,Hitachi,2016,underground,south_africa,32144,2023-07-07,scheduled_maintenance,preventive,filter_replace,routine,2.8,7428.8,393.0,preventive,True,2,False,False,False
EQP-3B1CC6C5,UNIT-7931,loader,Volvo,2021,open_pit,tanzania,11493,2022-08-03,condition_based,engine,cooling_system,minor,10.2,14953.59,758.0,predictive,False,61,True,False,False
EQP-26015670,UNIT-3954,conveyor,Metso,2011,open_pit,ghana,51858,2022-03-25,condition_based,roller,general_component,routine,1.1,748.47,484.0,predictive,False,11,False,False,False
EQP-32ABAEB0,UNIT-5144,crusher,Sandvik,2020,processing_plant,tanzania,15716,2022-09-30,scheduled_maintenance,preventive,inspection,routine,7.6,3099.04,1359.0,preventive,True,49,True,False,False
EQP-DA5CC6B2,UNIT-5818,crusher,Metso,2017,open_pit,tanzania,28568,2022-11-12,breakdown,liner,general_component,major,45.4,123551.98,11186.0,corrective,False,17,False,False,True
EQP-95B25566,UNIT-9643,loader,Komatsu,2013,underground,tanzania,44106,2022-02-09,scheduled_maintenance,preventive,adjustment,routine,2.3,5120.03,216.0,preventive,True,30,False,False,False
EQP-155AC19F,UNIT-8636,haul_truck,Belaz,2011,open_pit,tanzania,51205,2024-04-02,scheduled_maintenance,preventive,inspection,minor,7.5,17136.44,969.0,preventive,True,80,False,False,False
EQP-B2873FE4,UNIT-5402,haul_truck,Hitachi,2016,underground,zimbabwe,31778,2020-10-11,scheduled_maintenance,preventive,filter_replace,minor,8.5,17080.43,1198.0,preventive,True,2,True,False,False
EQP-956751A6,UNIT-6872,conveyor,Metso,2008,underground,south_africa,62474,2021-11-02,scheduled_maintenance,preventive,filter_replace,routine,0.9,2180.54,367.0,preventive,True,30,False,False,False
EQP-BC133BCB,UNIT-2821,excavator,Liebherr,2019,open_pit,south_africa,19815,2021-12-16,scheduled_maintenance,preventive,inspection,routine,3.7,3488.39,574.0,preventive,True,39,False,False,False
EQP-FA21EC34,UNIT-8238,haul_truck,Belaz,2011,underground,ghana,52001,2020-06-28,breakdown,transmission,torque_converter,major,17.6,32854.87,2528.0,corrective,False,219,False,False,False
EQP-8C1D30E1,UNIT-5976,haul_truck,Komatsu,2014,processing_plant,drc,41808,2020-06-09,breakdown,electrical,battery,major,23.2,73456.26,2303.0,corrective,False,365,False,False,False
EQP-BB2DC178,UNIT-5793,excavator,Caterpillar,2011,processing_plant,ghana,53348,2024-05-23,breakdown,bucket,general_component,critical,87.3,262718.67,15263.0,corrective,False,98,False,False,False
EQP-3072E09E,UNIT-7895,haul_truck,Komatsu,2015,open_pit,zimbabwe,34965,2023-10-25,scheduled_maintenance,preventive,adjustment,routine,3.9,6134.25,495.0,preventive,True,41,True,False,False
EQP-BEF98938,UNIT-6695,haul_truck,Belaz,2013,open_pit,zimbabwe,44201,2021-10-18,scheduled_maintenance,preventive,oil_change,routine,2.9,7228.46,395.0,preventive,True,116,False,False,False
EQP-B7C163DA,UNIT-1652,grader,John Deere,2011,processing_plant,botswana,52219,2021-04-23,condition_based,electrical,sensors,routine,3.5,3393.34,52.0,predictive,False,187,False,False,False
EQP-B35F2956,UNIT-3593,excavator,Caterpillar,2022,open_pit,drc,7769,2022-01-01,breakdown,electrical,alternator,major,19.7,68056.53,2942.0,corrective,False,15,False,False,False
EQP-768C3D91,UNIT-2590,pump,Weir,2020,open_pit,tanzania,15833,2023-06-22,scheduled_maintenance,preventive,inspection,minor,4.3,5888.71,222.0,preventive,True,27,False,True,False
EQP-0E659BB6,UNIT-7613,pump,KSB,2014,open_pit,zimbabwe,39646,2021-06-16,breakdown,seal,general_component,minor,3.4,5793.47,328.0,corrective,False,32,False,False,False
EQP-5EE45C23,UNIT-1316,haul_truck,Komatsu,2008,processing_plant,botswana,65872,2020-04-29,breakdown,engine,cooling_system,major,20.7,71648.83,2154.0,corrective,False,94,True,False,True
EQP-E9488AFA,UNIT-2821,crusher,FLSmidth,2021,open_pit,tanzania,11583,2022-01-26,condition_based,motor,general_component,routine,11.1,4692.94,2584.0,predictive,False,44,False,True,True
EQP-F5B217D1,UNIT-6376,conveyor,FLSmidth,2019,open_pit,ghana,20340,2022-12-13,breakdown,gearbox,general_component,minor,4.8,7717.85,1438.0,corrective,False,51,True,True,False
EQP-248F249C,UNIT-7252,crusher,Metso,2016,underground,south_africa,29470,2022-07-26,breakdown,liner,general_component,minor,14.1,53827.02,3418.0,corrective,False,34,False,False,False
EQP-4E0904DC,UNIT-5529,haul_truck,Komatsu,2017,open_pit,botswana,28823,2020-11-06,scheduled_maintenance,preventive,adjustment,minor,9.0,15579.35,909.0,preventive,True,8,False,False,False
EQP-2A566CE2,UNIT-8745,haul_truck,Hitachi,2008,open_pit,zimbabwe,65184,2024-02-26,breakdown,brakes,general_component,critical,65.7,234366.92,7810.0,corrective,False,43,False,False,False
EQP-78530CB4,UNIT-9269,haul_truck,Komatsu,2015,open_pit,tanzania,34947,2023-02-10,inspection,preventive,filter_replace,routine,1.7,2999.08,221.0,preventive,True,84,True,False,False
EQP-B29053B9,UNIT-2188,conveyor,FLSmidth,2011,open_pit,tanzania,51488,2023-07-20,overhaul,motor,general_component,major,7.0,11320.49,2817.0,major_overhaul,True,108,False,False,False
EQP-A86EA56A,UNIT-9571,pump,Metso,2018,processing_plant,zimbabwe,24451,2024-09-19,scheduled_maintenance,preventive,oil_change,routine,1.6,440.65,82.0,preventive,True,11,False,False,False
EQP-0576B624,UNIT-6528,crusher,Sandvik,2022,open_pit,zimbabwe,8019,2022-07-12,breakdown,bearing,general_component,critical,124.9,388467.93,33837.0,corrective,False,17,False,False,False
EQP-32BA98A7,UNIT-6725,crusher,Metso,2016,processing_plant,botswana,32466,2022-11-08,scheduled_maintenance,preventive,adjustment,routine,5.2,3620.02,1217.0,preventive,True,30,False,False,False
EQP-ECE83A09,UNIT-1855,pump,Weir,2017,open_pit,botswana,27712,2023-10-06,scheduled_maintenance,preventive,adjustment,minor,5.6,5554.56,347.0,preventive,True,1,False,False,False
EQP-38C0B06B,UNIT-6596,crusher,Metso,2018,open_pit,ghana,25863,2023-10-25,scheduled_maintenance,preventive,filter_replace,minor,34.9,31898.6,6929.0,preventive,True,12,False,False,False
EQP-D36B648B,UNIT-7530,haul_truck,Hitachi,2022,open_pit,south_africa,7330,2024-03-06,breakdown,brakes,general_component,minor,7.0,7654.54,951.0,corrective,False,118,False,False,False
EQP-6FD6E3C8,UNIT-6226,grader,John Deere,2008,underground,south_africa,66691,2023-06-21,breakdown,electrical,starter,major,23.9,21435.44,463.0,corrective,False,54,False,False,False
EQP-AF5ADEC0,UNIT-1760,excavator,Hitachi,2012,open_pit,drc,49241,2020-04-14,breakdown,hydraulics,valve,major,33.4,84304.45,6057.0,corrective,False,52,False,False,True
EQP-FE399442,UNIT-5708,haul_truck,Komatsu,2012,open_pit,tanzania,48832,2021-09-22,scheduled_maintenance,preventive,adjustment,minor,8.4,16022.91,1188.0,preventive,True,26,False,False,True
EQP-EED9A7FE,UNIT-9422,drill_rig,Sandvik,2019,processing_plant,tanzania,18959,2022-12-02,scheduled_maintenance,preventive,filter_replace,routine,2.5,3902.22,93.0,preventive,True,3,True,False,False
EQP-0C66CF31,UNIT-7510,grader,Komatsu,2015,open_pit,drc,36909,2022-03-11,inspection,preventive,oil_change,routine,3.8,3407.91,54.0,preventive,True,66,False,False,False
EQP-ED7E5BDC,UNIT-2236,excavator,Liebherr,2020,processing_plant,ghana,16603,2020-03-18,breakdown,engine,head_gasket,major,31.1,87816.62,5657.0,corrective,False,25,True,False,True
EQP-6FC857C8,UNIT-9638,drill_rig,Epiroc,2015,open_pit,drc,33880,2021-04-26,condition_based,compressor,general_component,routine,1.8,3682.42,63.0,predictive,False,3,False,False,False
EQP-5AEFBB4B,UNIT-9628,haul_truck,Komatsu,2023,open_pit,tanzania,2595,2021-07-08,breakdown,brakes,general_component,major,14.3,63596.5,1830.0,corrective,False,48,False,False,False
EQP-2AEC61D3,UNIT-2524,haul_truck,Hitachi,2020,underground,zambia,16357,2020-03-06,breakdown,tires,rear_left,critical,48.2,203204.0,5831.0,corrective,False,53,False,False,False
EQP-FF945200,UNIT-8207,haul_truck,Caterpillar,2008,open_pit,south_africa,63866,2023-10-04,scheduled_maintenance,preventive,adjustment,routine,2.0,4288.56,173.0,preventive,True,123,False,False,False
EQP-92B9DC66,UNIT-4660,crusher,Sandvik,2023,open_pit,ghana,3483,2021-11-11,breakdown,bearing,general_component,major,36.8,65553.93,7224.0,corrective,False,58,False,True,True
EQP-3B7BC488,UNIT-6342,grader,John Deere,2023,open_pit,zambia,5078,2023-11-25,inspection,preventive,adjustment,minor,7.6,15701.26,92.0,preventive,True,83,False,False,False
EQP-CD7A4585,UNIT-5006,haul_truck,Hitachi,2008,open_pit,drc,63116,2024-04-15,overhaul,tires,rear_left,major,16.0,67810.97,1351.0,major_overhaul,True,67,False,True,False
EQP-008DC69D,UNIT-8042,excavator,Caterpillar,2014,underground,tanzania,39544,2024-05-09,breakdown,hydraulics,valve,major,19.7,80315.53,2798.0,corrective,False,52,False,False,False
EQP-7937D279,UNIT-9968,haul_truck,Caterpillar,2023,open_pit,botswana,3352,2024-06-22,breakdown,engine,cooling_system,major,22.5,58984.26,2022.0,corrective,False,18,False,False,True
EQP-FD6AFA0F,UNIT-8155,haul_truck,Komatsu,2021,processing_plant,south_africa,12510,2022-06-15,breakdown,electrical,alternator,major,13.5,55956.41,1085.0,corrective,False,39,False,False,False
EQP-2677F05A,UNIT-9381,conveyor,Metso,2015,open_pit,south_africa,34280,2021-03-12,inspection,preventive,filter_replace,minor,4.5,3208.15,1358.0,preventive,True,44,True,False,False
EQP-3429CD83,UNIT-9513,crusher,Sandvik,2016,open_pit,ghana,31502,2020-05-31,breakdown,hydraulics,filter,major,56.5,88746.36,13720.0,corrective,False,28,False,False,True
EQP-FC3BE626,UNIT-1810,crusher,FLSmidth,2008,open_pit,ghana,62277,2023-01-28,condition_based,motor,general_component,routine,11.8,7075.42,3201.0,predictive,False,31,False,True,False
EQP-5F7FA303,UNIT-3280,excavator,Komatsu,2017,underground,drc,27687,2020-08-16,breakdown,electrical,battery,major,22.6,87622.18,3306.0,corrective,False,51,False,False,False
EQP-539DB995,UNIT-7495,conveyor,FLSmidth,2018,processing_plant,south_africa,24723,2021-03-10,scheduled_maintenance,preventive,adjustment,routine,1.1,1709.92,443.0,preventive,True,61,False,False,False
EQP-6B703C4C,UNIT-6310,haul_truck,Caterpillar,2013,processing_plant,south_africa,44740,2021-03-15,breakdown,engine,oil_pump,major,19.5,47916.61,2414.0,corrective,False,9,False,False,True
EQP-14EF48D1,UNIT-1451,haul_truck,Caterpillar,2012,open_pit,tanzania,47272,2021-05-07,inspection,preventive,adjustment,routine,2.9,3468.53,359.0,preventive,True,12,False,False,False
EQP-5E91EDA9,UNIT-1855,grader,Komatsu,2021,open_pit,south_africa,12533,2021-10-31,condition_based,blade,general_component,routine,3.5,3532.41,70.0,predictive,False,29,True,True,False
EQP-EF7D2EF1,UNIT-5684,loader,Caterpillar,2015,processing_plant,tanzania,35814,2021-08-19,breakdown,electrical,starter,critical,42.1,201414.32,3387.0,corrective,False,99,False,False,False
EQP-18A135B9,UNIT-6544,grader,John Deere,2012,open_pit,ghana,49361,2022-08-05,breakdown,blade,general_component,critical,40.8,137571.82,631.0,corrective,False,36,False,True,False
EQP-C4814E4B,UNIT-2509,grader,Komatsu,2013,underground,ghana,43870,2024-09-19,scheduled_maintenance,preventive,inspection,routine,1.6,2065.31,30.0,preventive,True,57,False,False,False
EQP-0D8ADCD7,UNIT-2541,crusher,FLSmidth,2015,open_pit,south_africa,33026,2023-03-08,scheduled_maintenance,preventive,filter_replace,routine,10.0,8750.9,2431.0,preventive,True,13,False,False,False
EQP-F9EB023F,UNIT-2163,grader,Caterpillar,2012,open_pit,south_africa,48894,2023-05-01,inspection,preventive,inspection,minor,6.6,10879.33,96.0,preventive,True,18,False,True,False
EQP-508DCC54,UNIT-6083,drill_rig,Epiroc,2016,open_pit,ghana,31540,2020-10-19,scheduled_maintenance,preventive,oil_change,routine,1.6,1767.26,70.0,preventive,True,156,False,False,False
EQP-31231225,UNIT-1070,haul_truck,Belaz,2021,open_pit,tanzania,11725,2020-07-24,overhaul,electrical,wiring,major,19.3,46302.61,1772.0,major_overhaul,True,126,False,False,False
EQP-5C8946F1,UNIT-6151,haul_truck,Komatsu,2019,processing_plant,botswana,20335,2020-12-06,breakdown,brakes,general_component,major,15.0,52100.66,1882.0,corrective,False,36,False,False,False
EQP-ED5C01EE,UNIT-5282,haul_truck,Caterpillar,2011,underground,south_africa,50575,2024-03-07,inspection,preventive,oil_change,routine,1.7,5522.25,225.0,preventive,True,37,False,False,True
EQP-27D1503E,UNIT-5193,haul_truck,Komatsu,2015,processing_plant,south_africa,36074,2020-11-07,inspection,preventive,inspection,routine,2.2,4197.0,270.0,preventive,True,9,True,False,False
EQP-DA24483E,UNIT-7112,excavator,Liebherr,2016,underground,south_africa,32534,2024-11-06,scheduled_maintenance,preventive,adjustment,routine,5.5,3236.84,653.0,preventive,True,5,False,False,False
EQP-AF1472E9,UNIT-5703,crusher,FLSmidth,2018,open_pit,zimbabwe,24364,2023-09-20,overhaul,bearing,general_component,major,57.4,98259.63,13044.0,major_overhaul,True,180,False,True,False
EQP-9256C766,UNIT-7549,loader,Caterpillar,2020,open_pit,south_africa,15401,2024-02-01,scheduled_maintenance,preventive,oil_change,routine,3.4,3750.57,308.0,preventive,True,35,False,False,False
EQP-860DBF55,UNIT-7874,conveyor,Metso,2015,open_pit,south_africa,36991,2021-06-27,condition_based,roller,general_component,routine,1.4,1801.55,491.0,predictive,False,100,True,False,False
EQP-87CEEF41,UNIT-9280,haul_truck,Komatsu,2013,processing_plant,tanzania,43002,2020-10-08,breakdown,transmission,driveshaft,minor,12.0,26710.64,1735.0,corrective,False,3,False,True,False
EQP-15C5DCCF,UNIT-8192,loader,Caterpillar,2018,open_pit,tanzania,23374,2020-10-27,breakdown,hydraulics,hose,major,15.5,32369.9,812.0,corrective,False,28,False,False,False
EQP-30EF3E16,UNIT-5658,excavator,Hitachi,2010,processing_plant,zimbabwe,55863,2024-03-23,scheduled_maintenance,preventive,oil_change,routine,3.0,6477.83,500.0,preventive,True,76,False,False,False
EQP-BE027DD2,UNIT-5428,haul_truck,Belaz,2018,underground,south_africa,24295,2022-02-15,inspection,preventive,inspection,routine,3.7,4004.25,342.0,preventive,True,73,False,False,False
EQP-C2233F19,UNIT-3121,excavator,Caterpillar,2022,underground,ghana,7675,2022-01-06,overhaul,hydraulics,pump,major,27.6,81216.99,4550.0,major_overhaul,True,1,True,False,True
EQP-2E027CA1,UNIT-6395,excavator,Hitachi,2019,underground,south_africa,21228,2021-03-21,scheduled_maintenance,preventive,adjustment,routine,6.0,8994.15,1170.0,preventive,True,192,False,False,False
EQP-B7EB8280,UNIT-2252,excavator,Liebherr,2014,underground,zimbabwe,40295,2021-10-03,inspection,preventive,filter_replace,routine,4.9,5816.74,772.0,preventive,True,116,False,True,False
EQP-3D9A0F11,UNIT-9380,loader,Komatsu,2021,underground,tanzania,12075,2021-10-26,condition_based,transmission,clutch,routine,4.2,5252.03,302.0,predictive,False,19,False,False,False
EQP-6CC937A2,UNIT-8604,loader,Volvo,2016,underground,south_africa,32260,2023-09-10,condition_based,transmission,driveshaft,minor,10.8,6036.39,1004.0,predictive,False,6,True,False,False
EQP-A2F2BE73,UNIT-2077,crusher,Metso,2016,open_pit,tanzania,32732,2024-01-23,breakdown,motor,general_component,minor,12.4,56050.09,2722.0,corrective,False,8,False,True,False
EQP-FFD52056,UNIT-8072,haul_truck,Hitachi,2021,underground,drc,12240,2022-04-20,scheduled_maintenance,preventive,inspection,routine,3.8,6230.94,446.0,preventive,True,67,False,False,False
EQP-14C6C35C,UNIT-2053,loader,Caterpillar,2011,open_pit,tanzania,50190,2021-08-24,scheduled_maintenance,preventive,inspection,minor,10.2,8409.08,667.0,preventive,True,25,True,False,False
EQP-FE8A2285,UNIT-7490,crusher,FLSmidth,2020,underground,south_africa,17089,2022-03-24,condition_based,motor,general_component,routine,4.9,11103.63,1139.0,predictive,False,16,True,True,True
EQP-2431FFFD,UNIT-1789,haul_truck,Komatsu,2018,underground,ghana,24119,2020-11-10,scheduled_maintenance,preventive,adjustment,routine,2.1,4585.38,270.0,preventive,True,27,False,False,False
EQP-8BB207CC,UNIT-5393,crusher,Metso,2016,open_pit,south_africa,32684,2020-05-03,inspection,preventive,inspection,minor,20.4,58681.56,4618.0,preventive,True,25,False,False,False
EQP-4F22D459,UNIT-6920,drill_rig,Caterpillar,2009,underground,zimbabwe,59594,2021-02-22,overhaul,drill_string,general_component,major,11.6,29130.43,351.0,major_overhaul,True,153,False,False,False
EQP-33D45410,UNIT-7558,drill_rig,Caterpillar,2020,open_pit,south_africa,14173,2020-02-14,scheduled_maintenance,preventive,adjustment,routine,1.2,3436.03,31.0,preventive,True,54,False,False,False
EQP-E47F924F,UNIT-4767,haul_truck,Komatsu,2011,underground,ghana,49721,2020-03-02,condition_based,engine,head_gasket,routine,2.3,4637.15,210.0,predictive,False,32,False,False,True
EQP-F5AFBF6F,UNIT-9293,drill_rig,Sandvik,2022,underground,tanzania,7055,2021-03-05,scheduled_maintenance,preventive,oil_change,routine,2.8,1884.51,130.0,preventive,True,58,True,False,False
EQP-DE2A31FD,UNIT-7968,haul_truck,Caterpillar,2020,underground,zimbabwe,16517,2024-06-10,scheduled_maintenance,preventive,adjustment,routine,3.0,6382.03,441.0,preventive,True,91,False,False,False
EQP-EDE8B7B3,UNIT-2874,haul_truck,Belaz,2013,underground,zambia,45297,2020-11-29,scheduled_maintenance,preventive,adjustment,minor,6.6,24218.0,773.0,preventive,True,63,False,False,True
EQP-DCF705E3,UNIT-7040,haul_truck,Caterpillar,2014,open_pit,zimbabwe,40301,2023-06-08,overhaul,transmission,gearbox,major,13.1,54486.02,1797.0,major_overhaul,True,8,False,False,True
EQP-3B3ADA78,UNIT-7574,pump,KSB,2008,open_pit,zambia,62947,2020-09-21,inspection,preventive,inspection,routine,1.7,1910.48,89.0,preventive,True,41,False,False,False
EQP-80D39AD1,UNIT-4002,excavator,Hitachi,2015,underground,zambia,35215,2022-04-14,condition_based,bucket,general_component,routine,5.0,9413.32,927.0,predictive,False,55,False,True,False
EQP-01B9BAFC,UNIT-7643,excavator,Hitachi,2008,open_pit,ghana,65360,2022-12-28,scheduled_maintenance,preventive,oil_change,routine,2.4,8543.92,309.0,preventive,True,16,False,False,False
EQP-8051585B,UNIT-9084,excavator,Hitachi,2023,open_pit,south_africa,2689,2022-10-06,scheduled_maintenance,preventive,filter_replace,routine,6.0,3219.05,705.0,preventive,True,54,False,True,False
EQP-C60D639B,UNIT-8353,grader,Komatsu,2018,open_pit,drc,26101,2023-12-10,inspection,preventive,inspection,routine,2.2,3661.29,28.0,preventive,True,117,False,False,False
EQP-F5D44D6E,UNIT-7862,conveyor,Metso,2011,open_pit,south_africa,53876,2021-04-02,overhaul,motor,general_component,major,7.6,14587.16,2846.0,major_overhaul,True,1,False,True,False
EQP-1AF10288,UNIT-6709,grader,Komatsu,2020,processing_plant,drc,18134,2023-08-30,overhaul,blade,general_component,major,15.6,29681.87,248.0,major_overhaul,True,17,False,False,False
EQP-02FC2489,UNIT-3434,excavator,Caterpillar,2008,open_pit,drc,64380,2021-12-27,condition_based,undercarriage,general_component,routine,5.9,9797.97,594.0,predictive,False,154,True,False,False
EQP-556B2ED1,UNIT-8156,haul_truck,Belaz,2016,open_pit,south_africa,31658,2022-03-12,condition_based,engine,turbo,routine,3.6,2885.76,363.0,predictive,False,21,True,False,False
EQP-327CEE9A,UNIT-4277,conveyor,Metso,2009,processing_plant,tanzania,60356,2021-07-29,breakdown,roller,general_component,minor,4.5,3998.15,1918.0,corrective,False,38,False,False,False
EQP-4B25AA95,UNIT-5789,excavator,Liebherr,2008,processing_plant,zimbabwe,64908,2024-11-29,condition_based,electrical,battery,routine,4.2,8815.47,735.0,predictive,False,11,False,False,False
EQP-885C8D8A,UNIT-3829,loader,Caterpillar,2011,open_pit,zambia,51349,2024-01-24,scheduled_maintenance,preventive,oil_change,minor,8.3,6235.06,512.0,preventive,True,251,False,False,False
EQP-3600B6DB,UNIT-3816,grader,John Deere,2012,processing_plant,botswana,46898,2022-04-13,inspection,preventive,inspection,routine,2.4,1357.54,30.0,preventive,True,120,False,False,False
EQP-CED40F49,UNIT-2418,drill_rig,Epiroc,2019,open_pit,ghana,19716,2023-08-31,breakdown,drill_string,general_component,minor,5.0,9909.91,210.0,corrective,False,13,False,True,False
EQP-522EB477,UNIT-9650,pump,KSB,2022,underground,ghana,7227,2024-07-06,overhaul,casing,general_component,major,11.2,16859.4,901.0,major_overhaul,True,40,False,False,False
EQP-1D0F600F,UNIT-2329,conveyor,Metso,2020,open_pit,south_africa,17240,2021-05-25,scheduled_maintenance,preventive,inspection,routine,1.6,1460.93,599.0,preventive,True,9,False,False,False
EQP-4E9F02FB,UNIT-1776,excavator,Caterpillar,2019,open_pit,drc,19383,2021-08-10,breakdown,electrical,battery,major,25.3,63599.71,3913.0,corrective,False,43,False,False,False
EQP-E06F1815,UNIT-9424,drill_rig,Epiroc,2017,open_pit,south_africa,28095,2023-10-04,scheduled_maintenance,preventive,adjustment,routine,3.0,4674.98,112.0,preventive,True,16,False,False,True
EQP-358AA143,UNIT-5994,haul_truck,Caterpillar,2013,underground,tanzania,44983,2021-05-25,condition_based,brakes,general_component,minor,5.4,24507.99,570.0,predictive,False,31,False,False,False
EQP-1455B935,UNIT-4940,loader,Volvo,2012,open_pit,ghana,49279,2020-06-18,condition_based,tires,rear_right,routine,2.2,4237.59,197.0,predictive,False,3,False,True,False
EQP-EEBC20DC,UNIT-7636,haul_truck,Caterpillar,2023,open_pit,drc,4208,2022-12-07,condition_based,brakes,general_component,minor,6.9,15150.74,977.0,predictive,False,14,False,False,False
EQP-3A4B8485,UNIT-4449,excavator,Liebherr,2016,underground,drc,32384,2020-12-30,scheduled_maintenance,preventive,adjustment,routine,5.9,8871.07,968.0,preventive,True,32,False,True,False
EQP-0CA479AE,UNIT-2151,conveyor,FLSmidth,2017,open_pit,ghana,26983,2022-11-22,breakdown,roller,general_component,major,6.1,13796.35,1936.0,corrective,False,6,False,False,False
EQP-00EB7EFF,UNIT-7566,haul_truck,Belaz,2008,processing_plant,zimbabwe,65023,2020-07-10,inspection,preventive,oil_change,routine,1.8,7175.51,267.0,preventive,True,1,False,False,False
EQP-7774C08A,UNIT-2583,haul_truck,Caterpillar,2015,open_pit,zimbabwe,37263,2022-05-11,overhaul,engine,head_gasket,major,16.1,41721.09,1314.0,major_overhaul,True,7,False,False,True
EQP-162F9B18,UNIT-5976,crusher,Metso,2018,open_pit,zimbabwe,22129,2021-03-04,condition_based,liner,general_component,routine,11.9,12841.02,3484.0,predictive,False,2,False,False,False
EQP-AF2CBF22,UNIT-9540,haul_truck,Komatsu,2015,open_pit,zambia,37762,2022-08-09,breakdown,transmission,torque_converter,major,16.1,71139.52,1879.0,corrective,False,1,False,False,False
EQP-903A7BB4,UNIT-9424,drill_rig,Sandvik,2017,open_pit,drc,27299,2021-02-11,condition_based,drill_string,general_component,minor,7.1,8397.67,304.0,predictive,False,10,False,False,False
EQP-D48F5A51,UNIT-4246,excavator,Caterpillar,2020,open_pit,drc,16594,2021-03-28,breakdown,bucket,general_component,critical,108.6,168829.32,15460.0,corrective,False,17,False,False,False
EQP-735F6F96,UNIT-8021,haul_truck,Komatsu,2008,underground,zimbabwe,64077,2024-06-08,overhaul,brakes,general_component,major,20.0,33536.93,2036.0,major_overhaul,True,51,True,False,False
EQP-4C9FF72B,UNIT-6513,haul_truck,Hitachi,2022,underground,ghana,7939,2024-11-02,breakdown,electrical,battery,critical,29.0,151799.69,2661.0,corrective,False,86,True,False,False
EQP-1383D495,UNIT-5313,loader,Volvo,2021,open_pit,drc,11793,2021-08-12,breakdown,hydraulics,filter,major,17.2,42009.28,957.0,corrective,False,65,False,False,True
EQP-AE683980,UNIT-2259,pump,Weir,2014,open_pit,south_africa,39007,2023-03-08,breakdown,casing,general_component,critical,19.2,25157.5,1260.0,corrective,False,91,False,False,False
EQP-BAD92357,UNIT-4386,haul_truck,Caterpillar,2020,underground,zimbabwe,16523,2021-10-01,condition_based,transmission,torque_converter,routine,3.5,2377.98,329.0,predictive,False,173,True,False,False
EQP-44A2F5F2,UNIT-6866,pump,Metso,2009,open_pit,south_africa,59713,2020-11-02,condition_based,casing,general_component,routine,1.8,1075.45,138.0,predictive,False,3,True,False,True
EQP-113F20A4,UNIT-9878,conveyor,FLSmidth,2012,underground,botswana,46690,2020-06-28,condition_based,gearbox,general_component,routine,1.0,860.28,464.0,predictive,False,273,True,True,False
EQP-200D46FC,UNIT-1044,crusher,FLSmidth,2009,processing_plant,south_africa,58964,2024-05-21,scheduled_maintenance,preventive,oil_change,minor,21.1,49807.17,3430.0,preventive,True,49,False,True,False
EQP-7FDE88A4,UNIT-7459,crusher,Metso,2018,open_pit,ghana,22707,2020-04-28,inspection,preventive,filter_replace,routine,5.8,6869.43,1520.0,preventive,True,147,False,False,False
EQP-389FEC36,UNIT-8616,crusher,Sandvik,2021,underground,south_africa,11475,2022-06-04,scheduled_maintenance,preventive,inspection,routine,8.2,3556.07,1559.0,preventive,True,106,False,False,False
EQP-95A2E32F,UNIT-9559,loader,Caterpillar,2017,processing_plant,ghana,28485,2021-01-29,breakdown,transmission,driveshaft,major,20.5,29562.83,1682.0,corrective,False,33,False,False,False
EQP-30FC0978,UNIT-4813,drill_rig,Sandvik,2019,underground,ghana,19288,2023-09-30,condition_based,electrical,alternator,routine,3.0,2228.96,122.0,predictive,False,56,False,True,False
EQP-DCB2E1FA,UNIT-2066,conveyor,ThyssenKrupp,2010,processing_plant,zimbabwe,56975,2020-08-30,scheduled_maintenance,preventive,filter_replace,routine,1.3,791.58,565.0,preventive,True,29,False,True,False
EQP-ABA1AF47,UNIT-3438,excavator,Komatsu,2022,open_pit,south_africa,7880,2022-11-04,scheduled_maintenance,preventive,adjustment,minor,6.6,16466.54,670.0,preventive,True,25,True,False,False
EQP-D4AC458A,UNIT-8653,haul_truck,Hitachi,2011,underground,ghana,51710,2021-09-12,scheduled_maintenance,preventive,adjustment,routine,2.8,2739.57,210.0,preventive,True,37,False,False,False
EQP-444F7435,UNIT-8900,crusher,Metso,2016,open_pit,south_africa,32016,2022-07-26,condition_based,bearing,general_component,routine,11.3,8024.21,1981.0,predictive,False,19,False,False,False
EQP-9F709B92,UNIT-6733,haul_truck,Hitachi,2018,open_pit,ghana,25395,2020-11-30,breakdown,brakes,general_component,major,16.4,53583.55,2436.0,corrective,False,4,False,False,False
EQP-FE696433,UNIT-2104,excavator,Komatsu,2021,processing_plant,botswana,10628,2020-07-29,scheduled_maintenance,preventive,oil_change,minor,15.8,28677.2,2120.0,preventive,True,23,False,False,False
EQP-26AA61B3,UNIT-2097,haul_truck,Belaz,2022,open_pit,ghana,9656,2020-11-16,scheduled_maintenance,preventive,filter_replace,minor,7.3,27961.13,890.0,preventive,True,10,False,False,False
EQP-9CA3FCA6,UNIT-5303,haul_truck,Komatsu,2017,processing_plant,tanzania,28960,2022-11-03,condition_based,electrical,alternator,routine,3.0,5628.42,294.0,predictive,False,52,False,False,False
EQP-6D51AF22,UNIT-6293,conveyor,Metso,2017,underground,drc,27978,2023-03-11,breakdown,motor,general_component,minor,4.0,3989.4,1488.0,corrective,False,14,False,True,False
EQP-833B3153,UNIT-1291,conveyor,ThyssenKrupp,2014,processing_plant,drc,41183,2024-06-16,breakdown,belt,general_component,critical,36.5,58689.28,13121.0,corrective,False,5,False,False,False
EQP-AD660544,UNIT-7174,drill_rig,Sandvik,2017,processing_plant,tanzania,27677,2024-08-22,scheduled_maintenance,preventive,inspection,routine,2.2,3918.04,65.0,preventive,True,26,False,False,False
EQP-716CA145,UNIT-5900,haul_truck,Belaz,2018,underground,south_africa,24285,2023-09-16,scheduled_maintenance,preventive,inspection,routine,2.5,4830.78,255.0,preventive,True,35,True,False,False
EQP-2FF55A0A,UNIT-1110,drill_rig,Epiroc,2018,processing_plant,tanzania,23458,2020-01-23,breakdown,rotation,general_component,major,15.9,25080.62,473.0,corrective,False,13,True,False,False
EQP-96052572,UNIT-1861,excavator,Liebherr,2017,underground,drc,28966,2023-06-20,condition_based,electrical,sensors,routine,2.6,8300.03,333.0,predictive,False,24,False,True,False
EQP-C37A112D,UNIT-5088,crusher,Sandvik,2015,underground,ghana,35292,2023-06-24,scheduled_maintenance,preventive,inspection,routine,6.8,5359.76,1446.0,preventive,True,14,True,False,False
EQP-7E999E67,UNIT-7502,conveyor,FLSmidth,2011,underground,botswana,51948,2023-06-25,scheduled_maintenance,preventive,adjustment,minor,3.1,5082.34,1392.0,preventive,True,79,False,False,False
EQP-CDC314EF,UNIT-8427,drill_rig,Epiroc,2008,open_pit,ghana,64679,2023-04-01,scheduled_maintenance,preventive,oil_change,routine,2.2,3934.64,66.0,preventive,True,25,False,False,False
EQP-F415F81B,UNIT-4881,drill_rig,Sandvik,2014,open_pit,botswana,41048,2023-05-22,scheduled_maintenance,preventive,inspection,minor,8.0,19540.33,239.0,preventive,True,33,False,False,False
EQP-1A13D9A9,UNIT-3657,pump,Weir,2014,open_pit,botswana,39178,2022-11-19,condition_based,impeller,general_component,routine,1.5,1824.6,94.0,predictive,False,35,False,False,False
EQP-993410ED,UNIT-9713,loader,Volvo,2017,open_pit,ghana,28753,2023-01-20,condition_based,tires,front_left,routine,3.4,5855.11,304.0,predictive,False,92,False,False,False
EQP-9729ACB4,UNIT-5126,drill_rig,Caterpillar,2022,open_pit,ghana,7018,2023-05-31,condition_based,rotation,general_component,routine,1.3,2586.98,41.0,predictive,False,51,False,True,False
EQP-3876BEBB,UNIT-3838,drill_rig,Caterpillar,2019,underground,tanzania,17849,2020-03-19,scheduled_maintenance,preventive,inspection,routine,2.9,2743.39,132.0,preventive,True,3,False,False,False
EQP-586EC605,UNIT-4980,haul_truck,Komatsu,2020,underground,south_africa,15251,2022-07-04,scheduled_maintenance,preventive,adjustment,routine,2.3,2477.22,228.0,preventive,True,36,False,False,False
EQP-B61311E2,UNIT-1108,pump,Metso,2017,underground,zimbabwe,28834,2020-08-17,breakdown,bearing,general_component,minor,2.5,4835.72,163.0,corrective,False,16,False,False,False
EQP-45C802AB,UNIT-3717,excavator,Komatsu,2022,processing_plant,south_africa,7987,2024-07-26,scheduled_maintenance,preventive,adjustment,routine,5.4,8243.46,744.0,preventive,True,38,False,False,True
EQP-4E83B399,UNIT-5639,excavator,Hitachi,2023,processing_plant,south_africa,3465,2024-11-16,inspection,preventive,adjustment,routine,5.6,2551.39,811.0,preventive,True,67,False,False,False
EQP-88D94F90,UNIT-9265,pump,Metso,2010,processing_plant,drc,56055,2020-10-11,breakdown,seal,general_component,major,7.8,11828.16,554.0,corrective,False,14,False,False,False
EQP-AFCCFBF7,UNIT-7643,crusher,FLSmidth,2018,underground,zimbabwe,24022,2024-05-23,breakdown,liner,general_component,minor,25.2,56650.59,5271.0,corrective,False,72,False,False,False
EQP-006A1C49,UNIT-8030,haul_truck,Belaz,2016,open_pit,zimbabwe,32621,2022-05-02,condition_based,brakes,general_component,routine,3.5,2595.35,524.0,predictive,False,51,False,False,False
EQP-F3E80FA4,UNIT-5903,haul_truck,Komatsu,2023,processing_plant,zambia,2388,2023-04-25,scheduled_maintenance,preventive,filter_replace,routine,1.7,3282.75,216.0,preventive,True,2,False,False,False
EQP-9D449D20,UNIT-1995,haul_truck,Hitachi,2017,open_pit,ghana,27897,2023-03-21,inspection,preventive,inspection,minor,11.9,28538.83,1679.0,preventive,True,85,False,False,False
EQP-17A799D4,UNIT-4517,conveyor,FLSmidth,2008,open_pit,drc,64124,2020-07-30,breakdown,motor,general_component,critical,21.1,50859.75,9989.0,corrective,False,136,False,True,True
EQP-FB993476,UNIT-9972,haul_truck,Belaz,2011,open_pit,south_africa,50634,2024-06-23,inspection,preventive,filter_replace,minor,7.8,26195.55,835.0,preventive,True,53,False,False,True
EQP-9917DC74,UNIT-1397,grader,John Deere,2010,underground,ghana,54620,2023-02-27,condition_based,tires,front_left,minor,4.4,7445.19,78.0,predictive,False,19,False,True,False
EQP-AD6B84F9,UNIT-8911,grader,Caterpillar,2011,underground,ghana,51635,2022-05-27,condition_based,transmission,gearbox,routine,1.7,1622.44,25.0,predictive,False,2,False,False,False
EQP-37E60663,UNIT-7159,conveyor,FLSmidth,2009,open_pit,zambia,60008,2023-01-11,scheduled_maintenance,preventive,inspection,routine,0.9,874.18,359.0,preventive,True,52,False,False,False
EQP-DEF9A099,UNIT-3554,conveyor,FLSmidth,2020,underground,south_africa,16012,2024-10-24,scheduled_maintenance,preventive,oil_change,routine,1.2,625.33,520.0,preventive,True,19,False,False,False
EQP-B1EDA3E9,UNIT-8001,excavator,Liebherr,2015,open_pit,south_africa,35443,2023-03-11,breakdown,electrical,sensors,critical,113.4,224607.98,17938.0,corrective,False,16,False,False,False
EQP-ED3584F6,UNIT-8531,haul_truck,Belaz,2018,open_pit,zimbabwe,23402,2023-03-27,condition_based,transmission,gearbox,routine,2.8,5780.5,317.0,predictive,False,79,False,False,False
EQP-685A1017,UNIT-1388,crusher,Metso,2023,open_pit,south_africa,3604,2024-04-26,breakdown,bearing,general_component,critical,126.7,377404.77,19230.0,corrective,False,69,False,True,True
EQP-E9B4C8B7,UNIT-1957,haul_truck,Hitachi,2018,open_pit,botswana,24298,2023-06-12,breakdown,electrical,wiring,major,17.4,48329.91,2571.0,corrective,False,153,False,False,False
EQP-2A488A89,UNIT-6991,haul_truck,Caterpillar,2015,underground,ghana,37244,2020-09-14,breakdown,transmission,torque_converter,minor,6.1,12099.82,475.0,corrective,False,17,True,False,False
EQP-AD2D0C09,UNIT-9990,excavator,Komatsu,2012,open_pit,south_africa,45779,2024-01-12,inspection,preventive,oil_change,routine,4.6,7468.06,515.0,preventive,True,63,False,False,False
EQP-7DEBFA7F,UNIT-1215,haul_truck,Belaz,2020,open_pit,tanzania,16623,2024-06-07,breakdown,tires,front_right,critical,52.4,131892.65,4097.0,corrective,False,33,True,False,True
EQP-DDDFB0F6,UNIT-6990,drill_rig,Caterpillar,2016,open_pit,zambia,31888,2023-08-14,scheduled_maintenance,preventive,oil_change,minor,5.3,5481.19,215.0,preventive,True,76,False,False,False
EQP-F102B3B7,UNIT-2228,crusher,Metso,2020,underground,tanzania,16525,2020-10-01,condition_based,hydraulics,pump,routine,9.7,14574.48,1895.0,predictive,False,20,False,True,True
EQP-38602FAE,UNIT-6850,loader,Caterpillar,2008,processing_plant,drc,65185,2022-07-29,inspection,preventive,oil_change,routine,3.2,5723.95,303.0,preventive,True,16,False,False,False
EQP-9EF37F24,UNIT-6609,conveyor,ThyssenKrupp,2010,underground,ghana,55244,2020-04-07,condition_based,gearbox,general_component,minor,5.2,4108.44,2071.0,predictive,False,43,False,True,False
EQP-A925A7B6,UNIT-1813,loader,Komatsu,2010,underground,zambia,56944,2023-10-22,scheduled_maintenance,preventive,oil_change,routine,3.8,2345.22,338.0,preventive,True,32,True,False,False
EQP-8C289334,UNIT-7125,drill_rig,Epiroc,2018,processing_plant,drc,22745,2024-09-18,breakdown,drill_string,general_component,major,10.8,37403.09,309.0,corrective,False,78,False,False,False
EQP-72A38E05,UNIT-9072,loader,Volvo,2016,open_pit,zambia,32127,2020-03-05,breakdown,hydraulics,hose,major,17.4,39387.0,1227.0,corrective,False,81,True,False,False
EQP-467FD81D,UNIT-8770,drill_rig,Caterpillar,2013,open_pit,ghana,43757,2020-07-15,breakdown,electrical,alternator,minor,4.5,18316.83,183.0,corrective,False,31,False,False,False
EQP-5E7B296E,UNIT-1260,haul_truck,Belaz,2012,underground,ghana,48046,2024-08-05,scheduled_maintenance,preventive,filter_replace,routine,3.8,4061.46,339.0,preventive,True,31,False,False,False
EQP-3B877352,UNIT-3213,pump,KSB,2017,open_pit,south_africa,27010,2023-12-10,scheduled_maintenance,preventive,adjustment,minor,5.3,2814.98,366.0,preventive,True,72,False,False,True
EQP-F7977383,UNIT-3167,excavator,Liebherr,2023,open_pit,tanzania,4436,2024-01-21,scheduled_maintenance,preventive,inspection,minor,17.7,26399.66,3105.0,preventive,True,92,False,False,False
EQP-7B66099C,UNIT-5079,haul_truck,Hitachi,2023,open_pit,ghana,5586,2021-01-10,scheduled_maintenance,preventive,oil_change,minor,10.0,10048.15,1262.0,preventive,True,2,False,False,True
EQP-149DFEBB,UNIT-2287,haul_truck,Belaz,2015,open_pit,botswana,35028,2023-02-21,condition_based,brakes,general_component,minor,11.3,17562.23,1612.0,predictive,False,4,False,False,False
EQP-CDCE4707,UNIT-8688,excavator,Hitachi,2018,open_pit,ghana,24189,2024-01-31,breakdown,hydraulics,valve,major,24.4,74636.75,3802.0,corrective,False,105,False,False,False
EQP-BB2C03DC,UNIT-7990,excavator,Caterpillar,2009,open_pit,drc,60855,2020-05-03,overhaul,hydraulics,hose,major,29.2,96720.48,3524.0,major_overhaul,True,21,False,False,True
EQP-57F4CAE1,UNIT-8274,conveyor,ThyssenKrupp,2023,open_pit,ghana,3703,2021-05-25,inspection,preventive,inspection,minor,3.6,4700.17,1691.0,preventive,True,16,False,True,False
EQP-F8A367AF,UNIT-2783,grader,Komatsu,2008,processing_plant,zimbabwe,65360,2021-06-14,scheduled_maintenance,preventive,adjustment,routine,3.7,2878.16,73.0,preventive,True,28,False,False,False
EQP-87723CA2,UNIT-1131,excavator,Komatsu,2013,underground,tanzania,43570,2022-09-01,scheduled_maintenance,preventive,inspection,routine,6.0,2001.43,891.0,preventive,True,38,False,True,False
EQP-56680D85,UNIT-9194,conveyor,FLSmidth,2019,open_pit,drc,19883,2021-04-01,overhaul,motor,general_component,major,10.5,23071.67,2847.0,major_overhaul,True,38,False,True,True
EQP-8824C13D,UNIT-3599,excavator,Hitachi,2023,open_pit,ghana,3006,2021-09-07,overhaul,hydraulics,filter,major,32.1,59025.79,4022.0,major_overhaul,True,8,False,False,True
EQP-588B91BB,UNIT-6905,loader,Komatsu,2010,open_pit,zimbabwe,56126,2021-04-07,scheduled_maintenance,preventive,inspection,routine,4.6,2355.95,403.0,preventive,True,19,True,False,False
EQP-230E11BF,UNIT-9184,haul_truck,Hitachi,2018,open_pit,south_africa,24003,2020-04-24,breakdown,transmission,torque_converter,major,13.1,34612.53,983.0,corrective,False,7,True,False,False
EQP-89AC2E06,UNIT-1325,haul_truck,Komatsu,2011,open_pit,zambia,52635,2023-04-24,overhaul,tires,front_left,major,17.8,65336.2,1729.0,major_overhaul,True,91,False,False,False
EQP-8D957E75,UNIT-1049,drill_rig,Caterpillar,2008,open_pit,zimbabwe,63363,2023-02-23,condition_based,electrical,battery,routine,2.5,1226.28,86.0,predictive,False,11,True,False,False
EQP-BBB0EDBC,UNIT-1048,crusher,FLSmidth,2014,processing_plant,ghana,39318,2024-04-26,condition_based,bearing,general_component,routine,9.2,10414.49,2468.0,predictive,False,70,True,True,True
EQP-BDCB0356,UNIT-2406,loader,Volvo,2017,processing_plant,zambia,28462,2022-11-02,breakdown,transmission,clutch,minor,10.4,11679.58,747.0,corrective,False,82,True,False,False
EQP-F69BF590,UNIT-1464,conveyor,FLSmidth,2012,underground,zimbabwe,49397,2023-05-11,inspection,preventive,adjustment,minor,3.5,7833.56,1335.0,preventive,True,83,False,False,False
EQP-E283C04E,UNIT-8379,loader,Caterpillar,2023,underground,south_africa,4629,2021-10-08,scheduled_maintenance,preventive,inspection,routine,2.7,5835.86,226.0,preventive,True,5,False,False,False
EQP-00527FD2,UNIT-6452,excavator,Liebherr,2017,underground,ghana,29847,2021-11-30,scheduled_maintenance,preventive,filter_replace,routine,5.7,4198.93,1017.0,preventive,True,39,False,False,False
EQP-946A4D70,UNIT-9819,haul_truck,Caterpillar,2015,underground,drc,36555,2022-01-12,condition_based,engine,head_gasket,minor,9.9,21443.58,994.0,predictive,False,38,True,False,False
EQP-B55BD34A,UNIT-8212,haul_truck,Caterpillar,2015,processing_plant,tanzania,36519,2024-10-10,scheduled_maintenance,preventive,oil_change,routine,3.1,3723.22,272.0,preventive,True,60,False,False,False
EQP-80974CE6,UNIT-9667,haul_truck,Komatsu,2015,underground,zambia,36679,2022-04-30,scheduled_maintenance,preventive,filter_replace,minor,4.7,18962.23,417.0,preventive,True,37,False,False,False
EQP-7354AC7D,UNIT-3146,excavator,Caterpillar,2009,underground,drc,61488,2024-04-01,condition_based,undercarriage,general_component,routine,2.8,2666.34,325.0,predictive,False,6,False,False,False
EQP-FD8EFFA2,UNIT-3589,drill_rig,Caterpillar,2017,processing_plant,ghana,29237,2021-07-31,scheduled_maintenance,preventive,oil_change,routine,2.0,1817.45,56.0,preventive,True,132,False,False,True
EQP-8D040E8B,UNIT-8643,excavator,Komatsu,2020,underground,south_africa,14915,2023-05-18,overhaul,bucket,general_component,major,20.3,87654.15,2925.0,major_overhaul,True,81,False,True,False
EQP-8CDF4E8F,UNIT-3203,conveyor,Metso,2014,open_pit,south_africa,40800,2021-05-08,scheduled_maintenance,preventive,filter_replace,routine,1.0,1189.87,296.0,preventive,True,23,False,True,False
EQP-491B00DB,UNIT-1515,drill_rig,Sandvik,2014,open_pit,south_africa,40265,2021-12-16,scheduled_maintenance,preventive,oil_change,routine,1.3,1004.04,58.0,preventive,True,48,True,False,False
EQP-5F2C8403,UNIT-7021,crusher,Metso,2022,open_pit,south_africa,7805,2024-03-25,breakdown,motor,general_component,major,46.6,88876.58,6990.0,corrective,False,59,False,False,False
EQP-A9279C64,UNIT-8207,crusher,FLSmidth,2017,open_pit,south_africa,26227,2023-05-15,scheduled_maintenance,preventive,oil_change,routine,4.9,11036.18,1436.0,preventive,True,118,False,False,False
EQP-ED5FC58B,UNIT-9712,excavator,Liebherr,2012,open_pit,zambia,46459,2022-05-25,breakdown,undercarriage,general_component,minor,14.8,39147.65,1500.0,corrective,False,68,True,False,False
EQP-005EC16F,UNIT-9349,excavator,Komatsu,2008,open_pit,zambia,63635,2022-01-04,scheduled_maintenance,preventive,inspection,minor,13.2,35623.54,1749.0,preventive,True,49,False,False,False
EQP-C904A62B,UNIT-2081,conveyor,Metso,2021,open_pit,south_africa,10535,2023-12-10,scheduled_maintenance,preventive,oil_change,minor,4.0,8176.49,1754.0,preventive,True,276,False,False,False
EQP-94D1EBB5,UNIT-7948,conveyor,FLSmidth,2018,processing_plant,zambia,23656,2020-10-06,scheduled_maintenance,preventive,filter_replace,routine,2.0,2358.63,936.0,preventive,True,68,True,False,False
EQP-ABFA6457,UNIT-8614,excavator,Liebherr,2018,open_pit,south_africa,24714,2024-03-07,breakdown,engine,oil_pump,major,26.7,79565.75,2903.0,corrective,False,152,False,False,True
EQP-2598F7A5,UNIT-7282,excavator,Caterpillar,2012,open_pit,ghana,47419,2023-01-18,scheduled_maintenance,preventive,inspection,routine,5.5,6153.41,991.0,preventive,True,33,False,False,False
EQP-805C4131,UNIT-8377,crusher,FLSmidth,2010,open_pit,botswana,56083,2021-08-15,breakdown,motor,general_component,major,42.8,108563.42,11245.0,corrective,False,71,False,False,True
EQP-AB2374BC,UNIT-8540,crusher,Metso,2015,open_pit,drc,34930,2023-06-10,scheduled_maintenance,preventive,inspection,routine,6.7,14330.83,1467.0,preventive,True,33,False,False,False
EQP-7B04A3D7,UNIT-5018,haul_truck,Komatsu,2020,underground,south_africa,16298,2024-11-18,breakdown,electrical,wiring,minor,6.6,7548.06,805.0,corrective,False,112,False,False,False
EQP-5B91BC72,UNIT-1361,drill_rig,Epiroc,2012,underground,ghana,48508,2021-09-20,inspection,preventive,inspection,routine,3.0,3062.65,103.0,preventive,True,89,False,False,False
EQP-155879A4,UNIT-5105,grader,Caterpillar,2016,open_pit,zimbabwe,30577,2021-12-08,scheduled_maintenance,preventive,inspection,routine,3.8,3261.05,50.0,preventive,True,106,False,False,False
EQP-87E3F7A5,UNIT-2815,haul_truck,Komatsu,2023,underground,south_africa,3248,2024-07-30,condition_based,transmission,clutch,routine,2.7,1728.66,209.0,predictive,False,15,True,False,False
EQP-38CDDF1F,UNIT-2023,loader,Caterpillar,2011,open_pit,botswana,50732,2021-09-11,inspection,preventive,adjustment,routine,4.5,5151.26,227.0,preventive,True,115,False,False,False
EQP-27306C09,UNIT-2124,haul_truck,Caterpillar,2011,underground,drc,52509,2024-03-17,inspection,preventive,adjustment,routine,2.2,6563.84,252.0,preventive,True,8,False,False,False
EQP-852B4A4A,UNIT-7275,drill_rig,Caterpillar,2011,processing_plant,south_africa,52164,2024-06-07,inspection,preventive,filter_replace,routine,2.3,3094.37,58.0,preventive,True,47,False,False,False
EQP-7A0AF7A6,UNIT-5540,drill_rig,Sandvik,2022,processing_plant,drc,7950,2022-11-15,breakdown,drill_string,general_component,major,10.5,44863.42,295.0,corrective,False,12,False,False,False
EQP-91AA0C37,UNIT-5858,haul_truck,Caterpillar,2016,open_pit,zimbabwe,31871,2020-05-27,scheduled_maintenance,preventive,filter_replace,minor,8.6,10709.28,707.0,preventive,True,109,False,False,False
EQP-FCDBBA43,UNIT-7705,grader,Caterpillar,2022,underground,drc,8322,2020-04-18,condition_based,blade,general_component,routine,2.1,3817.81,34.0,predictive,False,4,False,False,False
EQP-AF3F3233,UNIT-5933,drill_rig,Sandvik,2023,underground,botswana,4342,2021-05-20,scheduled_maintenance,preventive,inspection,minor,6.5,5732.66,271.0,preventive,True,3,False,False,False
EQP-A150E3B3,UNIT-6669,pump,Metso,2014,processing_plant,botswana,39504,2020-01-31,scheduled_maintenance,preventive,inspection,minor,3.7,2223.51,325.0,preventive,True,61,False,False,False
EQP-D00EFF8F,UNIT-1774,excavator,Liebherr,2008,open_pit,south_africa,63364,2023-10-04,condition_based,electrical,battery,routine,4.4,6192.17,868.0,predictive,False,10,False,False,False
EQP-B03E324A,UNIT-8659,grader,Caterpillar,2012,open_pit,south_africa,47941,2023-02-25,breakdown,tires,front_right,major,13.9,33645.83,275.0,corrective,False,97,True,False,False
EQP-0B3C6729,UNIT-5038,grader,Komatsu,2016,open_pit,ghana,31810,2022-03-29,breakdown,transmission,gearbox,major,18.1,32801.33,219.0,corrective,False,85,True,False,False
EQP-AC742330,UNIT-2396,conveyor,FLSmidth,2014,open_pit,zambia,42060,2024-01-04,scheduled_maintenance,preventive,filter_replace,routine,1.2,1600.42,406.0,preventive,True,94,True,False,False
EQP-295FFABE,UNIT-8319,haul_truck,Caterpillar,2008,underground,zambia,63616,2020-08-28,scheduled_maintenance,preventive,filter_replace,minor,5.2,25131.46,609.0,preventive,True,14,False,False,False
EQP-8AAD8B0B,UNIT-7610,crusher,FLSmidth,2023,open_pit,ghana,4289,2022-06-19,inspection,preventive,adjustment,minor,24.0,42347.26,3759.0,preventive,True,102,False,False,True
EQP-FA8253C1,UNIT-1477,conveyor,Metso,2012,open_pit,botswana,48465,2021-09-01,condition_based,gearbox,general_component,routine,1.0,2200.4,298.0,predictive,False,12,True,True,False
EQP-CBC4A0F2,UNIT-2737,pump,Metso,2017,processing_plant,ghana,29400,2020-02-12,breakdown,casing,general_component,critical,24.0,26947.42,2224.0,corrective,False,188,False,False,False
EQP-1DD0B49C,UNIT-1141,drill_rig,Epiroc,2023,open_pit,tanzania,3188,2022-05-11,breakdown,electrical,sensors,critical,31.6,197213.68,1112.0,corrective,False,110,False,False,False
EQP-27EE0CF6,UNIT-3436,excavator,Hitachi,2016,processing_plant,tanzania,33339,2020-09-17,scheduled_maintenance,preventive,oil_change,routine,4.4,9045.81,653.0,preventive,True,13,True,False,False
EQP-D09DFC65,UNIT-1899,haul_truck,Caterpillar,2019,underground,south_africa,19852,2020-03-23,scheduled_maintenance,preventive,oil_change,routine,2.8,6871.63,365.0,preventive,True,5,True,False,False
EQP-F0772D4A,UNIT-7388,crusher,Metso,2008,processing_plant,south_africa,66501,2021-01-15,condition_based,motor,general_component,routine,5.8,7363.3,1574.0,predictive,False,27,False,False,True
EQP-CED685DA,UNIT-5702,pump,KSB,2019,underground,south_africa,20362,2020-12-16,condition_based,bearing,general_component,minor,3.1,7681.19,289.0,predictive,False,49,True,False,True
EQP-57F88AEC,UNIT-9820,haul_truck,Belaz,2021,open_pit,botswana,10771,2023-02-03,inspection,preventive,oil_change,minor,8.5,10683.8,1208.0,preventive,True,41,False,False,False
EQP-7076516F,UNIT-7744,loader,Caterpillar,2022,open_pit,ghana,7802,2023-11-28,scheduled_maintenance,preventive,filter_replace,routine,4.5,1573.86,291.0,preventive,True,32,False,False,False
EQP-0A5E080C,UNIT-6503,grader,John Deere,2009,processing_plant,tanzania,61336,2022-05-24,breakdown,hydraulics,pump,minor,4.5,8784.6,74.0,corrective,False,133,True,False,True
EQP-738A7353,UNIT-5583,haul_truck,Belaz,2011,open_pit,drc,52081,2023-02-28,scheduled_maintenance,preventive,inspection,routine,1.8,7098.5,150.0,preventive,True,29,True,False,False
EQP-C14E510C,UNIT-1490,haul_truck,Komatsu,2008,open_pit,drc,63940,2020-07-02,breakdown,brakes,general_component,major,21.6,73553.97,3190.0,corrective,False,1,False,False,False
EQP-00E11661,UNIT-1631,crusher,Sandvik,2022,underground,botswana,8718,2023-11-16,breakdown,shaft,general_component,minor,20.2,37208.72,3841.0,corrective,False,48,False,False,False
EQP-75B51C32,UNIT-6546,crusher,FLSmidth,2012,open_pit,drc,47655,2022-06-22,scheduled_maintenance,preventive,adjustment,routine,6.6,12023.05,1376.0,preventive,True,73,False,False,False
EQP-D5AE7492,UNIT-1039,haul_truck,Belaz,2016,open_pit,zimbabwe,31789,2022-02-10,scheduled_maintenance,preventive,inspection,routine,2.2,4729.43,319.0,preventive,True,18,False,False,True
EQP-8F05F67D,UNIT-1381,loader,Komatsu,2015,open_pit,drc,35055,2024-04-14,breakdown,hydraulics,filter,major,29.6,28084.4,2413.0,corrective,False,268,True,True,False
EQP-2F9C860B,UNIT-2972,conveyor,ThyssenKrupp,2019,open_pit,south_africa,21728,2021-07-18,condition_based,pulley,general_component,minor,4.0,7398.52,1288.0,predictive,False,171,False,False,False
EQP-FC8A08AA,UNIT-8956,grader,John Deere,2022,underground,south_africa,6777,2022-03-01,scheduled_maintenance,preventive,oil_change,routine,2.0,1269.97,22.0,preventive,True,39,False,True,False
EQP-2C8BFDC7,UNIT-5129,grader,Caterpillar,2013,open_pit,south_africa,44169,2024-07-24,breakdown,hydraulics,hose,major,16.9,31748.86,252.0,corrective,False,147,True,False,True
EQP-E157EC7E,UNIT-7385,loader,Volvo,2020,open_pit,zimbabwe,16479,2020-09-26,condition_based,transmission,torque_converter,minor,7.6,10327.97,604.0,predictive,False,95,False,False,False
EQP-AD9E914C,UNIT-4703,drill_rig,Sandvik,2012,open_pit,ghana,47986,2022-07-28,breakdown,electrical,wiring,major,10.5,27899.9,438.0,corrective,False,84,False,False,False
EQP-2E3A9AD9,UNIT-2557,excavator,Caterpillar,2011,underground,drc,50746,2022-11-06,scheduled_maintenance,preventive,inspection,routine,5.9,7399.43,687.0,preventive,True,48,False,False,False
EQP-3D351E88,UNIT-4340,drill_rig,Epiroc,2009,open_pit,south_africa,59001,2023-06-14,scheduled_maintenance,preventive,oil_change,routine,2.0,2859.76,85.0,preventive,True,21,True,False,True
EQP-E14F857D,UNIT-1825,haul_truck,Belaz,2013,open_pit,zambia,44522,2024-07-30,scheduled_maintenance,preventive,inspection,routine,3.3,6481.43,337.0,preventive,True,80,False,False,False
EQP-B7BAE933,UNIT-7931,crusher,FLSmidth,2016,processing_plant,tanzania,31220,2021-09-10,condition_based,liner,general_component,minor,33.6,45612.38,9798.0,predictive,False,13,False,False,False
EQP-5244BDFE,UNIT-2651,haul_truck,Hitachi,2020,open_pit,zambia,13927,2020-07-27,scheduled_maintenance,preventive,adjustment,routine,2.1,3270.0,260.0,preventive,True,21,False,False,False
EQP-9155D3FE,UNIT-4387,drill_rig,Epiroc,2021,underground,botswana,12386,2021-12-19,breakdown,drill_string,general_component,major,10.2,43313.5,489.0,corrective,False,106,False,False,False
EQP-8CD41D87,UNIT-9819,haul_truck,Komatsu,2016,open_pit,south_africa,31127,2020-10-08,scheduled_maintenance,preventive,filter_replace,routine,2.2,1888.06,170.0,preventive,True,69,True,False,False
EQP-04CF786F,UNIT-6327,excavator,Komatsu,2014,open_pit,south_africa,40631,2023-08-03,scheduled_maintenance,preventive,oil_change,routine,5.0,7878.63,952.0,preventive,True,86,False,False,False
EQP-3CFC52D2,UNIT-5126,haul_truck,Komatsu,2010,open_pit,drc,55798,2022-10-17,breakdown,hydraulics,pump,major,16.6,47342.59,2338.0,corrective,False,32,True,False,False
EQP-E693C29D,UNIT-5886,conveyor,FLSmidth,2022,processing_plant,ghana,7750,2023-09-25,scheduled_maintenance,preventive,filter_replace,routine,1.4,1104.22,529.0,preventive,True,57,False,False,False
EQP-F0756999,UNIT-8055,loader,Caterpillar,2014,open_pit,zimbabwe,40052,2021-09-03,breakdown,transmission,driveshaft,minor,5.2,15407.9,514.0,corrective,False,69,True,False,False
EQP-370E573F,UNIT-3290,haul_truck,Komatsu,2020,open_pit,tanzania,14861,2024-09-14,scheduled_maintenance,preventive,adjustment,routine,1.6,6942.72,210.0,preventive,True,53,False,False,False
EQP-C9012689,UNIT-6727,loader,Volvo,2018,underground,south_africa,23174,2024-05-31,scheduled_maintenance,preventive,inspection,routine,3.2,2432.4,319.0,preventive,True,213,False,False,False
EQP-55285F20,UNIT-8853,grader,Komatsu,2022,open_pit,botswana,7740,2024-07-06,condition_based,transmission,gearbox,routine,2.0,3998.04,35.0,predictive,False,16,True,False,True
EQP-5A9D6BCA,UNIT-6151,excavator,Caterpillar,2023,underground,south_africa,2855,2023-07-06,inspection,preventive,filter_replace,routine,5.2,6711.03,996.0,preventive,True,33,False,False,False
EQP-49B9FE92,UNIT-5018,crusher,Metso,2019,processing_plant,zimbabwe,20713,2020-12-02,condition_based,shaft,general_component,routine,11.6,6025.34,2083.0,predictive,False,21,True,False,False
EQP-4DFC9AA4,UNIT-2306,drill_rig,Sandvik,2018,underground,ghana,23692,2020-09-21,inspection,preventive,adjustment,routine,2.9,3764.42,87.0,preventive,True,55,False,False,False
EQP-19FDEAC9,UNIT-3234,haul_truck,Komatsu,2010,open_pit,zambia,54550,2024-09-18,scheduled_maintenance,preventive,inspection,minor,7.7,24046.31,871.0,preventive,True,84,False,False,False
EQP-999856C5,UNIT-9513,conveyor,ThyssenKrupp,2008,open_pit,south_africa,63440,2024-04-16,condition_based,motor,general_component,routine,1.1,1563.04,476.0,predictive,False,81,False,True,True
EQP-6C710315,UNIT-5870,haul_truck,Belaz,2016,processing_plant,botswana,32101,2024-05-04,condition_based,tires,rear_right,routine,2.8,2283.51,266.0,predictive,False,66,True,False,True
EQP-9636AD7E,UNIT-3711,grader,Komatsu,2019,open_pit,botswana,19553,2023-03-02,inspection,preventive,filter_replace,routine,1.8,3408.34,26.0,preventive,True,45,False,False,False
EQP-F2633DA1,UNIT-4764,grader,John Deere,2019,open_pit,drc,20399,2024-03-21,condition_based,blade,general_component,minor,11.6,13722.9,136.0,predictive,False,135,False,False,False
EQP-317F8D99,UNIT-6201,loader,Caterpillar,2012,processing_plant,drc,48574,2022-06-07,inspection,preventive,adjustment,routine,4.0,4873.11,385.0,preventive,True,29,False,False,False
EQP-7B1E7E06,UNIT-5837,conveyor,Metso,2016,processing_plant,zambia,34401,2020-10-18,scheduled_maintenance,preventive,filter_replace,routine,1.1,2011.41,480.0,preventive,True,26,False,False,False
EQP-698A1EB0,UNIT-7297,conveyor,ThyssenKrupp,2021,open_pit,zambia,13150,2021-04-06,overhaul,roller,general_component,major,10.6,15719.89,2752.0,major_overhaul,True,153,True,False,False
EQP-E6EAD1AC,UNIT-3317,pump,KSB,2009,open_pit,drc,58363,2024-03-12,scheduled_maintenance,preventive,inspection,routine,1.1,1188.37,56.0,preventive,True,58,False,False,False
EQP-152E78A3,UNIT-6842,haul_truck,Hitachi,2014,underground,zambia,39639,2023-03-15,breakdown,electrical,battery,critical,66.1,223828.69,9884.0,corrective,False,50,False,False,False
EQP-F25C5BC5,UNIT-4983,haul_truck,Hitachi,2023,processing_plant,tanzania,3733,2024-11-30,breakdown,hydraulics,cylinder,major,16.8,37456.3,1759.0,corrective,False,104,True,False,False
EQP-6B5107E3,UNIT-9464,conveyor,ThyssenKrupp,2011,open_pit,zambia,52575,2024-06-05,scheduled_maintenance,preventive,adjustment,routine,1.8,1708.45,721.0,preventive,True,32,False,False,False
EQP-7E9F081C,UNIT-2421,excavator,Liebherr,2013,open_pit,south_africa,43066,2023-09-28,breakdown,hydraulics,hose,major,35.8,46611.9,6973.0,corrective,False,59,False,False,False
EQP-AD370B7B,UNIT-2335,excavator,Caterpillar,2015,open_pit,botswana,35468,2020-03-10,breakdown,hydraulics,valve,major,23.8,90869.61,4655.0,corrective,False,44,False,True,True
EQP-3B0A322A,UNIT-5154,haul_truck,Komatsu,2019,open_pit,south_africa,18755,2020-11-29,scheduled_maintenance,preventive,adjustment,routine,2.9,2218.96,238.0,preventive,True,1,False,False,False
EQP-3FAF0F04,UNIT-5574,conveyor,Metso,2012,open_pit,south_africa,47397,2021-11-06,scheduled_maintenance,preventive,filter_replace,routine,1.1,2044.83,450.0,preventive,True,34,False,False,False
EQP-2505768A,UNIT-7217,excavator,Komatsu,2020,underground,botswana,15435,2020-03-05,breakdown,bucket,general_component,major,32.4,53319.94,6457.0,corrective,False,4,False,False,False
EQP-89428E42,UNIT-4635,haul_truck,Hitachi,2011,open_pit,south_africa,51686,2024-08-11,scheduled_maintenance,preventive,inspection,minor,7.9,28388.24,699.0,preventive,True,11,True,False,False
EQP-01014ADE,UNIT-9222,haul_truck,Caterpillar,2013,open_pit,south_africa,42813,2021-02-14,condition_based,brakes,general_component,routine,4.0,5447.78,499.0,predictive,False,74,False,False,False
EQP-FB625A55,UNIT-5267,excavator,Caterpillar,2017,processing_plant,zambia,28982,2021-11-20,condition_based,hydraulics,pump,routine,5.6,5449.16,993.0,predictive,False,23,True,True,False
EQP-0A502F4F,UNIT-2163,grader,John Deere,2008,open_pit,tanzania,64472,2023-04-29,condition_based,hydraulics,filter,routine,2.3,939.63,25.0,predictive,False,29,True,True,True
EQP-A0CD026C,UNIT-2072,excavator,Hitachi,2020,open_pit,south_africa,14551,2020-03-05,breakdown,bucket,general_component,major,20.2,76430.26,2802.0,corrective,False,4,False,False,False
EQP-9F66A859,UNIT-9759,crusher,FLSmidth,2018,processing_plant,drc,24025,2023-02-19,overhaul,liner,general_component,major,58.3,94023.32,10540.0,major_overhaul,True,109,False,False,False
EQP-DAF05C19,UNIT-2206,loader,Caterpillar,2021,open_pit,south_africa,10434,2020-07-01,inspection,preventive,adjustment,routine,3.0,5031.82,159.0,preventive,True,53,False,False,False
EQP-29D45DD3,UNIT-9529,excavator,Caterpillar,2012,processing_plant,drc,49342,2024-06-12,scheduled_maintenance,preventive,adjustment,routine,3.3,8341.76,363.0,preventive,True,28,False,False,False
EQP-958AE1BE,UNIT-3502,loader,Volvo,2014,open_pit,ghana,41614,2023-05-28,breakdown,transmission,driveshaft,minor,10.5,18366.6,704.0,corrective,False,11,True,False,False
EQP-6F283D94,UNIT-1840,crusher,FLSmidth,2022,open_pit,south_africa,7944,2021-08-27,scheduled_maintenance,preventive,inspection,routine,8.7,6213.87,2061.0,preventive,True,32,False,False,False
EQP-DB8A4EFC,UNIT-3742,conveyor,ThyssenKrupp,2009,underground,botswana,59147,2023-06-14,inspection,preventive,inspection,minor,4.2,3797.18,2051.0,preventive,True,21,False,False,False
EQP-1D07C77E,UNIT-6531,haul_truck,Belaz,2015,open_pit,zambia,35335,2021-07-19,inspection,preventive,adjustment,routine,2.3,4482.36,334.0,preventive,True,78,False,False,False
EQP-80460666,UNIT-4850,haul_truck,Belaz,2015,underground,tanzania,35546,2020-07-26,inspection,preventive,inspection,minor,5.2,17677.93,730.0,preventive,True,143,False,False,False
EQP-59C739C0,UNIT-8069,pump,Metso,2015,open_pit,botswana,35893,2020-01-18,overhaul,seal,general_component,major,7.1,16075.34,629.0,major_overhaul,True,4,True,False,False
EQP-EC1447DD,UNIT-6498,loader,Volvo,2014,underground,botswana,41370,2021-01-29,condition_based,electrical,alternator,routine,4.2,3757.51,219.0,predictive,False,41,False,False,False
EQP-D8484021,UNIT-4606,grader,John Deere,2019,open_pit,zimbabwe,20955,2023-06-27,breakdown,electrical,starter,major,17.6,27878.39,247.0,corrective,False,108,False,False,False
EQP-2453AA06,UNIT-6711,grader,Komatsu,2011,underground,ghana,52971,2022-10-11,breakdown,electrical,battery,minor,7.8,9769.54,139.0,corrective,False,17,False,False,False
EQP-F21C92FF,UNIT-9742,haul_truck,Komatsu,2022,underground,tanzania,8170,2021-05-06,breakdown,engine,injector,major,23.7,52691.02,3497.0,corrective,False,61,True,False,False
EQP-EF589FF3,UNIT-4705,loader,Komatsu,2022,open_pit,drc,6846,2023-05-20,breakdown,hydraulics,filter,critical,94.3,216989.19,6894.0,corrective,False,10,True,False,True
EQP-B2A03CEE,UNIT-2380,drill_rig,Caterpillar,2010,open_pit,ghana,55229,2021-11-30,breakdown,electrical,battery,major,9.6,25126.07,408.0,corrective,False,16,False,False,False
EQP-A145B398,UNIT-4678,loader,Komatsu,2023,open_pit,ghana,4060,2020-10-09,scheduled_maintenance,preventive,oil_change,routine,4.4,1290.06,439.0,preventive,True,84,False,False,False
EQP-30A9EF80,UNIT-8560,haul_truck,Caterpillar,2012,underground,ghana,46798,2023-05-07,condition_based,transmission,driveshaft,minor,6.0,12491.66,730.0,predictive,False,84,True,False,False
EQP-BBA667E5,UNIT-2958,excavator,Liebherr,2008,open_pit,drc,64303,2022-04-01,breakdown,undercarriage,general_component,major,31.0,58617.06,5514.0,corrective,False,20,False,False,False
EQP-CA5AD970,UNIT-9541,loader,Komatsu,2014,underground,tanzania,40805,2023-04-10,inspection,preventive,inspection,minor,6.7,17023.52,659.0,preventive,True,6,False,False,True
EQP-C8B85E9B,UNIT-6294,loader,Volvo,2020,open_pit,drc,16545,2022-10-08,overhaul,hydraulics,cylinder,major,17.2,54334.74,1471.0,major_overhaul,True,71,True,False,True
EQP-51820FE8,UNIT-6413,conveyor,FLSmidth,2021,open_pit,ghana,12505,2020-07-01,breakdown,belt,general_component,major,11.6,20695.84,3283.0,corrective,False,8,False,False,False
EQP-C21C688C,UNIT-3853,excavator,Liebherr,2018,underground,south_africa,22133,2020-03-30,breakdown,electrical,wiring,major,28.0,99897.66,5542.0,corrective,False,60,False,False,False
EQP-8F5A2465,UNIT-9283,excavator,Hitachi,2020,open_pit,tanzania,17333,2020-06-30,scheduled_maintenance,preventive,filter_replace,routine,3.7,2005.67,667.0,preventive,True,61,True,False,False
EQP-A9B4C36F,UNIT-1324,pump,KSB,2012,open_pit,drc,46432,2021-02-06,inspection,preventive,adjustment,routine,1.9,704.19,120.0,preventive,True,97,False,False,True
EQP-3286666D,UNIT-3687,drill_rig,Caterpillar,2022,underground,drc,7847,2021-02-07,condition_based,drill_string,general_component,minor,4.7,6306.41,234.0,predictive,False,67,False,False,False
EQP-DB0659B8,UNIT-4765,drill_rig,Sandvik,2018,underground,zimbabwe,24618,2024-07-12,breakdown,drill_string,general_component,major,9.6,39907.72,259.0,corrective,False,87,False,True,False
EQP-7E2BE03D,UNIT-5295,conveyor,ThyssenKrupp,2010,open_pit,tanzania,56358,2023-11-10,condition_based,pulley,general_component,routine,1.3,1353.93,630.0,predictive,False,169,False,True,False
EQP-F6CCA677,UNIT-5266,drill_rig,Caterpillar,2010,open_pit,drc,54722,2024-05-02,inspection,preventive,filter_replace,routine,2.5,2245.19,115.0,preventive,True,42,False,False,False
EQP-B0B4D2E3,UNIT-2331,conveyor,FLSmidth,2012,open_pit,zambia,46901,2022-05-03,breakdown,gearbox,general_component,minor,4.6,4844.92,1466.0,corrective,False,36,False,True,False
EQP-331068AE,UNIT-3030,drill_rig,Caterpillar,2009,underground,south_africa,60287,2021-08-03,condition_based,hydraulics,pump,routine,2.1,4571.91,98.0,predictive,False,112,True,False,True
EQP-F111AA1F,UNIT-1857,loader,Volvo,2012,open_pit,botswana,48510,2021-12-26,scheduled_maintenance,preventive,filter_replace,routine,3.5,1562.44,186.0,preventive,True,80,False,False,False
EQP-3E7939A0,UNIT-6151,grader,John Deere,2023,underground,zambia,2892,2024-04-11,breakdown,tires,rear_left,minor,8.2,7760.81,160.0,corrective,False,4,False,False,False
EQP-4083FEDE,UNIT-4157,grader,John Deere,2011,underground,zimbabwe,52392,2021-10-01,inspection,preventive,filter_replace,minor,7.0,9998.68,112.0,preventive,True,6,False,False,False
EQP-E63D2099,UNIT-6091,conveyor,ThyssenKrupp,2018,processing_plant,south_africa,22484,2023-02-12,breakdown,pulley,general_component,critical,14.3,55868.95,5438.0,corrective,False,81,False,False,False
EQP-3EE06DF2,UNIT-6306,drill_rig,Sandvik,2023,open_pit,zambia,4624,2020-09-17,inspection,preventive,inspection,routine,1.5,3750.1,75.0,preventive,True,100,False,False,True
EQP-A01137E4,UNIT-7317,crusher,Sandvik,2012,open_pit,ghana,47116,2024-11-01,condition_based,hydraulics,filter,routine,10.0,10289.86,1540.0,predictive,False,21,True,False,False
EQP-A80C102B,UNIT-5922,loader,Volvo,2019,open_pit,drc,20080,2023-03-01,breakdown,transmission,gearbox,major,27.2,52816.98,2057.0,corrective,False,56,True,False,False
EQP-2855E4F3,UNIT-6830,conveyor,ThyssenKrupp,2015,open_pit,zimbabwe,35912,2024-10-05,condition_based,gearbox,general_component,routine,1.3,2188.33,564.0,predictive,False,70,False,False,False
EQP-E3AE0D30,UNIT-6283,crusher,Metso,2012,open_pit,tanzania,49160,2021-06-14,breakdown,liner,general_component,major,47.9,95994.56,7992.0,corrective,False,153,False,False,False
EQP-BC95FE83,UNIT-6871,loader,Caterpillar,2023,processing_plant,ghana,4242,2023-01-15,breakdown,electrical,battery,minor,11.1,21589.29,563.0,corrective,False,101,False,False,False
EQP-2846531A,UNIT-6549,crusher,Sandvik,2018,open_pit,tanzania,23400,2021-05-08,breakdown,liner,general_component,major,36.8,116895.06,8916.0,corrective,False,19,False,True,True
EQP-3B646162,UNIT-3845,loader,Volvo,2015,open_pit,south_africa,36359,2022-04-22,inspection,preventive,adjustment,routine,3.7,5329.8,248.0,preventive,True,1,False,True,False
EQP-49228645,UNIT-3216,haul_truck,Hitachi,2020,underground,zambia,18142,2021-08-04,inspection,preventive,adjustment,routine,2.7,4292.23,300.0,preventive,True,73,True,False,False
EQP-6887D35C,UNIT-8086,drill_rig,Sandvik,2022,processing_plant,south_africa,8740,2020-09-13,breakdown,electrical,wiring,major,13.0,20767.02,527.0,corrective,False,80,False,False,False
EQP-91C3DD22,UNIT-4083,conveyor,Metso,2020,open_pit,ghana,15940,2022-03-06,scheduled_maintenance,preventive,adjustment,routine,0.8,1815.95,277.0,preventive,True,88,False,False,False
EQP-08FE0670,UNIT-5941,haul_truck,Komatsu,2021,underground,tanzania,11166,2022-08-12,overhaul,electrical,wiring,major,23.3,73470.3,2122.0,major_overhaul,True,5,False,True,False
EQP-29735D5A,UNIT-2772,loader,Komatsu,2013,processing_plant,south_africa,43383,2020-10-09,condition_based,hydraulics,cylinder,routine,2.5,5665.37,155.0,predictive,False,3,False,False,True
EQP-F355B6D2,UNIT-4882,conveyor,Metso,2013,open_pit,botswana,44679,2021-12-17,breakdown,roller,general_component,major,6.7,12280.6,1989.0,corrective,False,59,False,False,False
EQP-E1C20C22,UNIT-5766,haul_truck,Komatsu,2011,underground,ghana,51114,2020-06-17,scheduled_maintenance,preventive,adjustment,minor,7.1,18514.9,914.0,preventive,True,17,False,False,False
EQP-DF35E0C6,UNIT-6633,loader,Komatsu,2019,open_pit,zimbabwe,20002,2023-03-08,scheduled_maintenance,preventive,adjustment,minor,12.8,21710.52,726.0,preventive,True,133,False,False,False
EQP-75789FE4,UNIT-5736,crusher,Metso,2020,open_pit,south_africa,17437,2021-07-17,scheduled_maintenance,preventive,oil_change,minor,30.4,33743.91,8993.0,preventive,True,97,False,False,False
EQP-9EC10351,UNIT-4245,loader,Caterpillar,2018,open_pit,zambia,24150,2020-06-10,scheduled_maintenance,preventive,filter_replace,routine,3.5,3687.18,176.0,preventive,True,41,False,False,False
EQP-D71708B3,UNIT-9654,excavator,Hitachi,2017,open_pit,botswana,26920,2022-07-12,condition_based,engine,turbo,routine,4.4,9980.79,574.0,predictive,False,30,True,False,True
EQP-F67F277E,UNIT-5614,loader,Volvo,2020,underground,zambia,18177,2024-02-11,condition_based,electrical,battery,minor,9.6,14687.57,865.0,predictive,False,235,True,False,False
EQP-7B9D51C4,UNIT-8273,drill_rig,Caterpillar,2010,processing_plant,ghana,57762,2024-11-19,scheduled_maintenance,preventive,filter_replace,routine,1.2,1760.11,33.0,preventive,True,22,False,True,False
EQP-B410924E,UNIT-7629,conveyor,FLSmidth,2013,open_pit,tanzania,44501,2024-10-06,condition_based,roller,general_component,routine,1.1,577.35,437.0,predictive,False,49,False,False,False
EQP-350A768A,UNIT-6024,haul_truck,Caterpillar,2019,underground,zimbabwe,21275,2020-11-08,scheduled_maintenance,preventive,inspection,minor,7.1,17880.75,687.0,preventive,True,37,True,False,False
EQP-21A48B97,UNIT-8976,crusher,FLSmidth,2008,open_pit,south_africa,63733,2021-01-11,condition_based,motor,general_component,routine,8.8,9175.25,2594.0,predictive,False,105,False,True,True
EQP-629432A0,UNIT-2154,crusher,FLSmidth,2022,open_pit,zambia,8724,2024-05-26,breakdown,motor,general_component,major,59.7,142794.02,10916.0,corrective,False,95,False,True,True
EQP-A2D0FC22,UNIT-9288,conveyor,Metso,2010,underground,zambia,55576,2023-02-13,scheduled_maintenance,preventive,adjustment,routine,2.0,2083.98,535.0,preventive,True,116,False,False,False
EQP-DD4DD144,UNIT-8651,drill_rig,Epiroc,2020,open_pit,zimbabwe,14644,2022-09-04,scheduled_maintenance,preventive,adjustment,routine,2.1,1251.46,85.0,preventive,True,9,False,False,False
EQP-911B4517,UNIT-5532,loader,Caterpillar,2017,underground,ghana,30591,2023-12-14,scheduled_maintenance,preventive,adjustment,minor,11.7,20702.65,805.0,preventive,True,165,False,False,False
EQP-A6BF2343,UNIT-7599,crusher,FLSmidth,2021,open_pit,drc,10593,2020-04-26,condition_based,liner,general_component,routine,11.7,3834.39,3341.0,predictive,False,69,False,False,False
EQP-6A4D1B19,UNIT-5681,excavator,Liebherr,2020,processing_plant,botswana,16297,2022-09-24,scheduled_maintenance,preventive,inspection,routine,3.4,2112.39,651.0,preventive,True,91,False,False,False
EQP-D333E41E,UNIT-3418,pump,Weir,2016,open_pit,zambia,32285,2022-10-27,scheduled_maintenance,preventive,inspection,routine,1.3,1275.14,117.0,preventive,True,2,False,False,False
EQP-2B16D450,UNIT-8198,crusher,FLSmidth,2020,open_pit,drc,16516,2024-08-10,scheduled_maintenance,preventive,inspection,routine,10.0,9357.5,1693.0,preventive,True,59,False,False,False
EQP-DC4AC35F,UNIT-3213,pump,Metso,2013,underground,botswana,43910,2022-04-21,condition_based,motor,general_component,routine,1.5,906.31,124.0,predictive,False,173,False,True,False
EQP-0C4AF4CE,UNIT-3829,pump,Metso,2017,underground,south_africa,27920,2022-07-10,condition_based,motor,general_component,routine,1.9,1136.89,104.0,predictive,False,55,False,True,True
EQP-23B69FDB,UNIT-5673,grader,Caterpillar,2022,open_pit,ghana,8138,2023-12-12,condition_based,tires,front_right,routine,3.0,3745.19,31.0,predictive,False,52,False,False,False
EQP-DB5658C5,UNIT-8535,loader,Volvo,2009,processing_plant,zimbabwe,60479,2021-05-01,inspection,preventive,inspection,minor,14.2,18174.99,850.0,preventive,True,104,False,False,False
EQP-58332391,UNIT-4454,conveyor,FLSmidth,2013,open_pit,zimbabwe,43998,2020-05-05,condition_based,gearbox,general_component,minor,2.6,5068.09,971.0,predictive,False,2,False,True,False
EQP-6AC5851A,UNIT-5446,haul_truck,Belaz,2008,open_pit,botswana,63931,2022-04-28,breakdown,hydraulics,valve,minor,10.4,28513.91,1132.0,corrective,False,197,False,False,False
EQP-E8FF2822,UNIT-1374,conveyor,Metso,2016,open_pit,zambia,30678,2023-01-03,inspection,preventive,adjustment,routine,1.1,825.95,488.0,preventive,True,124,False,False,False
EQP-4F6B6A58,UNIT-2042,loader,Komatsu,2020,underground,ghana,18013,2022-05-28,scheduled_maintenance,preventive,inspection,routine,2.1,2040.89,160.0,preventive,True,96,False,False,False
EQP-E01C5284,UNIT-1503,conveyor,Metso,2008,underground,ghana,64535,2023-06-25,condition_based,motor,general_component,routine,0.9,966.01,284.0,predictive,False,34,False,True,False
EQP-251DBC41,UNIT-1648,grader,Komatsu,2016,processing_plant,south_africa,32208,2021-04-01,overhaul,hydraulics,valve,major,19.0,21579.78,217.0,major_overhaul,True,50,False,False,False
EQP-D8835A72,UNIT-8815,haul_truck,Hitachi,2014,underground,botswana,39375,2020-01-26,breakdown,electrical,wiring,minor,6.3,9097.32,742.0,corrective,False,19,False,False,False
EQP-F5B74882,UNIT-8577,excavator,Hitachi,2020,open_pit,south_africa,14996,2023-11-17,breakdown,hydraulics,pump,critical,48.1,192898.24,8056.0,corrective,False,35,True,False,True
EQP-CAAA515B,UNIT-8396,drill_rig,Sandvik,2011,open_pit,drc,52859,2024-03-11,breakdown,drill_string,general_component,minor,6.8,13229.79,206.0,corrective,False,14,False,False,True
EQP-E7BD8A35,UNIT-1500,drill_rig,Caterpillar,2010,open_pit,drc,55840,2023-01-16,overhaul,rotation,general_component,major,13.4,26683.46,547.0,major_overhaul,True,20,True,False,True
EQP-22B29A58,UNIT-1698,haul_truck,Caterpillar,2009,underground,south_africa,60621,2021-07-19,scheduled_maintenance,preventive,filter_replace,routine,2.5,2141.04,349.0,preventive,True,27,False,False,False
EQP-F7E6C9FA,UNIT-3525,haul_truck,Komatsu,2014,open_pit,ghana,38647,2021-10-28,condition_based,engine,cooling_system,routine,2.9,5402.8,270.0,predictive,False,27,True,False,True
EQP-C2A92B1D,UNIT-6087,loader,Caterpillar,2015,underground,zambia,37546,2022-05-13,breakdown,engine,injector,minor,13.6,13559.79,1237.0,corrective,False,31,False,False,False
EQP-4179EB23,UNIT-4006,drill_rig,Sandvik,2022,underground,south_africa,8901,2022-01-28,breakdown,compressor,general_component,major,15.5,39600.2,756.0,corrective,False,4,False,False,False
EQP-E353C879,UNIT-5387,haul_truck,Hitachi,2015,underground,botswana,35918,2021-02-06,breakdown,transmission,torque_converter,major,17.9,41161.71,2600.0,corrective,False,5,False,False,False
EQP-518969FA,UNIT-2556,haul_truck,Caterpillar,2010,open_pit,botswana,56467,2021-10-31,inspection,preventive,adjustment,routine,3.6,6036.53,308.0,preventive,True,53,False,True,False
EQP-7B09745A,UNIT-7576,drill_rig,Epiroc,2019,open_pit,south_africa,20741,2021-06-20,breakdown,electrical,sensors,major,16.8,49183.22,441.0,corrective,False,61,False,False,False
EQP-2F2BF6E6,UNIT-3824,haul_truck,Belaz,2008,processing_plant,tanzania,62663,2022-03-17,overhaul,electrical,sensors,major,16.5,41755.58,2137.0,major_overhaul,True,17,True,False,False
EQP-32E4FFBD,UNIT-1598,crusher,Metso,2013,underground,ghana,45677,2021-11-06,condition_based,liner,general_component,routine,5.9,10672.41,1223.0,predictive,False,5,True,False,False
EQP-4C7097E4,UNIT-7683,loader,Volvo,2018,open_pit,south_africa,24483,2022-08-08,inspection,preventive,inspection,minor,6.2,19771.05,365.0,preventive,True,56,False,False,False
EQP-1B3F0135,UNIT-9124,haul_truck,Komatsu,2012,underground,ghana,47295,2023-12-23,scheduled_maintenance,preventive,oil_change,minor,9.1,19723.7,988.0,preventive,True,25,False,False,False
EQP-289040E0,UNIT-1132,conveyor,Metso,2017,processing_plant,tanzania,26903,2021-08-18,scheduled_maintenance,preventive,oil_change,minor,5.7,4683.53,2198.0,preventive,True,97,False,False,False
EQP-C91BCC62,UNIT-4929,haul_truck,Hitachi,2015,open_pit,zambia,36987,2020-04-14,breakdown,hydraulics,filter,major,12.5,39649.21,1089.0,corrective,False,80,False,False,False
EQP-DC09BD43,UNIT-8443,excavator,Hitachi,2023,processing_plant,south_africa,4211,2024-01-12,scheduled_maintenance,preventive,filter_replace,routine,4.2,7172.74,436.0,preventive,True,35,True,False,False
EQP-30CD2AA4,UNIT-7354,grader,John Deere,2012,open_pit,zimbabwe,48482,2020-12-01,scheduled_maintenance,preventive,filter_replace,routine,2.1,2335.66,37.0,preventive,True,202,False,False,False
EQP-EF0E911E,UNIT-8708,conveyor,Metso,2022,processing_plant,zimbabwe,8026,2024-07-29,breakdown,pulley,general_component,major,9.2,22559.32,3349.0,corrective,False,6,False,False,False
EQP-D9F4A85C,UNIT-4736,grader,John Deere,2018,open_pit,zimbabwe,22997,2022-08-09,overhaul,hydraulics,pump,major,22.3,18144.49,277.0,major_overhaul,True,26,True,True,False
EQP-634F9CB8,UNIT-4349,haul_truck,Komatsu,2019,open_pit,drc,20508,2022-07-30,breakdown,tires,rear_left,critical,68.1,82362.69,9986.0,corrective,False,75,True,True,False
EQP-3C70C9C0,UNIT-7381,excavator,Komatsu,2010,open_pit,tanzania,55802,2022-01-05,breakdown,undercarriage,general_component,minor,17.7,21125.51,3114.0,corrective,False,5,False,False,False
EQP-33102071,UNIT-2382,drill_rig,Caterpillar,2008,processing_plant,zambia,63978,2023-07-04,scheduled_maintenance,preventive,oil_change,routine,2.1,2897.45,74.0,preventive,True,8,True,False,False
EQP-6D6584BE,UNIT-3154,drill_rig,Sandvik,2019,processing_plant,south_africa,22377,2023-03-21,scheduled_maintenance,preventive,oil_change,routine,2.4,3558.27,76.0,preventive,True,66,False,False,False
EQP-369E89D8,UNIT-6406,pump,Metso,2015,open_pit,tanzania,36869,2024-08-01,breakdown,motor,general_component,critical,37.2,26842.96,3216.0,corrective,False,80,False,False,False
EQP-FC675166,UNIT-7015,haul_truck,Komatsu,2012,open_pit,ghana,48926,2020-01-30,overhaul,electrical,alternator,major,20.4,56428.16,2638.0,major_overhaul,True,27,False,False,False
EQP-BF8E8BDE,UNIT-2076,loader,Caterpillar,2022,open_pit,zimbabwe,10720,2020-12-11,breakdown,transmission,driveshaft,minor,14.6,20634.63,1375.0,corrective,False,14,False,False,False
EQP-713DDD5D,UNIT-5574,grader,Komatsu,2013,open_pit,zimbabwe,44384,2021-05-14,scheduled_maintenance,preventive,adjustment,routine,2.2,3710.56,22.0,preventive,True,12,False,False,False
EQP-1DA680AD,UNIT-4283,conveyor,FLSmidth,2014,underground,ghana,40119,2020-12-07,breakdown,belt,general_component,minor,2.5,9248.2,1019.0,corrective,False,75,False,False,False
EQP-F7257372,UNIT-5515,excavator,Hitachi,2019,open_pit,south_africa,19320,2024-09-03,breakdown,undercarriage,general_component,critical,48.5,255541.12,6216.0,corrective,False,183,False,False,False
EQP-FD0EE6D2,UNIT-9624,drill_rig,Epiroc,2023,processing_plant,zimbabwe,3547,2020-05-10,scheduled_maintenance,preventive,oil_change,routine,2.7,4596.99,133.0,preventive,True,25,False,False,False
EQP-048ABC2B,UNIT-1689,excavator,Liebherr,2022,processing_plant,tanzania,5952,2020-08-06,inspection,preventive,oil_change,routine,2.6,6300.88,266.0,preventive,True,30,False,False,False
EQP-3F06F4B1,UNIT-9958,loader,Volvo,2018,open_pit,tanzania,24790,2022-03-06,scheduled_maintenance,preventive,adjustment,routine,4.4,1552.12,327.0,preventive,True,27,False,False,False
EQP-4AF21E13,UNIT-5045,drill_rig,Sandvik,2009,underground,zambia,58733,2021-04-20,breakdown,compressor,general_component,minor,5.8,19605.08,248.0,corrective,False,71,True,False,False
EQP-2ADF25DF,UNIT-7948,grader,Komatsu,2009,processing_plant,south_africa,60902,2021-08-19,breakdown,electrical,sensors,critical,62.7,40312.61,1098.0,corrective,False,42,False,False,False
EQP-D9FF0750,UNIT-4819,conveyor,ThyssenKrupp,2019,processing_plant,ghana,19956,2022-12-23,overhaul,gearbox,general_component,major,10.5,14286.9,4287.0,major_overhaul,True,30,False,True,False
EQP-74B3A4E4,UNIT-3798,drill_rig,Epiroc,2016,underground,zimbabwe,32128,2022-10-05,breakdown,compressor,general_component,major,12.8,21391.41,471.0,corrective,False,70,False,False,False
EQP-54B388D0,UNIT-7934,crusher,Metso,2010,open_pit,drc,55957,2024-04-04,scheduled_maintenance,preventive,inspection,minor,15.5,39465.06,4439.0,preventive,True,274,False,False,False
EQP-F645F920,UNIT-7188,drill_rig,Epiroc,2019,open_pit,zimbabwe,21386,2022-03-22,breakdown,hydraulics,valve,major,14.6,37022.96,576.0,corrective,False,140,True,False,False
EQP-5D29A945,UNIT-2296,grader,Komatsu,2023,underground,ghana,5209,2024-08-14,breakdown,electrical,alternator,minor,11.7,11655.17,178.0,corrective,False,48,False,False,False
EQP-384BFE90,UNIT-7347,haul_truck,Komatsu,2009,open_pit,south_africa,59971,2020-12-08,breakdown,brakes,general_component,minor,4.2,10658.1,585.0,corrective,False,88,False,False,False
EQP-6EE2413F,UNIT-7776,pump,Weir,2021,underground,zambia,11100,2020-12-16,breakdown,casing,general_component,minor,2.9,2104.54,209.0,corrective,False,128,True,False,False
EQP-B1870988,UNIT-4490,loader,Komatsu,2013,underground,zambia,44923,2021-12-05,scheduled_maintenance,preventive,inspection,routine,4.6,2475.27,370.0,preventive,True,23,True,False,False
EQP-723948D0,UNIT-9329,grader,Komatsu,2014,open_pit,zambia,39025,2020-07-29,scheduled_maintenance,preventive,oil_change,minor,4.6,4617.95,61.0,preventive,True,74,False,True,False
EQP-CEC39BD6,UNIT-6767,drill_rig,Sandvik,2019,open_pit,ghana,18445,2020-02-22,inspection,preventive,oil_change,routine,1.2,1141.14,36.0,preventive,True,52,False,False,False
EQP-F4986918,UNIT-4002,loader,Komatsu,2011,open_pit,tanzania,52498,2021-10-30,breakdown,engine,cooling_system,minor,13.8,10751.09,1008.0,corrective,False,87,True,False,False
EQP-38FFD833,UNIT-1096,excavator,Caterpillar,2010,processing_plant,drc,57218,2022-08-25,scheduled_maintenance,preventive,filter_replace,routine,5.2,9990.68,695.0,preventive,True,14,False,False,False
EQP-C4C1E07B,UNIT-7073,loader,Volvo,2023,open_pit,zimbabwe,3594,2021-05-14,scheduled_maintenance,preventive,oil_change,minor,7.5,20461.02,389.0,preventive,True,22,False,True,False
EQP-76A74EAE,UNIT-2881,haul_truck,Belaz,2013,open_pit,zambia,44404,2021-05-02,breakdown,transmission,gearbox,major,23.6,46278.77,2631.0,corrective,False,8,False,False,False
EQP-B12DE7A2,UNIT-7807,excavator,Liebherr,2010,processing_plant,drc,55584,2020-06-24,breakdown,undercarriage,general_component,major,30.8,62565.66,5101.0,corrective,False,68,False,False,False
EQP-30BB3AC3,UNIT-5725,drill_rig,Epiroc,2019,underground,zimbabwe,20721,2020-07-21,breakdown,electrical,starter,critical,23.0,189477.06,605.0,corrective,False,83,False,False,False
EQP-D1D43B8E,UNIT-5200,excavator,Caterpillar,2011,underground,zambia,53095,2024-05-08,breakdown,electrical,wiring,major,26.3,79718.73,4122.0,corrective,False,42,False,False,False
EQP-81FB82D2,UNIT-2473,excavator,Komatsu,2020,processing_plant,drc,15737,2020-04-28,scheduled_maintenance,preventive,inspection,minor,16.4,35109.05,2148.0,preventive,True,18,False,True,False
EQP-45B53719,UNIT-7402,loader,Volvo,2009,open_pit,zambia,58972,2023-06-18,breakdown,tires,front_right,major,25.0,55120.31,1301.0,corrective,False,9,False,False,False
EQP-6CED5EB3,UNIT-2492,excavator,Caterpillar,2016,processing_plant,south_africa,30542,2023-07-10,scheduled_maintenance,preventive,oil_change,routine,4.5,3354.33,494.0,preventive,True,160,False,False,False
EQP-6858F021,UNIT-4759,loader,Caterpillar,2014,processing_plant,botswana,40925,2020-12-31,scheduled_maintenance,preventive,adjustment,minor,9.2,6289.94,790.0,preventive,True,60,False,False,False
EQP-6498DE15,UNIT-8525,haul_truck,Belaz,2023,open_pit,ghana,2863,2021-03-21,scheduled_maintenance,preventive,inspection,routine,2.2,3109.54,254.0,preventive,True,1,False,False,False
EQP-1257496B,UNIT-9282,loader,Komatsu,2016,open_pit,south_africa,32372,2021-10-23,breakdown,transmission,clutch,critical,73.0,166993.87,7139.0,corrective,False,292,False,False,False
EQP-C435DB5F,UNIT-9901,loader,Caterpillar,2022,open_pit,tanzania,8777,2023-03-31,scheduled_maintenance,preventive,inspection,routine,2.5,5561.0,210.0,preventive,True,101,False,False,False
EQP-35D35253,UNIT-9621,drill_rig,Sandvik,2011,underground,south_africa,51498,2020-03-06,scheduled_maintenance,preventive,adjustment,routine,2.7,2234.45,132.0,preventive,True,66,False,False,False
EQP-3E122886,UNIT-6003,crusher,Sandvik,2015,underground,botswana,35833,2024-01-07,overhaul,shaft,general_component,major,43.5,136511.57,8385.0,major_overhaul,True,146,False,True,False
EQP-9B240E0E,UNIT-2804,grader,John Deere,2021,underground,drc,12999,2021-09-05,breakdown,blade,general_component,major,13.4,31892.52,212.0,corrective,False,12,False,False,False
EQP-959498FB,UNIT-8550,loader,Volvo,2010,processing_plant,ghana,55191,2022-06-18,breakdown,engine,injector,major,16.1,47562.47,1255.0,corrective,False,74,True,False,True
EQP-C978BDB1,UNIT-8213,excavator,Liebherr,2022,open_pit,south_africa,7090,2024-06-25,inspection,preventive,adjustment,routine,5.3,7730.28,808.0,preventive,True,18,False,False,False
EQP-C4812D5B,UNIT-9911,drill_rig,Epiroc,2020,underground,south_africa,15765,2020-08-27,breakdown,compressor,general_component,major,13.2,35346.0,626.0,corrective,False,19,False,False,False
EQP-39C6EA10,UNIT-6857,loader,Komatsu,2018,underground,south_africa,25277,2024-09-01,breakdown,transmission,gearbox,major,21.0,48249.43,1604.0,corrective,False,99,False,False,False
EQP-62821B23,UNIT-2274,excavator,Liebherr,2011,underground,south_africa,53610,2023-01-11,inspection,preventive,inspection,routine,4.3,8346.21,543.0,preventive,True,49,False,False,False
EQP-DC97DA68,UNIT-5525,loader,Volvo,2021,open_pit,ghana,11901,2022-02-07,scheduled_maintenance,preventive,oil_change,minor,10.9,16608.93,928.0,preventive,True,51,False,False,False
EQP-A812702D,UNIT-5033,excavator,Caterpillar,2021,underground,ghana,11287,2020-05-08,scheduled_maintenance,preventive,adjustment,routine,5.6,2313.77,708.0,preventive,True,33,False,False,False
EQP-8DFCF33D,UNIT-8585,loader,Volvo,2012,underground,drc,49064,2020-05-01,breakdown,electrical,battery,major,20.2,42381.44,1094.0,corrective,False,78,False,False,False
EQP-C15DF182,UNIT-4532,haul_truck,Hitachi,2017,open_pit,south_africa,26330,2024-01-10,breakdown,electrical,wiring,critical,34.5,209319.65,4111.0,corrective,False,38,False,False,True
EQP-47410021,UNIT-3957,haul_truck,Caterpillar,2008,underground,south_africa,64247,2021-12-24,breakdown,hydraulics,cylinder,minor,11.0,27195.5,938.0,corrective,False,187,False,False,True
EQP-1DF9EC85,UNIT-1720,pump,KSB,2014,open_pit,south_africa,39956,2023-10-02,condition_based,motor,general_component,routine,1.4,408.36,120.0,predictive,False,15,False,True,False
EQP-17E4088A,UNIT-8518,grader,Caterpillar,2010,open_pit,south_africa,57293,2024-02-08,scheduled_maintenance,preventive,oil_change,routine,3.0,955.43,43.0,preventive,True,49,False,False,False
EQP-59634D34,UNIT-7797,grader,John Deere,2016,processing_plant,ghana,33395,2021-12-24,scheduled_maintenance,preventive,inspection,routine,2.0,1977.41,37.0,preventive,True,1,False,False,False
EQP-924FB7ED,UNIT-1371,pump,Metso,2016,open_pit,south_africa,31057,2021-07-23,overhaul,impeller,general_component,major,11.2,17635.61,787.0,major_overhaul,True,82,False,False,False
EQP-DCD9DD05,UNIT-4903,drill_rig,Caterpillar,2016,underground,ghana,32167,2021-04-29,overhaul,hydraulics,hose,major,17.4,34529.68,607.0,major_overhaul,True,160,True,False,False
EQP-00B57167,UNIT-5316,excavator,Liebherr,2018,underground,botswana,23429,2023-02-19,breakdown,hydraulics,hose,major,26.1,58315.27,3729.0,corrective,False,11,False,False,True
EQP-A8AD74F8,UNIT-5223,haul_truck,Komatsu,2022,open_pit,ghana,7706,2023-07-01,scheduled_maintenance,preventive,filter_replace,minor,4.2,23098.25,540.0,preventive,True,11,False,False,False
EQP-1E6645FF,UNIT-9269,drill_rig,Epiroc,2011,open_pit,south_africa,52617,2021-09-21,condition_based,drill_string,general_component,routine,1.2,3017.45,35.0,predictive,False,114,False,False,False
EQP-295871B7,UNIT-2355,haul_truck,Belaz,2011,open_pit,zambia,51665,2022-10-17,condition_based,hydraulics,hose,routine,2.3,4942.3,231.0,predictive,False,34,True,False,False
EQP-9409A435,UNIT-3756,grader,Komatsu,2011,open_pit,drc,52193,2022-08-29,overhaul,blade,general_component,major,17.9,26279.99,227.0,major_overhaul,True,54,False,False,False
EQP-7371B7B0,UNIT-2628,haul_truck,Belaz,2022,underground,south_africa,8957,2020-09-18,condition_based,transmission,torque_converter,minor,7.5,23813.7,781.0,predictive,False,3,False,True,False
EQP-7E2CB989,UNIT-3196,haul_truck,Belaz,2009,open_pit,tanzania,61515,2022-08-04,condition_based,brakes,general_component,minor,8.6,7850.65,1233.0,predictive,False,33,False,False,False
EQP-203534F3,UNIT-9163,haul_truck,Hitachi,2008,processing_plant,zimbabwe,64288,2023-09-28,breakdown,brakes,general_component,major,15.1,30075.61,1847.0,corrective,False,85,False,False,False
EQP-6B68582A,UNIT-9465,haul_truck,Belaz,2010,open_pit,botswana,56117,2024-09-27,scheduled_maintenance,preventive,filter_replace,routine,2.1,5596.98,237.0,preventive,True,158,False,False,False
EQP-275EB25F,UNIT-1401,haul_truck,Belaz,2020,open_pit,botswana,14892,2021-08-24,scheduled_maintenance,preventive,adjustment,minor,11.8,8099.81,999.0,preventive,True,65,False,False,False
EQP-7007EBFF,UNIT-6688,crusher,Metso,2017,processing_plant,zambia,29585,2021-03-05,condition_based,hydraulics,pump,routine,6.8,7046.26,1608.0,predictive,False,62,True,False,True
EQP-659BD4F3,UNIT-3095,excavator,Hitachi,2022,open_pit,zimbabwe,8495,2024-05-27,scheduled_maintenance,preventive,adjustment,minor,17.4,20989.9,3130.0,preventive,True,69,True,True,False
EQP-E466071B,UNIT-2732,conveyor,Metso,2011,underground,drc,52136,2024-07-13,scheduled_maintenance,preventive,inspection,routine,1.5,1727.62,510.0,preventive,True,28,True,False,False
EQP-AE58E332,UNIT-3628,grader,John Deere,2014,underground,tanzania,40085,2024-02-02,scheduled_maintenance,preventive,inspection,routine,1.8,3271.77,34.0,preventive,True,44,False,False,False
EQP-4FCCEEFF,UNIT-2749,conveyor,FLSmidth,2016,processing_plant,zambia,32360,2021-08-26,overhaul,pulley,general_component,major,9.6,22327.34,3244.0,major_overhaul,True,5,False,False,False
EQP-66364775,UNIT-5411,crusher,Metso,2009,open_pit,ghana,60771,2021-05-11,scheduled_maintenance,preventive,inspection,minor,35.7,27606.96,6214.0,preventive,True,76,False,False,False
EQP-DE7969B5,UNIT-9959,excavator,Liebherr,2022,open_pit,south_africa,8895,2023-01-29,condition_based,hydraulics,pump,routine,5.4,3298.45,987.0,predictive,False,157,False,False,True
EQP-D308E2BC,UNIT-6277,haul_truck,Hitachi,2020,processing_plant,zambia,17610,2021-04-04,scheduled_maintenance,preventive,adjustment,minor,6.4,29568.0,751.0,preventive,True,17,True,False,False
EQP-EE398758,UNIT-7508,excavator,Hitachi,2010,open_pit,drc,56242,2023-10-16,scheduled_maintenance,preventive,adjustment,routine,2.7,2349.97,410.0,preventive,True,136,False,True,True
EQP-BABA64F5,UNIT-5439,pump,KSB,2021,underground,tanzania,13754,2021-12-17,scheduled_maintenance,preventive,oil_change,routine,1.4,1702.1,135.0,preventive,True,28,False,False,False
EQP-529F8B6C,UNIT-1125,conveyor,Metso,2015,underground,south_africa,37057,2021-08-11,scheduled_maintenance,preventive,oil_change,routine,0.9,540.25,411.0,preventive,True,55,False,False,True
EQP-65609C8E,UNIT-1756,excavator,Hitachi,2013,underground,tanzania,43939,2023-12-19,condition_based,bucket,general_component,routine,3.5,5880.93,697.0,predictive,False,1,True,False,False
EQP-45DC1354,UNIT-3419,drill_rig,Sandvik,2023,underground,south_africa,2332,2021-10-01,breakdown,compressor,general_component,major,17.3,39244.79,732.0,corrective,False,69,False,False,False
EQP-E5456A0B,UNIT-3192,loader,Caterpillar,2016,processing_plant,zambia,32085,2020-08-23,inspection,preventive,adjustment,minor,11.5,14598.89,908.0,preventive,True,67,False,False,False
EQP-12E359FB,UNIT-8564,crusher,Metso,2011,open_pit,ghana,53558,2023-12-01,condition_based,motor,general_component,minor,30.8,40411.77,7109.0,predictive,False,25,False,True,False
EQP-063FB574,UNIT-8591,conveyor,FLSmidth,2020,underground,ghana,15224,2021-07-22,scheduled_maintenance,preventive,filter_replace,routine,1.4,550.73,475.0,preventive,True,152,True,False,False
EQP-6B78BE58,UNIT-8686,grader,John Deere,2019,underground,drc,20082,2023-03-25,breakdown,electrical,starter,minor,5.3,5850.68,63.0,corrective,False,80,False,False,True
EQP-2E3D7D3E,UNIT-6737,crusher,FLSmidth,2011,open_pit,south_africa,52165,2023-04-01,breakdown,hydraulics,filter,minor,15.6,39898.38,4271.0,corrective,False,49,True,False,True
EQP-A9A081B4,UNIT-6005,crusher,Sandvik,2018,processing_plant,south_africa,24942,2020-05-29,breakdown,bearing,general_component,major,63.6,134493.81,9603.0,corrective,False,9,False,True,True
EQP-8AB03DD1,UNIT-6841,haul_truck,Belaz,2018,open_pit,tanzania,23612,2020-03-01,breakdown,transmission,torque_converter,minor,7.4,19839.55,1048.0,corrective,False,17,False,False,False
EQP-1CFE5A2E,UNIT-4660,haul_truck,Komatsu,2012,open_pit,south_africa,47130,2024-01-16,breakdown,electrical,alternator,major,18.0,52476.72,1704.0,corrective,False,11,False,False,False
EQP-714467C1,UNIT-7031,pump,Weir,2014,processing_plant,zimbabwe,40570,2020-04-10,overhaul,impeller,general_component,major,7.1,19858.18,440.0,major_overhaul,True,105,False,False,False
EQP-33716322,UNIT-8149,conveyor,Metso,2021,processing_plant,zimbabwe,11256,2021-08-20,condition_based,motor,general_component,routine,1.2,1279.65,302.0,predictive,False,104,False,True,False
EQP-60A6591E,UNIT-7865,drill_rig,Sandvik,2010,open_pit,south_africa,54164,2023-10-03,inspection,preventive,inspection,minor,3.8,10782.2,129.0,preventive,True,28,False,False,False
EQP-F711A2A9,UNIT-6523,conveyor,FLSmidth,2019,underground,tanzania,21840,2020-11-15,scheduled_maintenance,preventive,filter_replace,minor,2.8,3055.15,762.0,preventive,True,249,False,False,False
EQP-33EC88EF,UNIT-1522,haul_truck,Komatsu,2021,open_pit,tanzania,12927,2022-07-29,scheduled_maintenance,preventive,oil_change,routine,3.7,6199.08,329.0,preventive,True,47,False,False,False
EQP-3FBD2BE9,UNIT-7523,loader,Volvo,2022,open_pit,tanzania,9883,2020-07-27,inspection,preventive,inspection,routine,4.2,1525.05,355.0,preventive,True,56,False,False,False
EQP-1E9860E6,UNIT-4299,haul_truck,Caterpillar,2013,open_pit,tanzania,44874,2022-09-30,breakdown,electrical,battery,minor,10.8,10563.5,1146.0,corrective,False,75,False,False,False
EQP-685953F3,UNIT-7692,loader,Caterpillar,2012,processing_plant,zambia,48680,2023-07-08,condition_based,electrical,battery,routine,4.6,1472.44,233.0,predictive,False,61,False,False,False
EQP-A594F784,UNIT-5855,conveyor,ThyssenKrupp,2022,open_pit,botswana,8369,2021-03-23,inspection,preventive,inspection,minor,4.4,3942.88,1449.0,preventive,True,95,False,False,False
EQP-3C0CCE36,UNIT-8929,excavator,Caterpillar,2015,open_pit,south_africa,35813,2021-05-22,overhaul,hydraulics,pump,major,23.5,66333.51,2364.0,major_overhaul,True,2,True,False,False
EQP-2CDBEA41,UNIT-4045,haul_truck,Komatsu,2017,underground,south_africa,28512,2022-08-15,scheduled_maintenance,preventive,oil_change,minor,7.9,8444.96,1135.0,preventive,True,77,False,False,False
EQP-2691CD74,UNIT-9381,loader,Caterpillar,2016,open_pit,zimbabwe,31446,2023-11-25,inspection,preventive,filter_replace,routine,2.1,3174.92,195.0,preventive,True,27,False,False,False
EQP-4C9F9300,UNIT-8599,haul_truck,Hitachi,2016,open_pit,ghana,30930,2022-09-08,scheduled_maintenance,preventive,oil_change,routine,3.6,4386.32,365.0,preventive,True,110,False,False,False
EQP-EF6B3662,UNIT-3979,haul_truck,Belaz,2017,open_pit,zambia,27667,2023-06-16,breakdown,electrical,starter,major,21.6,34985.9,2010.0,corrective,False,60,False,False,False
EQP-6571B7CF,UNIT-5342,loader,Caterpillar,2014,underground,ghana,41291,2022-01-14,breakdown,hydraulics,hose,major,22.6,25984.9,1251.0,corrective,False,107,True,False,False
EQP-D0720B46,UNIT-5781,excavator,Komatsu,2014,underground,ghana,38767,2020-08-19,scheduled_maintenance,preventive,filter_replace,minor,10.5,19431.82,1790.0,preventive,True,116,False,False,False
EQP-BBB9A87D,UNIT-7916,excavator,Komatsu,2014,underground,tanzania,38783,2024-10-01,breakdown,undercarriage,general_component,major,21.1,79032.05,2364.0,corrective,False,63,False,False,False
EQP-62D900A1,UNIT-7201,haul_truck,Belaz,2018,open_pit,south_africa,24591,2023-12-04,breakdown,brakes,general_component,critical,28.2,211607.16,3531.0,corrective,False,126,True,False,False
EQP-A73DFECA,UNIT-8667,loader,Volvo,2021,open_pit,south_africa,11584,2020-03-29,breakdown,engine,cooling_system,major,19.9,28558.01,1252.0,corrective,False,62,True,False,True
EQP-2583106E,UNIT-4328,excavator,Caterpillar,2016,underground,zambia,32485,2021-05-11,inspection,preventive,oil_change,minor,17.2,12757.36,2974.0,preventive,True,44,False,False,False
EQP-94E742ED,UNIT-5542,haul_truck,Komatsu,2018,open_pit,tanzania,24989,2022-01-16,inspection,preventive,oil_change,routine,1.8,2621.33,188.0,preventive,True,67,False,False,False
EQP-90ADC7E9,UNIT-4877,excavator,Liebherr,2014,open_pit,tanzania,40461,2020-05-26,inspection,preventive,inspection,routine,5.8,8994.87,659.0,preventive,True,84,False,False,False
EQP-70C2784A,UNIT-9185,haul_truck,Caterpillar,2020,open_pit,south_africa,15367,2024-03-23,scheduled_maintenance,preventive,filter_replace,minor,8.2,28462.39,786.0,preventive,True,76,True,False,False
EQP-E6BC67D3,UNIT-3744,excavator,Liebherr,2014,open_pit,tanzania,41282,2020-11-06,overhaul,electrical,alternator,major,25.9,71296.51,4377.0,major_overhaul,True,9,False,False,False
EQP-007F36DD,UNIT-6283,haul_truck,Caterpillar,2014,open_pit,zambia,40742,2021-01-06,scheduled_maintenance,preventive,inspection,routine,1.9,6913.63,240.0,preventive,True,44,False,False,False
EQP-9F3CD198,UNIT-2081,haul_truck,Hitachi,2008,processing_plant,tanzania,64026,2021-07-24,scheduled_maintenance,preventive,adjustment,routine,1.8,2288.4,216.0,preventive,True,123,False,False,False
EQP-BCD02C30,UNIT-8651,drill_rig,Caterpillar,2012,open_pit,south_africa,47978,2024-08-09,scheduled_maintenance,preventive,filter_replace,routine,2.2,3628.93,73.0,preventive,True,96,False,False,False
EQP-4DA0C7C0,UNIT-4457,grader,John Deere,2019,underground,ghana,20373,2021-02-10,breakdown,hydraulics,hose,major,19.2,31570.18,314.0,corrective,False,158,False,False,False
EQP-3BF73A87,UNIT-4064,haul_truck,Belaz,2009,open_pit,drc,59688,2022-02-04,scheduled_maintenance,preventive,filter_replace,routine,2.6,4195.97,203.0,preventive,True,26,False,False,False
EQP-C94FE7B7,UNIT-6245,haul_truck,Hitachi,2011,underground,zambia,50368,2023-05-13,scheduled_maintenance,preventive,adjustment,routine,2.3,5926.75,277.0,preventive,True,10,True,False,False
EQP-F1D7F3F4,UNIT-5488,grader,Caterpillar,2020,underground,south_africa,16750,2020-10-08,overhaul,tires,front_right,major,12.2,27399.81,217.0,major_overhaul,True,91,False,False,False
EQP-A1492217,UNIT-8630,grader,Komatsu,2021,processing_plant,drc,12690,2020-06-09,breakdown,electrical,starter,critical,38.9,142776.35,443.0,corrective,False,129,False,False,False
EQP-D7AC5974,UNIT-5782,crusher,Sandvik,2014,open_pit,zambia,37698,2020-06-16,breakdown,motor,general_component,major,61.7,72226.6,16812.0,corrective,False,74,True,True,False
EQP-1E765EC0,UNIT-5652,haul_truck,Komatsu,2014,underground,ghana,40510,2020-11-26,scheduled_maintenance,preventive,inspection,minor,8.8,7889.63,1257.0,preventive,True,79,False,False,False
EQP-75746FBA,UNIT-1944,drill_rig,Sandvik,2016,open_pit,drc,33756,2021-08-11,breakdown,hydraulics,cylinder,major,10.4,31343.59,509.0,corrective,False,155,True,False,True
EQP-CAC46721,UNIT-1197,haul_truck,Hitachi,2020,underground,ghana,14872,2024-08-20,overhaul,brakes,general_component,major,21.5,35787.47,1661.0,major_overhaul,True,65,False,False,False
EQP-EF0EF2E6,UNIT-4586,haul_truck,Hitachi,2015,processing_plant,tanzania,35926,2024-07-13,scheduled_maintenance,preventive,oil_change,routine,2.0,2574.78,284.0,preventive,True,30,False,False,False
EQP-84FEAE86,UNIT-9982,excavator,Liebherr,2010,underground,zambia,55818,2022-10-21,scheduled_maintenance,preventive,oil_change,minor,15.5,11432.61,1648.0,preventive,True,157,False,False,False
EQP-3D9B9C56,UNIT-9255,conveyor,Metso,2014,underground,zambia,41660,2024-08-17,scheduled_maintenance,preventive,filter_replace,minor,4.1,5729.53,1414.0,preventive,True,77,False,False,False
EQP-288E568E,UNIT-6660,excavator,Hitachi,2012,processing_plant,botswana,49120,2020-02-22,scheduled_maintenance,preventive,oil_change,routine,5.0,7897.87,774.0,preventive,True,10,False,False,False
EQP-26DE60C9,UNIT-6676,conveyor,ThyssenKrupp,2018,processing_plant,zambia,23121,2022-10-10,breakdown,roller,general_component,major,6.5,18350.06,1985.0,corrective,False,125,False,False,False
EQP-88632DB0,UNIT-4523,excavator,Liebherr,2010,open_pit,ghana,56342,2022-03-10,scheduled_maintenance,preventive,oil_change,routine,5.1,4853.48,686.0,preventive,True,63,False,False,False
EQP-6C3555A0,UNIT-2597,excavator,Liebherr,2017,open_pit,zambia,30302,2020-07-31,breakdown,engine,head_gasket,minor,14.7,10351.26,2805.0,corrective,False,143,True,False,True
EQP-F26B0816,UNIT-1076,loader,Caterpillar,2010,underground,botswana,55375,2022-09-22,scheduled_maintenance,preventive,oil_change,routine,2.5,3643.51,147.0,preventive,True,108,False,False,False
EQP-B8A04398,UNIT-4049,grader,Caterpillar,2023,processing_plant,south_africa,3988,2022-04-01,inspection,preventive,adjustment,routine,1.9,1848.66,29.0,preventive,True,77,False,False,False
EQP-2AAC1817,UNIT-3847,excavator,Hitachi,2018,open_pit,zambia,24513,2023-10-06,breakdown,undercarriage,general_component,critical,98.9,171662.13,18069.0,corrective,False,14,False,False,False
EQP-5971ED94,UNIT-2724,conveyor,FLSmidth,2010,open_pit,south_africa,55389,2022-01-21,scheduled_maintenance,preventive,adjustment,routine,1.3,1403.09,403.0,preventive,True,63,False,False,False
EQP-2525B452,UNIT-3332,excavator,Caterpillar,2023,underground,tanzania,5763,2022-02-11,condition_based,hydraulics,pump,routine,4.7,3360.54,909.0,predictive,False,10,True,False,True
EQP-D76429CB,UNIT-1223,haul_truck,Caterpillar,2017,open_pit,zambia,27527,2021-02-19,scheduled_maintenance,preventive,oil_change,routine,1.6,3429.7,238.0,preventive,True,86,False,False,False
EQP-0289A830,UNIT-6471,crusher,Metso,2017,open_pit,botswana,26610,2022-04-30,scheduled_maintenance,preventive,oil_change,routine,6.1,14114.11,1158.0,preventive,True,20,False,False,False
EQP-584E991D,UNIT-9346,haul_truck,Komatsu,2009,open_pit,zambia,59475,2020-05-16,scheduled_maintenance,preventive,oil_change,routine,3.4,5165.12,376.0,preventive,True,34,False,False,False
EQP-3FC4F120,UNIT-7216,drill_rig,Caterpillar,2011,open_pit,south_africa,52653,2022-10-16,scheduled_maintenance,preventive,filter_replace,minor,4.2,19846.3,106.0,preventive,True,11,False,False,False
EQP-C2DDA4ED,UNIT-5033,drill_rig,Sandvik,2020,underground,drc,15201,2021-11-17,scheduled_maintenance,preventive,adjustment,minor,3.5,14418.21,172.0,preventive,True,13,False,False,False
EQP-BA2E2359,UNIT-4781,haul_truck,Caterpillar,2015,open_pit,botswana,36302,2021-05-07,breakdown,transmission,driveshaft,critical,33.8,96819.75,2883.0,corrective,False,128,False,False,False
EQP-C50220A8,UNIT-3767,haul_truck,Komatsu,2017,open_pit,south_africa,28562,2021-10-31,scheduled_maintenance,preventive,adjustment,routine,3.6,5494.9,386.0,preventive,True,48,True,False,False
EQP-25BD2B41,UNIT-2281,excavator,Liebherr,2023,underground,south_africa,2791,2024-05-24,condition_based,undercarriage,general_component,routine,3.6,8926.98,602.0,predictive,False,3,False,False,False
EQP-5DB25297,UNIT-6385,pump,KSB,2014,open_pit,zimbabwe,39436,2023-06-21,scheduled_maintenance,preventive,adjustment,minor,4.1,7476.24,338.0,preventive,True,53,True,False,False
EQP-934A7E21,UNIT-6098,conveyor,FLSmidth,2014,open_pit,drc,40348,2024-03-14,overhaul,motor,general_component,major,9.5,18317.87,3925.0,major_overhaul,True,10,False,True,False
EQP-10EE61A1,UNIT-1065,excavator,Caterpillar,2020,open_pit,south_africa,16702,2021-12-10,breakdown,undercarriage,general_component,major,24.7,47207.69,2512.0,corrective,False,32,False,False,False
EQP-F360A012,UNIT-4739,haul_truck,Caterpillar,2009,open_pit,ghana,59461,2021-12-09,scheduled_maintenance,preventive,adjustment,minor,4.7,21969.0,611.0,preventive,True,16,True,False,False
EQP-CC6C349B,UNIT-3501,conveyor,ThyssenKrupp,2015,underground,ghana,36151,2020-01-24,scheduled_maintenance,preventive,inspection,routine,1.1,785.95,480.0,preventive,True,122,False,True,False
EQP-8C5FEB21,UNIT-2532,haul_truck,Komatsu,2021,open_pit,zambia,11716,2023-05-12,scheduled_maintenance,preventive,oil_change,routine,2.0,1836.22,232.0,preventive,True,40,False,False,False
EQP-97DE81B7,UNIT-7326,conveyor,Metso,2011,open_pit,drc,52727,2020-02-06,overhaul,motor,general_component,major,11.5,13175.86,4978.0,major_overhaul,True,109,False,True,False
EQP-AC68803C,UNIT-5731,loader,Volvo,2012,open_pit,drc,48519,2024-10-16,scheduled_maintenance,preventive,adjustment,minor,12.4,7746.6,620.0,preventive,True,57,False,False,True
EQP-A767ECD8,UNIT-6703,drill_rig,Epiroc,2015,open_pit,tanzania,35626,2023-05-22,scheduled_maintenance,preventive,inspection,routine,2.7,2781.61,79.0,preventive,True,31,False,False,False
EQP-0C4CB5FF,UNIT-7420,excavator,Komatsu,2009,open_pit,ghana,60478,2022-04-18,scheduled_maintenance,preventive,adjustment,routine,5.3,9551.31,569.0,preventive,True,15,False,False,False
EQP-76AF5D91,UNIT-9835,haul_truck,Komatsu,2009,open_pit,zimbabwe,59587,2023-04-04,scheduled_maintenance,preventive,inspection,routine,1.6,5462.37,158.0,preventive,True,156,True,False,False
EQP-0324BE06,UNIT-8224,haul_truck,Caterpillar,2012,open_pit,ghana,48457,2024-11-23,condition_based,hydraulics,valve,routine,3.4,5666.86,307.0,predictive,False,77,False,False,False
EQP-617A5C40,UNIT-6582,drill_rig,Caterpillar,2022,open_pit,drc,8471,2020-10-15,condition_based,electrical,sensors,routine,2.1,4214.42,62.0,predictive,False,11,False,False,False
EQP-47A07F84,UNIT-8910,grader,Komatsu,2011,processing_plant,zambia,54371,2023-09-04,breakdown,electrical,sensors,major,21.3,21741.6,302.0,corrective,False,65,False,False,False
EQP-8C2BAD20,UNIT-5297,haul_truck,Caterpillar,2019,open_pit,zimbabwe,19663,2024-04-08,condition_based,transmission,clutch,routine,3.9,4934.5,475.0,predictive,False,28,False,True,False
EQP-3C47905C,UNIT-9861,conveyor,ThyssenKrupp,2014,open_pit,botswana,39858,2022-11-21,condition_based,motor,general_component,routine,1.2,1925.87,463.0,predictive,False,78,False,True,False
EQP-0DC3B0D0,UNIT-7852,crusher,Metso,2020,underground,ghana,15352,2023-04-07,scheduled_maintenance,preventive,inspection,minor,26.5,28682.6,7302.0,preventive,True,156,False,False,False
EQP-3B14689B,UNIT-6857,haul_truck,Komatsu,2013,open_pit,south_africa,42967,2022-06-29,scheduled_maintenance,preventive,filter_replace,routine,2.3,3825.41,240.0,preventive,True,8,False,False,False
EQP-62A350BB,UNIT-9129,haul_truck,Hitachi,2021,underground,drc,11543,2020-10-04,inspection,preventive,oil_change,routine,3.7,5708.04,391.0,preventive,True,28,True,False,False
EQP-18CBE3D9,UNIT-5635,excavator,Caterpillar,2013,open_pit,drc,44665,2024-10-31,condition_based,electrical,alternator,routine,3.3,8467.7,334.0,predictive,False,9,False,False,False
EQP-82352137,UNIT-7485,crusher,FLSmidth,2020,open_pit,south_africa,16737,2021-06-01,breakdown,shaft,general_component,major,48.6,92547.03,12832.0,corrective,False,60,False,False,False
EQP-BB3D630C,UNIT-3562,drill_rig,Sandvik,2021,processing_plant,tanzania,12295,2021-11-25,scheduled_maintenance,preventive,adjustment,minor,8.3,14385.33,332.0,preventive,True,38,False,False,False
EQP-A6957795,UNIT-9667,crusher,FLSmidth,2014,open_pit,tanzania,39704,2024-10-18,condition_based,hydraulics,hose,routine,5.5,10971.7,929.0,predictive,False,20,True,True,True
EQP-1011677F,UNIT-6609,grader,John Deere,2018,open_pit,drc,23506,2020-04-11,inspection,preventive,oil_change,minor,8.0,15146.49,95.0,preventive,True,60,True,True,False
EQP-00AEA15A,UNIT-8037,loader,Caterpillar,2009,underground,drc,59083,2022-01-03,scheduled_maintenance,preventive,filter_replace,minor,10.8,20174.33,632.0,preventive,True,15,False,False,False
EQP-2BC8BC1F,UNIT-5146,pump,KSB,2015,processing_plant,south_africa,35443,2022-09-27,inspection,preventive,inspection,routine,1.5,711.24,106.0,preventive,True,72,False,False,False
EQP-9B2D064E,UNIT-8800,loader,Caterpillar,2013,open_pit,drc,42704,2021-03-02,scheduled_maintenance,preventive,inspection,routine,2.4,4203.11,125.0,preventive,True,12,False,False,True
EQP-D6AFE75E,UNIT-1667,loader,Volvo,2023,underground,zambia,5357,2023-04-21,scheduled_maintenance,preventive,adjustment,routine,2.1,5797.12,187.0,preventive,True,27,False,False,False
EQP-A3535436,UNIT-2026,loader,Volvo,2022,open_pit,tanzania,9837,2022-08-01,condition_based,hydraulics,hose,minor,9.2,12808.8,606.0,predictive,False,77,True,False,True
EQP-63E5E606,UNIT-5563,crusher,Metso,2020,underground,drc,14064,2021-04-16,breakdown,hydraulics,pump,major,52.3,128875.92,15052.0,corrective,False,123,True,False,True
EQP-F782ACCA,UNIT-7590,loader,Komatsu,2023,open_pit,south_africa,4289,2021-01-04,breakdown,tires,rear_right,major,29.1,43411.51,1850.0,corrective,False,115,True,False,False
EQP-9F8D708A,UNIT-8282,grader,John Deere,2023,underground,south_africa,4272,2021-05-30,condition_based,tires,rear_left,minor,10.0,9253.71,137.0,predictive,False,45,False,False,False
EQP-3F5A9DEF,UNIT-4960,drill_rig,Epiroc,2020,open_pit,south_africa,16208,2023-11-26,breakdown,rotation,general_component,minor,6.6,13553.96,317.0,corrective,False,1,False,True,False
EQP-1E5CD0BE,UNIT-6846,conveyor,FLSmidth,2017,underground,botswana,27407,2022-07-26,breakdown,gearbox,general_component,major,7.3,16376.93,2132.0,corrective,False,94,False,False,False
EQP-92B2B52B,UNIT-5977,drill_rig,Sandvik,2011,open_pit,tanzania,53022,2023-11-30,breakdown,compressor,general_component,major,17.1,29540.85,789.0,corrective,False,74,False,False,False
EQP-6043D810,UNIT-9652,loader,Komatsu,2021,underground,tanzania,12410,2023-07-17,breakdown,hydraulics,filter,major,17.9,51400.27,1031.0,corrective,False,111,True,False,True
EQP-9884E2BF,UNIT-6886,drill_rig,Sandvik,2011,underground,tanzania,53034,2023-12-12,breakdown,rotation,general_component,major,17.5,35980.52,654.0,corrective,False,71,False,True,False
EQP-81F3361B,UNIT-4751,loader,Volvo,2010,processing_plant,south_africa,55262,2024-03-19,scheduled_maintenance,preventive,oil_change,minor,14.5,22827.65,1359.0,preventive,True,64,False,True,False
EQP-49CC4D6F,UNIT-9727,loader,Volvo,2022,processing_plant,zimbabwe,6616,2023-01-16,overhaul,transmission,torque_converter,major,29.7,24314.67,1722.0,major_overhaul,True,28,True,False,False
EQP-A816F470,UNIT-1965,pump,Weir,2009,open_pit,zimbabwe,60434,2021-10-10,scheduled_maintenance,preventive,oil_change,routine,1.1,1630.96,57.0,preventive,True,59,False,False,False
EQP-ED0020D4,UNIT-9860,haul_truck,Hitachi,2010,underground,south_africa,55037,2023-06-03,condition_based,tires,front_left,routine,1.9,2444.03,177.0,predictive,False,75,False,False,False
EQP-9C6A9C77,UNIT-2385,crusher,FLSmidth,2016,open_pit,drc,33054,2024-08-27,breakdown,bearing,general_component,major,58.6,128509.18,11094.0,corrective,False,34,False,True,False
EQP-31998DDD,UNIT-3593,loader,Caterpillar,2017,processing_plant,zambia,25873,2021-08-01,breakdown,hydraulics,filter,minor,9.2,21664.16,647.0,corrective,False,127,False,False,True
EQP-1A4E3F83,UNIT-8392,grader,Komatsu,2008,underground,tanzania,63531,2022-05-27,inspection,preventive,adjustment,routine,2.5,3308.99,44.0,preventive,True,17,True,False,False
EQP-836DF76A,UNIT-7603,grader,Komatsu,2014,open_pit,south_africa,39384,2024-04-30,scheduled_maintenance,preventive,adjustment,minor,8.5,11126.11,89.0,preventive,True,39,False,False,False
EQP-8D9DA0F2,UNIT-9732,conveyor,Metso,2011,open_pit,tanzania,51667,2022-12-11,inspection,preventive,oil_change,routine,1.6,745.42,629.0,preventive,True,164,True,False,True
EQP-CBA12DBC,UNIT-7749,conveyor,FLSmidth,2012,underground,botswana,48261,2020-09-16,scheduled_maintenance,preventive,adjustment,routine,1.2,2420.78,518.0,preventive,True,5,False,False,False
EQP-D20DF32A,UNIT-6732,haul_truck,Belaz,2010,processing_plant,botswana,56396,2021-09-22,scheduled_maintenance,preventive,oil_change,routine,2.4,3458.1,325.0,preventive,True,26,False,False,False
EQP-4EA64960,UNIT-4118,pump,Metso,2018,processing_plant,south_africa,24639,2021-04-03,scheduled_maintenance,preventive,filter_replace,routine,1.5,445.17,147.0,preventive,True,79,False,False,False
EQP-621A5CA9,UNIT-1042,excavator,Caterpillar,2015,underground,south_africa,36754,2022-05-09,breakdown,engine,head_gasket,major,19.3,40112.74,3523.0,corrective,False,63,True,False,True
EQP-F8600BB9,UNIT-2114,crusher,Sandvik,2023,open_pit,zimbabwe,3828,2024-11-21,inspection,preventive,adjustment,minor,28.8,48238.04,4766.0,preventive,True,4,False,False,False
EQP-634A6EF5,UNIT-3679,loader,Komatsu,2008,processing_plant,ghana,66108,2024-02-19,scheduled_maintenance,preventive,inspection,minor,13.0,20994.31,764.0,preventive,True,149,False,False,False
EQP-D2B5CE3E,UNIT-1368,drill_rig,Caterpillar,2020,underground,south_africa,17387,2024-09-24,scheduled_maintenance,preventive,filter_replace,routine,2.8,4212.15,120.0,preventive,True,28,False,False,False
EQP-C1A6CB37,UNIT-5573,haul_truck,Komatsu,2022,underground,zimbabwe,7688,2023-08-27,breakdown,tires,front_left,major,21.0,55156.74,1908.0,corrective,False,134,False,False,False
EQP-DB15111B,UNIT-7995,haul_truck,Komatsu,2015,underground,south_africa,35863,2022-07-02,scheduled_maintenance,preventive,filter_replace,minor,8.1,21717.37,758.0,preventive,True,49,False,False,False
EQP-1E6A1EEA,UNIT-9668,loader,Volvo,2019,underground,drc,19666,2023-04-02,condition_based,transmission,gearbox,minor,13.7,22322.59,1267.0,predictive,False,36,True,False,False
EQP-14D4166E,UNIT-5406,drill_rig,Epiroc,2015,underground,botswana,36363,2022-06-17,scheduled_maintenance,preventive,inspection,routine,2.1,3654.51,77.0,preventive,True,187,False,False,False
EQP-21BB04D0,UNIT-8874,haul_truck,Belaz,2017,underground,drc,27028,2020-03-14,overhaul,electrical,starter,major,21.4,45803.52,2242.0,major_overhaul,True,52,False,False,False
EQP-F3580AB3,UNIT-9868,crusher,FLSmidth,2022,processing_plant,botswana,7210,2020-07-29,breakdown,hydraulics,valve,major,38.3,145536.22,8441.0,corrective,False,23,False,False,True
EQP-584233C7,UNIT-8737,excavator,Liebherr,2016,processing_plant,drc,29832,2022-09-25,inspection,preventive,inspection,routine,5.0,9724.66,628.0,preventive,True,102,False,False,False
EQP-1B720F1F,UNIT-5184,grader,Caterpillar,2017,open_pit,ghana,27601,2023-04-02,condition_based,blade,general_component,routine,1.8,2809.25,20.0,predictive,False,151,True,False,False
EQP-E251914B,UNIT-3927,excavator,Liebherr,2023,open_pit,south_africa,5064,2021-04-01,overhaul,engine,oil_pump,major,18.5,73966.01,3658.0,major_overhaul,True,14,True,False,False
EQP-BDEE364F,UNIT-9800,haul_truck,Belaz,2015,underground,ghana,35847,2020-02-25,condition_based,hydraulics,hose,minor,8.0,28579.24,775.0,predictive,False,9,False,False,False
EQP-12E488AE,UNIT-3176,haul_truck,Caterpillar,2010,underground,ghana,55903,2020-05-05,scheduled_maintenance,preventive,filter_replace,minor,5.0,25006.66,567.0,preventive,True,25,False,False,False
EQP-531C2F5C,UNIT-4703,drill_rig,Epiroc,2018,underground,tanzania,24278,2021-07-19,scheduled_maintenance,preventive,inspection,minor,5.0,6780.75,132.0,preventive,True,124,False,False,False
EQP-3C6A6C33,UNIT-1666,drill_rig,Epiroc,2019,processing_plant,botswana,18997,2024-03-30,inspection,preventive,oil_change,routine,2.6,4832.68,75.0,preventive,True,8,False,False,False
EQP-957B7524,UNIT-8142,loader,Komatsu,2011,open_pit,south_africa,52025,2022-01-23,inspection,preventive,filter_replace,minor,10.5,19038.6,579.0,preventive,True,26,False,False,True
EQP-5024DF38,UNIT-6847,drill_rig,Caterpillar,2019,open_pit,south_africa,20890,2024-10-18,scheduled_maintenance,preventive,adjustment,routine,2.5,3956.05,66.0,preventive,True,78,False,False,False
EQP-4A8FBA71,UNIT-1763,excavator,Hitachi,2009,processing_plant,zambia,60306,2024-05-28,condition_based,engine,cooling_system,routine,5.2,5207.46,859.0,predictive,False,22,True,False,True
EQP-DDDC9162,UNIT-2997,excavator,Caterpillar,2013,processing_plant,drc,44978,2024-03-24,scheduled_maintenance,preventive,inspection,routine,4.1,2067.57,417.0,preventive,True,1,True,False,True
EQP-1A38404C,UNIT-5998,excavator,Hitachi,2021,open_pit,ghana,13264,2024-10-09,breakdown,hydraulics,valve,major,35.7,56303.91,5201.0,corrective,False,1,False,False,True
EQP-5C83D7B2,UNIT-5863,grader,Komatsu,2017,open_pit,ghana,28662,2021-03-11,breakdown,blade,general_component,minor,5.6,7973.35,93.0,corrective,False,84,False,True,False
EQP-CE5DC30C,UNIT-8217,haul_truck,Komatsu,2017,open_pit,south_africa,27286,2024-10-19,condition_based,transmission,driveshaft,routine,1.8,4235.33,184.0,predictive,False,42,True,False,False
EQP-A58E9BBC,UNIT-3394,pump,KSB,2017,open_pit,drc,27655,2024-07-20,condition_based,casing,general_component,routine,1.2,1522.13,69.0,predictive,False,96,False,False,False
EQP-63B3B6A2,UNIT-9321,excavator,Hitachi,2010,underground,south_africa,57931,2023-12-08,condition_based,bucket,general_component,routine,5.1,5604.86,624.0,predictive,False,4,False,False,False
EQP-AAB417DB,UNIT-4999,haul_truck,Belaz,2023,open_pit,zimbabwe,4314,2020-12-12,scheduled_maintenance,preventive,filter_replace,routine,1.8,3732.77,156.0,preventive,True,237,False,False,False
EQP-8B8F86EE,UNIT-8402,haul_truck,Belaz,2012,open_pit,ghana,48180,2021-06-05,scheduled_maintenance,preventive,adjustment,routine,2.7,2988.74,262.0,preventive,True,289,False,False,False
EQP-D216C4D0,UNIT-3145,haul_truck,Caterpillar,2020,underground,drc,15140,2023-03-20,breakdown,brakes,general_component,minor,8.6,24791.23,875.0,corrective,False,28,False,True,False
EQP-2B2A1299,UNIT-1332,loader,Volvo,2023,underground,drc,3908,2020-03-22,breakdown,electrical,wiring,minor,13.1,20175.07,915.0,corrective,False,16,False,False,False
EQP-9AC8AF41,UNIT-1495,drill_rig,Sandvik,2011,underground,south_africa,52716,2024-01-18,breakdown,rotation,general_component,major,16.6,30896.3,508.0,corrective,False,26,False,False,False
EQP-BAA2DFCF,UNIT-4353,excavator,Liebherr,2018,open_pit,tanzania,24014,2022-02-05,scheduled_maintenance,preventive,oil_change,routine,3.3,3740.49,407.0,preventive,True,31,False,False,False
EQP-43AC1C79,UNIT-9577,crusher,FLSmidth,2008,open_pit,zimbabwe,63480,2020-02-08,condition_based,bearing,general_component,routine,6.8,5640.57,1672.0,predictive,False,192,False,True,False
EQP-BEE35C27,UNIT-1438,conveyor,Metso,2018,open_pit,tanzania,23712,2021-06-19,inspection,preventive,inspection,routine,1.6,1825.63,409.0,preventive,True,27,False,False,False
EQP-098E5ABE,UNIT-4320,grader,Caterpillar,2015,processing_plant,drc,37191,2021-12-12,breakdown,blade,general_component,minor,10.9,13270.92,157.0,corrective,False,8,True,True,False
EQP-29C946F8,UNIT-1983,pump,Metso,2009,open_pit,drc,60667,2023-03-25,inspection,preventive,adjustment,routine,1.0,1655.97,96.0,preventive,True,43,False,False,False
EQP-86A962E6,UNIT-9383,crusher,Metso,2018,underground,south_africa,24534,2022-12-20,scheduled_maintenance,preventive,adjustment,routine,10.0,13447.98,2642.0,preventive,True,80,True,False,False
EQP-5F418FEE,UNIT-7077,loader,Komatsu,2023,underground,drc,4440,2021-10-29,scheduled_maintenance,preventive,inspection,routine,2.7,4821.46,180.0,preventive,True,90,False,True,False
EQP-3594CA71,UNIT-7863,loader,Caterpillar,2009,processing_plant,zambia,58816,2023-01-19,condition_based,engine,injector,minor,6.8,14746.8,526.0,predictive,False,135,True,False,True
EQP-892CC543,UNIT-7418,drill_rig,Sandvik,2022,open_pit,drc,8272,2024-05-22,overhaul,electrical,starter,major,12.0,28020.89,595.0,major_overhaul,True,73,False,False,False
EQP-F0B0A4B4,UNIT-6912,crusher,Sandvik,2021,open_pit,south_africa,13068,2021-09-22,scheduled_maintenance,preventive,adjustment,routine,10.5,7485.4,2703.0,preventive,True,31,True,False,False
EQP-E653A9EF,UNIT-7962,haul_truck,Belaz,2016,processing_plant,ghana,31739,2021-11-04,scheduled_maintenance,preventive,filter_replace,routine,3.4,3202.39,405.0,preventive,True,147,False,False,False
EQP-177AECDC,UNIT-1073,loader,Caterpillar,2022,open_pit,south_africa,8977,2020-07-01,breakdown,engine,head_gasket,critical,63.5,77908.33,4951.0,corrective,False,90,False,False,False
EQP-F688D858,UNIT-8788,pump,Weir,2012,underground,ghana,48545,2021-11-11,breakdown,seal,general_component,major,10.3,9726.82,976.0,corrective,False,25,True,False,False
EQP-7E6D40D4,UNIT-7658,haul_truck,Caterpillar,2019,open_pit,zambia,20827,2021-05-26,breakdown,engine,oil_pump,critical,46.7,77856.32,4185.0,corrective,False,74,False,False,True
EQP-32AF164F,UNIT-7654,loader,Caterpillar,2019,processing_plant,botswana,20050,2023-09-28,breakdown,engine,cooling_system,critical,44.7,95413.05,3528.0,corrective,False,35,True,False,True
EQP-55A4AF2C,UNIT-4540,grader,Caterpillar,2017,underground,south_africa,28886,2020-07-22,condition_based,hydraulics,valve,routine,3.6,3472.67,49.0,predictive,False,42,False,False,False
EQP-4F58AB6A,UNIT-8207,haul_truck,Komatsu,2021,open_pit,south_africa,10535,2022-11-28,breakdown,tires,rear_left,minor,4.4,19585.36,484.0,corrective,False,3,False,False,False
EQP-191C6185,UNIT-4435,conveyor,FLSmidth,2022,processing_plant,ghana,8033,2023-10-21,condition_based,gearbox,general_component,routine,1.9,1278.88,494.0,predictive,False,1,False,True,False
EQP-3BAF6F10,UNIT-1440,grader,Caterpillar,2020,underground,south_africa,16713,2021-04-04,inspection,preventive,inspection,routine,3.5,1559.64,63.0,preventive,True,26,True,False,False
EQP-7E28B0B4,UNIT-9169,pump,KSB,2017,underground,zimbabwe,28296,2020-05-01,inspection,preventive,filter_replace,minor,4.9,5539.2,290.0,preventive,True,59,False,False,False
EQP-B02A589C,UNIT-3110,haul_truck,Komatsu,2023,open_pit,south_africa,5095,2023-05-03,breakdown,engine,oil_pump,minor,8.6,29401.32,1008.0,corrective,False,142,False,False,True
EQP-0D7501C1,UNIT-1916,excavator,Liebherr,2016,open_pit,botswana,31842,2022-11-25,breakdown,undercarriage,general_component,major,32.6,60878.09,6270.0,corrective,False,7,False,False,False
EQP-FD3557F2,UNIT-6596,crusher,Sandvik,2018,underground,tanzania,23452,2022-10-10,scheduled_maintenance,preventive,oil_change,routine,5.0,13170.12,943.0,preventive,True,37,False,False,False
EQP-791C4B54,UNIT-3102,haul_truck,Hitachi,2011,open_pit,drc,50360,2024-05-02,breakdown,brakes,general_component,critical,57.1,286314.31,5686.0,corrective,False,1,False,False,False
EQP-E4C16796,UNIT-8722,excavator,Hitachi,2013,processing_plant,botswana,43727,2020-07-06,scheduled_maintenance,preventive,filter_replace,routine,3.3,8295.45,464.0,preventive,True,18,False,False,False
EQP-6D1012B1,UNIT-4993,haul_truck,Belaz,2022,open_pit,zambia,8516,2020-12-21,scheduled_maintenance,preventive,filter_replace,routine,3.1,5048.62,359.0,preventive,True,35,False,False,False
EQP-01225A64,UNIT-1040,haul_truck,Komatsu,2015,underground,botswana,36761,2022-04-21,scheduled_maintenance,preventive,inspection,routine,3.2,3312.21,295.0,preventive,True,199,False,False,True
EQP-20448660,UNIT-9564,conveyor,ThyssenKrupp,2016,open_pit,ghana,30600,2022-10-08,breakdown,roller,general_component,major,7.3,10500.77,3173.0,corrective,False,2,False,False,False
EQP-F24F6599,UNIT-5631,crusher,Metso,2021,underground,botswana,13175,2024-07-11,breakdown,shaft,general_component,minor,15.7,48146.49,3838.0,corrective,False,15,False,False,False
EQP-2D066A12,UNIT-3366,crusher,Metso,2013,open_pit,south_africa,43025,2023-01-18,inspection,preventive,filter_replace,routine,9.0,14471.6,1476.0,preventive,True,33,False,False,True
EQP-B4F68A88,UNIT-7094,loader,Volvo,2012,open_pit,ghana,47878,2021-01-16,overhaul,hydraulics,valve,major,29.1,48811.1,2196.0,major_overhaul,True,124,True,False,True
EQP-66611EEB,UNIT-5774,drill_rig,Caterpillar,2008,open_pit,botswana,63431,2024-03-13,scheduled_maintenance,preventive,adjustment,minor,7.0,5543.34,238.0,preventive,True,6,False,False,False
EQP-EF170C7D,UNIT-1266,excavator,Caterpillar,2011,underground,ghana,52417,2022-01-16,scheduled_maintenance,preventive,adjustment,routine,4.1,3115.57,554.0,preventive,True,5,False,False,False
EQP-8C2BC3D4,UNIT-7836,haul_truck,Hitachi,2016,open_pit,south_africa,32094,2024-04-11,condition_based,transmission,driveshaft,minor,11.5,16341.49,1710.0,predictive,False,20,True,False,False
EQP-41FEFA1B,UNIT-4611,haul_truck,Hitachi,2019,underground,south_africa,20677,2021-05-11,breakdown,brakes,general_component,minor,10.6,29759.0,1117.0,corrective,False,28,False,False,False
EQP-5C072181,UNIT-7297,excavator,Caterpillar,2013,open_pit,south_africa,45843,2023-11-25,inspection,preventive,inspection,routine,5.0,2679.17,512.0,preventive,True,90,False,False,False
EQP-D5A24DF8,UNIT-9059,haul_truck,Hitachi,2015,underground,ghana,36397,2022-08-24,breakdown,tires,front_right,minor,7.5,14652.38,762.0,corrective,False,43,False,False,False
EQP-83DC287A,UNIT-6494,haul_truck,Hitachi,2011,underground,drc,51423,2022-09-27,condition_based,transmission,gearbox,routine,2.8,4811.29,336.0,predictive,False,17,True,False,False
EQP-0FB3D7BC,UNIT-7043,haul_truck,Hitachi,2021,open_pit,drc,12461,2024-10-21,breakdown,brakes,general_component,major,15.2,35038.11,1742.0,corrective,False,20,False,False,False
EQP-561DAD18,UNIT-3291,crusher,Sandvik,2016,open_pit,tanzania,33945,2020-10-04,condition_based,motor,general_component,routine,10.7,4411.27,1729.0,predictive,False,45,False,True,True
EQP-1D4AAF1E,UNIT-3138,conveyor,ThyssenKrupp,2010,open_pit,south_africa,56656,2021-07-11,condition_based,gearbox,general_component,routine,1.1,637.39,321.0,predictive,False,53,False,True,False
EQP-624C6B92,UNIT-4734,grader,Caterpillar,2017,underground,tanzania,28945,2020-11-25,condition_based,hydraulics,filter,routine,3.3,2408.9,58.0,predictive,False,113,False,False,True
EQP-838CF1DF,UNIT-8674,loader,Komatsu,2013,processing_plant,zambia,42406,2024-02-08,scheduled_maintenance,preventive,inspection,routine,4.6,2575.29,232.0,preventive,True,28,False,False,False
EQP-0B3433A9,UNIT-5717,conveyor,Metso,2021,open_pit,zimbabwe,12386,2024-03-10,scheduled_maintenance,preventive,adjustment,routine,1.5,579.0,461.0,preventive,True,33,False,False,False
EQP-CA5D0CC7,UNIT-4131,haul_truck,Belaz,2012,underground,zimbabwe,47731,2024-02-17,scheduled_maintenance,preventive,adjustment,routine,2.0,4510.95,297.0,preventive,True,46,False,False,False
EQP-46405059,UNIT-8015,conveyor,Metso,2021,underground,botswana,11319,2021-03-04,condition_based,motor,general_component,routine,0.8,1960.9,331.0,predictive,False,53,False,True,False
EQP-1C370F06,UNIT-8679,haul_truck,Belaz,2019,underground,south_africa,19977,2021-04-11,scheduled_maintenance,preventive,adjustment,minor,9.4,22548.92,878.0,preventive,True,77,False,True,False
EQP-3A82CDB1,UNIT-9121,drill_rig,Epiroc,2010,underground,zambia,56108,2021-12-24,scheduled_maintenance,preventive,inspection,routine,1.6,3737.23,48.0,preventive,True,23,False,True,False
EQP-498EE078,UNIT-3690,excavator,Caterpillar,2020,processing_plant,botswana,15375,2023-10-22,condition_based,engine,turbo,routine,2.5,6405.06,354.0,predictive,False,58,True,False,True
EQP-AE9B0E1A,UNIT-7386,drill_rig,Caterpillar,2019,underground,zimbabwe,20188,2023-09-14,breakdown,hydraulics,filter,minor,5.1,16718.55,210.0,corrective,False,48,True,False,True
EQP-DAEA1955,UNIT-6312,excavator,Caterpillar,2015,processing_plant,south_africa,35826,2024-11-13,condition_based,undercarriage,general_component,routine,4.5,2499.05,527.0,predictive,False,20,False,False,True
EQP-5F4981FC,UNIT-5040,crusher,Metso,2010,open_pit,zambia,56702,2023-11-12,breakdown,shaft,general_component,minor,25.2,23582.11,6607.0,corrective,False,255,False,True,False
EQP-AA908BE0,UNIT-4572,loader,Komatsu,2015,processing_plant,tanzania,36227,2024-09-13,condition_based,tires,front_left,routine,2.5,4575.86,130.0,predictive,False,45,False,False,False
EQP-9A9E0A64,UNIT-2030,loader,Volvo,2017,processing_plant,ghana,28375,2021-04-24,scheduled_maintenance,preventive,filter_replace,routine,3.8,2811.57,227.0,preventive,True,1,False,False,False
EQP-C19E9A46,UNIT-3473,conveyor,FLSmidth,2010,processing_plant,zambia,56979,2022-12-26,inspection,preventive,adjustment,routine,1.3,977.69,517.0,preventive,True,10,False,False,False
EQP-F126B5DD,UNIT-5946,conveyor,FLSmidth,2013,open_pit,tanzania,44554,2022-08-17,breakdown,belt,general_component,critical,25.4,27028.48,10834.0,corrective,False,167,False,False,False
EQP-EAFC28E8,UNIT-8978,haul_truck,Hitachi,2019,processing_plant,drc,19993,2020-09-30,scheduled_maintenance,preventive,inspection,routine,3.7,6710.87,464.0,preventive,True,72,False,False,False
EQP-92A4FE26,UNIT-8796,crusher,Metso,2016,open_pit,south_africa,29913,2024-08-31,breakdown,hydraulics,valve,minor,13.9,52708.86,2631.0,corrective,False,7,True,False,False
EQP-0FA93E58,UNIT-2688,conveyor,Metso,2023,underground,drc,4513,2020-08-02,inspection,preventive,inspection,minor,4.1,2953.54,1420.0,preventive,True,112,False,False,False
EQP-A7C901B3,UNIT-7113,excavator,Komatsu,2011,open_pit,zambia,51088,2024-03-18,breakdown,undercarriage,general_component,minor,8.1,19131.71,840.0,corrective,False,77,False,False,False
EQP-272183C4,UNIT-1763,excavator,Caterpillar,2020,underground,drc,15913,2021-04-25,scheduled_maintenance,preventive,filter_replace,routine,3.1,3716.43,310.0,preventive,True,48,False,False,True
EQP-D049BD31,UNIT-7074,grader,Komatsu,2014,open_pit,zimbabwe,40371,2021-02-02,breakdown,blade,general_component,major,19.3,20962.83,273.0,corrective,False,11,False,True,False
EQP-4BECF503,UNIT-4077,conveyor,FLSmidth,2011,open_pit,drc,53333,2022-12-18,condition_based,motor,general_component,minor,4.7,4435.6,1813.0,predictive,False,275,False,True,True
EQP-E2D6DF6E,UNIT-5048,drill_rig,Epiroc,2023,open_pit,tanzania,5842,2022-04-21,breakdown,rotation,general_component,minor,6.6,9455.57,300.0,corrective,False,79,True,True,False
EQP-85955031,UNIT-7458,conveyor,ThyssenKrupp,2017,open_pit,tanzania,27078,2021-11-26,scheduled_maintenance,preventive,adjustment,minor,5.7,7798.94,2797.0,preventive,True,68,False,False,False
EQP-EB6E30EF,UNIT-4823,drill_rig,Caterpillar,2016,open_pit,tanzania,30684,2024-06-13,breakdown,hydraulics,valve,major,16.2,49095.54,648.0,corrective,False,2,True,False,False
EQP-555B10F8,UNIT-8266,drill_rig,Caterpillar,2012,processing_plant,drc,48325,2023-06-12,scheduled_maintenance,preventive,filter_replace,routine,1.6,1181.75,73.0,preventive,True,27,False,False,False
EQP-CCB0A744,UNIT-5801,excavator,Hitachi,2022,underground,south_africa,8242,2023-01-01,breakdown,electrical,starter,minor,13.6,19686.74,1537.0,corrective,False,16,False,False,False
EQP-16AA489A,UNIT-9987,drill_rig,Caterpillar,2008,underground,zimbabwe,62798,2023-11-19,scheduled_maintenance,preventive,oil_change,routine,2.3,3669.68,104.0,preventive,True,40,False,False,False
EQP-5A1FE1AB,UNIT-6743,crusher,FLSmidth,2009,processing_plant,south_africa,59983,2023-12-16,breakdown,liner,general_component,minor,27.5,28766.66,5170.0,corrective,False,10,False,False,False
EQP-D5A155D6,UNIT-3666,haul_truck,Caterpillar,2010,open_pit,drc,56597,2020-11-20,overhaul,brakes,general_component,major,17.1,38600.64,1808.0,major_overhaul,True,61,False,False,False
EQP-2BE904B2,UNIT-7976,loader,Caterpillar,2018,underground,south_africa,22769,2022-03-05,scheduled_maintenance,preventive,oil_change,routine,4.8,2005.56,245.0,preventive,True,86,False,False,False
EQP-88985F23,UNIT-4671,excavator,Komatsu,2009,underground,drc,59005,2024-06-17,scheduled_maintenance,preventive,filter_replace,routine,4.1,6783.56,602.0,preventive,True,38,True,False,False
EQP-AAC6DB96,UNIT-5806,crusher,FLSmidth,2020,open_pit,zimbabwe,15355,2024-01-05,breakdown,shaft,general_component,major,64.4,73594.95,15952.0,corrective,False,139,True,False,False
EQP-A8783842,UNIT-2231,crusher,FLSmidth,2011,underground,drc,51787,2020-04-19,breakdown,liner,general_component,major,53.3,68689.26,10010.0,corrective,False,145,False,False,False
EQP-69720A99,UNIT-2073,crusher,FLSmidth,2018,underground,drc,24693,2021-03-19,inspection,preventive,filter_replace,routine,10.5,11996.32,2849.0,preventive,True,30,False,False,False
EQP-89EE6965,UNIT-6173,conveyor,ThyssenKrupp,2020,underground,south_africa,15673,2021-04-21,condition_based,gearbox,general_component,routine,1.3,1187.52,626.0,predictive,False,25,False,True,False
EQP-CA4C5767,UNIT-2680,pump,Weir,2022,underground,ghana,8055,2022-07-13,scheduled_maintenance,preventive,inspection,minor,2.0,7367.23,157.0,preventive,True,17,False,False,False
EQP-0906FFDC,UNIT-9977,drill_rig,Epiroc,2012,open_pit,drc,50246,2024-01-06,condition_based,rotation,general_component,routine,2.1,2985.57,65.0,predictive,False,8,False,True,False
EQP-C8FC1A19,UNIT-8700,crusher,Metso,2009,underground,tanzania,59043,2022-05-19,breakdown,shaft,general_component,major,55.7,71860.61,14248.0,corrective,False,102,False,False,False
EQP-9F11E5F5,UNIT-7307,crusher,Sandvik,2020,open_pit,tanzania,15347,2020-11-26,overhaul,bearing,general_component,major,40.2,77348.59,7806.0,major_overhaul,True,37,False,True,True
EQP-02B23CF9,UNIT-7611,haul_truck,Caterpillar,2015,processing_plant,botswana,36678,2022-09-30,scheduled_maintenance,preventive,inspection,minor,9.3,27333.06,811.0,preventive,True,53,True,False,True
EQP-7658BBD0,UNIT-6356,excavator,Caterpillar,2023,open_pit,south_africa,4988,2021-01-31,inspection,preventive,oil_change,routine,5.5,3004.51,707.0,preventive,True,78,False,False,False
EQP-1B2EE91D,UNIT-1542,drill_rig,Caterpillar,2011,open_pit,ghana,52414,2023-05-05,condition_based,electrical,wiring,minor,8.2,9732.92,295.0,predictive,False,7,False,False,False
EQP-7D7DFCB2,UNIT-4530,excavator,Liebherr,2017,open_pit,drc,29808,2024-10-22,breakdown,undercarriage,general_component,major,24.8,58205.23,3040.0,corrective,False,1,True,False,False
EQP-A53734EF,UNIT-5461,excavator,Hitachi,2009,open_pit,zambia,60317,2023-02-12,scheduled_maintenance,preventive,oil_change,routine,3.9,9901.8,522.0,preventive,True,1,True,False,False
EQP-9C884084,UNIT-9236,excavator,Hitachi,2015,open_pit,zimbabwe,34023,2024-06-30,overhaul,hydraulics,valve,major,33.5,98465.85,4675.0,major_overhaul,True,20,True,False,True
EQP-033A3157,UNIT-2975,conveyor,Metso,2008,open_pit,tanzania,64096,2022-09-06,breakdown,belt,general_component,minor,6.0,7690.52,2631.0,corrective,False,31,False,False,False
EQP-291FECFF,UNIT-5471,haul_truck,Hitachi,2020,underground,drc,15429,2024-01-02,scheduled_maintenance,preventive,oil_change,routine,1.7,2913.08,237.0,preventive,True,1,False,False,False
EQP-E578F8AB,UNIT-4096,loader,Volvo,2017,processing_plant,zambia,29383,2024-08-19,scheduled_maintenance,preventive,oil_change,minor,5.6,9227.05,511.0,preventive,True,6,False,False,False
EQP-160F45E0,UNIT-2209,drill_rig,Epiroc,2009,open_pit,botswana,60964,2020-11-08,scheduled_maintenance,preventive,adjustment,routine,1.3,1240.38,39.0,preventive,True,22,False,False,True
EQP-85F58887,UNIT-1927,crusher,Metso,2015,underground,south_africa,34410,2023-04-13,scheduled_maintenance,preventive,oil_change,routine,8.1,3735.62,2199.0,preventive,True,62,True,False,False
EQP-E6CB1E90,UNIT-4288,haul_truck,Komatsu,2014,processing_plant,tanzania,41350,2021-04-04,condition_based,transmission,driveshaft,minor,10.3,28668.25,1267.0,predictive,False,12,False,False,False
EQP-8CAD7132,UNIT-1741,drill_rig,Caterpillar,2018,open_pit,zimbabwe,24939,2020-06-01,inspection,preventive,filter_replace,minor,3.6,14052.74,111.0,preventive,True,21,False,False,False
EQP-481F4839,UNIT-1604,haul_truck,Komatsu,2015,processing_plant,south_africa,35675,2021-02-27,scheduled_maintenance,preventive,adjustment,routine,3.3,2689.83,341.0,preventive,True,20,False,False,False
EQP-6BC889A9,UNIT-4157,crusher,FLSmidth,2015,open_pit,botswana,35921,2020-09-13,overhaul,motor,general_component,major,42.2,130318.99,8517.0,major_overhaul,True,55,False,True,True
EQP-FC05CCF0,UNIT-2817,excavator,Liebherr,2021,open_pit,tanzania,13392,2020-12-06,breakdown,bucket,general_component,major,18.6,44585.02,2669.0,corrective,False,20,False,False,False
EQP-14BBCFC4,UNIT-5992,pump,KSB,2016,open_pit,tanzania,30028,2020-01-13,breakdown,casing,general_component,major,9.6,14268.67,886.0,corrective,False,17,False,False,False
EQP-47BA5211,UNIT-1159,excavator,Hitachi,2021,open_pit,south_africa,12445,2024-10-12,breakdown,engine,injector,major,28.7,51746.88,4051.0,corrective,False,8,False,False,False
EQP-04BAD173,UNIT-3716,conveyor,Metso,2022,underground,south_africa,9093,2022-03-03,scheduled_maintenance,preventive,filter_replace,routine,1.1,1397.25,290.0,preventive,True,81,True,False,True
EQP-9538F430,UNIT-5079,excavator,Caterpillar,2021,processing_plant,zimbabwe,11911,2020-10-25,scheduled_maintenance,preventive,adjustment,routine,3.6,3832.55,625.0,preventive,True,10,False,False,False
EQP-B892F704,UNIT-9667,conveyor,FLSmidth,2023,open_pit,south_africa,4647,2021-09-09,breakdown,motor,general_component,major,8.1,12047.51,3619.0,corrective,False,46,False,True,False
EQP-A86B38C9,UNIT-6710,drill_rig,Epiroc,2019,processing_plant,south_africa,20103,2023-09-06,scheduled_maintenance,preventive,oil_change,routine,2.9,4707.42,114.0,preventive,True,189,False,False,False
EQP-28DD24CF,UNIT-8925,excavator,Caterpillar,2016,open_pit,drc,31215,2023-02-11,condition_based,electrical,wiring,minor,16.4,37597.8,2419.0,predictive,False,97,False,False,False
EQP-BAA05C6D,UNIT-4089,haul_truck,Belaz,2016,open_pit,south_africa,31190,2020-04-01,scheduled_maintenance,preventive,oil_change,routine,2.9,4459.75,385.0,preventive,True,42,False,False,False
EQP-CC47CDE1,UNIT-5046,haul_truck,Belaz,2011,processing_plant,zimbabwe,52711,2020-09-23,scheduled_maintenance,preventive,filter_replace,routine,3.9,6217.18,299.0,preventive,True,171,False,False,False
EQP-5EF37B2B,UNIT-4783,haul_truck,Komatsu,2021,processing_plant,drc,11364,2022-09-05,scheduled_maintenance,preventive,adjustment,routine,3.0,2710.52,356.0,preventive,True,37,False,False,False
EQP-34BDAFDF,UNIT-8985,pump,KSB,2019,underground,south_africa,18475,2024-10-11,overhaul,bearing,general_component,major,6.6,12763.57,644.0,major_overhaul,True,51,True,True,False
EQP-1BC085F2,UNIT-9631,drill_rig,Epiroc,2021,open_pit,drc,12122,2020-05-07,condition_based,rotation,general_component,routine,2.1,1902.17,94.0,predictive,False,22,True,False,False
EQP-4E9C4B6C,UNIT-9660,haul_truck,Komatsu,2019,open_pit,south_africa,19486,2024-04-01,inspection,preventive,inspection,routine,3.7,2002.59,354.0,preventive,True,16,False,False,False
EQP-43652E11,UNIT-7766,pump,Metso,2015,open_pit,south_africa,34800,2020-04-21,overhaul,bearing,general_component,major,10.0,13086.5,959.0,major_overhaul,True,212,True,False,False
EQP-12C4E93A,UNIT-5527,haul_truck,Komatsu,2012,underground,drc,48071,2022-06-10,inspection,preventive,filter_replace,routine,3.9,5969.43,352.0,preventive,True,196,False,False,False
EQP-E9AA2273,UNIT-5867,drill_rig,Caterpillar,2023,open_pit,drc,4767,2021-02-18,breakdown,electrical,sensors,minor,6.2,16172.09,240.0,corrective,False,103,True,False,False
EQP-D2096B53,UNIT-9823,crusher,Metso,2019,underground,ghana,20020,2022-02-01,scheduled_maintenance,preventive,filter_replace,routine,11.4,8320.65,2779.0,preventive,True,7,False,False,False
EQP-6494E771,UNIT-3560,grader,Komatsu,2021,open_pit,zambia,10933,2024-07-24,scheduled_maintenance,preventive,oil_change,minor,10.1,9355.85,104.0,preventive,True,20,False,False,False
EQP-8657C0BA,UNIT-4120,crusher,FLSmidth,2017,open_pit,ghana,28481,2021-01-23,breakdown,bearing,general_component,major,65.6,114261.14,11092.0,corrective,False,32,True,True,True
EQP-C24DE437,UNIT-9072,drill_rig,Caterpillar,2016,open_pit,zambia,33035,2023-02-23,scheduled_maintenance,preventive,inspection,routine,3.0,4732.45,116.0,preventive,True,1,False,False,False
EQP-5ECD9C60,UNIT-4476,pump,Weir,2008,underground,ghana,66213,2021-08-22,breakdown,casing,general_component,major,7.8,9800.73,461.0,corrective,False,95,False,False,False
EQP-ADCA4527,UNIT-3115,haul_truck,Caterpillar,2009,underground,zimbabwe,61441,2023-03-18,scheduled_maintenance,preventive,inspection,minor,9.0,16610.54,958.0,preventive,True,86,True,False,False
EQP-7317B868,UNIT-6043,pump,Metso,2019,processing_plant,zambia,18994,2020-04-08,inspection,preventive,oil_change,routine,1.1,1849.09,94.0,preventive,True,11,False,True,False
EQP-1D3B5D08,UNIT-3927,loader,Volvo,2011,processing_plant,south_africa,52858,2021-06-19,scheduled_maintenance,preventive,oil_change,routine,4.6,3833.79,374.0,preventive,True,38,False,False,False
EQP-BDC8FA18,UNIT-9016,grader,Komatsu,2009,underground,zimbabwe,60256,2024-09-19,overhaul,hydraulics,valve,major,19.0,35029.6,356.0,major_overhaul,True,17,False,False,False
EQP-2C06E01B,UNIT-9180,excavator,Liebherr,2020,open_pit,tanzania,14847,2023-07-26,condition_based,engine,turbo,routine,3.0,5701.05,576.0,predictive,False,6,True,False,False
EQP-113FA91F,UNIT-3753,haul_truck,Caterpillar,2017,processing_plant,south_africa,28283,2024-08-13,inspection,preventive,adjustment,routine,2.6,7026.31,376.0,preventive,True,19,False,False,False
EQP-7510F501,UNIT-5765,crusher,Sandvik,2009,processing_plant,zambia,61918,2023-05-11,breakdown,shaft,general_component,major,42.5,140123.86,8876.0,corrective,False,19,False,False,False
EQP-79DEC4BE,UNIT-9854,drill_rig,Caterpillar,2015,processing_plant,tanzania,37195,2020-11-29,overhaul,drill_string,general_component,major,13.1,33378.51,367.0,major_overhaul,True,30,False,False,False
EQP-2480C913,UNIT-7680,conveyor,FLSmidth,2015,open_pit,south_africa,34986,2022-04-11,breakdown,motor,general_component,major,6.5,10075.16,2709.0,corrective,False,79,False,False,True
EQP-A699FE64,UNIT-2940,grader,Komatsu,2008,open_pit,botswana,64013,2024-04-29,inspection,preventive,filter_replace,routine,3.9,2611.71,75.0,preventive,True,9,False,False,False
EQP-390E664B,UNIT-6316,conveyor,Metso,2017,underground,drc,28491,2023-05-13,breakdown,belt,general_component,major,9.6,13058.8,4246.0,corrective,False,49,True,False,False
EQP-5D4CDE2C,UNIT-6578,excavator,Komatsu,2014,open_pit,zimbabwe,38270,2022-07-25,breakdown,bucket,general_component,major,35.8,54433.33,6075.0,corrective,False,4,False,False,False
EQP-6B58742B,UNIT-6880,drill_rig,Epiroc,2022,open_pit,tanzania,6304,2024-04-09,scheduled_maintenance,preventive,filter_replace,routine,1.5,2718.96,68.0,preventive,True,7,False,False,False
EQP-5FAF14F3,UNIT-1225,haul_truck,Belaz,2009,open_pit,botswana,60154,2020-07-23,condition_based,brakes,general_component,routine,2.5,4199.93,264.0,predictive,False,50,False,False,False
EQP-13921301,UNIT-3694,haul_truck,Caterpillar,2021,underground,zambia,12167,2024-09-24,inspection,preventive,inspection,routine,3.8,6663.96,428.0,preventive,True,31,False,False,False
EQP-6CD1DB97,UNIT-8690,haul_truck,Komatsu,2008,open_pit,zimbabwe,62161,2020-08-14,condition_based,hydraulics,filter,routine,3.3,1687.73,297.0,predictive,False,67,True,False,True
EQP-8E181C25,UNIT-3172,loader,Caterpillar,2020,underground,ghana,16387,2024-11-28,condition_based,hydraulics,hose,minor,5.7,11311.44,476.0,predictive,False,199,True,False,False
EQP-862BBE2E,UNIT-3696,crusher,Metso,2020,underground,ghana,17086,2023-12-19,breakdown,motor,general_component,minor,33.2,43454.32,6713.0,corrective,False,99,False,True,True
EQP-7EF38910,UNIT-3902,conveyor,ThyssenKrupp,2014,underground,tanzania,39781,2022-05-28,overhaul,roller,general_component,major,7.1,19329.71,2250.0,major_overhaul,True,42,True,False,False
EQP-7F233D63,UNIT-2596,excavator,Liebherr,2012,open_pit,ghana,48059,2022-05-07,scheduled_maintenance,preventive,inspection,minor,9.1,19533.0,1138.0,preventive,True,41,False,False,False
EQP-E21EE48E,UNIT-2398,crusher,Metso,2010,processing_plant,tanzania,56571,2020-02-28,inspection,preventive,adjustment,routine,10.1,5135.33,2289.0,preventive,True,7,False,False,False
EQP-7FE01958,UNIT-4122,loader,Volvo,2013,open_pit,south_africa,44439,2021-07-24,condition_based,engine,cooling_system,minor,12.1,10986.29,932.0,predictive,False,20,True,False,True
EQP-5C8BD655,UNIT-8867,grader,John Deere,2018,open_pit,south_africa,22331,2021-02-16,scheduled_maintenance,preventive,inspection,routine,3.2,3655.47,58.0,preventive,True,6,False,False,False
EQP-1793C0D0,UNIT-1013,conveyor,ThyssenKrupp,2019,open_pit,south_africa,19094,2023-06-26,scheduled_maintenance,preventive,filter_replace,minor,2.0,4471.47,958.0,preventive,True,37,False,False,False
EQP-F0F5C69C,UNIT-3548,loader,Caterpillar,2010,open_pit,drc,55604,2020-12-20,condition_based,tires,front_left,routine,2.7,3560.41,177.0,predictive,False,86,False,False,True
EQP-505A69F4,UNIT-1545,drill_rig,Caterpillar,2008,underground,south_africa,63139,2023-12-21,overhaul,electrical,wiring,major,12.1,48269.42,403.0,major_overhaul,True,212,False,False,False
EQP-FFFE79A7,UNIT-6052,drill_rig,Epiroc,2016,open_pit,ghana,33466,2021-06-24,condition_based,compressor,general_component,routine,1.9,1473.67,61.0,predictive,False,4,False,False,False
EQP-76F1AD37,UNIT-3255,grader,Komatsu,2017,processing_plant,botswana,28634,2024-03-10,inspection,preventive,inspection,minor,4.6,14448.82,60.0,preventive,True,10,False,False,False
EQP-FF780EAD,UNIT-8126,excavator,Komatsu,2023,open_pit,tanzania,2890,2021-10-10,overhaul,electrical,alternator,major,30.2,84602.55,5220.0,major_overhaul,True,94,False,False,False
EQP-0EBD5134,UNIT-6264,excavator,Hitachi,2020,processing_plant,zimbabwe,15785,2023-09-16,scheduled_maintenance,preventive,filter_replace,routine,5.6,5883.38,912.0,preventive,True,111,False,False,False
EQP-9467442A,UNIT-8053,excavator,Komatsu,2016,underground,south_africa,33130,2023-04-18,scheduled_maintenance,preventive,filter_replace,routine,6.0,9591.55,647.0,preventive,True,53,False,False,False
EQP-99384823,UNIT-6713,drill_rig,Caterpillar,2017,open_pit,ghana,27353,2024-11-16,scheduled_maintenance,preventive,inspection,routine,2.6,1297.65,102.0,preventive,True,41,True,False,False
EQP-6C4A992D,UNIT-4945,conveyor,FLSmidth,2018,underground,zimbabwe,24851,2022-08-04,breakdown,belt,general_component,major,7.2,22818.89,3326.0,corrective,False,9,False,False,False
EQP-8D907850,UNIT-8747,crusher,Metso,2015,open_pit,south_africa,37383,2021-09-27,condition_based,liner,general_component,routine,8.5,5372.19,1352.0,predictive,False,10,False,False,False
EQP-B35B22E1,UNIT-5285,drill_rig,Caterpillar,2018,processing_plant,drc,25216,2023-03-15,breakdown,hydraulics,filter,minor,8.5,10313.0,405.0,corrective,False,12,True,False,False
EQP-2A5232C0,UNIT-9548,haul_truck,Hitachi,2011,underground,botswana,52180,2020-02-23,condition_based,engine,head_gasket,routine,1.8,2234.12,170.0,predictive,False,99,False,True,False
EQP-3132401B,UNIT-9951,grader,John Deere,2021,underground,south_africa,13251,2024-10-15,scheduled_maintenance,preventive,inspection,routine,2.1,2384.93,28.0,preventive,True,26,False,False,False
EQP-3CF6D616,UNIT-6300,excavator,Caterpillar,2021,open_pit,botswana,11477,2023-05-05,inspection,preventive,filter_replace,routine,3.4,3352.71,476.0,preventive,True,11,False,False,False
EQP-B2F70B0A,UNIT-7070,grader,Komatsu,2014,processing_plant,south_africa,42485,2020-03-29,scheduled_maintenance,preventive,filter_replace,routine,3.1,1616.34,35.0,preventive,True,21,False,False,False
EQP-CDDC8A01,UNIT-3300,haul_truck,Belaz,2015,underground,south_africa,36240,2020-11-06,scheduled_maintenance,preventive,inspection,routine,3.9,1857.75,321.0,preventive,True,10,False,False,False
EQP-EAB1DB83,UNIT-8330,conveyor,ThyssenKrupp,2015,underground,south_africa,37146,2020-01-26,breakdown,belt,general_component,major,8.9,14576.48,2760.0,corrective,False,57,False,False,False
EQP-0AC0B746,UNIT-7043,conveyor,ThyssenKrupp,2021,open_pit,botswana,11637,2023-04-15,inspection,preventive,inspection,routine,1.5,827.71,377.0,preventive,True,31,False,False,False
EQP-8EC90E55,UNIT-9122,loader,Komatsu,2010,open_pit,zambia,56499,2023-04-12,scheduled_maintenance,preventive,inspection,routine,3.9,4489.67,308.0,preventive,True,120,False,False,False
EQP-49D6EC00,UNIT-3402,haul_truck,Caterpillar,2013,underground,zimbabwe,44543,2020-10-20,scheduled_maintenance,preventive,filter_replace,routine,3.6,5329.06,306.0,preventive,True,30,False,False,False
EQP-B32AE754,UNIT-8087,grader,Caterpillar,2017,underground,ghana,27071,2022-09-10,inspection,preventive,adjustment,routine,2.3,2929.48,25.0,preventive,True,29,False,True,False
EQP-D0B13E1D,UNIT-5232,conveyor,Metso,2019,processing_plant,tanzania,19041,2022-05-31,scheduled_maintenance,preventive,adjustment,routine,1.6,1852.03,625.0,preventive,True,33,True,False,False
EQP-F32A3453,UNIT-2666,conveyor,Metso,2012,underground,zambia,47795,2022-05-18,breakdown,gearbox,general_component,major,11.6,11547.42,4619.0,corrective,False,34,True,True,False
EQP-3231E6D0,UNIT-2540,drill_rig,Caterpillar,2009,underground,zambia,61105,2023-01-17,breakdown,drill_string,general_component,critical,57.4,82074.4,2382.0,corrective,False,2,False,False,False
EQP-FA794CF5,UNIT-6058,haul_truck,Belaz,2016,open_pit,zimbabwe,30168,2024-03-15,scheduled_maintenance,preventive,inspection,routine,2.5,5924.84,282.0,preventive,True,191,True,False,False
EQP-8491C7F0,UNIT-3874,drill_rig,Sandvik,2018,underground,tanzania,23637,2024-07-04,breakdown,hydraulics,filter,major,10.0,34465.57,471.0,corrective,False,104,False,False,True
EQP-BA0DEDE4,UNIT-1916,excavator,Hitachi,2020,open_pit,zimbabwe,17309,2020-10-12,scheduled_maintenance,preventive,filter_replace,routine,5.7,7040.79,641.0,preventive,True,21,False,False,False
EQP-5C03C070,UNIT-4843,excavator,Caterpillar,2008,processing_plant,south_africa,62767,2024-08-26,breakdown,electrical,sensors,critical,113.4,116981.0,20257.0,corrective,False,3,False,False,False
EQP-5E7CA2ED,UNIT-6875,crusher,Sandvik,2008,open_pit,tanzania,65253,2022-10-29,scheduled_maintenance,preventive,oil_change,routine,5.5,7635.74,1164.0,preventive,True,213,True,False,False
EQP-A8235A48,UNIT-3870,drill_rig,Caterpillar,2014,underground,ghana,38872,2020-11-21,scheduled_maintenance,preventive,adjustment,routine,1.3,2752.02,62.0,preventive,True,64,False,False,False
EQP-30DD4BEE,UNIT-9597,haul_truck,Belaz,2017,processing_plant,botswana,27083,2024-08-04,scheduled_maintenance,preventive,oil_change,minor,5.5,23077.9,509.0,preventive,True,10,False,False,False
EQP-2B40EAB7,UNIT-8015,haul_truck,Belaz,2008,underground,ghana,63852,2021-10-27,scheduled_maintenance,preventive,inspection,routine,3.2,6972.37,467.0,preventive,True,35,False,False,False
EQP-496B77AE,UNIT-5614,haul_truck,Komatsu,2010,open_pit,south_africa,57873,2022-03-13,scheduled_maintenance,preventive,oil_change,routine,2.3,4947.21,322.0,preventive,True,34,False,False,False
EQP-D8D3D8F0,UNIT-9410,haul_truck,Belaz,2014,underground,ghana,39359,2024-10-06,scheduled_maintenance,preventive,inspection,routine,2.2,6066.67,194.0,preventive,True,23,False,False,False
EQP-BD06FB0E,UNIT-4896,conveyor,ThyssenKrupp,2012,open_pit,zambia,46267,2022-11-09,inspection,preventive,filter_replace,routine,1.8,1786.99,646.0,preventive,True,16,True,False,False
EQP-0038A3B0,UNIT-2256,haul_truck,Komatsu,2019,open_pit,ghana,18598,2020-09-14,scheduled_maintenance,preventive,adjustment,routine,2.2,6959.43,205.0,preventive,True,108,False,False,False
EQP-6B028B49,UNIT-1322,grader,Caterpillar,2008,underground,tanzania,64931,2020-05-05,inspection,preventive,oil_change,routine,3.9,3394.51,45.0,preventive,True,125,False,False,False
EQP-43623CB9,UNIT-9441,haul_truck,Caterpillar,2022,processing_plant,zimbabwe,6645,2024-01-16,scheduled_maintenance,preventive,adjustment,minor,7.5,13064.39,781.0,preventive,True,27,False,False,False
EQP-25A807F3,UNIT-9637,haul_truck,Belaz,2010,open_pit,south_africa,57187,2021-09-20,scheduled_maintenance,preventive,inspection,routine,2.6,2833.82,299.0,preventive,True,50,False,False,False
EQP-AC2357B7,UNIT-7652,grader,Caterpillar,2015,processing_plant,drc,36069,2020-06-28,condition_based,hydraulics,filter,minor,11.5,14942.73,161.0,predictive,False,87,False,False,True
EQP-9FCBE988,UNIT-1926,excavator,Komatsu,2023,open_pit,tanzania,3967,2020-03-15,breakdown,engine,turbo,major,20.2,75846.92,2690.0,corrective,False,138,True,False,True
EQP-1C006F81,UNIT-3642,drill_rig,Epiroc,2018,processing_plant,tanzania,24297,2024-08-28,overhaul,electrical,sensors,major,10.0,33488.52,332.0,major_overhaul,True,57,False,False,False
EQP-75B3D2A5,UNIT-1369,pump,Weir,2023,underground,ghana,3199,2022-10-27,scheduled_maintenance,preventive,oil_change,routine,1.3,1520.22,75.0,preventive,True,21,False,False,False
EQP-6FE02B72,UNIT-1461,pump,KSB,2008,processing_plant,botswana,64137,2022-08-01,breakdown,impeller,general_component,minor,4.3,3690.3,263.0,corrective,False,66,False,False,False
EQP-0EA97EEB,UNIT-3214,crusher,FLSmidth,2019,processing_plant,south_africa,18806,2022-11-28,scheduled_maintenance,preventive,inspection,routine,8.5,12703.14,1950.0,preventive,True,76,False,False,False
EQP-8AEF5094,UNIT-6148,haul_truck,Caterpillar,2009,processing_plant,zimbabwe,61348,2022-01-23,condition_based,transmission,gearbox,routine,3.9,4666.45,339.0,predictive,False,56,False,False,False
EQP-EA9867C1,UNIT-1589,conveyor,Metso,2017,underground,tanzania,26972,2024-09-07,breakdown,roller,general_component,major,12.0,23064.72,5488.0,corrective,False,117,True,False,False
EQP-C092E6B2,UNIT-9860,pump,Weir,2013,open_pit,drc,44438,2022-12-19,breakdown,impeller,general_component,minor,2.2,5862.2,191.0,corrective,False,76,False,False,False
EQP-5B5DDE5B,UNIT-5095,pump,KSB,2020,open_pit,south_africa,14965,2023-02-23,overhaul,bearing,general_component,major,7.0,11122.62,696.0,major_overhaul,True,36,True,True,False
EQP-BF58C463,UNIT-3374,haul_truck,Komatsu,2009,underground,zimbabwe,59466,2024-05-27,scheduled_maintenance,preventive,inspection,routine,2.9,7292.75,286.0,preventive,True,7,False,False,False
EQP-EEB23CE4,UNIT-5644,excavator,Hitachi,2022,open_pit,ghana,7626,2020-01-06,breakdown,undercarriage,general_component,major,35.1,64145.86,4150.0,corrective,False,60,False,False,False
EQP-25FABFBF,UNIT-8110,excavator,Caterpillar,2015,processing_plant,south_africa,38981,2021-07-28,breakdown,engine,oil_pump,critical,59.5,329779.93,6399.0,corrective,False,51,True,False,True
EQP-C7B20E56,UNIT-3812,haul_truck,Caterpillar,2016,open_pit,south_africa,31985,2024-02-08,scheduled_maintenance,preventive,filter_replace,routine,2.5,3033.2,253.0,preventive,True,86,False,False,False
EQP-3373C614,UNIT-1427,crusher,Sandvik,2017,processing_plant,zimbabwe,27178,2020-06-22,scheduled_maintenance,preventive,filter_replace,minor,17.5,33768.53,5042.0,preventive,True,18,False,False,False
EQP-98117611,UNIT-1458,excavator,Caterpillar,2008,open_pit,south_africa,63555,2021-08-16,scheduled_maintenance,preventive,inspection,routine,5.9,7906.28,939.0,preventive,True,154,False,False,True
EQP-3557B7C0,UNIT-8667,excavator,Hitachi,2012,processing_plant,drc,46495,2020-10-21,overhaul,undercarriage,general_component,major,20.8,81775.55,4074.0,major_overhaul,True,14,False,False,False
EQP-AFAE9E8A,UNIT-2004,haul_truck,Belaz,2019,processing_plant,botswana,19837,2023-07-09,breakdown,engine,cooling_system,critical,55.6,286273.57,7981.0,corrective,False,191,False,False,True
EQP-86ED67C6,UNIT-6719,drill_rig,Sandvik,2023,open_pit,zimbabwe,5851,2024-02-27,breakdown,electrical,alternator,major,9.2,43934.66,317.0,corrective,False,60,False,False,False
EQP-D2FB14F9,UNIT-4460,haul_truck,Hitachi,2023,underground,drc,4336,2021-04-20,breakdown,hydraulics,filter,minor,8.8,14794.13,949.0,corrective,False,113,False,False,False
EQP-213A09F0,UNIT-7996,drill_rig,Caterpillar,2016,open_pit,drc,32903,2023-05-22,scheduled_maintenance,preventive,filter_replace,routine,1.9,4453.18,62.0,preventive,True,53,False,True,False
EQP-3856AFE8,UNIT-1544,haul_truck,Belaz,2012,processing_plant,south_africa,47090,2023-09-30,breakdown,engine,cooling_system,minor,8.5,28224.06,1110.0,corrective,False,15,True,False,True
EQP-00A36F27,UNIT-9079,pump,Weir,2015,processing_plant,drc,35796,2024-06-17,scheduled_maintenance,preventive,inspection,minor,2.3,7724.58,180.0,preventive,True,81,True,False,True
EQP-C7292A7B,UNIT-7283,haul_truck,Caterpillar,2015,open_pit,south_africa,36203,2024-07-27,inspection,preventive,inspection,routine,1.8,6902.76,144.0,preventive,True,5,False,False,False
EQP-E0C06179,UNIT-5043,conveyor,ThyssenKrupp,2014,open_pit,south_africa,39274,2022-03-31,breakdown,gearbox,general_component,minor,2.4,7715.26,1151.0,corrective,False,22,False,True,False
EQP-19923BEB,UNIT-2862,haul_truck,Belaz,2013,open_pit,south_africa,44400,2020-05-22,inspection,preventive,inspection,routine,3.6,6274.89,482.0,preventive,True,132,False,False,False
EQP-494BCBAD,UNIT-9793,haul_truck,Komatsu,2021,open_pit,zambia,12615,2023-09-01,inspection,preventive,adjustment,routine,3.3,5387.12,478.0,preventive,True,51,False,False,False
EQP-D60BFAD7,UNIT-3718,haul_truck,Hitachi,2014,processing_plant,south_africa,40542,2022-09-06,scheduled_maintenance,preventive,adjustment,routine,1.9,3418.29,178.0,preventive,True,23,False,False,False
EQP-39BC090D,UNIT-5414,haul_truck,Hitachi,2008,open_pit,south_africa,63848,2022-04-06,inspection,preventive,filter_replace,routine,2.4,6396.57,316.0,preventive,True,65,False,False,False
EQP-D1212820,UNIT-4546,haul_truck,Hitachi,2019,processing_plant,tanzania,21090,2022-08-30,condition_based,hydraulics,hose,routine,2.6,2865.41,319.0,predictive,False,28,True,False,False
EQP-A510E694,UNIT-3074,drill_rig,Caterpillar,2018,processing_plant,south_africa,23742,2023-03-05,scheduled_maintenance,preventive,inspection,routine,1.4,2725.21,39.0,preventive,True,95,False,False,False
EQP-6917059D,UNIT-4749,crusher,Sandvik,2014,processing_plant,zimbabwe,39651,2021-05-30,scheduled_maintenance,preventive,inspection,minor,32.2,30457.56,6084.0,preventive,True,43,False,False,False
EQP-3C6D167E,UNIT-2363,haul_truck,Belaz,2018,underground,drc,25441,2021-08-13,breakdown,engine,turbo,minor,6.9,11373.34,617.0,corrective,False,6,True,False,False
EQP-7E86EB30,UNIT-1014,drill_rig,Sandvik,2023,open_pit,zambia,2893,2021-09-07,scheduled_maintenance,preventive,filter_replace,routine,2.4,4195.64,69.0,preventive,True,31,False,False,False
EQP-4F963D05,UNIT-3609,conveyor,Metso,2022,processing_plant,south_africa,6297,2022-06-06,inspection,preventive,oil_change,routine,1.6,1443.85,660.0,preventive,True,21,False,False,False
EQP-D2FB791C,UNIT-2008,haul_truck,Belaz,2020,underground,south_africa,15132,2023-05-02,scheduled_maintenance,preventive,oil_change,routine,3.8,4661.92,532.0,preventive,True,44,False,False,False
EQP-FBFC653D,UNIT-4732,excavator,Caterpillar,2017,processing_plant,tanzania,28387,2020-03-16,scheduled_maintenance,preventive,adjustment,routine,5.1,6016.32,1014.0,preventive,True,36,False,False,False
EQP-A5C6D060,UNIT-8764,haul_truck,Belaz,2008,open_pit,drc,65283,2021-06-10,condition_based,hydraulics,hose,routine,1.7,5636.21,155.0,predictive,False,53,False,False,False
EQP-21076929,UNIT-2462,haul_truck,Komatsu,2016,open_pit,south_africa,31339,2023-08-03,overhaul,tires,rear_left,major,13.9,37915.33,1745.0,major_overhaul,True,143,False,False,False
EQP-FB4339CD,UNIT-1011,drill_rig,Epiroc,2021,processing_plant,ghana,13814,2020-02-25,breakdown,compressor,general_component,major,13.0,35024.22,350.0,corrective,False,19,False,False,False
EQP-4E6A8FB7,UNIT-1999,pump,Weir,2021,processing_plant,drc,12027,2023-12-02,scheduled_maintenance,preventive,filter_replace,routine,0.9,816.4,56.0,preventive,True,6,False,False,False
EQP-6B3AA865,UNIT-5572,pump,KSB,2020,open_pit,south_africa,15884,2023-10-16,breakdown,seal,general_component,minor,3.6,7829.94,333.0,corrective,False,80,False,False,False
EQP-DCAC48D2,UNIT-3473,pump,Metso,2023,underground,drc,3150,2021-07-28,overhaul,impeller,general_component,major,11.9,8722.12,1155.0,major_overhaul,True,25,False,False,False
EQP-82F44F54,UNIT-5405,drill_rig,Sandvik,2016,open_pit,drc,33951,2023-01-30,scheduled_maintenance,preventive,oil_change,minor,4.2,18926.02,207.0,preventive,True,61,False,False,False
EQP-C3332BDD,UNIT-1263,haul_truck,Komatsu,2009,underground,zambia,59849,2022-06-01,breakdown,engine,turbo,critical,63.5,88481.0,6975.0,corrective,False,52,False,False,True
EQP-CE28E499,UNIT-3997,excavator,Caterpillar,2015,open_pit,tanzania,34668,2021-03-26,scheduled_maintenance,preventive,oil_change,routine,3.3,2874.13,573.0,preventive,True,5,False,False,False
EQP-D3B417BC,UNIT-4690,haul_truck,Belaz,2013,open_pit,drc,46457,2020-09-25,scheduled_maintenance,preventive,inspection,routine,1.7,6937.59,175.0,preventive,True,57,True,False,False
EQP-88BC5A9F,UNIT-4881,haul_truck,Caterpillar,2021,open_pit,tanzania,12393,2024-09-26,breakdown,transmission,gearbox,critical,29.5,220766.73,3763.0,corrective,False,166,True,False,False
EQP-3D7F6C61,UNIT-5959,haul_truck,Komatsu,2020,open_pit,drc,16798,2024-03-27,inspection,preventive,adjustment,routine,1.8,3446.49,156.0,preventive,True,17,True,False,False
EQP-33EB6C96,UNIT-8024,drill_rig,Epiroc,2014,open_pit,drc,41681,2024-06-05,condition_based,hydraulics,filter,routine,1.7,3353.46,48.0,predictive,False,22,False,False,False
EQP-23AAB079,UNIT-5204,excavator,Caterpillar,2014,open_pit,zambia,40614,2020-09-10,breakdown,electrical,sensors,minor,17.5,14984.58,3472.0,corrective,False,36,True,False,False
EQP-EDD4103B,UNIT-8569,haul_truck,Caterpillar,2010,open_pit,zambia,56974,2024-10-01,overhaul,hydraulics,filter,major,19.4,32919.02,1908.0,major_overhaul,True,31,False,False,True
EQP-38F7F3D0,UNIT-5767,crusher,Sandvik,2008,underground,south_africa,64054,2023-01-31,breakdown,liner,general_component,major,40.4,64430.58,11497.0,corrective,False,14,False,False,False
EQP-F8794D10,UNIT-3342,excavator,Komatsu,2013,underground,botswana,44733,2022-07-11,breakdown,electrical,alternator,minor,6.8,18100.68,695.0,corrective,False,16,False,False,False
EQP-4E4A7CA7,UNIT-3060,loader,Caterpillar,2011,underground,botswana,51965,2021-09-07,scheduled_maintenance,preventive,oil_change,routine,4.9,2061.12,449.0,preventive,True,78,False,False,False
EQP-E6C54C7B,UNIT-3902,haul_truck,Caterpillar,2012,open_pit,ghana,47979,2021-02-27,breakdown,brakes,general_component,major,14.1,48149.38,2048.0,corrective,False,41,False,False,False
EQP-7727D1D1,UNIT-6376,conveyor,ThyssenKrupp,2023,open_pit,zambia,4119,2021-08-08,scheduled_maintenance,preventive,inspection,routine,1.1,2253.33,279.0,preventive,True,15,False,True,False
EQP-96527442,UNIT-3182,haul_truck,Hitachi,2018,processing_plant,tanzania,23603,2020-11-08,scheduled_maintenance,preventive,oil_change,minor,10.7,16017.49,1115.0,preventive,True,47,False,False,False
EQP-95804409,UNIT-9226,drill_rig,Epiroc,2016,processing_plant,botswana,32504,2023-11-23,breakdown,rotation,general_component,major,14.0,31956.93,633.0,corrective,False,96,False,True,False
EQP-E68BA5C8,UNIT-5318,haul_truck,Belaz,2010,processing_plant,zambia,56501,2024-09-03,overhaul,brakes,general_component,major,14.7,35434.79,1107.0,major_overhaul,True,140,False,False,False
EQP-A44B1A0D,UNIT-8768,haul_truck,Caterpillar,2021,processing_plant,south_africa,12818,2024-10-06,scheduled_maintenance,preventive,adjustment,minor,9.3,29745.82,910.0,preventive,True,4,False,True,False
EQP-E5F87B8C,UNIT-7148,conveyor,ThyssenKrupp,2018,underground,zimbabwe,24639,2024-05-22,scheduled_maintenance,preventive,oil_change,minor,3.5,3589.34,1101.0,preventive,True,11,False,False,False
EQP-C7CE3BC0,UNIT-3999,excavator,Liebherr,2016,processing_plant,south_africa,34000,2020-08-26,breakdown,undercarriage,general_component,major,28.5,60298.49,3231.0,corrective,False,59,False,True,False
EQP-683E8157,UNIT-3054,haul_truck,Caterpillar,2015,open_pit,zimbabwe,37052,2023-08-26,inspection,preventive,adjustment,routine,1.8,7174.45,147.0,preventive,True,112,False,False,True
EQP-81CBCA49,UNIT-7694,grader,John Deere,2016,underground,zambia,31792,2024-03-24,breakdown,hydraulics,hose,major,22.6,26918.2,282.0,corrective,False,117,True,False,False
EQP-2E696B8C,UNIT-3976,haul_truck,Belaz,2021,processing_plant,zambia,12453,2022-07-07,breakdown,engine,turbo,minor,8.8,15107.29,792.0,corrective,False,45,True,False,False
EQP-804A8152,UNIT-3221,conveyor,FLSmidth,2019,underground,south_africa,21412,2022-10-01,inspection,preventive,inspection,minor,2.0,7863.72,987.0,preventive,True,19,False,False,False
EQP-6DB53564,UNIT-9372,conveyor,Metso,2015,open_pit,drc,35050,2021-11-22,breakdown,gearbox,general_component,minor,4.2,2747.71,1073.0,corrective,False,152,False,True,False
EQP-9AA52317,UNIT-5343,excavator,Hitachi,2018,open_pit,zambia,26014,2024-01-20,inspection,preventive,inspection,routine,3.7,4569.58,418.0,preventive,True,212,True,False,False
EQP-0E7A83D6,UNIT-1437,drill_rig,Caterpillar,2022,open_pit,ghana,7225,2023-06-20,scheduled_maintenance,preventive,inspection,routine,2.8,3320.93,127.0,preventive,True,104,False,False,False
EQP-D9BDBDF0,UNIT-5452,haul_truck,Caterpillar,2013,open_pit,south_africa,44900,2023-02-06,inspection,preventive,filter_replace,routine,1.9,7446.05,251.0,preventive,True,13,False,False,False
EQP-2462227B,UNIT-5146,crusher,Sandvik,2022,processing_plant,south_africa,8006,2020-01-18,breakdown,hydraulics,valve,major,48.0,147079.12,10571.0,corrective,False,44,True,False,True
EQP-C05049C7,UNIT-8774,haul_truck,Hitachi,2017,underground,tanzania,27949,2024-09-24,overhaul,electrical,wiring,major,21.2,58178.43,2203.0,major_overhaul,True,95,False,False,False
EQP-2DA4E70D,UNIT-7403,haul_truck,Komatsu,2010,open_pit,drc,54697,2022-08-01,breakdown,transmission,clutch,major,14.7,45305.07,1484.0,corrective,False,25,True,False,False
EQP-F99C7CE0,UNIT-2722,excavator,Caterpillar,2023,underground,zambia,4907,2024-09-16,breakdown,hydraulics,hose,critical,62.3,265015.9,12295.0,corrective,False,81,False,False,True
EQP-6243C37E,UNIT-2353,grader,Caterpillar,2018,open_pit,drc,22711,2023-05-06,condition_based,electrical,alternator,routine,3.5,3788.38,65.0,predictive,False,58,False,False,False
EQP-59AF2B6E,UNIT-6431,loader,Volvo,2014,underground,tanzania,38557,2022-07-26,breakdown,engine,turbo,minor,12.1,18009.11,763.0,corrective,False,56,True,False,False
EQP-E9B98CC3,UNIT-1426,pump,KSB,2011,open_pit,drc,53159,2023-09-18,scheduled_maintenance,preventive,filter_replace,minor,3.4,2895.23,248.0,preventive,True,49,False,False,False
EQP-F9DB625C,UNIT-3870,crusher,Sandvik,2022,underground,south_africa,9789,2021-03-19,scheduled_maintenance,preventive,inspection,routine,8.2,14658.53,2148.0,preventive,True,102,False,False,False
EQP-40EE2CEC,UNIT-2243,crusher,FLSmidth,2021,underground,south_africa,11332,2022-03-22,breakdown,hydraulics,hose,minor,25.3,55599.26,6925.0,corrective,False,36,True,False,True
EQP-0819661A,UNIT-1185,drill_rig,Caterpillar,2008,underground,south_africa,65003,2020-02-15,breakdown,rotation,general_component,major,17.0,26503.33,477.0,corrective,False,33,False,True,False
EQP-2F578C3F,UNIT-9268,grader,John Deere,2018,underground,tanzania,24796,2023-09-03,scheduled_maintenance,preventive,adjustment,routine,3.2,2901.91,63.0,preventive,True,58,False,False,False
EQP-00A7EF15,UNIT-1808,drill_rig,Epiroc,2009,open_pit,zambia,59908,2021-08-06,scheduled_maintenance,preventive,inspection,routine,2.3,4512.91,105.0,preventive,True,309,False,False,False
EQP-C13D249F,UNIT-1083,excavator,Liebherr,2012,underground,zimbabwe,49335,2020-06-21,scheduled_maintenance,preventive,filter_replace,routine,5.3,3764.16,797.0,preventive,True,76,True,False,False
EQP-D21AEAA3,UNIT-9395,crusher,Sandvik,2017,open_pit,zimbabwe,27836,2023-12-04,condition_based,motor,general_component,routine,7.0,14083.7,1576.0,predictive,False,6,False,True,True
EQP-857BC9FE,UNIT-2694,conveyor,ThyssenKrupp,2011,open_pit,tanzania,52517,2021-02-23,scheduled_maintenance,preventive,adjustment,routine,1.3,860.1,490.0,preventive,True,35,False,False,False
EQP-2EEE0F50,UNIT-8348,haul_truck,Belaz,2016,underground,botswana,30746,2021-02-06,scheduled_maintenance,preventive,filter_replace,routine,3.2,3643.02,436.0,preventive,True,36,True,False,False
EQP-7588CD68,UNIT-1281,excavator,Caterpillar,2014,underground,zambia,38788,2020-09-17,breakdown,hydraulics,pump,minor,10.8,38293.72,1670.0,corrective,False,47,False,False,True
EQP-AE5C13F1,UNIT-2381,excavator,Hitachi,2017,processing_plant,ghana,29169,2022-12-22,scheduled_maintenance,preventive,adjustment,routine,4.1,9573.33,743.0,preventive,True,108,False,False,True
EQP-E34B7D49,UNIT-1995,loader,Volvo,2020,open_pit,south_africa,16551,2021-09-03,breakdown,tires,rear_right,major,17.4,24838.23,1621.0,corrective,False,47,False,False,False
EQP-97C3FDBC,UNIT-7355,excavator,Liebherr,2010,processing_plant,zambia,55857,2022-10-24,scheduled_maintenance,preventive,filter_replace,routine,4.6,8931.15,783.0,preventive,True,196,False,False,False
EQP-F3C89D97,UNIT-6580,loader,Komatsu,2020,open_pit,tanzania,17907,2021-09-11,breakdown,transmission,clutch,minor,11.4,18487.02,597.0,corrective,False,6,True,False,False
EQP-CA1AE77A,UNIT-5279,drill_rig,Caterpillar,2011,underground,zambia,53897,2023-09-17,condition_based,hydraulics,cylinder,routine,2.7,4486.88,98.0,predictive,False,4,True,True,True
EQP-F851B492,UNIT-3174,loader,Komatsu,2008,processing_plant,ghana,64439,2021-11-04,breakdown,transmission,gearbox,major,16.3,40628.95,1023.0,corrective,False,8,False,True,False
EQP-B56D2A5A,UNIT-1799,haul_truck,Komatsu,2015,underground,zimbabwe,34544,2023-11-28,breakdown,brakes,general_component,minor,11.2,29583.92,877.0,corrective,False,4,False,True,False
EQP-35FC3C55,UNIT-6122,grader,Caterpillar,2012,processing_plant,drc,47888,2022-04-18,breakdown,blade,general_component,minor,4.7,12978.78,77.0,corrective,False,190,False,False,False
EQP-CCF0B349,UNIT-3076,drill_rig,Sandvik,2010,processing_plant,ghana,55167,2020-01-27,scheduled_maintenance,preventive,oil_change,minor,7.5,16390.39,284.0,preventive,True,56,False,False,False
EQP-D5C6E2BD,UNIT-6311,excavator,Liebherr,2014,open_pit,tanzania,40089,2022-02-24,condition_based,electrical,starter,routine,4.5,5415.51,477.0,predictive,False,64,False,False,False
EQP-B54BA6A6,UNIT-7186,haul_truck,Hitachi,2021,processing_plant,zambia,11063,2021-03-17,condition_based,electrical,starter,routine,2.6,3853.93,316.0,predictive,False,32,False,False,False
EQP-E8316254,UNIT-8644,excavator,Hitachi,2017,processing_plant,ghana,26803,2022-06-01,overhaul,bucket,general_component,major,34.6,52333.47,4118.0,major_overhaul,True,76,False,False,False
EQP-E838B22F,UNIT-5445,excavator,Liebherr,2019,open_pit,ghana,17737,2020-08-12,scheduled_maintenance,preventive,filter_replace,minor,11.5,11747.29,2228.0,preventive,True,105,False,False,False
EQP-C404FE24,UNIT-1042,crusher,Metso,2010,open_pit,zambia,56167,2023-09-16,breakdown,shaft,general_component,critical,76.2,555658.36,19398.0,corrective,False,113,False,False,False
EQP-E5774BC4,UNIT-3525,pump,Metso,2009,open_pit,drc,57701,2023-01-29,inspection,preventive,oil_change,routine,1.4,1345.11,70.0,preventive,True,31,True,False,False
EQP-363B7166,UNIT-8679,crusher,Sandvik,2013,processing_plant,south_africa,43679,2020-09-12,condition_based,liner,general_component,routine,8.6,9697.39,2414.0,predictive,False,114,False,False,True
EQP-93D10686,UNIT-5798,conveyor,ThyssenKrupp,2020,processing_plant,zambia,16694,2024-10-26,breakdown,belt,general_component,minor,5.0,5035.2,1331.0,corrective,False,25,False,False,False
EQP-B2DE1FD0,UNIT-6571,drill_rig,Epiroc,2022,processing_plant,zimbabwe,7277,2021-09-23,breakdown,drill_string,general_component,minor,5.1,16095.49,129.0,corrective,False,7,False,False,False
EQP-12C52554,UNIT-5119,loader,Volvo,2009,open_pit,south_africa,58915,2021-01-12,scheduled_maintenance,preventive,oil_change,routine,2.2,3153.03,153.0,preventive,True,150,False,False,False
EQP-9240954E,UNIT-2464,loader,Volvo,2015,open_pit,drc,35932,2020-01-01,scheduled_maintenance,preventive,adjustment,minor,8.5,20567.79,491.0,preventive,True,263,False,False,False
EQP-D0536ACE,UNIT-9069,excavator,Liebherr,2014,underground,zambia,39171,2021-03-20,scheduled_maintenance,preventive,oil_change,routine,4.6,2638.59,836.0,preventive,True,5,False,True,False
EQP-01CE0817,UNIT-7955,pump,KSB,2019,open_pit,ghana,20185,2020-02-20,breakdown,impeller,general_component,critical,27.3,34845.89,2654.0,corrective,False,8,False,False,False
EQP-DE8ABC13,UNIT-9955,excavator,Liebherr,2011,open_pit,ghana,50967,2022-05-19,overhaul,engine,cooling_system,major,33.2,57004.57,5921.0,major_overhaul,True,49,True,False,True
EQP-AD6C685B,UNIT-8698,loader,Caterpillar,2015,open_pit,ghana,35895,2022-12-27,scheduled_maintenance,preventive,inspection,routine,2.8,1311.98,192.0,preventive,True,175,False,False,False
EQP-6170E9C4,UNIT-3619,pump,Metso,2021,open_pit,drc,11653,2021-10-28,condition_based,seal,general_component,routine,1.5,1461.51,97.0,predictive,False,68,False,False,False
EQP-853DF08B,UNIT-3288,crusher,Sandvik,2015,open_pit,tanzania,35988,2024-04-25,breakdown,shaft,general_component,critical,235.9,465728.72,47509.0,corrective,False,172,False,False,False
EQP-71B6AEA7,UNIT-3236,haul_truck,Caterpillar,2020,underground,drc,17635,2024-10-04,scheduled_maintenance,preventive,filter_replace,routine,2.4,3980.35,196.0,preventive,True,20,False,False,False
EQP-24BE5230,UNIT-9268,conveyor,FLSmidth,2017,open_pit,botswana,28199,2021-07-04,inspection,preventive,adjustment,routine,1.3,2090.91,619.0,preventive,True,12,False,False,False
EQP-AEADC63C,UNIT-6011,haul_truck,Komatsu,2017,open_pit,ghana,28504,2023-02-21,breakdown,tires,front_left,major,23.9,72917.87,2230.0,corrective,False,1,False,False,False
EQP-89F6168F,UNIT-5089,loader,Komatsu,2012,underground,zimbabwe,47375,2021-12-24,scheduled_maintenance,preventive,inspection,routine,2.4,4736.17,150.0,preventive,True,118,False,False,False
EQP-D6DBB13B,UNIT-9713,excavator,Caterpillar,2023,processing_plant,drc,4223,2021-05-07,breakdown,engine,head_gasket,major,28.3,80396.4,4856.0,corrective,False,9,True,False,False
EQP-B6D273F8,UNIT-6430,crusher,Sandvik,2011,underground,zimbabwe,51725,2021-01-12,scheduled_maintenance,preventive,adjustment,routine,7.5,8395.45,1820.0,preventive,True,32,False,False,False
EQP-38DE5D77,UNIT-9183,grader,John Deere,2022,underground,tanzania,8029,2022-07-27,inspection,preventive,adjustment,routine,1.7,2571.14,33.0,preventive,True,35,False,False,False
EQP-17D9E2E5,UNIT-9860,haul_truck,Caterpillar,2023,underground,drc,4648,2020-09-14,condition_based,electrical,sensors,minor,10.1,13982.51,1501.0,predictive,False,15,False,False,False
EQP-0540FB75,UNIT-1714,excavator,Hitachi,2016,underground,drc,31499,2023-04-25,condition_based,engine,injector,routine,3.1,3952.89,439.0,predictive,False,21,True,True,False
EQP-3EDBD36F,UNIT-4253,crusher,Metso,2021,underground,botswana,11601,2024-05-10,breakdown,hydraulics,filter,minor,33.4,16179.48,9624.0,corrective,False,23,False,False,False
EQP-59E7ABFC,UNIT-7606,drill_rig,Sandvik,2019,open_pit,botswana,19513,2021-10-24,inspection,preventive,adjustment,routine,2.0,2923.47,98.0,preventive,True,32,False,True,False
EQP-A25DE6BE,UNIT-8317,haul_truck,Komatsu,2019,underground,botswana,19494,2022-10-26,scheduled_maintenance,preventive,oil_change,routine,1.9,2850.47,264.0,preventive,True,37,False,False,False
EQP-86F0BB4F,UNIT-2336,haul_truck,Komatsu,2009,open_pit,south_africa,60173,2024-10-22,breakdown,transmission,clutch,major,15.0,51031.36,2174.0,corrective,False,43,True,False,False
EQP-5573442F,UNIT-3865,drill_rig,Caterpillar,2010,open_pit,south_africa,55636,2023-06-22,inspection,preventive,adjustment,minor,8.0,17185.35,320.0,preventive,True,28,True,True,False
EQP-B7C207A7,UNIT-5933,crusher,Metso,2009,open_pit,drc,61497,2021-12-28,breakdown,bearing,general_component,major,49.5,93041.96,8274.0,corrective,False,29,False,False,True
EQP-D9AB0323,UNIT-8192,conveyor,FLSmidth,2008,open_pit,zimbabwe,66679,2024-05-06,breakdown,motor,general_component,minor,3.0,4914.23,1395.0,corrective,False,271,False,True,True
EQP-CA6F089E,UNIT-2016,haul_truck,Hitachi,2021,open_pit,south_africa,11432,2020-03-17,inspection,preventive,adjustment,minor,6.0,17553.75,588.0,preventive,True,78,False,False,True
EQP-A2C0A30A,UNIT-6406,drill_rig,Sandvik,2010,underground,ghana,56294,2022-11-25,breakdown,rotation,general_component,minor,6.5,12432.4,313.0,corrective,False,14,False,False,False
EQP-D0FB72E3,UNIT-3667,excavator,Liebherr,2008,open_pit,zambia,65038,2021-03-30,breakdown,bucket,general_component,critical,57.6,181800.64,8751.0,corrective,False,2,False,False,False
EQP-3EC91C81,UNIT-2946,excavator,Hitachi,2023,open_pit,south_africa,3734,2020-11-20,breakdown,hydraulics,valve,minor,17.2,27997.61,2562.0,corrective,False,92,False,False,False
EQP-6AB6AD05,UNIT-5638,crusher,FLSmidth,2012,open_pit,zimbabwe,47005,2022-07-19,inspection,preventive,adjustment,routine,5.2,3347.94,1428.0,preventive,True,42,False,False,False
EQP-3B93C18A,UNIT-4725,excavator,Liebherr,2021,open_pit,south_africa,13738,2023-07-07,breakdown,undercarriage,general_component,critical,49.1,245836.84,6816.0,corrective,False,86,True,False,False
EQP-99F45C35,UNIT-6720,conveyor,Metso,2023,underground,tanzania,4686,2023-08-21,scheduled_maintenance,preventive,filter_replace,routine,1.3,1798.05,360.0,preventive,True,13,False,True,False
EQP-D92F1558,UNIT-3858,grader,John Deere,2016,open_pit,ghana,32318,2023-09-08,breakdown,tires,rear_right,minor,5.7,9595.18,102.0,corrective,False,87,False,False,False
EQP-727A93ED,UNIT-8408,conveyor,ThyssenKrupp,2022,open_pit,zambia,9450,2021-06-03,scheduled_maintenance,preventive,inspection,routine,1.7,2456.53,549.0,preventive,True,5,False,False,False
EQP-05929068,UNIT-1702,conveyor,Metso,2023,open_pit,drc,4770,2022-01-15,breakdown,pulley,general_component,minor,5.7,3662.76,2630.0,corrective,False,55,False,True,False
EQP-AD5ECA23,UNIT-8756,haul_truck,Komatsu,2010,open_pit,ghana,55952,2020-07-22,inspection,preventive,inspection,minor,8.8,17693.68,1264.0,preventive,True,142,False,False,False
EQP-135404A6,UNIT-1268,haul_truck,Hitachi,2010,open_pit,drc,55023,2023-01-15,condition_based,hydraulics,pump,routine,3.6,3250.78,376.0,predictive,False,104,True,False,False
EQP-6FDED118,UNIT-7622,haul_truck,Belaz,2013,open_pit,tanzania,43506,2023-12-17,inspection,preventive,adjustment,routine,3.5,6919.34,438.0,preventive,True,10,False,False,False
EQP-4FF3592A,UNIT-4117,loader,Komatsu,2016,underground,drc,33204,2022-05-22,condition_based,transmission,clutch,routine,2.5,2062.11,127.0,predictive,False,6,True,False,False
EQP-483712A0,UNIT-4449,loader,Volvo,2020,processing_plant,south_africa,16682,2021-07-16,scheduled_maintenance,preventive,oil_change,routine,2.2,3702.84,197.0,preventive,True,25,False,True,False
EQP-7149E06C,UNIT-1171,haul_truck,Hitachi,2010,underground,zimbabwe,55813,2021-08-22,breakdown,engine,head_gasket,major,19.5,49094.41,2134.0,corrective,False,98,False,False,False
EQP-8A01CB6B,UNIT-7318,haul_truck,Caterpillar,2011,open_pit,south_africa,53766,2023-03-16,scheduled_maintenance,preventive,adjustment,routine,4.0,7003.36,379.0,preventive,True,49,False,True,False
EQP-CAF397A8,UNIT-2489,excavator,Komatsu,2012,open_pit,drc,47842,2023-04-25,scheduled_maintenance,preventive,adjustment,minor,16.0,26728.11,3000.0,preventive,True,106,False,False,False
EQP-8AE9F675,UNIT-6931,conveyor,ThyssenKrupp,2012,underground,drc,48987,2022-05-07,scheduled_maintenance,preventive,inspection,routine,1.5,1431.32,528.0,preventive,True,1,True,False,False
EQP-FE23AFBC,UNIT-7525,conveyor,Metso,2023,open_pit,drc,4220,2021-03-21,breakdown,motor,general_component,major,6.7,18798.62,3054.0,corrective,False,202,False,True,False
EQP-73D3FA96,UNIT-8606,crusher,Metso,2014,processing_plant,south_africa,41932,2022-01-09,condition_based,motor,general_component,routine,10.4,11537.02,2216.0,predictive,False,69,False,True,False
EQP-6C47CF16,UNIT-7372,grader,John Deere,2021,underground,ghana,12753,2021-08-12,breakdown,hydraulics,filter,minor,9.5,4383.83,185.0,corrective,False,36,False,False,True
EQP-BA990E95,UNIT-3713,excavator,Liebherr,2008,open_pit,south_africa,64046,2020-06-25,scheduled_maintenance,preventive,inspection,routine,5.8,3974.11,969.0,preventive,True,119,False,False,False
EQP-0FC83C98,UNIT-7646,crusher,FLSmidth,2009,open_pit,drc,59821,2021-12-31,overhaul,motor,general_component,major,61.5,81215.28,15380.0,major_overhaul,True,156,False,True,False
EQP-8F9F8832,UNIT-8432,conveyor,Metso,2020,processing_plant,zambia,15984,2024-03-08,breakdown,gearbox,general_component,minor,2.4,5616.85,674.0,corrective,False,114,False,True,False
EQP-CE39FE9E,UNIT-3854,excavator,Komatsu,2011,processing_plant,zambia,51274,2023-01-11,breakdown,bucket,general_component,critical,87.2,272911.04,15238.0,corrective,False,6,True,False,False
EQP-76A5A6B0,UNIT-2117,grader,Komatsu,2009,processing_plant,south_africa,58633,2020-08-28,breakdown,transmission,clutch,minor,7.2,14990.67,109.0,corrective,False,59,False,False,False
EQP-347B527A,UNIT-9009,haul_truck,Caterpillar,2017,open_pit,south_africa,28308,2024-03-13,scheduled_maintenance,preventive,adjustment,minor,7.4,20229.83,954.0,preventive,True,69,False,False,False
EQP-435B4793,UNIT-2331,crusher,Sandvik,2010,underground,zambia,55466,2021-01-19,scheduled_maintenance,preventive,filter_replace,routine,9.4,5177.46,2633.0,preventive,True,40,False,False,False
EQP-A3FF6E14,UNIT-6343,crusher,Sandvik,2008,open_pit,drc,63463,2023-01-11,overhaul,hydraulics,valve,major,68.4,107327.08,17475.0,major_overhaul,True,56,False,False,True
EQP-A8CD0E6C,UNIT-3126,grader,Komatsu,2014,open_pit,tanzania,39911,2022-10-18,inspection,preventive,inspection,routine,3.4,2171.44,51.0,preventive,True,22,False,False,False
EQP-1BF750EC,UNIT-2134,drill_rig,Caterpillar,2016,underground,south_africa,32052,2023-07-30,condition_based,electrical,alternator,minor,3.1,14686.03,144.0,predictive,False,163,False,False,False
EQP-F903537E,UNIT-7986,excavator,Liebherr,2016,processing_plant,south_africa,32007,2023-10-11,condition_based,electrical,alternator,minor,7.8,29104.79,1356.0,predictive,False,8,False,False,False
EQP-48759A9B,UNIT-2293,loader,Caterpillar,2017,open_pit,ghana,29738,2021-06-10,breakdown,transmission,gearbox,major,20.4,47765.2,1800.0,corrective,False,7,False,False,False
EQP-4D88EE48,UNIT-7031,loader,Komatsu,2008,open_pit,zambia,64662,2023-10-31,overhaul,hydraulics,cylinder,major,25.3,59902.5,2418.0,major_overhaul,True,42,True,True,True
EQP-02835113,UNIT-7237,drill_rig,Caterpillar,2012,open_pit,drc,50107,2022-11-23,scheduled_maintenance,preventive,adjustment,routine,2.3,1110.42,65.0,preventive,True,173,False,False,True
EQP-689C1674,UNIT-1541,loader,Komatsu,2013,open_pit,south_africa,43561,2021-09-21,breakdown,transmission,gearbox,major,22.6,51440.59,1694.0,corrective,False,10,True,True,False
EQP-790630C7,UNIT-2556,excavator,Hitachi,2012,open_pit,south_africa,48783,2020-07-05,overhaul,hydraulics,valve,major,25.7,91290.72,2888.0,major_overhaul,True,142,True,False,True
EQP-3034F7DC,UNIT-8148,conveyor,FLSmidth,2016,processing_plant,zimbabwe,31616,2022-10-20,scheduled_maintenance,preventive,inspection,routine,1.7,990.28,744.0,preventive,True,102,False,False,True
EQP-22AF0A52,UNIT-5565,grader,John Deere,2011,open_pit,ghana,51438,2022-04-13,breakdown,electrical,alternator,minor,4.8,13088.72,69.0,corrective,False,9,False,False,False
EQP-25B68735,UNIT-2092,excavator,Caterpillar,2018,underground,zambia,26145,2022-04-27,condition_based,bucket,general_component,routine,4.5,2839.86,774.0,predictive,False,59,False,False,False
EQP-CBDEF45A,UNIT-9924,drill_rig,Caterpillar,2022,open_pit,ghana,7231,2023-05-26,breakdown,electrical,starter,critical,52.0,131379.92,1458.0,corrective,False,48,False,False,False
EQP-BFC5B27D,UNIT-3384,pump,KSB,2018,open_pit,ghana,21768,2023-06-29,breakdown,casing,general_component,minor,3.1,3934.37,251.0,corrective,False,114,False,False,False
EQP-F843C221,UNIT-1036,loader,Volvo,2014,open_pit,south_africa,39292,2020-11-19,breakdown,transmission,clutch,minor,7.0,10104.0,389.0,corrective,False,365,True,False,False
EQP-CA19A875,UNIT-9316,grader,Caterpillar,2014,open_pit,botswana,37991,2021-06-17,scheduled_maintenance,preventive,oil_change,minor,9.4,11766.02,127.0,preventive,True,41,False,False,False
EQP-748231D4,UNIT-1149,excavator,Komatsu,2017,underground,south_africa,27048,2024-06-11,breakdown,undercarriage,general_component,major,21.2,64157.45,3256.0,corrective,False,28,False,False,False
EQP-F37E7AF7,UNIT-5979,pump,Weir,2019,underground,south_africa,19141,2022-12-05,breakdown,motor,general_component,critical,25.7,29963.63,2174.0,corrective,False,12,False,True,False
EQP-0B9F98B3,UNIT-9936,haul_truck,Caterpillar,2012,processing_plant,tanzania,48035,2022-01-20,scheduled_maintenance,preventive,filter_replace,minor,11.4,21148.41,1283.0,preventive,True,67,False,False,False
EQP-649C2793,UNIT-6199,drill_rig,Sandvik,2008,open_pit,south_africa,61950,2024-10-16,breakdown,hydraulics,pump,critical,20.5,126021.69,887.0,corrective,False,14,True,True,False
EQP-5D8B1FF4,UNIT-6261,drill_rig,Sandvik,2019,underground,ghana,21195,2023-04-23,scheduled_maintenance,preventive,filter_replace,routine,2.8,1168.97,82.0,preventive,True,164,False,False,False
EQP-E385686A,UNIT-4493,loader,Volvo,2018,processing_plant,ghana,22124,2024-03-09,scheduled_maintenance,preventive,inspection,routine,2.6,5139.64,213.0,preventive,True,113,False,False,False
EQP-03C07090,UNIT-2142,grader,Caterpillar,2009,open_pit,zimbabwe,59872,2022-04-25,breakdown,tires,front_right,critical,51.0,158409.97,707.0,corrective,False,154,False,False,False
EQP-2B604119,UNIT-6153,crusher,Sandvik,2018,processing_plant,drc,23675,2020-10-21,breakdown,liner,general_component,major,40.8,90803.32,7064.0,corrective,False,83,False,False,False
EQP-99086494,UNIT-9074,conveyor,FLSmidth,2009,processing_plant,tanzania,60825,2023-08-11,breakdown,pulley,general_component,critical,31.9,99047.33,14781.0,corrective,False,15,False,False,False
EQP-DF60825B,UNIT-1819,drill_rig,Epiroc,2018,processing_plant,zimbabwe,24351,2024-01-09,scheduled_maintenance,preventive,filter_replace,minor,9.0,19937.32,445.0,preventive,True,18,True,False,False
EQP-26BE7749,UNIT-8922,drill_rig,Caterpillar,2019,underground,drc,21186,2022-11-17,inspection,preventive,inspection,routine,1.7,2857.48,53.0,preventive,True,65,True,False,False
EQP-D3D8F239,UNIT-4735,drill_rig,Sandvik,2008,underground,south_africa,63638,2022-02-18,breakdown,rotation,general_component,major,17.3,47620.25,501.0,corrective,False,202,True,True,True
EQP-E3D69FCC,UNIT-5825,haul_truck,Belaz,2019,open_pit,tanzania,19535,2020-08-08,breakdown,brakes,general_component,minor,9.8,25101.4,1297.0,corrective,False,25,False,True,False
EQP-0D2C0F37,UNIT-2488,drill_rig,Caterpillar,2009,underground,tanzania,60412,2021-03-18,breakdown,drill_string,general_component,major,17.7,45034.57,881.0,corrective,False,104,False,False,False
EQP-C8ABFFBE,UNIT-6595,loader,Caterpillar,2012,processing_plant,tanzania,49029,2024-07-22,scheduled_maintenance,preventive,inspection,minor,11.7,8205.14,830.0,preventive,True,14,True,False,False
EQP-0F249808,UNIT-2640,crusher,FLSmidth,2019,open_pit,south_africa,20825,2020-10-30,scheduled_maintenance,preventive,adjustment,routine,9.7,12363.85,2606.0,preventive,True,365,False,False,True
EQP-88C0A5AA,UNIT-3458,loader,Komatsu,2013,underground,zimbabwe,44321,2023-04-03,condition_based,electrical,battery,minor,14.4,10257.72,826.0,predictive,False,50,False,False,False
EQP-931E752E,UNIT-7493,excavator,Liebherr,2023,underground,zimbabwe,4232,2023-04-08,condition_based,engine,turbo,routine,5.0,7979.84,614.0,predictive,False,2,True,False,True
EQP-973EF8F1,UNIT-1454,conveyor,Metso,2023,open_pit,botswana,3963,2022-04-29,breakdown,motor,general_component,minor,5.4,4269.24,1540.0,corrective,False,29,False,True,False
EQP-AE46AD8B,UNIT-5024,haul_truck,Caterpillar,2023,underground,ghana,4409,2024-11-29,scheduled_maintenance,preventive,filter_replace,routine,2.3,6203.53,287.0,preventive,True,66,False,False,False
EQP-37C0E68F,UNIT-6350,excavator,Hitachi,2009,underground,tanzania,62034,2023-05-02,overhaul,electrical,wiring,major,21.0,93625.58,3334.0,major_overhaul,True,77,True,False,False
EQP-9663A66D,UNIT-2188,drill_rig,Caterpillar,2010,underground,zimbabwe,55757,2024-10-06,breakdown,hydraulics,pump,minor,6.8,12526.12,283.0,corrective,False,39,True,False,True
EQP-32AA36B9,UNIT-3652,excavator,Caterpillar,2010,processing_plant,tanzania,55635,2021-04-14,scheduled_maintenance,preventive,inspection,routine,3.3,5465.85,386.0,preventive,True,1,False,True,False
EQP-D1AC5128,UNIT-4091,haul_truck,Belaz,2017,open_pit,zimbabwe,27558,2023-08-26,scheduled_maintenance,preventive,oil_change,minor,7.4,10778.09,600.0,preventive,True,1,False,True,False
EQP-4A1343DA,UNIT-6971,crusher,FLSmidth,2014,processing_plant,tanzania,40389,2023-10-16,breakdown,shaft,general_component,major,66.8,81238.52,15370.0,corrective,False,2,False,False,False
EQP-EC584C36,UNIT-9789,drill_rig,Epiroc,2019,underground,ghana,17878,2024-07-11,condition_based,compressor,general_component,routine,2.3,4968.86,88.0,predictive,False,71,False,False,False
EQP-DCF98453,UNIT-8525,drill_rig,Caterpillar,2012,processing_plant,south_africa,47864,2022-01-10,breakdown,drill_string,general_component,critical,57.6,159620.94,2047.0,corrective,False,27,False,True,False
EQP-2FA2AB4B,UNIT-2707,haul_truck,Belaz,2011,open_pit,ghana,52880,2021-08-21,breakdown,transmission,gearbox,major,16.3,64609.15,2057.0,corrective,False,36,False,False,False
EQP-58AA9CE8,UNIT-1163,conveyor,Metso,2018,open_pit,tanzania,23473,2023-12-20,scheduled_maintenance,preventive,adjustment,routine,1.1,2128.02,390.0,preventive,True,13,False,False,False
EQP-E6452780,UNIT-1467,drill_rig,Caterpillar,2017,processing_plant,south_africa,28186,2023-07-18,inspection,preventive,inspection,routine,1.6,3334.56,74.0,preventive,True,137,False,False,False
EQP-2D289DB9,UNIT-6360,drill_rig,Caterpillar,2019,open_pit,zambia,22109,2021-05-08,breakdown,electrical,wiring,minor,8.9,11616.71,396.0,corrective,False,37,False,False,False
EQP-A461D938,UNIT-2406,conveyor,Metso,2012,open_pit,botswana,48331,2021-07-02,scheduled_maintenance,preventive,oil_change,minor,3.7,5110.66,1236.0,preventive,True,23,False,False,False
EQP-D0012058,UNIT-3081,haul_truck,Hitachi,2016,underground,tanzania,29760,2023-11-23,breakdown,electrical,battery,critical,75.5,81134.54,10726.0,corrective,False,49,False,False,False
EQP-928C2F90,UNIT-8625,grader,John Deere,2022,underground,zimbabwe,6590,2022-10-22,scheduled_maintenance,preventive,filter_replace,routine,2.4,3391.11,36.0,preventive,True,23,False,False,False
EQP-CACE8524,UNIT-8864,haul_truck,Belaz,2017,processing_plant,tanzania,27748,2024-06-20,scheduled_maintenance,preventive,adjustment,minor,6.3,26959.87,692.0,preventive,True,9,False,True,False
EQP-E417D8FB,UNIT-8550,drill_rig,Caterpillar,2022,underground,south_africa,7196,2023-02-08,scheduled_maintenance,preventive,adjustment,minor,7.6,10144.18,327.0,preventive,True,21,False,False,False
EQP-6840F4D8,UNIT-3282,haul_truck,Komatsu,2014,processing_plant,drc,40103,2024-10-31,overhaul,transmission,driveshaft,major,19.4,53175.94,2846.0,major_overhaul,True,32,True,False,False
EQP-682DDB8B,UNIT-6576,conveyor,Metso,2008,open_pit,drc,63705,2021-08-12,condition_based,motor,general_component,minor,4.1,6835.17,1059.0,predictive,False,16,False,True,False
EQP-33C24093,UNIT-6496,excavator,Caterpillar,2020,underground,tanzania,17166,2023-10-30,breakdown,electrical,starter,major,25.9,79447.85,3044.0,corrective,False,13,False,False,False
EQP-A4B82905,UNIT-2667,grader,Caterpillar,2015,processing_plant,ghana,34908,2020-12-08,overhaul,hydraulics,filter,major,17.6,31597.27,318.0,major_overhaul,True,55,True,False,True
EQP-ABF75C37,UNIT-5981,excavator,Hitachi,2008,underground,south_africa,63792,2023-06-21,breakdown,hydraulics,hose,critical,106.1,159016.53,15297.0,corrective,False,18,True,True,True
EQP-932A2FE0,UNIT-5726,conveyor,ThyssenKrupp,2010,open_pit,zimbabwe,56217,2022-01-21,condition_based,roller,general_component,routine,1.0,1873.34,465.0,predictive,False,33,False,False,False
EQP-1669F652,UNIT-4565,haul_truck,Caterpillar,2013,open_pit,drc,44341,2022-07-24,condition_based,brakes,general_component,minor,4.4,24432.06,446.0,predictive,False,1,False,False,False
EQP-5343ED61,UNIT-7764,haul_truck,Hitachi,2011,underground,tanzania,52146,2023-12-24,inspection,preventive,filter_replace,routine,1.6,1603.6,237.0,preventive,True,120,False,True,False
EQP-88889938,UNIT-7097,drill_rig,Epiroc,2018,underground,drc,21588,2020-07-09,scheduled_maintenance,preventive,adjustment,minor,6.0,14268.26,182.0,preventive,True,57,False,False,False
EQP-75FC60EE,UNIT-5793,conveyor,Metso,2017,underground,tanzania,28083,2021-02-06,condition_based,motor,general_component,routine,1.8,1333.44,877.0,predictive,False,1,False,True,True
EQP-530AAFA5,UNIT-7531,drill_rig,Sandvik,2013,underground,drc,43849,2022-10-04,scheduled_maintenance,preventive,inspection,routine,2.4,4540.52,107.0,preventive,True,18,False,False,False
EQP-71C91DBA,UNIT-7867,pump,Weir,2009,processing_plant,tanzania,60864,2022-01-15,scheduled_maintenance,preventive,inspection,routine,2.0,1909.97,197.0,preventive,True,31,False,False,False
EQP-C7FD6B11,UNIT-6101,crusher,FLSmidth,2009,open_pit,zimbabwe,60722,2022-10-10,inspection,preventive,adjustment,routine,9.2,10004.97,1603.0,preventive,True,42,False,False,True
EQP-5445749E,UNIT-3408,pump,Weir,2023,underground,ghana,4240,2022-02-14,breakdown,bearing,general_component,major,9.1,12795.31,616.0,corrective,False,14,False,True,True
EQP-18166DC7,UNIT-7825,excavator,Liebherr,2013,underground,ghana,44313,2020-04-26,breakdown,undercarriage,general_component,major,28.5,96284.14,3413.0,corrective,False,3,False,False,False
EQP-EE7FDDAF,UNIT-7457,loader,Komatsu,2009,open_pit,tanzania,61352,2024-08-12,scheduled_maintenance,preventive,inspection,routine,4.6,2495.04,421.0,preventive,True,9,False,False,False
EQP-7A8705F4,UNIT-9849,conveyor,Metso,2019,open_pit,south_africa,21150,2023-05-28,breakdown,pulley,general_component,critical,12.4,61941.34,3932.0,corrective,False,140,False,True,False
EQP-503C7ABC,UNIT-2347,conveyor,Metso,2021,underground,zimbabwe,12275,2023-01-03,inspection,preventive,inspection,minor,3.9,5148.42,1488.0,preventive,True,21,False,True,False
EQP-C42763CF,UNIT-4773,pump,Metso,2009,processing_plant,south_africa,62145,2020-09-25,scheduled_maintenance,preventive,adjustment,routine,1.3,645.81,78.0,preventive,True,315,True,False,False
EQP-6473FF85,UNIT-9317,crusher,Sandvik,2023,open_pit,zimbabwe,3371,2020-12-21,scheduled_maintenance,preventive,adjustment,routine,11.7,13731.57,2997.0,preventive,True,60,True,False,False
EQP-3CF6940B,UNIT-5630,grader,Komatsu,2019,open_pit,south_africa,18814,2022-12-09,condition_based,electrical,sensors,routine,2.0,1601.56,35.0,predictive,False,20,False,False,False
EQP-341B470F,UNIT-9482,crusher,Sandvik,2012,open_pit,zambia,47989,2020-04-04,inspection,preventive,adjustment,routine,5.0,12544.09,836.0,preventive,True,96,True,True,True
EQP-FDB48D91,UNIT-1112,haul_truck,Caterpillar,2020,processing_plant,zambia,15626,2022-04-30,condition_based,electrical,battery,routine,3.1,6019.14,392.0,predictive,False,107,False,False,False
EQP-EC537DAC,UNIT-1316,crusher,Metso,2014,underground,south_africa,37534,2024-05-19,breakdown,motor,general_component,critical,177.0,450076.93,30944.0,corrective,False,1,True,True,False
EQP-89C4320E,UNIT-8163,drill_rig,Epiroc,2018,open_pit,drc,23347,2024-04-24,scheduled_maintenance,preventive,inspection,minor,4.9,6634.81,239.0,preventive,True,49,False,True,False
EQP-55476939,UNIT-4225,grader,John Deere,2010,processing_plant,tanzania,56343,2022-07-15,condition_based,tires,front_left,routine,2.9,2082.06,55.0,predictive,False,17,False,False,False
EQP-BD30E97E,UNIT-5681,loader,Volvo,2011,open_pit,zimbabwe,51941,2021-02-22,inspection,preventive,inspection,routine,3.8,5648.94,228.0,preventive,True,42,False,False,False
EQP-47A5C258,UNIT-4851,haul_truck,Belaz,2020,open_pit,botswana,15223,2020-05-13,scheduled_maintenance,preventive,filter_replace,minor,6.8,15733.14,683.0,preventive,True,144,False,False,False
EQP-C8BB05A5,UNIT-4671,haul_truck,Komatsu,2020,open_pit,tanzania,16042,2020-11-04,scheduled_maintenance,preventive,inspection,routine,2.6,1621.92,311.0,preventive,True,6,False,False,False
EQP-11FA0604,UNIT-9454,haul_truck,Hitachi,2008,underground,zambia,64123,2021-05-20,scheduled_maintenance,preventive,filter_replace,routine,1.9,5853.39,257.0,preventive,True,17,False,False,False
EQP-280B2046,UNIT-1846,drill_rig,Caterpillar,2011,processing_plant,zambia,52715,2022-09-19,scheduled_maintenance,preventive,filter_replace,routine,2.6,3750.38,126.0,preventive,True,59,True,False,False
EQP-064B5842,UNIT-7949,haul_truck,Caterpillar,2017,open_pit,botswana,27358,2023-07-30,scheduled_maintenance,preventive,adjustment,routine,2.5,4980.9,266.0,preventive,True,4,False,True,False
EQP-3E334E53,UNIT-9006,crusher,Sandvik,2022,underground,drc,8873,2022-04-08,breakdown,liner,general_component,minor,27.5,31328.95,6141.0,corrective,False,25,False,False,False
EQP-CD7927A7,UNIT-6916,conveyor,Metso,2018,underground,drc,22909,2024-01-27,breakdown,roller,general_component,major,8.6,14842.13,2487.0,corrective,False,12,True,False,False
EQP-767F6544,UNIT-4554,loader,Komatsu,2019,processing_plant,tanzania,19496,2020-10-17,scheduled_maintenance,preventive,oil_change,minor,6.6,10131.71,445.0,preventive,True,124,False,False,True
EQP-2B15F065,UNIT-2439,excavator,Hitachi,2014,processing_plant,botswana,41698,2022-02-01,scheduled_maintenance,preventive,oil_change,routine,4.9,6733.98,976.0,preventive,True,59,True,False,False
EQP-07126198,UNIT-7142,drill_rig,Sandvik,2008,underground,drc,62976,2023-01-09,breakdown,hydraulics,hose,minor,5.5,19942.16,266.0,corrective,False,47,True,False,True
EQP-D80353C1,UNIT-5218,haul_truck,Caterpillar,2020,open_pit,south_africa,15341,2020-04-07,inspection,preventive,inspection,routine,2.0,6200.55,212.0,preventive,True,44,False,False,False
EQP-235B9815,UNIT-2344,grader,Caterpillar,2020,open_pit,zambia,14746,2024-06-18,breakdown,transmission,driveshaft,major,23.2,31716.16,284.0,corrective,False,40,True,False,False
EQP-3927B416,UNIT-4236,haul_truck,Caterpillar,2015,processing_plant,zimbabwe,35172,2024-11-26,condition_based,brakes,general_component,minor,11.1,20313.81,1309.0,predictive,False,40,True,False,False
EQP-449BCF40,UNIT-9652,haul_truck,Caterpillar,2016,underground,ghana,32138,2023-08-25,condition_based,engine,injector,routine,3.3,5731.97,352.0,predictive,False,1,False,False,True
EQP-640C6EBB,UNIT-3388,haul_truck,Hitachi,2011,underground,zimbabwe,52706,2023-06-19,inspection,preventive,adjustment,routine,3.0,4511.49,394.0,preventive,True,7,False,False,False
EQP-822E53A0,UNIT-2605,loader,Volvo,2015,processing_plant,drc,35981,2021-01-12,inspection,preventive,adjustment,minor,11.3,21253.7,921.0,preventive,True,38,False,False,False
EQP-2ACD0164,UNIT-7137,haul_truck,Komatsu,2011,processing_plant,ghana,51675,2020-11-25,condition_based,engine,turbo,routine,2.5,4991.24,311.0,predictive,False,113,True,False,False
EQP-58820FE8,UNIT-2795,conveyor,ThyssenKrupp,2014,underground,zambia,38757,2021-03-05,scheduled_maintenance,preventive,adjustment,routine,1.1,994.91,378.0,preventive,True,36,False,False,False
EQP-193F24E3,UNIT-9278,loader,Volvo,2010,processing_plant,ghana,55272,2020-08-31,scheduled_maintenance,preventive,adjustment,minor,10.9,16139.41,881.0,preventive,True,63,False,False,False
EQP-9A4DDF96,UNIT-8729,loader,Volvo,2017,open_pit,tanzania,26453,2022-09-30,inspection,preventive,oil_change,routine,4.2,2377.96,355.0,preventive,True,104,True,False,False
EQP-90D83807,UNIT-9850,haul_truck,Hitachi,2011,underground,south_africa,52736,2024-09-19,scheduled_maintenance,preventive,oil_change,routine,2.8,4714.01,346.0,preventive,True,1,False,False,False
EQP-6482C172,UNIT-9212,haul_truck,Caterpillar,2019,processing_plant,tanzania,20806,2023-05-04,condition_based,tires,rear_left,routine,3.7,6327.61,471.0,predictive,False,122,False,False,False
EQP-F0B151C3,UNIT-3193,drill_rig,Epiroc,2016,open_pit,ghana,31959,2024-05-05,breakdown,electrical,wiring,minor,5.3,15913.39,250.0,corrective,False,175,True,False,False
EQP-44549087,UNIT-2909,haul_truck,Hitachi,2022,open_pit,botswana,8441,2024-10-28,scheduled_maintenance,preventive,adjustment,routine,2.5,3122.13,238.0,preventive,True,28,False,False,False
EQP-92480473,UNIT-4083,crusher,Sandvik,2011,underground,zimbabwe,52876,2023-04-06,breakdown,hydraulics,filter,major,51.3,125636.43,8897.0,corrective,False,365,True,False,False
EQP-7B2895A7,UNIT-5227,excavator,Liebherr,2012,underground,south_africa,48101,2020-07-07,condition_based,engine,injector,routine,4.9,2990.31,507.0,predictive,False,2,False,False,False
EQP-52F22231,UNIT-8919,drill_rig,Sandvik,2011,open_pit,botswana,53393,2024-08-01,scheduled_maintenance,preventive,adjustment,routine,1.2,3581.38,51.0,preventive,True,14,False,False,False
EQP-1B8CA582,UNIT-7600,haul_truck,Hitachi,2018,open_pit,drc,22976,2022-09-10,breakdown,electrical,battery,minor,6.8,14584.6,681.0,corrective,False,9,False,True,False
EQP-F0B15ACD,UNIT-6799,conveyor,ThyssenKrupp,2009,open_pit,drc,59651,2022-09-12,scheduled_maintenance,preventive,inspection,routine,1.7,1734.29,640.0,preventive,True,58,False,False,False
EQP-2A2CAE2B,UNIT-8904,haul_truck,Caterpillar,2018,open_pit,botswana,23532,2024-11-12,condition_based,transmission,gearbox,routine,2.9,6674.16,233.0,predictive,False,109,True,False,False
EQP-0F6C0369,UNIT-6812,crusher,Sandvik,2021,processing_plant,botswana,12647,2023-05-16,inspection,preventive,inspection,minor,19.4,21019.41,5607.0,preventive,True,124,False,False,False
EQP-3AC1D987,UNIT-4411,haul_truck,Belaz,2018,underground,zimbabwe,22565,2020-07-18,breakdown,electrical,wiring,major,19.9,61341.51,2371.0,corrective,False,32,False,False,True
EQP-683D1D7B,UNIT-4716,pump,Weir,2010,underground,botswana,57447,2023-10-08,breakdown,motor,general_component,minor,5.6,6099.92,315.0,corrective,False,96,True,False,True
EQP-FA6A8469,UNIT-5652,crusher,Metso,2015,open_pit,ghana,36561,2024-10-16,condition_based,bearing,general_component,routine,8.4,12083.1,1772.0,predictive,False,59,False,True,True
EQP-9326A37C,UNIT-1798,haul_truck,Belaz,2016,open_pit,south_africa,33750,2021-03-03,scheduled_maintenance,preventive,filter_replace,routine,3.4,7315.79,335.0,preventive,True,27,False,False,False
EQP-B2A2B8C5,UNIT-7674,haul_truck,Caterpillar,2014,open_pit,south_africa,39959,2022-04-11,scheduled_maintenance,preventive,oil_change,routine,2.1,4397.75,294.0,preventive,True,129,False,False,True
EQP-E590B751,UNIT-6874,excavator,Hitachi,2015,processing_plant,ghana,35449,2020-07-05,condition_based,electrical,sensors,minor,11.7,14089.24,2195.0,predictive,False,95,False,False,False
EQP-C67B4D01,UNIT-7579,haul_truck,Belaz,2020,processing_plant,zambia,16657,2023-07-15,inspection,preventive,filter_replace,routine,2.3,5675.68,309.0,preventive,True,50,False,False,False
EQP-1264CD31,UNIT-5804,haul_truck,Komatsu,2021,open_pit,ghana,13030,2020-09-14,breakdown,electrical,alternator,major,23.9,54538.8,2488.0,corrective,False,170,False,False,False
EQP-5C413EDB,UNIT-8045,grader,John Deere,2012,processing_plant,zambia,47285,2022-02-04,scheduled_maintenance,preventive,filter_replace,routine,2.1,3398.08,41.0,preventive,True,6,False,False,False
EQP-285DB3D4,UNIT-9546,conveyor,FLSmidth,2013,open_pit,south_africa,42002,2023-03-17,breakdown,belt,general_component,critical,38.5,84473.93,12275.0,corrective,False,89,False,False,False
EQP-607DC092,UNIT-6128,haul_truck,Komatsu,2011,open_pit,ghana,50173,2024-02-22,overhaul,electrical,starter,major,16.9,62990.43,2106.0,major_overhaul,True,40,False,True,False
EQP-220E9B04,UNIT-4999,conveyor,FLSmidth,2014,underground,zimbabwe,40261,2021-07-29,inspection,preventive,filter_replace,routine,1.4,1294.09,533.0,preventive,True,28,False,True,False
EQP-A16BC36A,UNIT-1941,excavator,Hitachi,2016,open_pit,south_africa,33540,2024-06-23,scheduled_maintenance,preventive,adjustment,routine,4.3,5805.55,618.0,preventive,True,157,False,False,False
EQP-FE3B8274,UNIT-8007,pump,KSB,2019,processing_plant,zimbabwe,18699,2020-02-13,overhaul,bearing,general_component,major,7.5,18992.6,446.0,major_overhaul,True,34,False,False,True
EQP-AA5D007B,UNIT-9134,haul_truck,Belaz,2012,open_pit,zimbabwe,47727,2020-10-26,breakdown,electrical,sensors,minor,5.9,17309.36,549.0,corrective,False,6,False,False,False
EQP-3FE4F068,UNIT-7294,crusher,FLSmidth,2011,underground,zambia,51651,2020-08-01,condition_based,hydraulics,pump,routine,7.5,10039.22,2049.0,predictive,False,39,True,False,True
EQP-25A6D18D,UNIT-8789,loader,Caterpillar,2008,open_pit,tanzania,65920,2023-09-07,condition_based,tires,front_right,routine,4.2,4480.87,350.0,predictive,False,80,False,False,False
EQP-2FF78F32,UNIT-8749,haul_truck,Komatsu,2009,open_pit,botswana,62258,2021-10-13,inspection,preventive,inspection,routine,3.3,2194.42,478.0,preventive,True,14,False,False,False
EQP-711545F0,UNIT-8182,haul_truck,Belaz,2008,open_pit,south_africa,64424,2020-02-07,condition_based,transmission,driveshaft,routine,4.0,6116.49,504.0,predictive,False,1,False,False,False
EQP-ACC32909,UNIT-5525,excavator,Hitachi,2011,processing_plant,zimbabwe,52898,2023-11-19,breakdown,undercarriage,general_component,minor,7.1,10448.52,753.0,corrective,False,81,False,False,True
EQP-AAB692B4,UNIT-1898,grader,John Deere,2019,underground,south_africa,20870,2021-05-13,breakdown,blade,general_component,major,21.1,39569.78,236.0,corrective,False,26,False,False,False
EQP-5B57615F,UNIT-1029,conveyor,Metso,2020,underground,drc,14719,2023-05-12,breakdown,gearbox,general_component,minor,2.8,6763.0,1206.0,corrective,False,127,False,True,False
EQP-308DA98C,UNIT-2839,crusher,Metso,2023,open_pit,zambia,4698,2022-09-21,inspection,preventive,filter_replace,routine,8.5,5016.7,1595.0,preventive,True,80,False,True,False
EQP-3CD8395C,UNIT-4878,loader,Caterpillar,2016,open_pit,zimbabwe,30980,2020-07-19,scheduled_maintenance,preventive,adjustment,routine,2.6,4964.12,162.0,preventive,True,45,False,False,False
EQP-4B804705,UNIT-7691,loader,Komatsu,2015,open_pit,tanzania,35828,2022-12-21,scheduled_maintenance,preventive,oil_change,routine,4.8,5253.72,338.0,preventive,True,14,False,False,False
EQP-1184FDAF,UNIT-5101,drill_rig,Epiroc,2022,processing_plant,zimbabwe,9139,2024-03-29,breakdown,drill_string,general_component,major,13.6,26143.1,593.0,corrective,False,55,False,False,False
EQP-0FAC8547,UNIT-1208,drill_rig,Epiroc,2010,open_pit,tanzania,56080,2021-10-19,scheduled_maintenance,preventive,adjustment,routine,2.0,1165.02,82.0,preventive,True,1,False,True,False
EQP-D7CF55F7,UNIT-2892,crusher,Metso,2018,open_pit,zambia,25102,2024-02-09,scheduled_maintenance,preventive,oil_change,routine,7.0,9293.94,1254.0,preventive,True,8,False,False,False
EQP-0833EEA7,UNIT-9812,excavator,Caterpillar,2021,underground,south_africa,13299,2021-05-01,scheduled_maintenance,preventive,inspection,minor,11.4,29217.0,2162.0,preventive,True,41,False,False,False
EQP-F7DD33CA,UNIT-9891,loader,Volvo,2016,underground,south_africa,30243,2021-05-24,scheduled_maintenance,preventive,oil_change,minor,6.1,9028.73,602.0,preventive,True,24,False,False,False
EQP-9A3AEDBC,UNIT-4393,haul_truck,Komatsu,2012,open_pit,drc,45822,2020-11-04,breakdown,tires,rear_right,major,20.2,55272.28,2715.0,corrective,False,53,False,False,False
EQP-8E0AEBE2,UNIT-8244,haul_truck,Komatsu,2017,open_pit,zimbabwe,29162,2021-01-15,breakdown,electrical,alternator,major,18.8,53687.59,1682.0,corrective,False,10,False,False,False
EQP-05ED76ED,UNIT-7473,loader,Komatsu,2023,open_pit,south_africa,5202,2021-03-07,overhaul,transmission,gearbox,major,16.5,55089.56,1480.0,major_overhaul,True,7,True,False,False
EQP-1314E1B0,UNIT-9380,excavator,Hitachi,2011,underground,drc,52256,2023-03-15,scheduled_maintenance,preventive,inspection,minor,7.2,34474.92,1096.0,preventive,True,81,False,False,False
EQP-BD07C11D,UNIT-8987,haul_truck,Hitachi,2017,open_pit,ghana,28392,2020-08-22,scheduled_maintenance,preventive,oil_change,routine,2.3,2291.74,177.0,preventive,True,124,False,True,False
EQP-01281137,UNIT-6658,haul_truck,Caterpillar,2008,underground,zambia,64893,2022-09-07,inspection,preventive,inspection,routine,2.7,5742.11,338.0,preventive,True,34,False,False,True
EQP-6FCC4142,UNIT-4551,conveyor,ThyssenKrupp,2011,open_pit,ghana,52874,2021-04-15,scheduled_maintenance,preventive,filter_replace,minor,2.9,6271.5,1433.0,preventive,True,97,False,False,False
EQP-043DAC87,UNIT-6639,loader,Caterpillar,2020,processing_plant,south_africa,15695,2020-09-21,scheduled_maintenance,preventive,filter_replace,minor,6.3,14392.65,451.0,preventive,True,89,False,False,False
EQP-FA2FB7A9,UNIT-3871,haul_truck,Belaz,2015,processing_plant,south_africa,36955,2024-01-18,scheduled_maintenance,preventive,filter_replace,minor,4.8,11152.55,383.0,preventive,True,2,False,False,False
EQP-54127BEF,UNIT-4132,haul_truck,Komatsu,2011,open_pit,ghana,51653,2022-08-29,breakdown,electrical,battery,minor,6.4,24321.99,591.0,corrective,False,161,True,False,False
EQP-9BD96116,UNIT-6478,drill_rig,Epiroc,2013,open_pit,drc,44243,2021-06-01,scheduled_maintenance,preventive,filter_replace,minor,6.8,18025.49,265.0,preventive,True,5,False,False,False
EQP-AEC7FDB1,UNIT-6142,pump,Metso,2009,open_pit,botswana,60200,2023-02-23,inspection,preventive,adjustment,minor,4.7,3233.05,421.0,preventive,True,188,False,False,False
EQP-1E554B10,UNIT-6228,excavator,Komatsu,2020,processing_plant,south_africa,15140,2024-06-21,scheduled_maintenance,preventive,oil_change,minor,9.4,10882.18,1114.0,preventive,True,59,True,False,False
EQP-B43D33DB,UNIT-4461,pump,Metso,2023,underground,drc,3257,2021-05-23,breakdown,impeller,general_component,critical,24.3,56548.99,1482.0,corrective,False,52,False,False,False
EQP-69F7B345,UNIT-4681,grader,John Deere,2009,underground,zambia,62234,2021-03-17,inspection,preventive,inspection,routine,3.1,3940.1,60.0,preventive,True,4,False,False,False
EQP-C84F9D78,UNIT-1091,excavator,Caterpillar,2011,open_pit,zambia,51108,2023-05-13,breakdown,electrical,alternator,minor,10.3,30364.43,1938.0,corrective,False,85,False,False,False
EQP-4C8376D0,UNIT-6415,loader,Komatsu,2021,open_pit,ghana,12369,2022-06-04,scheduled_maintenance,preventive,inspection,routine,4.9,2412.98,469.0,preventive,True,4,False,False,False
EQP-9A084525,UNIT-6181,crusher,Metso,2022,underground,south_africa,8579,2023-04-27,condition_based,motor,general_component,routine,9.8,13472.79,1728.0,predictive,False,56,False,True,True
EQP-F26DF763,UNIT-9417,drill_rig,Sandvik,2020,underground,botswana,15945,2020-10-28,scheduled_maintenance,preventive,adjustment,routine,2.2,3152.25,106.0,preventive,True,10,False,False,False
EQP-60327933,UNIT-5538,drill_rig,Caterpillar,2019,processing_plant,botswana,20671,2024-08-06,breakdown,electrical,sensors,minor,6.0,12646.38,201.0,corrective,False,100,False,False,False
EQP-33C7D3A2,UNIT-5208,loader,Caterpillar,2021,processing_plant,drc,12328,2020-01-31,scheduled_maintenance,preventive,filter_replace,routine,3.5,1474.94,265.0,preventive,True,32,False,False,False
EQP-A88DA428,UNIT-1609,loader,Komatsu,2013,underground,zambia,43129,2021-05-07,condition_based,electrical,alternator,routine,2.9,1491.22,211.0,predictive,False,20,False,False,True
EQP-A2EAE460,UNIT-2770,loader,Caterpillar,2022,underground,south_africa,8536,2023-01-30,inspection,preventive,adjustment,routine,2.2,3980.65,218.0,preventive,True,117,False,False,False
EQP-FAB2AA51,UNIT-4041,pump,Metso,2022,processing_plant,south_africa,7455,2022-07-25,inspection,preventive,filter_replace,routine,1.8,1690.71,114.0,preventive,True,2,False,False,False
EQP-3AAF38C7,UNIT-4394,drill_rig,Epiroc,2011,processing_plant,south_africa,53740,2021-08-30,breakdown,rotation,general_component,critical,56.0,162975.3,2741.0,corrective,False,173,False,False,False
EQP-80602F55,UNIT-4263,loader,Caterpillar,2009,processing_plant,zimbabwe,60429,2024-10-24,breakdown,electrical,starter,minor,14.7,22933.77,1440.0,corrective,False,105,False,False,False
EQP-936CB181,UNIT-4546,grader,Komatsu,2016,processing_plant,south_africa,31299,2021-09-13,scheduled_maintenance,preventive,filter_replace,minor,7.2,10033.14,138.0,preventive,True,44,False,False,False
EQP-56ED1C95,UNIT-7919,haul_truck,Komatsu,2020,open_pit,south_africa,16342,2023-05-06,condition_based,tires,front_left,routine,3.9,5224.33,397.0,predictive,False,100,False,False,False
EQP-9378C5F6,UNIT-2179,haul_truck,Hitachi,2021,underground,south_africa,11075,2022-01-03,breakdown,transmission,torque_converter,minor,9.6,21611.76,990.0,corrective,False,30,False,False,False
EQP-C28F5ECD,UNIT-3990,drill_rig,Epiroc,2010,underground,south_africa,56257,2022-03-03,breakdown,hydraulics,filter,major,12.8,31405.88,385.0,corrective,False,132,False,True,True
EQP-A7D770C0,UNIT-2465,loader,Komatsu,2014,open_pit,drc,39774,2023-10-31,breakdown,electrical,wiring,major,28.8,24102.18,2125.0,corrective,False,78,False,False,False
EQP-CC7429CD,UNIT-3769,excavator,Hitachi,2020,underground,drc,15173,2021-09-29,scheduled_maintenance,preventive,inspection,routine,5.9,8711.2,737.0,preventive,True,119,False,False,False
EQP-5216B12E,UNIT-7160,crusher,Sandvik,2008,open_pit,zambia,63160,2021-12-20,condition_based,shaft,general_component,minor,24.8,18019.13,6053.0,predictive,False,75,False,False,False
EQP-1A361CFA,UNIT-1420,haul_truck,Caterpillar,2019,open_pit,drc,22434,2023-11-08,overhaul,transmission,driveshaft,major,21.4,73166.89,2998.0,major_overhaul,True,61,True,False,True
EQP-BE90569D,UNIT-4054,excavator,Hitachi,2012,open_pit,drc,48091,2020-06-04,breakdown,electrical,battery,critical,101.2,353156.17,19731.0,corrective,False,29,False,False,True
EQP-B4FEE6A0,UNIT-1213,conveyor,Metso,2008,underground,zimbabwe,63568,2022-02-17,scheduled_maintenance,preventive,oil_change,routine,1.5,707.57,539.0,preventive,True,48,True,False,False
EQP-AA616A10,UNIT-9593,haul_truck,Komatsu,2011,underground,ghana,51395,2021-05-16,scheduled_maintenance,preventive,oil_change,minor,7.4,10245.64,795.0,preventive,True,117,False,False,False
EQP-0A530387,UNIT-7544,grader,John Deere,2019,underground,south_africa,20471,2022-05-18,scheduled_maintenance,preventive,filter_replace,routine,1.9,3158.78,29.0,preventive,True,113,False,False,True
EQP-3C76C82A,UNIT-3192,haul_truck,Komatsu,2021,open_pit,tanzania,11361,2022-11-03,breakdown,brakes,general_component,major,24.0,54465.0,3441.0,corrective,False,68,False,False,False
EQP-F308D962,UNIT-2783,grader,Caterpillar,2009,underground,zimbabwe,58905,2022-02-11,breakdown,tires,front_right,minor,4.6,11786.94,50.0,corrective,False,5,True,False,False
EQP-17F21184,UNIT-1890,haul_truck,Hitachi,2015,open_pit,drc,35967,2024-11-23,breakdown,brakes,general_component,minor,5.1,14023.96,500.0,corrective,False,179,False,True,False
EQP-3A928509,UNIT-5255,pump,Metso,2011,open_pit,ghana,51960,2024-07-01,condition_based,seal,general_component,routine,1.2,1813.91,72.0,predictive,False,137,False,False,False
EQP-CEF51CD5,UNIT-7780,conveyor,Metso,2018,open_pit,south_africa,23582,2020-09-14,scheduled_maintenance,preventive,oil_change,routine,1.3,1585.94,577.0,preventive,True,60,False,False,False
EQP-9C05FA31,UNIT-6257,haul_truck,Caterpillar,2020,processing_plant,south_africa,15108,2023-03-03,scheduled_maintenance,preventive,oil_change,routine,2.2,4892.81,227.0,preventive,True,29,False,False,False
EQP-9F42532F,UNIT-8928,haul_truck,Hitachi,2023,open_pit,tanzania,3609,2021-08-05,scheduled_maintenance,preventive,adjustment,minor,4.6,29788.12,678.0,preventive,True,13,False,False,False
EQP-50143E74,UNIT-4094,haul_truck,Hitachi,2013,underground,zambia,43530,2023-07-11,scheduled_maintenance,preventive,oil_change,routine,3.8,6129.28,564.0,preventive,True,24,False,False,False
EQP-D33656FD,UNIT-3502,conveyor,FLSmidth,2012,processing_plant,south_africa,47391,2022-05-24,breakdown,roller,general_component,major,9.1,20332.11,4279.0,corrective,False,19,False,False,False
EQP-34673FBD,UNIT-5301,loader,Volvo,2012,open_pit,south_africa,48276,2024-09-12,breakdown,transmission,gearbox,minor,14.7,21599.66,1109.0,corrective,False,67,True,False,False
EQP-06B2D737,UNIT-2818,drill_rig,Caterpillar,2020,processing_plant,ghana,18226,2024-08-27,breakdown,rotation,general_component,minor,8.3,19864.22,401.0,corrective,False,14,False,False,False
EQP-8E496FE5,UNIT-9779,drill_rig,Caterpillar,2015,open_pit,ghana,37331,2020-04-12,breakdown,rotation,general_component,major,13.4,44376.04,461.0,corrective,False,7,False,True,False
EQP-6E7F1967,UNIT-2671,conveyor,ThyssenKrupp,2008,open_pit,drc,65941,2020-07-14,overhaul,roller,general_component,major,8.3,22095.83,2890.0,major_overhaul,True,314,False,False,False
EQP-1414F67E,UNIT-5309,conveyor,ThyssenKrupp,2023,open_pit,ghana,3432,2020-02-11,overhaul,pulley,general_component,major,7.5,12870.11,2762.0,major_overhaul,True,73,False,False,False
EQP-4ABBD32E,UNIT-5697,crusher,FLSmidth,2009,underground,tanzania,61674,2023-11-29,condition_based,motor,general_component,routine,11.9,13480.13,3029.0,predictive,False,62,True,True,False
EQP-1DBD0E52,UNIT-1513,drill_rig,Epiroc,2022,processing_plant,zimbabwe,8227,2021-02-15,scheduled_maintenance,preventive,oil_change,routine,2.3,4524.85,61.0,preventive,True,95,False,False,False
EQP-FE5E23DA,UNIT-5215,crusher,Sandvik,2010,underground,botswana,56986,2023-07-25,condition_based,bearing,general_component,routine,10.9,10164.63,2511.0,predictive,False,52,False,False,True
EQP-7BEE434E,UNIT-5091,pump,Metso,2016,underground,tanzania,32457,2021-08-21,scheduled_maintenance,preventive,inspection,routine,2.0,1441.0,197.0,preventive,True,11,False,False,False
EQP-8ED1BABF,UNIT-3334,excavator,Caterpillar,2012,open_pit,botswana,47656,2021-07-05,scheduled_maintenance,preventive,inspection,routine,3.2,6990.18,342.0,preventive,True,43,False,True,False
EQP-5B4B09D9,UNIT-2151,haul_truck,Hitachi,2018,processing_plant,botswana,24719,2022-12-23,breakdown,tires,rear_left,major,23.1,54522.7,1882.0,corrective,False,47,False,False,False
EQP-D6E3C852,UNIT-1406,haul_truck,Hitachi,2014,open_pit,ghana,40484,2023-10-24,overhaul,brakes,general_component,major,21.5,38252.23,3134.0,major_overhaul,True,11,False,False,False
EQP-044D399A,UNIT-1077,conveyor,FLSmidth,2013,open_pit,south_africa,42231,2022-10-16,condition_based,belt,general_component,minor,3.8,7432.77,1740.0,predictive,False,5,False,False,False
EQP-DE6E2F68,UNIT-5332,excavator,Liebherr,2015,processing_plant,south_africa,35875,2022-10-31,breakdown,hydraulics,cylinder,major,35.1,62764.37,3512.0,corrective,False,1,True,False,True
EQP-DB3D3D14,UNIT-1808,grader,Komatsu,2023,open_pit,zambia,4872,2023-08-18,scheduled_maintenance,preventive,oil_change,routine,3.0,2516.81,44.0,preventive,True,49,False,False,False
EQP-0F778223,UNIT-9633,conveyor,ThyssenKrupp,2011,open_pit,zimbabwe,52277,2020-11-04,condition_based,motor,general_component,routine,1.3,2302.22,426.0,predictive,False,56,False,False,True
EQP-01FB1DBF,UNIT-3202,conveyor,ThyssenKrupp,2011,open_pit,south_africa,52469,2022-12-01,inspection,preventive,filter_replace,routine,1.0,718.35,292.0,preventive,True,30,False,False,False
EQP-3A52129F,UNIT-6872,loader,Volvo,2009,open_pit,tanzania,59248,2021-05-29,scheduled_maintenance,preventive,adjustment,routine,4.2,5786.18,221.0,preventive,True,107,False,True,False
EQP-C12E8437,UNIT-7060,excavator,Komatsu,2019,processing_plant,tanzania,20256,2020-10-05,scheduled_maintenance,preventive,oil_change,routine,5.2,6545.55,650.0,preventive,True,67,True,False,False
EQP-50851C7C,UNIT-5459,loader,Caterpillar,2018,open_pit,zambia,23903,2021-08-14,scheduled_maintenance,preventive,adjustment,minor,7.1,23096.8,587.0,preventive,True,40,False,False,False
EQP-3BA0B4E4,UNIT-8951,haul_truck,Komatsu,2017,processing_plant,drc,27796,2020-12-12,scheduled_maintenance,preventive,adjustment,routine,2.5,2703.89,244.0,preventive,True,2,True,False,False
EQP-C8E9BE45,UNIT-1996,conveyor,ThyssenKrupp,2008,open_pit,south_africa,63320,2021-08-04,breakdown,belt,general_component,minor,2.2,2907.16,719.0,corrective,False,26,False,False,False
EQP-968C4871,UNIT-3106,grader,Komatsu,2020,underground,drc,16914,2020-02-12,breakdown,hydraulics,hose,minor,8.5,11452.13,107.0,corrective,False,35,True,False,False
EQP-71ECCF55,UNIT-3271,loader,Volvo,2020,underground,south_africa,16345,2023-09-05,scheduled_maintenance,preventive,adjustment,routine,3.8,3728.94,208.0,preventive,True,211,True,False,False
EQP-4FE686FE,UNIT-2218,loader,Volvo,2023,underground,zambia,4244,2021-09-19,scheduled_maintenance,preventive,filter_replace,routine,4.5,4727.46,358.0,preventive,True,42,False,False,False
EQP-D3D4A37E,UNIT-3652,excavator,Hitachi,2022,underground,ghana,10050,2023-04-03,condition_based,bucket,general_component,minor,6.3,28043.51,1091.0,predictive,False,3,False,True,False
EQP-E40DF156,UNIT-3813,loader,Volvo,2012,underground,south_africa,48473,2023-09-10,scheduled_maintenance,preventive,inspection,minor,6.2,15257.16,614.0,preventive,True,2,False,False,False
EQP-A5D43512,UNIT-7882,conveyor,ThyssenKrupp,2019,underground,drc,21200,2024-01-15,scheduled_maintenance,preventive,inspection,minor,2.1,9269.09,644.0,preventive,True,166,False,False,False
EQP-92A9DC1A,UNIT-3714,conveyor,Metso,2014,processing_plant,zambia,40272,2020-05-20,scheduled_maintenance,preventive,inspection,minor,5.8,4925.56,1686.0,preventive,True,9,False,False,True
EQP-7F6C0CF9,UNIT-8889,haul_truck,Hitachi,2017,open_pit,ghana,27646,2022-07-08,condition_based,electrical,sensors,routine,2.8,3129.27,359.0,predictive,False,146,False,False,False
EQP-360528F7,UNIT-7953,haul_truck,Komatsu,2013,open_pit,botswana,42940,2022-01-20,scheduled_maintenance,preventive,oil_change,routine,2.2,6323.95,218.0,preventive,True,21,False,False,False
EQP-34DC67D7,UNIT-9113,conveyor,FLSmidth,2018,underground,south_africa,24241,2021-09-22,scheduled_maintenance,preventive,adjustment,routine,0.8,1203.27,302.0,preventive,True,20,True,False,False
EQP-58923D6B,UNIT-1946,haul_truck,Hitachi,2023,open_pit,botswana,1336,2023-12-22,breakdown,engine,oil_pump,major,13.2,55338.42,1691.0,corrective,False,80,True,False,True
EQP-81666E93,UNIT-9860,loader,Caterpillar,2018,open_pit,south_africa,24272,2020-05-01,breakdown,tires,front_left,major,25.8,46105.74,1831.0,corrective,False,73,False,True,False
EQP-C9EBAF9A,UNIT-6525,loader,Caterpillar,2022,processing_plant,south_africa,8315,2021-07-12,overhaul,electrical,sensors,major,22.2,34600.74,1522.0,major_overhaul,True,27,False,False,True
EQP-46DD7A6E,UNIT-9840,grader,Caterpillar,2022,open_pit,botswana,7782,2023-11-30,breakdown,tires,rear_right,major,20.8,24537.93,299.0,corrective,False,173,False,False,False
EQP-15076483,UNIT-4193,haul_truck,Komatsu,2009,open_pit,zimbabwe,59907,2021-12-11,scheduled_maintenance,preventive,oil_change,minor,6.1,8415.75,667.0,preventive,True,98,False,True,False
EQP-540CD2BE,UNIT-9576,grader,Komatsu,2023,underground,zambia,2748,2020-05-14,breakdown,tires,rear_right,major,17.3,22708.87,173.0,corrective,False,13,False,False,True
EQP-0B19F531,UNIT-6296,haul_truck,Hitachi,2021,open_pit,zimbabwe,13385,2020-11-08,scheduled_maintenance,preventive,filter_replace,routine,3.1,3456.55,276.0,preventive,True,84,False,False,False
EQP-AEE2C59D,UNIT-1646,drill_rig,Caterpillar,2014,open_pit,drc,39662,2021-06-26,condition_based,rotation,general_component,minor,4.3,5252.1,173.0,predictive,False,58,False,True,False
EQP-9D19FE92,UNIT-4690,loader,Volvo,2017,open_pit,tanzania,27027,2021-03-22,condition_based,tires,front_right,routine,2.9,5151.19,148.0,predictive,False,6,False,False,False
EQP-68001B67,UNIT-2240,haul_truck,Belaz,2017,open_pit,south_africa,28544,2023-04-18,inspection,preventive,filter_replace,routine,1.9,6812.1,182.0,preventive,True,31,False,False,False
EQP-5904C576,UNIT-9470,haul_truck,Caterpillar,2020,open_pit,tanzania,16110,2020-11-04,breakdown,brakes,general_component,major,20.5,37977.57,2215.0,corrective,False,170,False,False,False
EQP-2A7331F4,UNIT-3739,haul_truck,Komatsu,2020,processing_plant,botswana,15641,2023-10-07,scheduled_maintenance,preventive,inspection,minor,8.7,21122.4,941.0,preventive,True,55,False,False,True
EQP-33A68BEF,UNIT-3001,drill_rig,Sandvik,2009,open_pit,tanzania,59535,2021-07-14,overhaul,electrical,starter,major,13.0,33258.99,341.0,major_overhaul,True,91,True,False,False
EQP-9EC49C86,UNIT-5975,loader,Caterpillar,2008,open_pit,zimbabwe,63994,2020-05-03,scheduled_maintenance,preventive,filter_replace,routine,3.7,1813.52,347.0,preventive,True,8,False,False,False
EQP-5B5F1AA8,UNIT-4826,haul_truck,Caterpillar,2011,underground,zambia,53345,2020-01-21,inspection,preventive,adjustment,routine,2.0,1649.78,164.0,preventive,True,74,False,False,False
EQP-2533D16E,UNIT-1872,haul_truck,Komatsu,2016,open_pit,drc,32469,2022-12-29,scheduled_maintenance,preventive,oil_change,minor,10.5,22429.88,1477.0,preventive,True,175,False,False,False
EQP-0CAF717E,UNIT-8347,conveyor,Metso,2021,open_pit,ghana,11965,2023-08-15,breakdown,gearbox,general_component,minor,5.0,3097.67,2489.0,corrective,False,130,False,False,False
EQP-26FF2180,UNIT-8611,haul_truck,Belaz,2018,open_pit,tanzania,24852,2020-09-03,overhaul,transmission,gearbox,major,14.2,70096.01,1255.0,major_overhaul,True,5,True,False,False
EQP-4303643A,UNIT-7685,crusher,Sandvik,2010,open_pit,zambia,56027,2021-07-10,scheduled_maintenance,preventive,inspection,routine,11.2,12475.89,1799.0,preventive,True,101,True,False,False
EQP-DAFC27AB,UNIT-6550,pump,Metso,2019,open_pit,drc,20401,2023-09-25,scheduled_maintenance,preventive,filter_replace,minor,3.6,6345.75,202.0,preventive,True,71,False,False,False
EQP-95EA034B,UNIT-4622,loader,Komatsu,2015,open_pit,tanzania,36151,2024-04-11,breakdown,electrical,starter,major,22.0,54339.42,2038.0,corrective,False,36,False,False,False
EQP-D62F2AF9,UNIT-5880,grader,Komatsu,2013,processing_plant,south_africa,44589,2023-08-06,scheduled_maintenance,preventive,inspection,minor,8.3,5279.42,164.0,preventive,True,214,False,False,False
EQP-18E72D2A,UNIT-5688,drill_rig,Sandvik,2020,processing_plant,tanzania,15555,2023-01-16,scheduled_maintenance,preventive,oil_change,routine,2.6,3507.61,103.0,preventive,True,45,False,False,False
EQP-D279F95F,UNIT-2487,loader,Komatsu,2012,processing_plant,tanzania,46860,2023-09-08,breakdown,hydraulics,cylinder,major,17.5,31430.16,1704.0,corrective,False,1,True,False,False
EQP-4539637C,UNIT-1736,haul_truck,Komatsu,2017,open_pit,south_africa,28906,2021-06-18,overhaul,transmission,torque_converter,major,15.2,53389.24,2017.0,major_overhaul,True,66,True,False,True
EQP-8F5FEC2D,UNIT-3279,haul_truck,Hitachi,2010,underground,south_africa,57504,2020-04-24,breakdown,tires,rear_left,major,23.2,46134.77,2730.0,corrective,False,75,False,False,False
EQP-7E31F7B5,UNIT-5088,crusher,Sandvik,2014,underground,zimbabwe,38908,2022-10-12,scheduled_maintenance,preventive,adjustment,routine,11.6,4468.68,3331.0,preventive,True,73,False,False,False
EQP-F7BACF19,UNIT-2442,haul_truck,Belaz,2016,open_pit,south_africa,32179,2022-10-03,breakdown,tires,rear_right,major,21.7,63054.07,2390.0,corrective,False,43,False,False,False
EQP-28A8E61A,UNIT-1959,grader,John Deere,2017,processing_plant,botswana,27551,2023-12-16,condition_based,tires,front_left,routine,2.0,1765.99,28.0,predictive,False,202,True,True,False
EQP-67153A50,UNIT-8666,crusher,Metso,2022,underground,south_africa,8883,2021-03-09,scheduled_maintenance,preventive,filter_replace,routine,9.1,4474.85,2348.0,preventive,True,172,True,False,False
EQP-13394D6C,UNIT-4374,pump,Metso,2012,open_pit,south_africa,48246,2024-05-19,scheduled_maintenance,preventive,oil_change,routine,1.3,1807.06,114.0,preventive,True,19,False,False,False
EQP-8DD92471,UNIT-6257,excavator,Liebherr,2022,processing_plant,south_africa,11327,2022-06-11,condition_based,hydraulics,filter,routine,2.7,3077.08,366.0,predictive,False,45,False,False,False
EQP-2BE21FC7,UNIT-5715,drill_rig,Epiroc,2021,open_pit,tanzania,11698,2022-03-06,condition_based,electrical,starter,minor,3.5,8081.25,129.0,predictive,False,79,True,False,True
EQP-6576A258,UNIT-7615,loader,Komatsu,2013,open_pit,zambia,45537,2024-11-15,overhaul,hydraulics,hose,major,27.9,24853.71,1696.0,major_overhaul,True,59,False,False,True
EQP-4D94F933,UNIT-7657,haul_truck,Caterpillar,2010,open_pit,tanzania,57634,2022-09-05,inspection,preventive,oil_change,routine,1.8,4611.44,151.0,preventive,True,65,False,False,False
EQP-1411D2CD,UNIT-3663,conveyor,Metso,2012,open_pit,botswana,48533,2020-06-11,scheduled_maintenance,preventive,oil_change,routine,1.1,2150.62,372.0,preventive,True,90,False,False,False
EQP-450140BD,UNIT-8630,crusher,Metso,2018,processing_plant,zambia,24037,2021-04-01,condition_based,bearing,general_component,routine,5.9,13214.71,1321.0,predictive,False,66,False,True,True
EQP-EE85EEAE,UNIT-4340,pump,Weir,2020,underground,south_africa,16094,2022-12-05,breakdown,seal,general_component,minor,4.3,6462.69,249.0,corrective,False,16,True,False,False
EQP-9F67AF59,UNIT-8516,loader,Komatsu,2017,open_pit,south_africa,28010,2021-02-18,breakdown,transmission,driveshaft,critical,83.2,144842.37,4838.0,corrective,False,22,True,False,False
EQP-3862DBDB,UNIT-4643,haul_truck,Belaz,2019,underground,tanzania,21133,2020-10-23,scheduled_maintenance,preventive,oil_change,routine,2.2,6836.71,185.0,preventive,True,46,False,False,False
EQP-E5A8156A,UNIT-1998,drill_rig,Epiroc,2009,processing_plant,south_africa,59127,2021-06-18,scheduled_maintenance,preventive,filter_replace,routine,2.6,4068.53,122.0,preventive,True,275,False,False,False
EQP-B2BE77E4,UNIT-7839,conveyor,FLSmidth,2016,processing_plant,tanzania,31839,2022-07-07,scheduled_maintenance,preventive,inspection,minor,2.7,9169.3,1144.0,preventive,True,92,False,True,False
EQP-D7FAB71B,UNIT-1271,haul_truck,Belaz,2021,processing_plant,tanzania,11717,2020-06-15,scheduled_maintenance,preventive,inspection,routine,2.5,2936.8,215.0,preventive,True,31,False,False,False
EQP-5A895ED1,UNIT-7950,drill_rig,Caterpillar,2014,processing_plant,zambia,38273,2022-07-26,scheduled_maintenance,preventive,adjustment,minor,4.5,14019.29,187.0,preventive,True,84,False,False,False
EQP-D13A9680,UNIT-1388,excavator,Hitachi,2022,underground,zambia,8858,2023-08-01,overhaul,hydraulics,valve,major,26.2,41294.81,3893.0,major_overhaul,True,160,False,False,True
EQP-E15F2C45,UNIT-2861,haul_truck,Belaz,2009,open_pit,botswana,61062,2022-04-01,breakdown,engine,oil_pump,minor,11.8,19233.45,1385.0,corrective,False,23,True,False,True
EQP-AEF44A38,UNIT-6429,drill_rig,Sandvik,2023,processing_plant,zimbabwe,3365,2023-06-03,scheduled_maintenance,preventive,adjustment,minor,7.4,18153.28,338.0,preventive,True,148,False,False,False
EQP-84281DCE,UNIT-9472,haul_truck,Komatsu,2020,open_pit,zimbabwe,17030,2023-02-25,breakdown,brakes,general_component,major,14.5,63231.05,1605.0,corrective,False,40,False,False,False
EQP-7655A467,UNIT-4675,conveyor,FLSmidth,2018,open_pit,drc,22416,2022-06-12,breakdown,roller,general_component,major,11.8,21642.56,3800.0,corrective,False,3,False,False,True
EQP-9DEF5E41,UNIT-2085,haul_truck,Belaz,2017,open_pit,drc,28023,2024-10-19,overhaul,hydraulics,pump,major,20.2,44269.05,2697.0,major_overhaul,True,48,False,False,True
EQP-8D9D9980,UNIT-3095,crusher,Sandvik,2022,open_pit,ghana,7873,2023-01-06,breakdown,motor,general_component,major,52.4,95833.87,9113.0,corrective,False,72,False,True,True
EQP-05DD6481,UNIT-9064,haul_truck,Belaz,2014,underground,botswana,40087,2023-12-20,breakdown,brakes,general_component,major,23.0,74381.59,3320.0,corrective,False,1,False,False,False
EQP-D8F36803,UNIT-7539,grader,Caterpillar,2010,processing_plant,zambia,56082,2023-02-27,scheduled_maintenance,preventive,filter_replace,routine,3.4,1655.28,66.0,preventive,True,138,False,False,False
EQP-AF42BBC4,UNIT-1903,haul_truck,Caterpillar,2022,open_pit,tanzania,7922,2024-09-21,breakdown,tires,front_right,minor,9.8,9440.39,989.0,corrective,False,79,True,False,False
EQP-C773E0B2,UNIT-4463,conveyor,ThyssenKrupp,2009,underground,south_africa,59612,2022-02-15,scheduled_maintenance,preventive,adjustment,routine,1.0,1278.03,443.0,preventive,True,53,False,False,False
EQP-9CA6E4E3,UNIT-3380,excavator,Liebherr,2018,open_pit,tanzania,23891,2020-12-07,overhaul,undercarriage,general_component,major,20.3,86034.24,3902.0,major_overhaul,True,27,False,False,False
EQP-2F0DA0AB,UNIT-2600,haul_truck,Hitachi,2012,underground,drc,49363,2020-11-22,condition_based,engine,oil_pump,routine,3.7,4641.67,533.0,predictive,False,80,True,False,False
EQP-D07B1CE8,UNIT-8617,drill_rig,Sandvik,2022,open_pit,zimbabwe,7421,2024-11-22,scheduled_maintenance,preventive,inspection,routine,2.4,1174.84,67.0,preventive,True,39,False,False,False
EQP-D915175E,UNIT-6558,loader,Caterpillar,2023,open_pit,south_africa,6255,2023-12-08,condition_based,tires,front_left,routine,4.5,4390.68,263.0,predictive,False,80,True,False,False
EQP-B131CEF0,UNIT-2615,grader,Caterpillar,2015,underground,tanzania,35364,2021-07-03,inspection,preventive,adjustment,routine,3.4,3153.94,51.0,preventive,True,14,False,False,False
EQP-39F33AC2,UNIT-6855,excavator,Komatsu,2016,underground,zambia,32240,2022-03-16,breakdown,engine,injector,critical,111.9,280832.74,17368.0,corrective,False,147,True,False,True
EQP-96ECF9D5,UNIT-4721,haul_truck,Komatsu,2015,open_pit,drc,36571,2020-03-02,condition_based,transmission,gearbox,routine,2.5,2528.03,252.0,predictive,False,81,True,False,False
EQP-B3F15BFB,UNIT-1553,crusher,FLSmidth,2014,open_pit,ghana,39708,2024-09-11,scheduled_maintenance,preventive,inspection,routine,7.3,5292.66,1179.0,preventive,True,17,False,False,True
EQP-032A0D9D,UNIT-5048,conveyor,ThyssenKrupp,2022,open_pit,ghana,9382,2022-02-24,condition_based,gearbox,general_component,routine,1.1,1314.67,393.0,predictive,False,30,False,True,False
EQP-6EC72407,UNIT-2666,haul_truck,Belaz,2012,underground,ghana,48545,2021-11-23,breakdown,brakes,general_component,major,13.3,46119.31,1278.0,corrective,False,42,False,False,False
EQP-7CD76D12,UNIT-3207,loader,Caterpillar,2023,open_pit,south_africa,3795,2021-03-19,condition_based,engine,cooling_system,routine,3.4,1689.03,246.0,predictive,False,72,True,False,True
EQP-18976F0B,UNIT-8910,drill_rig,Sandvik,2018,open_pit,drc,25371,2020-05-28,condition_based,drill_string,general_component,routine,2.1,4437.36,67.0,predictive,False,65,True,False,False
EQP-2041A588,UNIT-7391,crusher,Sandvik,2023,processing_plant,drc,2984,2023-10-03,condition_based,hydraulics,cylinder,routine,5.6,14095.43,1206.0,predictive,False,24,True,False,False
EQP-586C15E3,UNIT-2206,excavator,Hitachi,2017,underground,drc,27434,2021-02-05,breakdown,electrical,alternator,major,28.9,48629.13,4590.0,corrective,False,6,False,False,False
EQP-88B5CCEB,UNIT-8661,drill_rig,Caterpillar,2021,open_pit,zimbabwe,12562,2020-06-05,breakdown,electrical,starter,critical,33.3,134351.59,1133.0,corrective,False,11,False,False,False
EQP-B8FB5159,UNIT-6168,haul_truck,Komatsu,2015,underground,drc,36801,2024-10-27,condition_based,brakes,general_component,minor,7.6,17170.06,690.0,predictive,False,106,False,False,False
EQP-37C4DD11,UNIT-8870,loader,Caterpillar,2015,open_pit,south_africa,36322,2022-09-13,scheduled_maintenance,preventive,inspection,routine,3.5,3163.24,244.0,preventive,True,41,False,False,False
EQP-C986DAB7,UNIT-7722,haul_truck,Komatsu,2012,open_pit,tanzania,47872,2020-05-18,overhaul,transmission,clutch,major,15.7,56114.81,1484.0,major_overhaul,True,8,False,False,False
EQP-E03A4F29,UNIT-4053,loader,Volvo,2011,underground,drc,51748,2021-06-04,scheduled_maintenance,preventive,inspection,routine,4.1,3383.59,218.0,preventive,True,98,True,False,False
EQP-1B8A5E99,UNIT-5813,loader,Volvo,2008,open_pit,zambia,65131,2022-09-23,breakdown,tires,front_left,minor,10.1,14127.06,825.0,corrective,False,11,False,False,False
EQP-7B455699,UNIT-5777,loader,Volvo,2014,open_pit,botswana,40240,2021-01-07,condition_based,tires,front_right,minor,9.4,8585.37,768.0,predictive,False,124,False,False,False
EQP-DA565002,UNIT-7478,haul_truck,Hitachi,2023,processing_plant,zimbabwe,3127,2024-11-17,condition_based,tires,front_right,minor,7.3,23489.34,722.0,predictive,False,40,False,False,False
EQP-8FC3D034,UNIT-3235,excavator,Caterpillar,2023,underground,drc,3070,2024-04-25,scheduled_maintenance,preventive,inspection,routine,2.5,6639.43,490.0,preventive,True,136,False,False,False
EQP-724647EE,UNIT-3997,drill_rig,Caterpillar,2019,processing_plant,drc,21513,2024-05-13,condition_based,rotation,general_component,minor,7.6,5840.05,340.0,predictive,False,71,False,False,False
EQP-5E87031E,UNIT-3202,conveyor,Metso,2013,processing_plant,tanzania,43281,2022-07-16,scheduled_maintenance,preventive,filter_replace,routine,2.0,1250.87,951.0,preventive,True,128,False,False,False
EQP-C0B039D8,UNIT-3664,grader,Caterpillar,2016,open_pit,tanzania,32272,2024-11-13,breakdown,hydraulics,pump,critical,31.3,66133.65,460.0,corrective,False,148,True,False,True
EQP-F97B7DDA,UNIT-2451,excavator,Liebherr,2020,underground,south_africa,17350,2021-08-08,breakdown,engine,oil_pump,major,23.2,63397.85,3535.0,corrective,False,36,False,False,False
EQP-27F5E513,UNIT-1328,grader,John Deere,2008,open_pit,zambia,64542,2022-09-26,breakdown,transmission,driveshaft,major,22.2,18852.61,375.0,corrective,False,16,True,False,False
EQP-B373E6AE,UNIT-9459,haul_truck,Caterpillar,2022,underground,tanzania,7242,2023-09-05,condition_based,hydraulics,cylinder,routine,3.3,5163.27,393.0,predictive,False,126,True,False,True
EQP-68AE9787,UNIT-1668,excavator,Hitachi,2021,open_pit,tanzania,10984,2022-06-28,breakdown,hydraulics,valve,major,23.6,74891.43,3937.0,corrective,False,29,False,False,False
EQP-E82A24F6,UNIT-8991,haul_truck,Caterpillar,2023,open_pit,south_africa,5869,2024-03-15,inspection,preventive,oil_change,minor,9.2,20837.44,988.0,preventive,True,25,False,False,False
EQP-7031C2CB,UNIT-1027,loader,Caterpillar,2009,open_pit,drc,58958,2020-07-05,breakdown,engine,injector,major,28.8,37179.82,1631.0,corrective,False,26,True,False,True
EQP-C965EF69,UNIT-7995,haul_truck,Belaz,2023,underground,drc,3446,2022-03-06,condition_based,hydraulics,cylinder,minor,5.8,23745.95,788.0,predictive,False,25,True,False,False
EQP-684560AE,UNIT-3955,excavator,Komatsu,2017,open_pit,ghana,28372,2024-02-02,scheduled_maintenance,preventive,inspection,routine,4.8,8741.17,666.0,preventive,True,4,False,False,False
EQP-69EE5A01,UNIT-5658,loader,Volvo,2016,underground,zimbabwe,31781,2020-11-23,breakdown,tires,rear_left,minor,13.1,13494.22,1053.0,corrective,False,56,False,False,False
EQP-54AADF41,UNIT-3539,conveyor,FLSmidth,2010,processing_plant,drc,56573,2021-11-24,scheduled_maintenance,preventive,inspection,minor,2.4,5747.89,821.0,preventive,True,38,False,False,False
EQP-09E7447D,UNIT-5414,haul_truck,Hitachi,2015,underground,ghana,34532,2024-11-24,overhaul,engine,injector,major,23.2,70430.08,2579.0,major_overhaul,True,33,False,False,False
EQP-1B9A7DFC,UNIT-5063,haul_truck,Hitachi,2013,open_pit,ghana,43789,2023-01-09,overhaul,tires,front_left,major,23.5,57232.54,2889.0,major_overhaul,True,149,False,False,False
EQP-0E0A9048,UNIT-5767,drill_rig,Epiroc,2023,open_pit,tanzania,4677,2021-10-08,breakdown,electrical,alternator,major,15.6,35290.43,616.0,corrective,False,203,False,False,False
EQP-46A010FC,UNIT-4539,excavator,Caterpillar,2013,processing_plant,tanzania,44681,2021-10-15,scheduled_maintenance,preventive,filter_replace,minor,12.2,32114.35,1392.0,preventive,True,157,False,False,False
EQP-C03E96A6,UNIT-5828,haul_truck,Belaz,2011,underground,tanzania,51427,2021-01-04,breakdown,engine,head_gasket,major,19.2,43956.45,1779.0,corrective,False,41,True,False,True
EQP-9C24B54A,UNIT-8428,conveyor,FLSmidth,2023,open_pit,botswana,2978,2023-08-15,scheduled_maintenance,preventive,inspection,routine,1.6,565.52,470.0,preventive,True,4,False,False,False
EQP-F8071FC9,UNIT-4910,haul_truck,Hitachi,2011,processing_plant,botswana,52213,2020-07-04,scheduled_maintenance,preventive,oil_change,minor,5.2,23293.24,615.0,preventive,True,57,False,False,False
EQP-B63B8691,UNIT-4252,conveyor,FLSmidth,2022,open_pit,drc,6687,2021-01-09,overhaul,pulley,general_component,major,7.8,19690.98,2719.0,major_overhaul,True,67,False,False,False
EQP-C2F6DB3E,UNIT-2185,excavator,Hitachi,2023,open_pit,south_africa,5284,2020-08-10,scheduled_maintenance,preventive,adjustment,routine,2.8,5428.33,349.0,preventive,True,8,False,False,False
EQP-AC72048F,UNIT-4237,haul_truck,Komatsu,2012,open_pit,tanzania,48157,2023-09-18,breakdown,tires,rear_left,minor,7.0,8531.55,548.0,corrective,False,16,False,False,False
EQP-DB422957,UNIT-2130,haul_truck,Belaz,2019,open_pit,zambia,19303,2024-08-24,overhaul,tires,front_right,major,20.9,72303.11,2771.0,major_overhaul,True,103,True,False,False
EQP-2F17F5D4,UNIT-2642,haul_truck,Caterpillar,2020,open_pit,ghana,14945,2020-06-05,condition_based,tires,rear_left,routine,3.7,5884.61,292.0,predictive,False,19,False,True,False
EQP-98730EBA,UNIT-9569,haul_truck,Hitachi,2016,underground,botswana,31366,2024-08-30,breakdown,tires,front_right,major,16.5,47349.56,1709.0,corrective,False,27,False,False,False
EQP-A420E64F,UNIT-1804,excavator,Hitachi,2019,open_pit,ghana,18438,2024-07-07,condition_based,undercarriage,general_component,minor,13.4,16031.61,1951.0,predictive,False,8,False,False,False
EQP-6F02C4FC,UNIT-5337,grader,John Deere,2010,underground,botswana,56494,2022-07-03,scheduled_maintenance,preventive,oil_change,routine,3.0,2577.1,44.0,preventive,True,14,False,False,False
EQP-AE6BBC2A,UNIT-8507,loader,Caterpillar,2016,processing_plant,zambia,31197,2020-03-07,scheduled_maintenance,preventive,inspection,routine,3.4,1302.05,194.0,preventive,True,170,False,False,False
EQP-B8E06066,UNIT-9577,excavator,Komatsu,2016,processing_plant,south_africa,32399,2023-05-30,breakdown,undercarriage,general_component,major,30.5,67432.27,5214.0,corrective,False,37,False,False,False
EQP-E8D551C1,UNIT-2320,conveyor,Metso,2017,open_pit,tanzania,28537,2022-08-02,breakdown,gearbox,general_component,critical,16.2,99129.45,4970.0,corrective,False,45,True,True,True
EQP-716359F1,UNIT-2472,conveyor,FLSmidth,2023,underground,zimbabwe,4965,2024-02-07,breakdown,belt,general_component,major,6.4,21087.98,2607.0,corrective,False,173,False,False,False
EQP-628C8999,UNIT-4352,loader,Volvo,2021,open_pit,zambia,12251,2021-06-14,inspection,preventive,oil_change,minor,8.5,23728.75,586.0,preventive,True,20,True,False,False
EQP-D3886B28,UNIT-5989,haul_truck,Hitachi,2017,underground,zambia,29125,2022-09-30,breakdown,engine,turbo,major,23.6,47820.64,2692.0,corrective,False,51,False,True,True
EQP-49519776,UNIT-9637,excavator,Liebherr,2014,open_pit,south_africa,41386,2024-05-24,scheduled_maintenance,preventive,filter_replace,routine,5.8,2697.01,842.0,preventive,True,57,False,False,False
EQP-C2F81988,UNIT-2869,excavator,Komatsu,2014,underground,south_africa,40258,2023-04-15,overhaul,electrical,battery,major,29.4,97906.62,5748.0,major_overhaul,True,128,False,False,False
EQP-3ED550BF,UNIT-2479,haul_truck,Komatsu,2008,open_pit,south_africa,64318,2023-03-09,overhaul,transmission,torque_converter,major,18.9,68936.15,1909.0,major_overhaul,True,58,False,False,False
EQP-6FFBE30C,UNIT-3278,excavator,Komatsu,2016,underground,south_africa,31442,2024-10-06,condition_based,engine,oil_pump,routine,4.7,6500.3,542.0,predictive,False,54,True,False,True
EQP-69800B6A,UNIT-8868,grader,Caterpillar,2012,open_pit,ghana,47012,2022-05-31,condition_based,blade,general_component,routine,2.6,1535.5,35.0,predictive,False,156,True,False,False
EQP-FE5A028C,UNIT-1270,grader,Komatsu,2022,open_pit,drc,9282,2020-11-06,overhaul,transmission,driveshaft,major,15.5,33729.94,232.0,major_overhaul,True,8,True,False,False
EQP-A9AA41B7,UNIT-4420,haul_truck,Belaz,2020,underground,south_africa,16605,2024-10-23,condition_based,electrical,battery,routine,1.6,1615.39,128.0,predictive,False,74,False,False,False
EQP-F0359423,UNIT-2070,drill_rig,Epiroc,2022,open_pit,zambia,8686,2020-09-06,scheduled_maintenance,preventive,inspection,routine,1.2,4657.72,58.0,preventive,True,7,True,False,False
EQP-71DB10E5,UNIT-2413,excavator,Liebherr,2023,underground,ghana,3409,2022-09-19,breakdown,bucket,general_component,major,35.5,81830.91,4255.0,corrective,False,43,False,False,False
EQP-2E2631E0,UNIT-9250,drill_rig,Sandvik,2014,underground,ghana,41623,2023-09-17,breakdown,compressor,general_component,major,15.7,25273.75,758.0,corrective,False,11,False,False,False
EQP-A9BCBB2A,UNIT-1014,conveyor,Metso,2014,underground,botswana,39771,2023-11-17,scheduled_maintenance,preventive,filter_replace,routine,1.6,829.07,562.0,preventive,True,5,False,False,False
EQP-214A46A3,UNIT-3893,haul_truck,Komatsu,2017,underground,botswana,27198,2023-06-19,breakdown,hydraulics,valve,major,22.1,32608.97,2578.0,corrective,False,7,True,False,False
EQP-F3AFE094,UNIT-9237,loader,Komatsu,2014,underground,tanzania,39426,2022-02-04,scheduled_maintenance,preventive,oil_change,routine,3.8,4898.35,320.0,preventive,True,67,True,False,False
EQP-85C6CA43,UNIT-6472,pump,Weir,2012,processing_plant,south_africa,49571,2020-11-30,breakdown,bearing,general_component,critical,30.7,27671.19,1635.0,corrective,False,43,False,False,False
EQP-E0C79421,UNIT-1645,crusher,Sandvik,2019,open_pit,zimbabwe,18888,2020-03-09,scheduled_maintenance,preventive,inspection,routine,10.5,9240.84,2227.0,preventive,True,43,False,False,False
EQP-0CF6E881,UNIT-5184,crusher,FLSmidth,2015,underground,south_africa,35248,2021-06-28,scheduled_maintenance,preventive,inspection,routine,5.7,7298.25,1096.0,preventive,True,54,False,False,True
EQP-B89A7ACF,UNIT-9737,conveyor,FLSmidth,2023,underground,zambia,6898,2024-10-15,breakdown,motor,general_component,major,7.1,18236.15,2074.0,corrective,False,4,False,True,False
EQP-790417CF,UNIT-4603,excavator,Komatsu,2011,open_pit,tanzania,52941,2023-05-18,scheduled_maintenance,preventive,adjustment,routine,4.4,7558.47,734.0,preventive,True,295,False,False,False
EQP-C90FC167,UNIT-5757,haul_truck,Caterpillar,2015,open_pit,ghana,35266,2022-01-02,breakdown,engine,injector,critical,29.4,122241.3,2570.0,corrective,False,1,False,False,False
EQP-57E8E0D4,UNIT-5786,conveyor,Metso,2016,open_pit,botswana,30918,2022-06-08,scheduled_maintenance,preventive,adjustment,routine,1.6,900.99,633.0,preventive,True,70,False,False,False
EQP-C5DA368E,UNIT-6943,haul_truck,Belaz,2022,underground,zimbabwe,6327,2021-08-24,breakdown,engine,turbo,major,22.0,45192.0,2294.0,corrective,False,1,True,False,False
EQP-76967F93,UNIT-2684,loader,Volvo,2017,open_pit,ghana,28097,2024-05-27,condition_based,electrical,starter,routine,4.5,5688.91,445.0,predictive,False,9,False,False,False
EQP-6665DE3F,UNIT-8556,drill_rig,Sandvik,2009,underground,south_africa,60728,2022-03-27,inspection,preventive,filter_replace,routine,1.8,2776.12,86.0,preventive,True,93,False,False,False
EQP-6646F705,UNIT-9896,drill_rig,Sandvik,2013,underground,tanzania,45518,2024-02-15,breakdown,electrical,battery,major,10.8,27708.73,272.0,corrective,False,3,False,False,False
EQP-813A2C4E,UNIT-2282,excavator,Liebherr,2022,underground,drc,6106,2020-04-01,inspection,preventive,filter_replace,routine,5.9,6156.41,1068.0,preventive,True,39,False,False,False
EQP-B571F789,UNIT-8363,pump,Weir,2012,open_pit,south_africa,46674,2022-05-26,inspection,preventive,oil_change,minor,5.6,3082.23,327.0,preventive,True,93,False,False,False
EQP-3A8B34A0,UNIT-8351,haul_truck,Hitachi,2013,underground,south_africa,43880,2022-12-21,overhaul,transmission,gearbox,major,15.8,64433.62,1743.0,major_overhaul,True,47,True,False,True
EQP-77C86ED9,UNIT-7673,haul_truck,Belaz,2010,underground,botswana,58787,2023-04-15,inspection,preventive,inspection,minor,11.2,14683.62,1522.0,preventive,True,6,True,False,False
EQP-7F64F338,UNIT-4337,haul_truck,Belaz,2019,open_pit,south_africa,20885,2020-02-12,scheduled_maintenance,preventive,filter_replace,minor,11.0,29609.36,1062.0,preventive,True,53,False,False,False
EQP-81E4E826,UNIT-5218,crusher,Sandvik,2010,open_pit,botswana,56372,2023-03-04,breakdown,motor,general_component,minor,20.1,43345.18,5228.0,corrective,False,163,False,True,True
EQP-C9114725,UNIT-8552,pump,Metso,2013,open_pit,zimbabwe,42775,2024-02-19,breakdown,casing,general_component,minor,3.5,5669.39,217.0,corrective,False,1,False,False,False
EQP-52E7ECC7,UNIT-2375,haul_truck,Belaz,2019,processing_plant,ghana,17880,2020-06-14,breakdown,electrical,alternator,minor,11.5,14036.74,1615.0,corrective,False,8,False,False,True
EQP-537F2211,UNIT-8457,grader,Komatsu,2022,open_pit,ghana,8038,2021-08-18,scheduled_maintenance,preventive,oil_change,routine,3.4,1370.9,49.0,preventive,True,46,False,False,False
EQP-727DB47D,UNIT-9285,excavator,Liebherr,2011,open_pit,tanzania,51900,2022-02-05,overhaul,undercarriage,general_component,major,29.1,44665.79,3490.0,major_overhaul,True,51,False,False,False
EQP-E6E92DB1,UNIT-7136,crusher,Sandvik,2013,open_pit,drc,43732,2021-04-02,breakdown,motor,general_component,major,70.3,137010.45,11108.0,corrective,False,41,False,True,True
EQP-2D6D9AAD,UNIT-4072,haul_truck,Belaz,2009,open_pit,south_africa,59619,2022-03-02,scheduled_maintenance,preventive,oil_change,routine,3.7,7377.73,446.0,preventive,True,3,True,False,False
EQP-D52D5CE8,UNIT-6031,drill_rig,Caterpillar,2015,open_pit,south_africa,35251,2024-05-26,overhaul,hydraulics,hose,major,9.7,26457.73,408.0,major_overhaul,True,10,True,False,True
EQP-52BC522B,UNIT-1450,crusher,Metso,2023,underground,tanzania,3022,2024-06-03,breakdown,bearing,general_component,major,54.0,149408.45,13612.0,corrective,False,29,False,False,False
EQP-C66EC0B8,UNIT-9385,conveyor,Metso,2012,open_pit,zimbabwe,49389,2022-12-18,breakdown,belt,general_component,critical,37.1,71193.56,13889.0,corrective,False,39,True,False,False
EQP-5B3357C9,UNIT-4081,haul_truck,Belaz,2012,processing_plant,drc,47113,2024-05-12,breakdown,brakes,general_component,major,13.3,65401.79,1399.0,corrective,False,196,False,False,False
EQP-28D54251,UNIT-1513,loader,Caterpillar,2014,open_pit,south_africa,39723,2024-01-07,breakdown,engine,turbo,minor,5.7,23790.32,461.0,corrective,False,73,True,False,True
EQP-114D31B6,UNIT-8149,pump,KSB,2022,open_pit,drc,7960,2020-04-13,scheduled_maintenance,preventive,filter_replace,routine,1.8,1960.43,93.0,preventive,True,62,False,False,True
EQP-16DF1438,UNIT-6917,drill_rig,Epiroc,2016,underground,tanzania,32706,2021-11-27,scheduled_maintenance,preventive,filter_replace,routine,2.6,3272.14,81.0,preventive,True,15,False,False,True
EQP-8D7E2090,UNIT-6603,conveyor,Metso,2017,underground,south_africa,27148,2024-03-01,scheduled_maintenance,preventive,inspection,routine,1.0,1554.14,314.0,preventive,True,46,False,False,False
EQP-CC350A17,UNIT-1486,loader,Komatsu,2020,processing_plant,botswana,16978,2022-03-07,breakdown,engine,cooling_system,critical,42.7,181635.81,3797.0,corrective,False,44,False,False,False
EQP-B78B8FA4,UNIT-7756,haul_truck,Belaz,2019,open_pit,tanzania,19420,2023-01-06,condition_based,hydraulics,hose,minor,10.7,12444.97,1157.0,predictive,False,60,False,False,False
EQP-8F5EA830,UNIT-6735,grader,Komatsu,2017,underground,ghana,27838,2022-01-11,breakdown,electrical,wiring,major,14.5,25331.34,152.0,corrective,False,19,True,False,False
EQP-9DA38F4E,UNIT-8141,excavator,Komatsu,2016,underground,tanzania,33643,2020-01-30,scheduled_maintenance,preventive,inspection,routine,2.9,8620.67,550.0,preventive,True,73,False,True,False
EQP-11133815,UNIT-8445,loader,Caterpillar,2016,open_pit,zimbabwe,31030,2022-10-13,breakdown,hydraulics,cylinder,major,28.6,27952.63,1981.0,corrective,False,49,True,True,True
EQP-F36588A1,UNIT-2907,haul_truck,Belaz,2010,processing_plant,zambia,56720,2021-11-17,condition_based,engine,cooling_system,minor,10.4,17828.68,840.0,predictive,False,58,True,False,False
EQP-9373C2E3,UNIT-2895,excavator,Liebherr,2014,open_pit,south_africa,41004,2023-10-25,scheduled_maintenance,preventive,inspection,minor,10.8,19470.75,1532.0,preventive,True,36,False,False,False
EQP-86608E86,UNIT-9313,conveyor,FLSmidth,2021,open_pit,botswana,12309,2024-05-17,breakdown,motor,general_component,minor,4.5,6868.75,2193.0,corrective,False,7,False,False,True
EQP-6017C029,UNIT-5778,conveyor,FLSmidth,2008,underground,drc,63882,2020-07-07,scheduled_maintenance,preventive,adjustment,routine,1.3,878.79,585.0,preventive,True,60,False,False,False
EQP-7B96CDAC,UNIT-4941,loader,Komatsu,2021,underground,tanzania,14125,2021-10-06,scheduled_maintenance,preventive,filter_replace,routine,2.8,5654.68,223.0,preventive,True,9,False,False,False
EQP-47F13AF2,UNIT-3584,pump,Weir,2017,processing_plant,ghana,27986,2021-12-07,inspection,preventive,oil_change,minor,5.9,6750.13,519.0,preventive,True,33,False,False,False
EQP-733827B6,UNIT-6750,haul_truck,Caterpillar,2013,processing_plant,ghana,44204,2023-05-02,overhaul,engine,oil_pump,major,18.5,33656.94,2104.0,major_overhaul,True,16,False,False,True
EQP-D1A3EB59,UNIT-7784,excavator,Caterpillar,2009,open_pit,botswana,59663,2021-12-14,breakdown,engine,turbo,minor,13.7,19775.8,2471.0,corrective,False,52,False,False,False
EQP-3C2C0552,UNIT-1020,excavator,Liebherr,2020,underground,drc,16151,2022-10-15,scheduled_maintenance,preventive,oil_change,routine,3.9,2345.54,718.0,preventive,True,61,False,False,False
EQP-4A3F88C3,UNIT-5973,drill_rig,Sandvik,2008,processing_plant,south_africa,64964,2024-06-22,breakdown,compressor,general_component,critical,39.0,68478.94,1304.0,corrective,False,66,False,False,False
EQP-7AE67E0A,UNIT-9939,drill_rig,Epiroc,2016,open_pit,tanzania,31724,2022-11-27,condition_based,electrical,sensors,routine,1.7,2694.57,61.0,predictive,False,47,False,False,False
EQP-7AFD6F02,UNIT-3525,loader,Komatsu,2010,open_pit,south_africa,53891,2020-06-26,breakdown,engine,head_gasket,minor,9.3,11930.23,570.0,corrective,False,16,True,False,False
EQP-92D14A64,UNIT-3527,loader,Caterpillar,2022,processing_plant,tanzania,8513,2022-05-15,scheduled_maintenance,preventive,adjustment,routine,3.9,3698.97,329.0,preventive,True,14,False,False,False
EQP-0787BA94,UNIT-8902,haul_truck,Belaz,2010,open_pit,botswana,54921,2024-05-14,inspection,preventive,oil_change,routine,3.5,3245.37,298.0,preventive,True,22,False,False,False
EQP-1BA2913B,UNIT-1558,drill_rig,Sandvik,2020,processing_plant,south_africa,16741,2022-05-18,scheduled_maintenance,preventive,oil_change,routine,2.6,2328.72,96.0,preventive,True,36,False,False,True
EQP-A05FD2EA,UNIT-4577,conveyor,ThyssenKrupp,2017,open_pit,zambia,27998,2024-11-04,inspection,preventive,filter_replace,routine,0.8,2416.35,393.0,preventive,True,42,False,False,False
EQP-043DA515,UNIT-5123,drill_rig,Caterpillar,2008,processing_plant,botswana,64943,2024-06-12,breakdown,compressor,general_component,major,13.8,46247.17,506.0,corrective,False,41,False,False,False
EQP-99FB93F3,UNIT-8180,haul_truck,Belaz,2019,underground,botswana,19051,2021-04-20,inspection,preventive,adjustment,routine,2.5,1580.26,200.0,preventive,True,11,False,False,False
EQP-3927D72D,UNIT-2161,excavator,Caterpillar,2022,underground,drc,7464,2022-01-14,condition_based,bucket,general_component,minor,13.3,28068.28,1354.0,predictive,False,36,False,False,False
EQP-4AC8280C,UNIT-4906,drill_rig,Caterpillar,2011,underground,zimbabwe,51659,2020-11-29,scheduled_maintenance,preventive,inspection,routine,2.8,1568.64,137.0,preventive,True,4,True,False,False
EQP-F6FA8C0A,UNIT-2370,haul_truck,Hitachi,2023,open_pit,zambia,2517,2020-12-10,breakdown,hydraulics,filter,minor,10.2,25262.28,1306.0,corrective,False,130,True,False,False
EQP-BBDECF29,UNIT-8087,loader,Komatsu,2020,underground,south_africa,17111,2021-10-23,scheduled_maintenance,preventive,adjustment,minor,8.3,21047.13,709.0,preventive,True,70,False,False,False
EQP-660A5CB9,UNIT-6689,excavator,Hitachi,2019,processing_plant,zambia,18374,2022-01-25,condition_based,bucket,general_component,routine,5.1,7283.02,699.0,predictive,False,30,False,False,False
EQP-02AA0688,UNIT-5470,conveyor,FLSmidth,2013,processing_plant,ghana,45097,2021-09-22,breakdown,motor,general_component,critical,14.8,75487.47,5554.0,corrective,False,93,False,True,False
EQP-DCAB9C67,UNIT-4535,drill_rig,Sandvik,2009,processing_plant,ghana,60424,2023-08-12,overhaul,rotation,general_component,major,10.2,45543.27,397.0,major_overhaul,True,96,True,True,False
EQP-B3F5DFD5,UNIT-2378,grader,Caterpillar,2014,underground,drc,39801,2020-09-30,condition_based,transmission,driveshaft,routine,2.1,1125.88,37.0,predictive,False,120,True,False,True
EQP-519CAB2B,UNIT-9295,haul_truck,Hitachi,2020,underground,tanzania,16345,2022-05-05,overhaul,engine,head_gasket,major,16.8,61845.07,1902.0,major_overhaul,True,57,False,False,True
EQP-DA547274,UNIT-6828,haul_truck,Hitachi,2017,underground,south_africa,28317,2024-05-18,breakdown,brakes,general_component,major,18.1,35397.01,1774.0,corrective,False,39,False,False,False
EQP-0A5F2162,UNIT-3872,excavator,Caterpillar,2018,underground,ghana,23599,2023-08-10,scheduled_maintenance,preventive,oil_change,routine,3.8,2338.46,582.0,preventive,True,81,False,False,False
EQP-5DA26477,UNIT-4725,drill_rig,Sandvik,2020,underground,south_africa,16298,2021-01-02,breakdown,electrical,battery,major,14.7,39158.04,618.0,corrective,False,80,False,True,False
EQP-395C42FC,UNIT-7534,excavator,Liebherr,2013,open_pit,south_africa,44731,2021-03-07,breakdown,engine,head_gasket,minor,7.5,18162.54,793.0,corrective,False,1,True,False,True
EQP-C949F5D6,UNIT-7475,loader,Komatsu,2008,open_pit,botswana,63055,2024-07-24,breakdown,tires,front_right,major,22.8,25651.67,1680.0,corrective,False,82,False,False,False
EQP-0AD83A06,UNIT-5149,haul_truck,Belaz,2022,underground,drc,8346,2022-11-14,breakdown,brakes,general_component,minor,6.2,8920.38,625.0,corrective,False,13,False,True,False
EQP-581DEC73,UNIT-3725,haul_truck,Komatsu,2017,open_pit,south_africa,25373,2024-05-02,condition_based,engine,head_gasket,routine,2.5,7378.15,356.0,predictive,False,73,False,False,False
EQP-8F4B1733,UNIT-6938,drill_rig,Sandvik,2017,open_pit,botswana,26070,2024-04-04,breakdown,drill_string,general_component,major,13.6,26692.85,472.0,corrective,False,32,False,False,False
EQP-F0943CF0,UNIT-6923,loader,Caterpillar,2017,open_pit,south_africa,28564,2022-03-05,breakdown,tires,rear_right,major,17.0,38682.02,1385.0,corrective,False,38,False,False,False
EQP-BB71997B,UNIT-6396,loader,Komatsu,2021,processing_plant,drc,11582,2022-08-10,scheduled_maintenance,preventive,filter_replace,routine,3.2,2479.34,233.0,preventive,True,6,False,False,False
EQP-4DEDC20F,UNIT-1655,crusher,FLSmidth,2020,processing_plant,tanzania,15146,2021-10-24,condition_based,motor,general_component,routine,10.3,14223.96,2801.0,predictive,False,39,False,False,False
EQP-C90CAC42,UNIT-5254,conveyor,FLSmidth,2018,underground,tanzania,23946,2023-02-20,condition_based,pulley,general_component,minor,3.1,3053.66,1496.0,predictive,False,25,False,False,False
EQP-91CC3C7B,UNIT-6524,crusher,Metso,2020,processing_plant,south_africa,15604,2023-03-15,scheduled_maintenance,preventive,adjustment,minor,30.3,39444.32,4925.0,preventive,True,49,False,False,False
EQP-67CD43B0,UNIT-9549,crusher,FLSmidth,2012,processing_plant,zimbabwe,47011,2023-05-06,breakdown,bearing,general_component,minor,17.5,36500.6,2677.0,corrective,False,207,True,True,True
EQP-D91BA5BE,UNIT-5729,haul_truck,Hitachi,2019,open_pit,zambia,18360,2024-03-29,scheduled_maintenance,preventive,oil_change,minor,10.0,23072.45,1278.0,preventive,True,113,False,False,False
EQP-3AF84FBE,UNIT-4084,conveyor,FLSmidth,2023,open_pit,zimbabwe,2031,2023-08-24,scheduled_maintenance,preventive,filter_replace,routine,1.0,2296.63,408.0,preventive,True,39,False,False,True
EQP-4AC360C0,UNIT-6001,loader,Caterpillar,2011,open_pit,ghana,52738,2020-07-02,breakdown,electrical,starter,minor,14.5,6007.16,1127.0,corrective,False,38,False,False,False
EQP-4BFCB1D5,UNIT-2594,excavator,Hitachi,2017,open_pit,tanzania,27577,2021-09-22,breakdown,electrical,battery,major,20.8,40993.58,2976.0,corrective,False,36,False,False,False
EQP-466CEDED,UNIT-1816,crusher,Sandvik,2018,underground,zambia,24969,2022-10-22,overhaul,shaft,general_component,major,72.0,93955.4,18898.0,major_overhaul,True,13,False,False,False
EQP-5C388744,UNIT-7102,drill_rig,Caterpillar,2016,open_pit,zimbabwe,31567,2023-02-02,breakdown,electrical,battery,minor,4.4,11024.28,187.0,corrective,False,2,False,False,False
EQP-6BC5FC01,UNIT-9874,drill_rig,Sandvik,2023,processing_plant,botswana,4354,2024-04-04,breakdown,drill_string,general_component,major,15.4,46714.32,545.0,corrective,False,76,False,False,False
EQP-E6BCDEC4,UNIT-8613,haul_truck,Caterpillar,2014,underground,tanzania,39874,2022-01-19,breakdown,transmission,clutch,minor,6.4,13774.48,636.0,corrective,False,35,True,False,False
EQP-7518DC8B,UNIT-6252,crusher,FLSmidth,2011,open_pit,tanzania,52044,2024-01-19,inspection,preventive,inspection,minor,14.0,53175.07,4120.0,preventive,True,25,False,False,False
EQP-5183CD43,UNIT-1362,grader,John Deere,2010,processing_plant,ghana,56093,2021-12-04,scheduled_maintenance,preventive,adjustment,minor,4.2,5071.23,59.0,preventive,True,14,False,False,False
EQP-092EFC75,UNIT-9890,haul_truck,Caterpillar,2021,processing_plant,south_africa,11554,2020-09-19,overhaul,brakes,general_component,major,13.8,33483.15,1251.0,major_overhaul,True,4,False,False,False
EQP-EE24FC26,UNIT-5046,excavator,Caterpillar,2018,underground,zambia,22770,2022-05-05,inspection,preventive,inspection,minor,10.9,32353.61,2137.0,preventive,True,125,False,False,False
EQP-19DFA82B,UNIT-3606,haul_truck,Komatsu,2017,underground,south_africa,28766,2020-09-25,condition_based,transmission,torque_converter,routine,3.0,6075.86,384.0,predictive,False,4,True,False,False
EQP-73B74E20,UNIT-9031,haul_truck,Hitachi,2014,processing_plant,zimbabwe,41593,2022-01-04,breakdown,brakes,general_component,critical,50.8,96259.44,5937.0,corrective,False,249,False,False,False
EQP-0EB412E2,UNIT-7716,pump,Weir,2014,underground,zimbabwe,41659,2021-03-12,scheduled_maintenance,preventive,filter_replace,routine,1.6,1988.89,141.0,preventive,True,70,False,False,False
EQP-CD2BB4F6,UNIT-7745,drill_rig,Epiroc,2022,processing_plant,zambia,7446,2020-02-16,inspection,preventive,oil_change,minor,3.6,6206.94,110.0,preventive,True,236,False,False,False
EQP-5279765E,UNIT-3499,excavator,Hitachi,2018,open_pit,south_africa,23266,2023-04-09,overhaul,bucket,general_component,major,30.2,93051.0,4705.0,major_overhaul,True,2,False,True,False
EQP-5C789F5A,UNIT-9925,excavator,Liebherr,2023,underground,tanzania,3445,2023-08-28,inspection,preventive,adjustment,routine,5.2,3551.37,662.0,preventive,True,30,False,False,False
EQP-FFFC33F8,UNIT-5075,pump,Metso,2020,underground,zambia,15824,2020-08-25,overhaul,bearing,general_component,major,7.4,8263.79,689.0,major_overhaul,True,74,False,True,True
EQP-EA312077,UNIT-5782,excavator,Komatsu,2020,open_pit,drc,15947,2022-11-17,scheduled_maintenance,preventive,adjustment,minor,15.5,35643.78,1762.0,preventive,True,141,False,False,False
EQP-E5A8D3E4,UNIT-7757,crusher,Sandvik,2016,open_pit,zambia,31002,2022-06-22,scheduled_maintenance,preventive,adjustment,routine,6.6,5212.0,1205.0,preventive,True,65,False,False,False
EQP-87590EF8,UNIT-6939,excavator,Caterpillar,2011,open_pit,south_africa,50520,2020-09-04,scheduled_maintenance,preventive,oil_change,routine,4.0,6235.34,498.0,preventive,True,23,False,False,False
EQP-F51F172B,UNIT-2550,haul_truck,Caterpillar,2018,open_pit,zimbabwe,24049,2022-12-31,scheduled_maintenance,preventive,inspection,routine,3.5,6460.82,377.0,preventive,True,60,False,False,False
EQP-EDB414B9,UNIT-3722,crusher,FLSmidth,2019,open_pit,south_africa,16469,2021-04-15,breakdown,liner,general_component,minor,28.5,21962.32,4844.0,corrective,False,2,True,True,False
EQP-3A1F2952,UNIT-4250,haul_truck,Caterpillar,2016,open_pit,zambia,31899,2024-01-19,scheduled_maintenance,preventive,filter_replace,routine,2.8,5946.34,324.0,preventive,True,15,False,False,False
EQP-4B7C1242,UNIT-9526,crusher,FLSmidth,2008,processing_plant,south_africa,63055,2023-01-04,breakdown,liner,general_component,major,49.3,107838.72,12814.0,corrective,False,57,False,True,False
EQP-B7FC70C5,UNIT-7429,excavator,Caterpillar,2023,underground,south_africa,4780,2020-07-19,breakdown,electrical,alternator,major,28.1,55351.98,2833.0,corrective,False,69,False,False,True
EQP-8D27EDCB,UNIT-4296,loader,Volvo,2021,underground,south_africa,13047,2022-07-21,scheduled_maintenance,preventive,filter_replace,routine,3.6,1399.47,340.0,preventive,True,54,False,False,False
EQP-4E68FE67,UNIT-7611,loader,Volvo,2013,open_pit,south_africa,45071,2020-07-29,condition_based,transmission,clutch,routine,4.9,2462.08,454.0,predictive,False,13,False,True,False
EQP-0F5E0739,UNIT-7645,crusher,FLSmidth,2015,processing_plant,tanzania,35653,2023-07-26,scheduled_maintenance,preventive,inspection,minor,31.8,34114.24,5012.0,preventive,True,119,False,False,True
EQP-6671E0CB,UNIT-4547,haul_truck,Hitachi,2009,open_pit,tanzania,58864,2021-06-19,scheduled_maintenance,preventive,inspection,routine,1.9,3707.56,152.0,preventive,True,85,False,False,False
EQP-40783E74,UNIT-4627,crusher,Metso,2022,open_pit,south_africa,7185,2022-05-30,condition_based,hydraulics,filter,routine,7.8,11602.78,1841.0,predictive,False,36,False,False,False
EQP-8B1E10FC,UNIT-9047,pump,Metso,2011,underground,south_africa,52287,2023-06-06,scheduled_maintenance,preventive,adjustment,routine,1.5,1055.72,99.0,preventive,True,136,False,False,False
EQP-63EC2555,UNIT-6055,haul_truck,Hitachi,2014,processing_plant,tanzania,38354,2024-02-29,scheduled_maintenance,preventive,inspection,routine,3.3,3782.05,369.0,preventive,True,43,False,False,False
EQP-7424AD44,UNIT-2345,excavator,Komatsu,2014,processing_plant,south_africa,41393,2022-07-11,scheduled_maintenance,preventive,adjustment,minor,8.1,34367.47,1270.0,preventive,True,82,False,False,False
EQP-7D85EB84,UNIT-7477,loader,Caterpillar,2012,underground,drc,47669,2020-05-19,breakdown,hydraulics,valve,minor,13.3,14350.7,1089.0,corrective,False,32,True,False,True
EQP-166A9EFC,UNIT-6305,haul_truck,Belaz,2018,underground,south_africa,24500,2021-04-10,scheduled_maintenance,preventive,oil_change,minor,9.0,29673.53,1169.0,preventive,True,44,False,True,True
EQP-DFC630C4,UNIT-5579,crusher,Metso,2023,underground,zambia,2218,2023-01-08,condition_based,hydraulics,filter,routine,5.3,9893.54,1476.0,predictive,False,61,True,False,False
EQP-939FFD7F,UNIT-7525,loader,Volvo,2021,underground,botswana,11074,2020-03-16,breakdown,hydraulics,cylinder,critical,34.1,228697.6,2739.0,corrective,False,15,True,False,True
EQP-A8DA57AA,UNIT-9162,haul_truck,Belaz,2016,open_pit,south_africa,30094,2021-10-30,inspection,preventive,filter_replace,routine,3.2,6793.18,265.0,preventive,True,9,True,False,False
EQP-54402DCE,UNIT-3973,conveyor,Metso,2010,open_pit,botswana,57021,2021-08-05,breakdown,belt,general_component,major,10.5,16210.53,2983.0,corrective,False,67,False,False,False
EQP-508365A8,UNIT-4773,conveyor,ThyssenKrupp,2021,processing_plant,tanzania,11839,2021-07-06,scheduled_maintenance,preventive,filter_replace,routine,1.2,1725.33,484.0,preventive,True,65,False,False,False
EQP-70E4216C,UNIT-2705,excavator,Hitachi,2012,processing_plant,botswana,48571,2024-09-12,inspection,preventive,adjustment,routine,3.0,3126.41,513.0,preventive,True,224,False,False,False
EQP-02BF3956,UNIT-6822,grader,Caterpillar,2022,open_pit,zimbabwe,8063,2024-08-25,condition_based,tires,front_right,minor,5.8,10324.24,102.0,predictive,False,66,True,False,False
EQP-B255A38D,UNIT-4624,haul_truck,Belaz,2014,open_pit,tanzania,40468,2024-06-03,scheduled_maintenance,preventive,inspection,routine,2.5,4043.86,285.0,preventive,True,84,False,False,False
EQP-6A9DC7A3,UNIT-4080,excavator,Caterpillar,2016,open_pit,zambia,31662,2024-04-03,scheduled_maintenance,preventive,inspection,routine,4.7,5870.0,752.0,preventive,True,243,True,True,False
EQP-548A6244,UNIT-7268,loader,Caterpillar,2014,open_pit,tanzania,39796,2024-05-27,breakdown,tires,rear_left,minor,6.9,9316.93,681.0,corrective,False,70,False,False,True
EQP-33789278,UNIT-4673,haul_truck,Belaz,2015,open_pit,south_africa,35908,2020-11-26,condition_based,brakes,general_component,routine,3.5,6697.33,354.0,predictive,False,8,False,False,False
EQP-785A23A6,UNIT-5178,loader,Volvo,2010,underground,zimbabwe,56405,2021-12-09,scheduled_maintenance,preventive,inspection,routine,2.7,1583.86,164.0,preventive,True,5,False,False,False
EQP-FFB0434D,UNIT-4960,haul_truck,Caterpillar,2016,open_pit,zambia,32432,2020-04-13,breakdown,brakes,general_component,minor,10.5,25077.01,1551.0,corrective,False,133,False,False,False
EQP-91195583,UNIT-3326,drill_rig,Sandvik,2014,open_pit,south_africa,42811,2023-12-05,breakdown,rotation,general_component,major,17.3,48323.71,830.0,corrective,False,35,False,True,False
EQP-AEC6CB6A,UNIT-2132,haul_truck,Komatsu,2021,open_pit,ghana,13681,2024-04-10,overhaul,hydraulics,pump,major,14.0,34785.16,1057.0,major_overhaul,True,84,False,False,True
EQP-D8FAB3F3,UNIT-8444,crusher,Metso,2015,underground,south_africa,34221,2020-02-22,breakdown,motor,general_component,minor,34.0,34515.81,7150.0,corrective,False,85,False,True,True
EQP-20E990BF,UNIT-1825,loader,Caterpillar,2023,open_pit,drc,3856,2020-10-31,inspection,preventive,adjustment,routine,4.1,4007.76,356.0,preventive,True,171,True,False,False
EQP-75117886,UNIT-3923,loader,Komatsu,2012,open_pit,south_africa,47594,2020-10-30,breakdown,tires,front_right,minor,13.9,23844.02,818.0,corrective,False,64,False,False,False
EQP-B70D3BA3,UNIT-7006,pump,Weir,2013,underground,ghana,45280,2024-07-28,scheduled_maintenance,preventive,oil_change,routine,1.2,1784.61,62.0,preventive,True,157,False,True,False
EQP-185BDBD7,UNIT-2181,crusher,Metso,2008,underground,ghana,63684,2023-11-23,scheduled_maintenance,preventive,oil_change,routine,11.0,7970.75,1710.0,preventive,True,44,True,False,False
EQP-C6B550DB,UNIT-6899,loader,Caterpillar,2019,open_pit,zambia,20464,2021-05-14,scheduled_maintenance,preventive,filter_replace,routine,3.4,5846.0,266.0,preventive,True,4,True,True,False
EQP-DE8CFC56,UNIT-7596,drill_rig,Caterpillar,2009,underground,south_africa,57662,2020-03-23,scheduled_maintenance,preventive,inspection,routine,1.5,2325.06,46.0,preventive,True,2,False,False,False
EQP-7C818F82,UNIT-6965,grader,Komatsu,2012,open_pit,south_africa,46486,2022-01-10,scheduled_maintenance,preventive,inspection,routine,4.0,1887.97,50.0,preventive,True,55,False,False,False
EQP-9BE83872,UNIT-3744,crusher,FLSmidth,2022,underground,ghana,10092,2022-11-17,scheduled_maintenance,preventive,adjustment,minor,34.8,37781.64,5299.0,preventive,True,210,False,False,False
EQP-95B3135F,UNIT-1177,grader,John Deere,2017,open_pit,drc,28050,2020-03-21,condition_based,electrical,battery,minor,5.0,13354.91,86.0,predictive,False,70,False,True,False
EQP-CC1E1A1C,UNIT-8985,haul_truck,Hitachi,2016,processing_plant,south_africa,31001,2022-04-23,scheduled_maintenance,preventive,filter_replace,minor,7.6,11823.78,1051.0,preventive,True,90,False,False,False
EQP-733C71C2,UNIT-3938,drill_rig,Epiroc,2020,processing_plant,botswana,16242,2022-08-25,scheduled_maintenance,preventive,adjustment,routine,3.0,3969.87,130.0,preventive,True,2,True,True,False
EQP-84EEB2BA,UNIT-8244,crusher,FLSmidth,2020,underground,ghana,14946,2024-11-01,scheduled_maintenance,preventive,inspection,routine,8.7,3032.4,1483.0,preventive,True,79,False,False,False
EQP-9300D7DD,UNIT-2780,haul_truck,Hitachi,2022,processing_plant,ghana,7716,2020-12-05,scheduled_maintenance,preventive,adjustment,routine,2.8,3074.88,411.0,preventive,True,43,False,False,False
EQP-441243DB,UNIT-2461,haul_truck,Belaz,2018,open_pit,zambia,22547,2020-11-26,breakdown,hydraulics,pump,critical,34.9,294255.46,5136.0,corrective,False,33,True,False,False
EQP-D288C8D7,UNIT-8002,pump,Metso,2015,underground,tanzania,35211,2022-02-14,breakdown,motor,general_component,critical,23.7,59387.97,1492.0,corrective,False,92,False,False,True
EQP-E4D9E65E,UNIT-9456,drill_rig,Caterpillar,2010,open_pit,drc,55583,2021-07-29,condition_based,hydraulics,valve,minor,6.0,11938.41,297.0,predictive,False,55,False,False,True
EQP-F0936AF2,UNIT-8744,haul_truck,Hitachi,2013,open_pit,south_africa,45120,2024-07-12,overhaul,hydraulics,hose,major,20.6,62929.33,2231.0,major_overhaul,True,5,False,False,False
EQP-88F932D2,UNIT-7760,excavator,Hitachi,2019,underground,zambia,20464,2023-11-17,breakdown,bucket,general_component,minor,11.4,23057.69,1188.0,corrective,False,14,False,True,False
EQP-DB5C1735,UNIT-3219,excavator,Hitachi,2012,underground,drc,48638,2021-03-30,breakdown,undercarriage,general_component,minor,13.6,13200.66,2143.0,corrective,False,18,False,False,True
EQP-71D9303C,UNIT-9217,conveyor,FLSmidth,2018,underground,drc,23974,2021-08-25,overhaul,roller,general_component,major,6.6,17463.54,2519.0,major_overhaul,True,75,False,False,False
EQP-6F6BDAA8,UNIT-7009,grader,John Deere,2010,processing_plant,botswana,56822,2023-02-16,scheduled_maintenance,preventive,oil_change,routine,3.4,3857.29,63.0,preventive,True,65,False,False,False
EQP-9A49FEE4,UNIT-2549,pump,Metso,2008,underground,botswana,63126,2024-04-17,scheduled_maintenance,preventive,inspection,minor,2.0,3635.61,136.0,preventive,True,49,False,False,False
EQP-3890AC5A,UNIT-2164,crusher,Sandvik,2013,processing_plant,zambia,43267,2020-12-29,condition_based,shaft,general_component,routine,9.4,3634.5,2491.0,predictive,False,78,False,False,False
EQP-B79FAE88,UNIT-8839,crusher,Metso,2011,processing_plant,south_africa,52407,2021-06-16,scheduled_maintenance,preventive,inspection,routine,10.7,11896.16,2868.0,preventive,True,1,False,True,False
EQP-F74AAA43,UNIT-3476,excavator,Liebherr,2021,processing_plant,zambia,11720,2023-01-02,scheduled_maintenance,preventive,oil_change,routine,5.2,5635.24,538.0,preventive,True,17,False,False,False
EQP-4566FAF3,UNIT-7892,loader,Komatsu,2014,open_pit,botswana,39986,2024-03-27,inspection,preventive,adjustment,routine,2.4,2806.58,201.0,preventive,True,19,False,False,False
EQP-F6D083D7,UNIT-2247,haul_truck,Hitachi,2014,underground,botswana,39835,2021-06-04,scheduled_maintenance,preventive,adjustment,routine,3.6,4425.23,399.0,preventive,True,9,False,False,False
EQP-8D66A8A5,UNIT-3524,haul_truck,Caterpillar,2014,underground,south_africa,41253,2022-04-21,condition_based,brakes,general_component,routine,1.8,7080.0,162.0,predictive,False,5,False,False,False
EQP-97200303,UNIT-3551,pump,KSB,2013,processing_plant,south_africa,45305,2023-05-11,breakdown,bearing,general_component,major,6.4,11002.99,453.0,corrective,False,16,True,True,True
EQP-E1532F44,UNIT-3529,grader,Komatsu,2022,open_pit,south_africa,7373,2022-02-04,breakdown,blade,general_component,minor,10.6,6406.24,197.0,corrective,False,3,False,False,False
EQP-8E19EA53,UNIT-7071,excavator,Caterpillar,2019,open_pit,tanzania,18240,2023-10-19,inspection,preventive,filter_replace,routine,3.1,6271.29,524.0,preventive,True,48,False,False,False
EQP-1DD93C24,UNIT-9228,crusher,Sandvik,2010,open_pit,drc,55288,2022-07-16,inspection,preventive,oil_change,routine,8.0,8559.7,1953.0,preventive,True,1,False,False,False
EQP-A5B628E4,UNIT-9192,drill_rig,Caterpillar,2011,open_pit,ghana,51103,2024-05-04,inspection,preventive,oil_change,minor,8.6,7246.96,233.0,preventive,True,8,False,False,True
EQP-7A893FB3,UNIT-7673,excavator,Liebherr,2009,processing_plant,ghana,60831,2022-12-29,breakdown,bucket,general_component,minor,8.5,27419.72,1417.0,corrective,False,66,False,False,False
EQP-DCB22FFE,UNIT-2822,excavator,Hitachi,2012,open_pit,ghana,48920,2024-07-11,inspection,preventive,oil_change,minor,15.4,27234.71,2708.0,preventive,True,62,False,False,False
EQP-79872F9F,UNIT-9644,haul_truck,Komatsu,2018,open_pit,tanzania,22968,2024-03-27,breakdown,engine,injector,minor,8.7,21122.19,1272.0,corrective,False,37,True,False,False
EQP-78A921A0,UNIT-5878,conveyor,Metso,2022,underground,drc,7245,2021-03-10,scheduled_maintenance,preventive,filter_replace,routine,1.3,1327.11,584.0,preventive,True,41,False,False,True
EQP-ADCC6D1B,UNIT-5913,drill_rig,Caterpillar,2015,open_pit,south_africa,34520,2024-06-03,condition_based,drill_string,general_component,minor,5.8,9350.73,157.0,predictive,False,101,False,False,False
EQP-EE9F9FD7,UNIT-7311,drill_rig,Caterpillar,2009,open_pit,zimbabwe,60134,2020-08-20,scheduled_maintenance,preventive,inspection,routine,1.9,2313.31,92.0,preventive,True,4,False,False,False
EQP-9AD0FAC7,UNIT-7921,haul_truck,Belaz,2008,underground,zambia,63955,2021-05-23,scheduled_maintenance,preventive,inspection,routine,3.6,6506.14,484.0,preventive,True,8,False,False,False
EQP-576C44D5,UNIT-9575,grader,Caterpillar,2014,underground,zimbabwe,40789,2020-03-28,condition_based,hydraulics,valve,routine,3.6,2800.31,36.0,predictive,False,72,False,False,False
EQP-B8E1EFFC,UNIT-6240,conveyor,FLSmidth,2012,processing_plant,tanzania,48497,2020-07-06,inspection,preventive,inspection,minor,3.5,5485.18,1499.0,preventive,True,30,False,False,False
EQP-690474A0,UNIT-6489,grader,Caterpillar,2017,underground,south_africa,28610,2023-07-20,breakdown,transmission,clutch,minor,9.6,11359.2,125.0,corrective,False,147,True,False,False
EQP-7B9BE41E,UNIT-7709,haul_truck,Belaz,2009,processing_plant,south_africa,58457,2020-07-18,breakdown,engine,cooling_system,minor,8.3,15366.31,999.0,corrective,False,61,False,False,False
EQP-88D3F814,UNIT-3295,conveyor,ThyssenKrupp,2011,open_pit,south_africa,51373,2020-12-02,scheduled_maintenance,preventive,oil_change,routine,1.7,2225.3,545.0,preventive,True,64,False,False,False
EQP-293A79D3,UNIT-3769,loader,Caterpillar,2016,underground,zimbabwe,32948,2022-01-04,breakdown,transmission,gearbox,major,15.8,50194.75,1367.0,corrective,False,4,False,False,False
EQP-A91A5411,UNIT-6628,excavator,Caterpillar,2012,underground,botswana,47461,2023-12-11,breakdown,bucket,general_component,major,24.0,46056.92,2848.0,corrective,False,14,False,False,False
EQP-F63477CB,UNIT-1577,haul_truck,Hitachi,2013,underground,ghana,42372,2023-12-30,breakdown,electrical,sensors,critical,42.8,87638.25,5889.0,corrective,False,29,False,False,False
EQP-77169E2F,UNIT-3884,excavator,Komatsu,2011,open_pit,tanzania,52807,2024-10-02,breakdown,bucket,general_component,minor,13.2,11002.52,1416.0,corrective,False,54,False,False,True
EQP-18C09EAF,UNIT-7461,excavator,Komatsu,2008,open_pit,zimbabwe,63422,2020-04-09,scheduled_maintenance,preventive,oil_change,minor,8.5,10826.0,870.0,preventive,True,20,False,False,False
EQP-A9D6EA87,UNIT-9784,drill_rig,Epiroc,2013,open_pit,botswana,45062,2020-09-23,overhaul,rotation,general_component,major,13.8,34907.3,391.0,major_overhaul,True,1,False,True,False
EQP-9B4C73E4,UNIT-5674,excavator,Hitachi,2013,processing_plant,drc,43981,2021-12-18,inspection,preventive,filter_replace,routine,5.9,3446.73,817.0,preventive,True,10,False,False,False
EQP-941624E9,UNIT-4596,excavator,Liebherr,2022,processing_plant,south_africa,7722,2021-05-24,scheduled_maintenance,preventive,adjustment,minor,6.5,30235.99,1077.0,preventive,True,35,True,False,False
EQP-7C052CDF,UNIT-4962,crusher,FLSmidth,2022,open_pit,zimbabwe,9363,2020-06-23,breakdown,shaft,general_component,minor,24.1,36724.3,5352.0,corrective,False,14,False,False,False
EQP-630B88B9,UNIT-7168,haul_truck,Komatsu,2014,underground,tanzania,38697,2022-08-01,condition_based,transmission,clutch,routine,1.9,2060.86,210.0,predictive,False,2,False,False,False
EQP-08D8D919,UNIT-5899,excavator,Liebherr,2012,underground,zimbabwe,49434,2022-04-23,scheduled_maintenance,preventive,inspection,routine,4.5,2046.65,840.0,preventive,True,131,False,False,False
EQP-DF499407,UNIT-1209,crusher,FLSmidth,2014,underground,tanzania,39360,2022-02-13,condition_based,bearing,general_component,minor,17.8,16652.61,4163.0,predictive,False,156,False,False,True
EQP-E1BBBFB1,UNIT-5852,haul_truck,Caterpillar,2017,open_pit,ghana,28162,2020-02-10,scheduled_maintenance,preventive,inspection,routine,3.8,4700.02,430.0,preventive,True,23,False,True,False
EQP-7AA84CCB,UNIT-4600,haul_truck,Belaz,2014,processing_plant,zimbabwe,40171,2022-02-05,condition_based,engine,injector,routine,2.4,5019.63,255.0,predictive,False,8,False,False,False
EQP-CE270AF1,UNIT-7306,haul_truck,Komatsu,2020,underground,ghana,15572,2022-04-04,breakdown,tires,front_left,major,23.5,45885.65,3487.0,corrective,False,50,False,False,False
EQP-F88D793C,UNIT-8875,haul_truck,Hitachi,2023,underground,drc,3237,2021-01-25,inspection,preventive,oil_change,minor,4.0,9275.26,373.0,preventive,True,22,False,False,False
EQP-BC893DFA,UNIT-9661,drill_rig,Caterpillar,2014,underground,south_africa,39630,2023-12-01,condition_based,rotation,general_component,routine,2.7,4738.76,78.0,predictive,False,44,False,True,False
EQP-02601EDC,UNIT-6491,haul_truck,Belaz,2009,underground,south_africa,58985,2024-05-19,scheduled_maintenance,preventive,oil_change,routine,2.2,3934.28,246.0,preventive,True,25,False,False,False
EQP-E0A2EA72,UNIT-4262,excavator,Liebherr,2009,open_pit,south_africa,61961,2024-07-30,overhaul,hydraulics,valve,major,21.6,65758.52,3624.0,major_overhaul,True,19,True,False,True
EQP-9C9436D8,UNIT-4995,pump,KSB,2021,processing_plant,zimbabwe,11518,2023-05-11,breakdown,motor,general_component,minor,5.5,4288.75,281.0,corrective,False,126,False,False,False
EQP-B98D1950,UNIT-2587,grader,John Deere,2014,open_pit,tanzania,41158,2023-05-01,breakdown,blade,general_component,major,15.7,17427.22,292.0,corrective,False,26,False,False,False
EQP-BCE3C319,UNIT-9422,haul_truck,Komatsu,2013,processing_plant,ghana,45027,2020-10-03,condition_based,electrical,alternator,minor,8.7,23485.07,837.0,predictive,False,4,False,False,False
EQP-B64B53FD,UNIT-8624,excavator,Komatsu,2017,processing_plant,drc,28362,2021-12-10,scheduled_maintenance,preventive,inspection,minor,14.8,29944.3,2435.0,preventive,True,48,False,False,False
EQP-B0A5141A,UNIT-8685,drill_rig,Caterpillar,2023,underground,south_africa,3864,2020-01-08,breakdown,compressor,general_component,major,12.8,24933.94,375.0,corrective,False,140,False,False,False
EQP-13188409,UNIT-3952,loader,Caterpillar,2014,underground,drc,40193,2022-10-03,breakdown,electrical,alternator,major,16.5,33668.96,1544.0,corrective,False,10,False,True,False
EQP-6ACC5317,UNIT-3899,loader,Komatsu,2013,open_pit,ghana,44572,2023-10-04,breakdown,engine,turbo,minor,14.2,15844.56,965.0,corrective,False,6,False,False,True
EQP-1342E656,UNIT-8708,haul_truck,Hitachi,2021,open_pit,zambia,12100,2023-04-19,breakdown,tires,front_left,minor,9.2,15977.24,819.0,corrective,False,24,True,False,False
EQP-C812ACD5,UNIT-5900,haul_truck,Caterpillar,2009,underground,botswana,58433,2020-01-29,scheduled_maintenance,preventive,adjustment,minor,11.1,29953.41,849.0,preventive,True,2,False,False,False
EQP-2649A012,UNIT-7341,drill_rig,Epiroc,2021,open_pit,drc,10181,2022-09-28,breakdown,electrical,starter,minor,7.6,12447.16,249.0,corrective,False,38,True,False,False
EQP-93E26ADD,UNIT-5407,grader,Caterpillar,2016,open_pit,zimbabwe,33508,2024-05-03,scheduled_maintenance,preventive,adjustment,minor,10.2,14586.75,141.0,preventive,True,31,False,False,False
EQP-B52E1EC0,UNIT-4984,grader,Caterpillar,2008,processing_plant,zimbabwe,61365,2020-07-02,scheduled_maintenance,preventive,oil_change,routine,3.0,1454.76,31.0,preventive,True,46,False,False,False
EQP-3E96BEBB,UNIT-6689,haul_truck,Hitachi,2011,open_pit,south_africa,52195,2022-08-10,condition_based,tires,rear_right,minor,4.0,20014.97,467.0,predictive,False,20,False,False,False
EQP-3B0F54A9,UNIT-8316,conveyor,Metso,2018,open_pit,ghana,23765,2021-03-26,overhaul,pulley,general_component,major,11.3,14826.93,4110.0,major_overhaul,True,28,False,False,False
EQP-618A99EC,UNIT-4006,haul_truck,Caterpillar,2020,open_pit,south_africa,16160,2024-08-01,breakdown,transmission,torque_converter,major,22.0,72052.57,2464.0,corrective,False,26,True,False,True
EQP-13BD3EFC,UNIT-8281,crusher,Sandvik,2011,underground,drc,50860,2022-09-18,breakdown,liner,general_component,minor,29.4,39803.12,4999.0,corrective,False,134,True,False,True
EQP-ECD7CBB1,UNIT-3197,grader,John Deere,2018,open_pit,tanzania,24350,2023-10-21,breakdown,electrical,battery,major,22.5,31694.7,311.0,corrective,False,25,False,False,False
EQP-CA7C707E,UNIT-4625,drill_rig,Sandvik,2023,underground,drc,4206,2022-08-02,scheduled_maintenance,preventive,adjustment,minor,4.1,6140.31,202.0,preventive,True,63,False,True,False
EQP-9F2C0241,UNIT-9213,haul_truck,Komatsu,2018,underground,drc,26761,2024-05-28,scheduled_maintenance,preventive,filter_replace,routine,2.3,4426.12,234.0,preventive,True,8,True,False,False
EQP-C902DB61,UNIT-9589,conveyor,Metso,2019,open_pit,south_africa,20129,2021-06-01,breakdown,belt,general_component,minor,2.6,6846.05,1165.0,corrective,False,21,False,False,False
EQP-5C9CB54C,UNIT-9313,drill_rig,Epiroc,2011,open_pit,ghana,53348,2023-08-31,condition_based,compressor,general_component,routine,2.4,2161.61,67.0,predictive,False,173,False,False,False
EQP-477CE34D,UNIT-3844,loader,Caterpillar,2018,open_pit,botswana,22501,2022-02-11,overhaul,transmission,clutch,major,21.6,50487.6,1213.0,major_overhaul,True,52,False,False,False
EQP-F7F9F7F0,UNIT-8589,excavator,Caterpillar,2019,processing_plant,ghana,21020,2022-11-03,breakdown,electrical,sensors,major,19.8,67994.8,3958.0,corrective,False,157,False,False,False
EQP-B5253A42,UNIT-9423,grader,John Deere,2009,open_pit,zimbabwe,60226,2023-05-19,breakdown,blade,general_component,critical,56.2,107357.25,926.0,corrective,False,365,False,False,False
EQP-E0B0075F,UNIT-9802,excavator,Liebherr,2012,open_pit,south_africa,48269,2020-11-07,condition_based,undercarriage,general_component,routine,3.6,4887.44,599.0,predictive,False,1,False,False,True
EQP-EBCD3325,UNIT-1188,haul_truck,Hitachi,2022,open_pit,south_africa,8283,2024-04-11,condition_based,tires,rear_left,routine,2.8,5559.03,299.0,predictive,False,153,False,False,False
EQP-F5DC371B,UNIT-7704,excavator,Komatsu,2023,open_pit,ghana,5706,2023-08-02,breakdown,hydraulics,filter,critical,58.0,130951.45,10215.0,corrective,False,8,True,False,False
EQP-43E39D16,UNIT-9969,haul_truck,Komatsu,2010,underground,botswana,56255,2022-01-06,scheduled_maintenance,preventive,oil_change,minor,5.3,18890.12,766.0,preventive,True,140,True,False,False
EQP-9C72FD9C,UNIT-7881,excavator,Caterpillar,2019,open_pit,south_africa,19215,2022-12-02,breakdown,engine,cooling_system,minor,11.4,36869.21,1233.0,corrective,False,31,False,False,True
EQP-63D1B8CF,UNIT-3098,crusher,Metso,2016,processing_plant,zimbabwe,31384,2023-04-09,scheduled_maintenance,preventive,adjustment,routine,6.4,5822.21,1126.0,preventive,True,193,False,False,False
EQP-08E3DA76,UNIT-7862,haul_truck,Komatsu,2017,open_pit,south_africa,28817,2022-03-29,condition_based,hydraulics,hose,routine,2.6,6710.69,364.0,predictive,False,6,True,False,True
EQP-FFF1C01D,UNIT-1947,haul_truck,Hitachi,2016,underground,zambia,32447,2023-02-17,breakdown,hydraulics,cylinder,minor,7.1,27413.66,575.0,corrective,False,216,False,False,True
EQP-EA0FC8EA,UNIT-5324,haul_truck,Komatsu,2021,underground,zambia,10469,2022-10-02,breakdown,hydraulics,cylinder,major,23.3,40369.43,2375.0,corrective,False,82,False,False,True
EQP-D3DFCCB9,UNIT-6635,haul_truck,Belaz,2015,open_pit,zambia,36514,2023-11-03,scheduled_maintenance,preventive,oil_change,routine,2.0,1984.35,162.0,preventive,True,2,False,False,False
EQP-43B0C2F7,UNIT-5107,grader,John Deere,2017,underground,ghana,26917,2021-02-22,scheduled_maintenance,preventive,adjustment,routine,2.3,3246.14,32.0,preventive,True,103,False,False,False
EQP-B19CF488,UNIT-7297,pump,Weir,2018,processing_plant,south_africa,24438,2020-01-08,inspection,preventive,filter_replace,minor,5.2,7751.49,376.0,preventive,True,21,False,False,False
EQP-37B0EA7A,UNIT-3161,haul_truck,Hitachi,2016,underground,tanzania,31194,2021-12-28,scheduled_maintenance,preventive,filter_replace,routine,2.3,3034.3,204.0,preventive,True,119,False,False,False
EQP-6D845333,UNIT-6455,loader,Komatsu,2022,processing_plant,zambia,7718,2024-01-24,condition_based,hydraulics,pump,routine,3.4,5582.42,184.0,predictive,False,14,False,False,True
EQP-CB594B78,UNIT-6802,crusher,Metso,2011,underground,south_africa,51455,2020-08-11,condition_based,hydraulics,valve,routine,10.3,5498.01,2190.0,predictive,False,157,True,False,True
EQP-99A32330,UNIT-6703,pump,Metso,2023,open_pit,drc,5518,2024-03-30,condition_based,impeller,general_component,routine,0.8,974.89,61.0,predictive,False,24,True,True,False
EQP-C6A31BE4,UNIT-3603,excavator,Liebherr,2018,processing_plant,south_africa,24401,2022-01-07,breakdown,hydraulics,pump,minor,17.5,36577.18,3040.0,corrective,False,29,False,False,True
EQP-8D804F1C,UNIT-3748,excavator,Komatsu,2023,open_pit,drc,5261,2021-01-10,breakdown,undercarriage,general_component,major,26.3,58243.63,4539.0,corrective,False,39,False,False,False
EQP-F5F15C8D,UNIT-3320,drill_rig,Epiroc,2013,underground,drc,46895,2022-04-20,scheduled_maintenance,preventive,adjustment,routine,2.6,4022.78,70.0,preventive,True,16,False,False,False
EQP-D912D0FE,UNIT-5155,loader,Caterpillar,2015,underground,south_africa,36046,2023-12-31,breakdown,electrical,alternator,minor,14.2,8645.43,1021.0,corrective,False,182,True,False,True
EQP-C410B774,UNIT-6273,crusher,Metso,2008,processing_plant,drc,65501,2024-03-23,breakdown,bearing,general_component,minor,33.0,32044.48,9127.0,corrective,False,26,False,True,False
EQP-3D975C31,UNIT-4262,drill_rig,Sandvik,2022,processing_plant,zambia,7300,2023-01-08,breakdown,hydraulics,valve,minor,4.3,19111.06,172.0,corrective,False,81,False,False,True
EQP-1CF03CE5,UNIT-4689,haul_truck,Belaz,2021,open_pit,botswana,13254,2022-08-06,overhaul,hydraulics,hose,major,18.7,40182.71,2601.0,major_overhaul,True,1,False,True,True
EQP-EEF979C8,UNIT-3577,crusher,FLSmidth,2012,underground,zimbabwe,47192,2023-12-22,condition_based,hydraulics,hose,minor,21.9,46576.57,6409.0,predictive,False,26,True,False,True
EQP-CBA8065E,UNIT-2969,loader,Komatsu,2008,open_pit,drc,63981,2024-06-23,inspection,preventive,oil_change,routine,3.6,5613.86,240.0,preventive,True,105,True,False,False
EQP-47338DA5,UNIT-6916,excavator,Liebherr,2019,underground,tanzania,20536,2023-12-02,overhaul,hydraulics,pump,major,32.0,87097.28,3625.0,major_overhaul,True,38,False,False,False
EQP-411A444A,UNIT-8343,crusher,Sandvik,2018,underground,ghana,24694,2024-10-08,condition_based,bearing,general_component,minor,20.5,57659.51,3333.0,predictive,False,124,False,False,True
EQP-60FD34B0,UNIT-3616,drill_rig,Epiroc,2016,open_pit,zambia,30727,2024-02-05,scheduled_maintenance,preventive,filter_replace,minor,5.9,19156.23,166.0,preventive,True,150,False,False,True
EQP-1A1EA3EF,UNIT-8744,drill_rig,Epiroc,2010,processing_plant,south_africa,55132,2020-03-29,scheduled_maintenance,preventive,inspection,routine,2.3,1454.55,97.0,preventive,True,139,False,False,False
EQP-07B3449C,UNIT-6138,conveyor,Metso,2022,open_pit,south_africa,8611,2020-02-05,condition_based,belt,general_component,minor,3.1,7012.47,868.0,predictive,False,97,False,False,False
EQP-9E72B9B5,UNIT-2509,loader,Komatsu,2014,underground,zambia,39632,2022-12-10,inspection,preventive,adjustment,minor,11.1,13684.11,1084.0,preventive,True,55,False,False,False
EQP-35DB8734,UNIT-4293,pump,KSB,2019,processing_plant,south_africa,18602,2024-09-18,inspection,preventive,adjustment,routine,1.0,1492.38,83.0,preventive,True,22,False,False,False
EQP-C564579F,UNIT-1067,drill_rig,Epiroc,2021,underground,zimbabwe,11929,2021-06-22,scheduled_maintenance,preventive,filter_replace,minor,6.7,16138.24,328.0,preventive,True,86,False,False,False
EQP-6280A97E,UNIT-1352,excavator,Liebherr,2016,underground,zambia,31881,2024-10-05,condition_based,electrical,sensors,routine,2.9,3961.9,453.0,predictive,False,10,False,False,False
EQP-666734F9,UNIT-4024,excavator,Caterpillar,2009,open_pit,south_africa,60176,2024-03-12,scheduled_maintenance,preventive,oil_change,routine,5.2,8398.94,625.0,preventive,True,3,True,False,True
EQP-50F25D19,UNIT-5089,haul_truck,Caterpillar,2022,open_pit,ghana,8529,2020-09-10,scheduled_maintenance,preventive,oil_change,routine,2.1,3955.22,184.0,preventive,True,87,False,False,False
EQP-4176F27C,UNIT-8176,excavator,Komatsu,2018,open_pit,zambia,24465,2022-06-08,breakdown,engine,head_gasket,major,29.6,79404.31,5233.0,corrective,False,65,False,True,False
EQP-D976DD20,UNIT-2208,haul_truck,Komatsu,2022,open_pit,zimbabwe,7231,2021-02-02,breakdown,hydraulics,pump,major,19.0,49246.78,1425.0,corrective,False,30,False,False,True
EQP-90EB86F1,UNIT-8551,drill_rig,Caterpillar,2017,open_pit,tanzania,27589,2020-05-20,breakdown,compressor,general_component,critical,35.9,101917.39,1683.0,corrective,False,137,False,False,False
EQP-08270B76,UNIT-3110,haul_truck,Komatsu,2022,underground,ghana,8927,2023-05-28,condition_based,engine,injector,routine,3.1,5663.38,239.0,predictive,False,7,False,False,False
EQP-3F9CF935,UNIT-2244,excavator,Hitachi,2021,underground,tanzania,11456,2021-01-22,breakdown,engine,cooling_system,major,33.2,72514.42,5327.0,corrective,False,31,False,False,False
EQP-8D5F96A2,UNIT-7298,loader,Komatsu,2011,open_pit,ghana,51604,2022-10-04,inspection,preventive,adjustment,routine,2.4,5294.04,167.0,preventive,True,118,False,False,False
EQP-9A230EA9,UNIT-7968,haul_truck,Komatsu,2010,underground,south_africa,54495,2023-04-27,breakdown,transmission,torque_converter,major,20.1,65370.4,2429.0,corrective,False,1,True,False,False
EQP-E0F04802,UNIT-6443,conveyor,ThyssenKrupp,2010,processing_plant,zambia,55971,2022-02-16,breakdown,pulley,general_component,minor,3.6,9012.5,1604.0,corrective,False,25,False,False,True
EQP-05A99E6E,UNIT-2041,grader,Caterpillar,2020,open_pit,south_africa,16345,2020-05-23,scheduled_maintenance,preventive,oil_change,minor,9.4,13189.26,105.0,preventive,True,35,False,True,True
EQP-42CC24C1,UNIT-2037,conveyor,Metso,2011,underground,south_africa,50024,2020-05-04,breakdown,belt,general_component,major,11.3,23752.62,5498.0,corrective,False,1,False,False,False
EQP-E117D202,UNIT-4510,haul_truck,Hitachi,2015,open_pit,ghana,34929,2021-11-13,breakdown,engine,injector,major,19.8,37050.01,2370.0,corrective,False,71,False,False,True
EQP-9EF14816,UNIT-5054,excavator,Hitachi,2020,underground,tanzania,14578,2020-03-17,breakdown,engine,injector,major,20.9,78428.9,2888.0,corrective,False,134,False,False,True
EQP-227E33CB,UNIT-9986,conveyor,Metso,2014,underground,botswana,40788,2024-04-17,scheduled_maintenance,preventive,filter_replace,routine,1.3,664.82,643.0,preventive,True,13,False,False,False
EQP-5FD49BC7,UNIT-3577,drill_rig,Caterpillar,2008,open_pit,botswana,62087,2020-10-26,breakdown,compressor,general_component,major,13.9,34989.42,630.0,corrective,False,15,True,False,True
EQP-6511348A,UNIT-2733,haul_truck,Caterpillar,2013,open_pit,ghana,43921,2020-02-22,scheduled_maintenance,preventive,adjustment,minor,5.0,26880.27,436.0,preventive,True,22,False,False,False
EQP-74DC4F95,UNIT-9512,drill_rig,Sandvik,2009,processing_plant,drc,60717,2020-09-09,breakdown,electrical,wiring,critical,45.0,158839.64,1225.0,corrective,False,27,False,False,False
EQP-7E4542EE,UNIT-2385,conveyor,Metso,2014,open_pit,tanzania,40187,2023-06-07,breakdown,roller,general_component,major,10.3,18743.93,4951.0,corrective,False,112,False,False,False
EQP-C37E8951,UNIT-1237,excavator,Caterpillar,2019,underground,ghana,19560,2022-11-25,breakdown,undercarriage,general_component,major,31.7,81639.15,5024.0,corrective,False,94,True,False,False
EQP-A847F674,UNIT-4804,conveyor,ThyssenKrupp,2016,underground,ghana,32346,2023-04-30,breakdown,roller,general_component,minor,2.5,3799.67,915.0,corrective,False,123,False,False,False
EQP-9A8C412C,UNIT-4609,haul_truck,Hitachi,2018,open_pit,south_africa,25036,2021-09-16,condition_based,transmission,driveshaft,routine,3.3,7084.81,267.0,predictive,False,64,True,False,True
EQP-91896150,UNIT-6576,excavator,Hitachi,2009,underground,zambia,59892,2021-07-31,scheduled_maintenance,preventive,adjustment,minor,10.4,16374.17,1603.0,preventive,True,1,False,False,False
EQP-F5C2C8EE,UNIT-8898,loader,Volvo,2020,underground,zambia,13761,2023-04-23,scheduled_maintenance,preventive,inspection,routine,2.6,2001.46,165.0,preventive,True,23,False,False,False
EQP-E73C6EE3,UNIT-9395,excavator,Caterpillar,2014,open_pit,ghana,41147,2020-07-21,inspection,preventive,oil_change,routine,4.3,3120.03,513.0,preventive,True,47,False,True,False
EQP-4BF86C26,UNIT-3606,conveyor,FLSmidth,2012,processing_plant,south_africa,48400,2021-12-10,breakdown,belt,general_component,major,9.4,24043.28,3269.0,corrective,False,107,False,False,False
EQP-776192F7,UNIT-9826,drill_rig,Sandvik,2018,open_pit,zimbabwe,23966,2020-07-03,inspection,preventive,oil_change,routine,2.0,2843.43,52.0,preventive,True,90,False,False,False
EQP-B0B33925,UNIT-6693,excavator,Liebherr,2010,underground,zambia,54019,2022-02-02,condition_based,electrical,alternator,routine,5.4,6264.52,863.0,predictive,False,16,False,False,False
EQP-0D40DDBC,UNIT-1626,grader,John Deere,2015,open_pit,south_africa,35701,2024-10-10,condition_based,tires,rear_left,routine,2.0,2012.88,32.0,predictive,False,21,True,True,False
EQP-2F6E2BC3,UNIT-9445,excavator,Liebherr,2014,open_pit,ghana,39124,2024-03-10,inspection,preventive,adjustment,routine,3.9,2218.23,661.0,preventive,True,94,False,False,False
EQP-1AB135F7,UNIT-2241,haul_truck,Hitachi,2010,underground,botswana,54783,2023-05-03,breakdown,engine,cooling_system,critical,39.0,89999.08,2992.0,corrective,False,88,False,False,False
EQP-9459981F,UNIT-6296,grader,John Deere,2023,underground,zambia,3863,2023-03-29,scheduled_maintenance,preventive,adjustment,routine,1.7,850.43,20.0,preventive,True,16,True,False,False
EQP-15217B63,UNIT-8115,loader,Volvo,2013,open_pit,zambia,43464,2021-11-07,scheduled_maintenance,preventive,filter_replace,routine,3.0,3787.18,266.0,preventive,True,19,False,False,False
EQP-0AB742E2,UNIT-3244,crusher,FLSmidth,2008,underground,zambia,63529,2023-06-23,condition_based,shaft,general_component,minor,29.2,23706.76,6897.0,predictive,False,37,False,False,False
EQP-28F5B872,UNIT-3435,haul_truck,Caterpillar,2015,underground,botswana,36739,2024-02-09,breakdown,brakes,general_component,minor,8.2,16547.72,621.0,corrective,False,46,False,False,False
EQP-506E75EE,UNIT-5285,haul_truck,Belaz,2023,open_pit,ghana,4255,2022-10-03,breakdown,tires,rear_right,major,17.0,50714.61,2207.0,corrective,False,80,False,False,True
EQP-98531FFF,UNIT-8962,conveyor,ThyssenKrupp,2018,underground,ghana,23504,2020-07-05,overhaul,roller,general_component,major,8.8,17988.67,3117.0,major_overhaul,True,180,False,False,False
EQP-77F7198C,UNIT-3012,haul_truck,Caterpillar,2018,underground,ghana,23377,2023-06-03,scheduled_maintenance,preventive,adjustment,minor,6.5,27588.13,616.0,preventive,True,55,True,False,False
EQP-B4A89371,UNIT-6970,haul_truck,Belaz,2022,underground,tanzania,7545,2020-08-16,breakdown,hydraulics,pump,major,13.5,31945.53,1776.0,corrective,False,6,False,False,False
EQP-EE93A09E,UNIT-5072,loader,Caterpillar,2009,underground,south_africa,59752,2021-08-05,breakdown,transmission,torque_converter,minor,10.9,14896.12,741.0,corrective,False,244,True,False,False
EQP-5CA09034,UNIT-2006,excavator,Hitachi,2016,underground,south_africa,32584,2020-12-21,scheduled_maintenance,preventive,filter_replace,minor,15.8,13955.92,2297.0,preventive,True,27,False,False,False
EQP-D103A22B,UNIT-7397,haul_truck,Caterpillar,2013,processing_plant,south_africa,42957,2020-03-31,breakdown,engine,cooling_system,minor,10.3,28346.67,1437.0,corrective,False,43,True,False,True
EQP-6EE80622,UNIT-8491,haul_truck,Caterpillar,2018,processing_plant,zambia,25458,2023-10-06,breakdown,transmission,driveshaft,major,14.8,71285.55,1276.0,corrective,False,63,True,False,False
EQP-30EE9738,UNIT-6180,drill_rig,Epiroc,2021,open_pit,zambia,12584,2023-03-07,overhaul,hydraulics,pump,major,12.9,24198.14,505.0,major_overhaul,True,9,False,False,False
EQP-C089549D,UNIT-2587,conveyor,ThyssenKrupp,2009,open_pit,ghana,57262,2022-01-06,breakdown,roller,general_component,major,9.3,11760.39,2567.0,corrective,False,53,False,False,False
EQP-96CBF9FF,UNIT-2401,grader,Komatsu,2010,processing_plant,ghana,56085,2021-11-17,breakdown,hydraulics,hose,critical,68.9,53184.36,1363.0,corrective,False,92,True,False,True
EQP-FF701925,UNIT-4811,haul_truck,Komatsu,2023,processing_plant,zimbabwe,5040,2023-03-02,condition_based,hydraulics,filter,routine,2.1,2088.5,207.0,predictive,False,4,False,False,False
EQP-A9341D7C,UNIT-5557,haul_truck,Belaz,2015,open_pit,south_africa,36388,2022-08-14,breakdown,tires,rear_left,major,13.6,37114.38,1948.0,corrective,False,55,False,False,False
EQP-74554D32,UNIT-5969,conveyor,Metso,2013,open_pit,zimbabwe,43587,2021-02-22,breakdown,pulley,general_component,critical,38.1,36676.67,13021.0,corrective,False,49,False,False,False
EQP-4B9A0A03,UNIT-3192,excavator,Liebherr,2010,open_pit,south_africa,55938,2022-05-14,scheduled_maintenance,preventive,adjustment,routine,2.9,3308.01,535.0,preventive,True,104,False,False,False
EQP-27D3E898,UNIT-5506,drill_rig,Sandvik,2013,processing_plant,botswana,44178,2023-10-31,condition_based,rotation,general_component,routine,3.0,1594.3,132.0,predictive,False,72,False,False,True
EQP-20FE9487,UNIT-3655,grader,John Deere,2008,processing_plant,drc,64769,2022-09-21,scheduled_maintenance,preventive,inspection,routine,3.0,2009.33,37.0,preventive,True,69,False,False,False
EQP-F75A2DA8,UNIT-7174,conveyor,ThyssenKrupp,2011,processing_plant,zambia,50584,2023-12-13,condition_based,belt,general_component,routine,1.4,1007.79,576.0,predictive,False,55,True,False,False
EQP-B008DF7C,UNIT-8167,drill_rig,Sandvik,2010,open_pit,south_africa,55394,2022-07-03,inspection,preventive,adjustment,minor,4.1,11256.18,126.0,preventive,True,63,False,True,False
EQP-55517B7C,UNIT-6873,pump,Metso,2009,processing_plant,ghana,61638,2022-01-13,scheduled_maintenance,preventive,adjustment,routine,1.8,1829.99,92.0,preventive,True,13,False,True,False
EQP-CABD0F79,UNIT-1011,haul_truck,Belaz,2023,open_pit,zimbabwe,4032,2023-08-29,scheduled_maintenance,preventive,adjustment,minor,5.4,15419.23,527.0,preventive,True,37,False,True,False
EQP-85BB45F7,UNIT-9927,grader,Komatsu,2020,open_pit,zambia,17527,2021-01-11,inspection,preventive,oil_change,routine,2.6,1716.72,44.0,preventive,True,147,False,False,False
EQP-1FEBD0E0,UNIT-1213,drill_rig,Sandvik,2023,open_pit,tanzania,6985,2023-02-02,breakdown,compressor,general_component,major,9.4,47430.63,277.0,corrective,False,122,True,False,True
EQP-D0841531,UNIT-9993,drill_rig,Epiroc,2011,underground,zambia,51507,2023-02-08,scheduled_maintenance,preventive,adjustment,routine,1.2,2286.43,49.0,preventive,True,55,False,True,False
EQP-75D7AD6E,UNIT-1285,grader,Caterpillar,2012,underground,zambia,46802,2021-05-13,breakdown,transmission,gearbox,major,20.8,18928.13,367.0,corrective,False,7,False,False,False
EQP-A9041FBB,UNIT-5647,drill_rig,Epiroc,2012,open_pit,tanzania,47734,2021-04-06,breakdown,compressor,general_component,minor,4.2,14284.78,138.0,corrective,False,127,False,False,False
EQP-9C374EF2,UNIT-1953,drill_rig,Epiroc,2016,open_pit,drc,33098,2020-05-30,overhaul,electrical,wiring,major,14.4,28453.84,397.0,major_overhaul,True,26,False,False,False
EQP-1FC9FFDD,UNIT-1856,excavator,Caterpillar,2010,processing_plant,tanzania,57238,2020-09-23,breakdown,engine,oil_pump,major,31.0,71197.54,4949.0,corrective,False,72,False,False,False
EQP-9D96D832,UNIT-7149,crusher,FLSmidth,2011,open_pit,ghana,54271,2020-06-20,scheduled_maintenance,preventive,inspection,routine,8.3,12215.84,1409.0,preventive,True,42,False,False,False
EQP-672A1F05,UNIT-7549,conveyor,FLSmidth,2023,open_pit,ghana,3963,2023-01-13,breakdown,roller,general_component,major,9.9,18483.54,2481.0,corrective,False,103,True,True,False
EQP-418EC013,UNIT-2064,haul_truck,Komatsu,2013,open_pit,tanzania,44488,2020-08-06,scheduled_maintenance,preventive,oil_change,minor,5.9,25697.26,500.0,preventive,True,19,False,False,False
EQP-4474B7B1,UNIT-9789,crusher,Metso,2020,open_pit,south_africa,15288,2022-07-12,inspection,preventive,adjustment,routine,10.7,7136.42,2033.0,preventive,True,26,False,False,False
EQP-7796230D,UNIT-3883,crusher,Metso,2011,open_pit,south_africa,49493,2020-07-19,scheduled_maintenance,preventive,inspection,routine,6.3,5024.13,1585.0,preventive,True,8,False,False,False
EQP-B578D757,UNIT-3864,excavator,Komatsu,2022,underground,south_africa,7960,2023-11-11,inspection,preventive,inspection,routine,4.5,5157.34,600.0,preventive,True,14,False,False,False
EQP-54DD0FDB,UNIT-3672,haul_truck,Hitachi,2019,open_pit,drc,18846,2023-05-04,scheduled_maintenance,preventive,inspection,routine,3.6,3971.57,518.0,preventive,True,8,False,False,False
EQP-E181A52B,UNIT-5150,drill_rig,Sandvik,2021,open_pit,zambia,12643,2021-06-10,inspection,preventive,inspection,minor,7.8,15739.52,340.0,preventive,True,109,False,False,False
EQP-B269950E,UNIT-2600,haul_truck,Hitachi,2016,processing_plant,south_africa,30118,2023-08-16,inspection,preventive,filter_replace,routine,1.7,5621.04,253.0,preventive,True,88,False,False,False
EQP-73C9F0B6,UNIT-4822,haul_truck,Komatsu,2022,open_pit,south_africa,7260,2021-02-09,breakdown,brakes,general_component,minor,6.9,14460.84,862.0,corrective,False,26,False,False,False
EQP-092D1EF7,UNIT-2889,drill_rig,Sandvik,2013,underground,ghana,44267,2023-02-17,inspection,preventive,inspection,minor,8.1,18939.88,207.0,preventive,True,23,False,False,False
EQP-FA5BF3D5,UNIT-1462,haul_truck,Hitachi,2015,open_pit,ghana,36372,2023-02-26,breakdown,electrical,alternator,major,22.2,42401.48,1913.0,corrective,False,105,True,False,False
EQP-3C265837,UNIT-4318,excavator,Caterpillar,2008,processing_plant,south_africa,63952,2022-02-24,scheduled_maintenance,preventive,adjustment,routine,4.7,9971.71,597.0,preventive,True,93,False,True,False
EQP-8B39CC4F,UNIT-7049,crusher,Metso,2010,open_pit,south_africa,57867,2023-06-15,breakdown,hydraulics,pump,major,39.9,62943.09,10194.0,corrective,False,61,False,True,True
EQP-95BA39C3,UNIT-7867,excavator,Caterpillar,2020,underground,tanzania,17569,2024-09-02,scheduled_maintenance,preventive,oil_change,minor,10.9,30212.22,1793.0,preventive,True,101,False,False,False
EQP-6EF20852,UNIT-4179,pump,Weir,2013,underground,zimbabwe,43315,2022-01-14,overhaul,casing,general_component,major,11.8,15442.53,711.0,major_overhaul,True,6,False,False,False
EQP-9926FA60,UNIT-3913,grader,John Deere,2009,underground,ghana,61609,2021-05-25,condition_based,blade,general_component,routine,1.9,2671.77,32.0,predictive,False,100,False,False,False
EQP-70FDEEF2,UNIT-8086,conveyor,ThyssenKrupp,2012,processing_plant,ghana,49762,2022-03-07,scheduled_maintenance,preventive,inspection,routine,1.8,2058.28,576.0,preventive,True,54,False,False,False
EQP-9F59E502,UNIT-7130,pump,Weir,2013,open_pit,south_africa,43876,2022-10-19,overhaul,seal,general_component,major,8.5,15090.51,709.0,major_overhaul,True,39,False,False,False
EQP-55567F4F,UNIT-8488,grader,Caterpillar,2019,open_pit,ghana,20045,2020-08-10,scheduled_maintenance,preventive,inspection,routine,3.4,2751.74,45.0,preventive,True,2,False,False,False
EQP-3C905B9D,UNIT-9154,excavator,Caterpillar,2009,processing_plant,ghana,59949,2024-09-23,breakdown,undercarriage,general_component,minor,6.7,36320.75,811.0,corrective,False,123,False,False,False
EQP-8616C65F,UNIT-8390,loader,Caterpillar,2008,processing_plant,botswana,63355,2022-04-24,inspection,preventive,inspection,routine,2.0,2096.37,149.0,preventive,True,21,False,False,False
EQP-BCE410EC,UNIT-9427,haul_truck,Caterpillar,2019,open_pit,zimbabwe,19454,2024-10-01,breakdown,engine,head_gasket,minor,6.4,19451.05,951.0,corrective,False,11,True,False,False
EQP-48B06E4D,UNIT-4749,crusher,Metso,2010,underground,drc,57319,2024-09-26,inspection,preventive,oil_change,routine,11.1,11545.21,2742.0,preventive,True,60,False,False,True
EQP-C16F9621,UNIT-4551,drill_rig,Caterpillar,2014,underground,south_africa,40437,2020-04-24,breakdown,compressor,general_component,major,15.1,29236.32,510.0,corrective,False,15,False,False,False
EQP-567BF8AD,UNIT-3893,haul_truck,Komatsu,2018,underground,zambia,23445,2020-07-23,breakdown,brakes,general_component,major,19.3,39876.81,2198.0,corrective,False,23,False,False,True
EQP-B2520C87,UNIT-3116,excavator,Hitachi,2016,processing_plant,botswana,31074,2020-11-22,scheduled_maintenance,preventive,adjustment,minor,18.0,13867.05,2589.0,preventive,True,167,True,False,False
EQP-452CDB1B,UNIT-7738,pump,KSB,2009,processing_plant,south_africa,59241,2022-10-19,scheduled_maintenance,preventive,adjustment,routine,1.2,820.3,62.0,preventive,True,4,False,True,False
EQP-24E688C1,UNIT-7429,excavator,Caterpillar,2019,open_pit,tanzania,19836,2021-09-28,breakdown,electrical,alternator,minor,16.2,29982.33,2712.0,corrective,False,36,False,False,False
EQP-69EB3D8C,UNIT-8211,haul_truck,Caterpillar,2008,underground,south_africa,64913,2020-02-03,breakdown,engine,injector,major,13.3,57673.44,1202.0,corrective,False,8,True,True,False
EQP-BD8DD530,UNIT-2506,haul_truck,Komatsu,2011,open_pit,zimbabwe,51139,2022-10-12,breakdown,brakes,general_component,minor,5.4,11364.43,621.0,corrective,False,75,False,False,False
EQP-DC26420B,UNIT-5420,drill_rig,Epiroc,2009,open_pit,south_africa,60901,2021-08-08,condition_based,electrical,wiring,minor,5.9,12367.31,158.0,predictive,False,38,False,False,False
EQP-BCD6ED08,UNIT-2997,loader,Caterpillar,2016,processing_plant,zambia,32196,2024-02-27,scheduled_maintenance,preventive,filter_replace,minor,14.6,9847.86,1307.0,preventive,True,13,False,False,True
EQP-046364BE,UNIT-9036,loader,Komatsu,2019,underground,south_africa,20142,2023-10-02,breakdown,electrical,starter,minor,12.0,22847.51,610.0,corrective,False,121,False,False,False
EQP-7E3602D1,UNIT-3406,drill_rig,Sandvik,2018,open_pit,drc,25025,2024-02-29,breakdown,drill_string,general_component,major,10.0,41724.03,330.0,corrective,False,14,True,False,False
EQP-C80862FB,UNIT-2295,haul_truck,Komatsu,2010,underground,zambia,56843,2022-10-17,breakdown,brakes,general_component,major,23.5,37799.79,2438.0,corrective,False,21,False,False,False
EQP-14C041B7,UNIT-6128,haul_truck,Hitachi,2013,open_pit,zambia,42595,2023-06-06,scheduled_maintenance,preventive,oil_change,minor,10.1,14018.53,1343.0,preventive,True,14,False,True,False
EQP-CBAEB069,UNIT-8910,drill_rig,Caterpillar,2010,open_pit,zimbabwe,54915,2020-05-26,scheduled_maintenance,preventive,inspection,routine,2.5,4412.32,123.0,preventive,True,20,False,True,False
EQP-8733ACD9,UNIT-9240,loader,Volvo,2013,underground,south_africa,43770,2023-09-29,breakdown,hydraulics,cylinder,critical,68.6,160281.98,4086.0,corrective,False,78,True,False,False
EQP-92DF34C0,UNIT-1864,crusher,FLSmidth,2011,underground,zimbabwe,52355,2022-03-24,overhaul,liner,general_component,major,50.2,92035.96,8577.0,major_overhaul,True,73,True,False,False
EQP-42110ABD,UNIT-3932,drill_rig,Epiroc,2019,underground,south_africa,21364,2020-01-08,breakdown,hydraulics,hose,minor,3.7,13976.31,150.0,corrective,False,132,True,False,False
EQP-F0BCA745,UNIT-2381,conveyor,Metso,2020,open_pit,zimbabwe,16065,2020-05-22,scheduled_maintenance,preventive,filter_replace,minor,4.5,5421.12,1369.0,preventive,True,17,False,False,False
EQP-C466DE25,UNIT-3770,drill_rig,Sandvik,2021,underground,south_africa,13703,2021-07-08,condition_based,rotation,general_component,minor,3.8,18671.42,97.0,predictive,False,7,False,True,False
EQP-2FC528B2,UNIT-5804,conveyor,FLSmidth,2011,open_pit,drc,51293,2021-11-03,scheduled_maintenance,preventive,inspection,routine,1.5,2247.08,462.0,preventive,True,17,False,True,False
EQP-F456113C,UNIT-3524,drill_rig,Sandvik,2008,processing_plant,ghana,63462,2021-01-10,breakdown,rotation,general_component,major,13.9,24811.59,429.0,corrective,False,15,False,True,False
EQP-E887A7DA,UNIT-1607,crusher,Metso,2008,open_pit,botswana,63694,2023-10-16,scheduled_maintenance,preventive,filter_replace,minor,26.3,45485.18,6121.0,preventive,True,34,False,False,True
EQP-D73A4C8D,UNIT-5589,drill_rig,Sandvik,2021,processing_plant,zambia,11182,2022-03-15,scheduled_maintenance,preventive,inspection,routine,2.7,4350.35,98.0,preventive,True,15,False,False,False
EQP-F4AB8D53,UNIT-1475,pump,Weir,2022,open_pit,south_africa,9159,2021-04-09,inspection,preventive,inspection,minor,3.6,3267.46,240.0,preventive,True,100,False,False,False
EQP-317ED9C4,UNIT-3040,drill_rig,Epiroc,2011,open_pit,zimbabwe,49230,2023-04-27,scheduled_maintenance,preventive,filter_replace,minor,5.6,18072.65,180.0,preventive,True,81,False,True,False
EQP-40D5A665,UNIT-1004,haul_truck,Komatsu,2022,open_pit,south_africa,7496,2022-03-27,inspection,preventive,adjustment,minor,4.5,16940.04,428.0,preventive,True,253,False,False,False
EQP-D942DA68,UNIT-1781,haul_truck,Caterpillar,2016,underground,ghana,33148,2023-11-02,scheduled_maintenance,preventive,inspection,routine,2.3,3346.36,321.0,preventive,True,107,False,False,False
EQP-29BA9283,UNIT-4926,drill_rig,Epiroc,2010,processing_plant,ghana,55687,2022-06-19,condition_based,electrical,alternator,minor,3.5,19760.92,128.0,predictive,False,15,False,False,False
EQP-870665FD,UNIT-8655,conveyor,ThyssenKrupp,2013,underground,tanzania,45072,2023-09-11,breakdown,belt,general_component,minor,2.6,7660.04,1206.0,corrective,False,211,True,False,False
EQP-B2A51CE5,UNIT-7970,conveyor,FLSmidth,2012,open_pit,botswana,50197,2024-03-15,inspection,preventive,adjustment,routine,1.3,1081.02,649.0,preventive,True,111,True,False,False
EQP-9A4FF778,UNIT-1889,crusher,Metso,2020,open_pit,botswana,16080,2020-05-22,breakdown,shaft,general_component,major,50.7,107672.12,11374.0,corrective,False,46,True,False,False
EQP-B342DD13,UNIT-1313,excavator,Komatsu,2011,underground,south_africa,53168,2020-08-06,scheduled_maintenance,preventive,filter_replace,routine,5.8,7147.72,1119.0,preventive,True,7,False,False,False
EQP-B961CA78,UNIT-4042,crusher,Sandvik,2010,open_pit,south_africa,58419,2023-08-08,scheduled_maintenance,preventive,inspection,routine,5.7,11543.26,1004.0,preventive,True,28,False,False,False
EQP-5FC85658,UNIT-6869,crusher,Metso,2019,processing_plant,tanzania,20402,2022-09-17,overhaul,motor,general_component,major,41.4,78845.16,8134.0,major_overhaul,True,74,True,True,False
EQP-C3AAC2BE,UNIT-7719,drill_rig,Caterpillar,2012,open_pit,ghana,47951,2021-03-09,scheduled_maintenance,preventive,filter_replace,routine,2.6,3466.4,108.0,preventive,True,61,False,False,False
EQP-EDBA161C,UNIT-8407,drill_rig,Caterpillar,2012,underground,zambia,48902,2020-02-25,breakdown,electrical,starter,major,9.2,45417.86,285.0,corrective,False,24,False,False,False
EQP-41E9ABF5,UNIT-4079,haul_truck,Komatsu,2020,processing_plant,botswana,17184,2024-09-15,overhaul,transmission,torque_converter,major,19.8,66164.69,2364.0,major_overhaul,True,114,True,False,False
EQP-02585AA5,UNIT-2511,drill_rig,Caterpillar,2022,open_pit,south_africa,7961,2020-06-17,inspection,preventive,inspection,routine,2.5,2177.1,119.0,preventive,True,159,False,False,False
EQP-CEF5BDAA,UNIT-1237,loader,Volvo,2016,open_pit,ghana,31516,2022-04-12,condition_based,transmission,torque_converter,minor,11.3,23463.47,1115.0,predictive,False,77,False,False,False
EQP-7A56B41C,UNIT-2321,grader,Caterpillar,2021,processing_plant,tanzania,13717,2021-02-01,scheduled_maintenance,preventive,inspection,routine,2.3,840.28,35.0,preventive,True,7,False,False,False
EQP-D43D3B54,UNIT-1586,conveyor,FLSmidth,2021,open_pit,zambia,11729,2021-12-13,scheduled_maintenance,preventive,inspection,minor,2.4,8342.62,1042.0,preventive,True,24,False,False,True
EQP-2BF24BCA,UNIT-8746,excavator,Hitachi,2017,underground,botswana,29193,2023-07-19,overhaul,hydraulics,valve,major,35.9,59026.7,5756.0,major_overhaul,True,141,True,False,False
EQP-54B360F8,UNIT-3415,crusher,Sandvik,2021,processing_plant,zambia,12262,2022-07-05,breakdown,shaft,general_component,minor,32.6,57354.24,6943.0,corrective,False,158,False,False,False
EQP-DA336914,UNIT-8407,loader,Komatsu,2008,open_pit,ghana,65826,2020-03-14,condition_based,hydraulics,pump,routine,4.2,5333.07,285.0,predictive,False,87,True,False,True
EQP-287EA802,UNIT-5977,excavator,Komatsu,2008,processing_plant,tanzania,63150,2020-06-05,scheduled_maintenance,preventive,inspection,routine,3.1,9049.29,500.0,preventive,True,109,True,False,False
EQP-0EA6E4C0,UNIT-5849,loader,Volvo,2022,open_pit,zimbabwe,7149,2024-08-28,overhaul,electrical,battery,major,21.5,33067.23,1447.0,major_overhaul,True,11,False,False,False
EQP-2552C62E,UNIT-5092,haul_truck,Komatsu,2010,underground,botswana,56854,2021-03-29,scheduled_maintenance,preventive,adjustment,routine,3.3,6278.49,433.0,preventive,True,32,False,False,True
EQP-09ECB6F0,UNIT-8371,haul_truck,Hitachi,2019,open_pit,drc,18869,2022-02-08,breakdown,brakes,general_component,critical,29.7,149846.96,2509.0,corrective,False,72,False,True,False
EQP-F12F8E52,UNIT-1390,haul_truck,Caterpillar,2014,underground,drc,40116,2023-11-14,condition_based,engine,injector,minor,11.7,17562.19,1508.0,predictive,False,28,True,False,True
EQP-1DB775C5,UNIT-1834,haul_truck,Belaz,2020,open_pit,ghana,17548,2024-02-18,overhaul,tires,rear_right,major,23.5,70695.09,2663.0,major_overhaul,True,18,False,False,False
EQP-C7F240FE,UNIT-4810,grader,Caterpillar,2018,open_pit,ghana,22215,2021-05-26,inspection,preventive,oil_change,minor,5.2,12645.44,56.0,preventive,True,50,False,False,False
EQP-219F83BA,UNIT-4549,drill_rig,Sandvik,2009,open_pit,botswana,60402,2021-02-03,breakdown,hydraulics,pump,minor,4.2,14608.5,193.0,corrective,False,16,True,False,False
EQP-ED99E33A,UNIT-5909,excavator,Caterpillar,2013,open_pit,botswana,45211,2022-02-26,scheduled_maintenance,preventive,oil_change,routine,3.7,3031.79,573.0,preventive,True,32,False,False,False
EQP-837E3B64,UNIT-7639,drill_rig,Epiroc,2019,underground,drc,19974,2021-08-31,condition_based,hydraulics,valve,minor,5.7,13074.25,247.0,predictive,False,13,False,False,True
EQP-BF68ECB2,UNIT-6287,excavator,Hitachi,2022,open_pit,botswana,7072,2023-06-15,scheduled_maintenance,preventive,oil_change,routine,4.0,2988.12,449.0,preventive,True,19,False,False,False
EQP-53D6E0EE,UNIT-3316,excavator,Liebherr,2020,open_pit,ghana,15737,2023-08-01,breakdown,engine,oil_pump,major,30.4,44501.43,3512.0,corrective,False,27,True,False,True
EQP-8BCC5BA1,UNIT-3945,haul_truck,Komatsu,2022,open_pit,tanzania,7161,2021-04-13,breakdown,transmission,gearbox,major,17.6,72596.12,2480.0,corrective,False,30,True,False,False
EQP-8E8AB2E4,UNIT-7770,crusher,Metso,2023,open_pit,zambia,4069,2021-11-13,breakdown,shaft,general_component,major,42.6,113315.88,9373.0,corrective,False,55,True,False,False
EQP-62F99F04,UNIT-2813,haul_truck,Komatsu,2022,open_pit,zimbabwe,7723,2023-08-08,breakdown,engine,cooling_system,minor,6.1,7638.29,593.0,corrective,False,62,True,False,False
EQP-594FC1CE,UNIT-5537,loader,Caterpillar,2017,open_pit,zimbabwe,27486,2022-07-02,scheduled_maintenance,preventive,oil_change,routine,3.2,3451.34,243.0,preventive,True,35,False,False,False
EQP-FC3EEB4A,UNIT-5848,haul_truck,Komatsu,2013,underground,zambia,44466,2022-09-18,overhaul,hydraulics,cylinder,major,18.2,42903.48,1872.0,major_overhaul,True,52,False,False,True
EQP-E6482849,UNIT-7751,crusher,FLSmidth,2016,underground,tanzania,33579,2023-12-27,condition_based,motor,general_component,routine,11.4,4846.92,3375.0,predictive,False,56,False,True,True
EQP-013907AE,UNIT-7428,loader,Caterpillar,2020,underground,ghana,16327,2023-03-19,breakdown,transmission,torque_converter,minor,6.0,20744.18,359.0,corrective,False,14,True,False,False
EQP-8CF3CF12,UNIT-5181,haul_truck,Belaz,2014,open_pit,tanzania,41343,2023-03-17,scheduled_maintenance,preventive,oil_change,routine,3.5,2421.65,402.0,preventive,True,31,True,True,False
EQP-3F21C084,UNIT-3782,haul_truck,Caterpillar,2021,processing_plant,south_africa,13578,2022-05-16,scheduled_maintenance,preventive,filter_replace,routine,2.3,2498.1,230.0,preventive,True,49,False,False,False
EQP-BD2218A9,UNIT-4310,pump,KSB,2019,underground,south_africa,19413,2024-02-13,condition_based,seal,general_component,minor,4.9,3395.64,285.0,predictive,False,8,False,False,False
EQP-A3DAA0A5,UNIT-4703,drill_rig,Caterpillar,2011,underground,zimbabwe,52274,2020-02-11,inspection,preventive,inspection,minor,4.5,15686.64,189.0,preventive,True,125,False,False,False
EQP-FFD6291B,UNIT-2972,conveyor,ThyssenKrupp,2022,open_pit,zimbabwe,7575,2020-06-04,breakdown,gearbox,general_component,major,8.3,12860.97,2359.0,corrective,False,5,False,True,False
EQP-811AABE9,UNIT-6628,haul_truck,Hitachi,2021,open_pit,botswana,10517,2023-05-02,overhaul,brakes,general_component,major,17.3,44461.2,1654.0,major_overhaul,True,126,False,False,False
EQP-E8AB161D,UNIT-2875,excavator,Hitachi,2017,open_pit,ghana,28355,2022-12-30,breakdown,electrical,sensors,minor,15.0,37070.39,2231.0,corrective,False,77,False,False,False
EQP-284AC00B,UNIT-6837,drill_rig,Sandvik,2011,open_pit,south_africa,50947,2021-05-18,condition_based,hydraulics,valve,routine,1.5,3260.57,53.0,predictive,False,14,True,False,False
EQP-B861FAB1,UNIT-7762,grader,Caterpillar,2011,underground,drc,52484,2022-12-18,inspection,preventive,oil_change,minor,6.8,6076.1,130.0,preventive,True,44,False,False,False
EQP-C4D2DA91,UNIT-9655,excavator,Komatsu,2021,open_pit,tanzania,10444,2020-07-11,condition_based,bucket,general_component,minor,12.3,35797.09,2031.0,predictive,False,1,False,False,False
EQP-5023F796,UNIT-2070,loader,Komatsu,2008,open_pit,botswana,64170,2022-12-28,breakdown,transmission,gearbox,major,24.9,42437.85,1331.0,corrective,False,26,False,False,False
EQP-E5351474,UNIT-7836,crusher,Sandvik,2015,open_pit,tanzania,34429,2021-10-12,breakdown,motor,general_component,major,38.7,135080.5,6636.0,corrective,False,61,False,True,True
EQP-2750F115,UNIT-1773,haul_truck,Belaz,2017,open_pit,drc,28673,2022-11-25,breakdown,tires,front_left,minor,4.8,9271.76,571.0,corrective,False,62,True,True,False
EQP-4E10CB91,UNIT-4034,excavator,Komatsu,2011,open_pit,tanzania,51606,2021-09-05,breakdown,bucket,general_component,minor,14.6,14854.65,1789.0,corrective,False,118,False,False,False
EQP-AA50F0E0,UNIT-2586,haul_truck,Belaz,2021,open_pit,south_africa,11510,2023-07-26,breakdown,transmission,driveshaft,major,16.4,34131.65,1471.0,corrective,False,38,True,False,False
EQP-70222A0E,UNIT-2460,drill_rig,Epiroc,2016,underground,botswana,33126,2020-07-20,breakdown,hydraulics,valve,minor,4.0,12218.54,199.0,corrective,False,70,False,False,False
EQP-D45AD618,UNIT-2577,conveyor,Metso,2009,open_pit,zambia,59678,2024-02-28,scheduled_maintenance,preventive,filter_replace,routine,1.1,1274.76,470.0,preventive,True,162,False,False,False
EQP-86948719,UNIT-1395,drill_rig,Caterpillar,2013,underground,ghana,44110,2022-06-09,breakdown,electrical,alternator,major,14.4,32480.28,469.0,corrective,False,86,False,False,False
EQP-2863F2CA,UNIT-8407,haul_truck,Caterpillar,2014,processing_plant,zambia,39801,2021-02-17,scheduled_maintenance,preventive,oil_change,routine,3.9,3699.24,301.0,preventive,True,3,False,True,False
EQP-59380112,UNIT-1550,crusher,Sandvik,2011,processing_plant,tanzania,52507,2024-09-27,condition_based,hydraulics,valve,routine,10.1,8089.79,2720.0,predictive,False,95,False,False,False
EQP-1865B041,UNIT-4586,conveyor,ThyssenKrupp,2023,underground,south_africa,5042,2020-07-07,breakdown,gearbox,general_component,major,10.8,15718.51,4259.0,corrective,False,17,True,True,False
EQP-29DAA016,UNIT-7291,drill_rig,Caterpillar,2013,open_pit,south_africa,44835,2022-08-24,scheduled_maintenance,preventive,oil_change,minor,6.7,7394.91,220.0,preventive,True,12,False,True,False
EQP-8EC3551C,UNIT-9912,conveyor,Metso,2016,underground,zimbabwe,31533,2020-05-13,condition_based,roller,general_component,minor,3.5,6768.12,1336.0,predictive,False,104,False,False,False
EQP-93F2EE5D,UNIT-8682,haul_truck,Caterpillar,2016,processing_plant,botswana,33209,2024-06-07,scheduled_maintenance,preventive,inspection,routine,3.9,6715.01,555.0,preventive,True,26,False,False,False
EQP-6A9430EB,UNIT-2234,crusher,Metso,2011,open_pit,zambia,51083,2020-10-12,scheduled_maintenance,preventive,oil_change,routine,5.4,14928.98,861.0,preventive,True,44,True,False,False
EQP-02D9C6E6,UNIT-9888,excavator,Caterpillar,2017,open_pit,south_africa,27257,2021-03-29,condition_based,hydraulics,pump,minor,15.7,13519.25,2719.0,predictive,False,45,True,False,True
EQP-444C2A2B,UNIT-6881,excavator,Liebherr,2013,underground,zambia,43872,2023-03-26,scheduled_maintenance,preventive,oil_change,minor,9.1,22337.03,1695.0,preventive,True,11,False,False,False
EQP-F7E89A2A,UNIT-2615,haul_truck,Belaz,2008,open_pit,south_africa,65046,2024-05-11,scheduled_maintenance,preventive,oil_change,minor,8.9,12924.55,1015.0,preventive,True,45,False,False,False
EQP-D43C3847,UNIT-5038,conveyor,FLSmidth,2014,underground,ghana,38829,2022-01-19,inspection,preventive,filter_replace,routine,2.0,1633.8,980.0,preventive,True,52,False,False,False
EQP-0A37E630,UNIT-9260,conveyor,FLSmidth,2017,open_pit,south_africa,28891,2021-04-13,inspection,preventive,oil_change,routine,1.8,1220.73,554.0,preventive,True,113,True,False,False
EQP-0E6BF7E5,UNIT-4535,excavator,Komatsu,2009,open_pit,drc,59945,2021-09-21,scheduled_maintenance,preventive,oil_change,routine,5.5,9022.03,947.0,preventive,True,81,False,False,False
EQP-6A622F85,UNIT-2652,loader,Caterpillar,2020,underground,ghana,15566,2024-07-09,scheduled_maintenance,preventive,oil_change,routine,4.5,5688.98,321.0,preventive,True,2,False,False,True
EQP-41CB582B,UNIT-8874,loader,Caterpillar,2018,underground,south_africa,25097,2024-06-25,inspection,preventive,inspection,routine,3.4,2760.42,234.0,preventive,True,75,False,True,False
EQP-C8490692,UNIT-9575,haul_truck,Hitachi,2012,underground,ghana,47197,2020-08-08,scheduled_maintenance,preventive,oil_change,routine,2.5,3638.51,307.0,preventive,True,68,False,False,False
EQP-D8059320,UNIT-9779,crusher,Metso,2017,processing_plant,zambia,30285,2024-06-08,condition_based,motor,general_component,routine,8.5,9419.56,2052.0,predictive,False,68,False,True,True
EQP-3C059133,UNIT-9600,excavator,Caterpillar,2012,processing_plant,ghana,47823,2024-02-22,breakdown,bucket,general_component,major,23.1,78131.3,3158.0,corrective,False,97,False,False,False
EQP-64D96426,UNIT-8854,pump,KSB,2018,open_pit,south_africa,24149,2022-08-28,breakdown,casing,general_component,minor,3.9,6514.75,268.0,corrective,False,26,False,False,False
EQP-87519ECA,UNIT-5089,haul_truck,Hitachi,2010,processing_plant,drc,57542,2021-04-04,scheduled_maintenance,preventive,filter_replace,routine,1.9,2100.43,211.0,preventive,True,37,False,False,True
EQP-3596B622,UNIT-2730,excavator,Komatsu,2017,open_pit,zimbabwe,28175,2022-04-05,inspection,preventive,filter_replace,routine,5.6,2408.74,1116.0,preventive,True,50,False,False,False
EQP-CD76C4A4,UNIT-6553,drill_rig,Sandvik,2008,open_pit,tanzania,65188,2023-10-27,scheduled_maintenance,preventive,inspection,routine,2.5,3712.91,112.0,preventive,True,82,False,False,False
EQP-59914230,UNIT-2986,excavator,Caterpillar,2008,processing_plant,drc,62046,2021-05-01,overhaul,engine,injector,major,19.1,68721.24,2610.0,major_overhaul,True,76,False,False,True
EQP-2B1BB4D2,UNIT-5257,crusher,Sandvik,2012,open_pit,zimbabwe,47557,2021-09-11,condition_based,bearing,general_component,routine,9.6,11073.03,1963.0,predictive,False,16,False,True,True
EQP-25B9BA6B,UNIT-6904,drill_rig,Epiroc,2010,processing_plant,tanzania,56396,2022-04-07,condition_based,drill_string,general_component,routine,2.6,2206.43,123.0,predictive,False,31,False,False,False
EQP-7640B244,UNIT-9518,haul_truck,Hitachi,2015,open_pit,zimbabwe,37081,2020-05-01,inspection,preventive,adjustment,routine,3.7,2533.03,494.0,preventive,True,117,False,False,False
EQP-812BFDED,UNIT-3601,drill_rig,Sandvik,2010,open_pit,drc,56769,2022-01-09,breakdown,hydraulics,pump,critical,31.8,66687.72,1315.0,corrective,False,74,True,False,False
EQP-F108E1C9,UNIT-3266,grader,Caterpillar,2011,open_pit,south_africa,52676,2020-08-29,scheduled_maintenance,preventive,adjustment,routine,3.1,3316.27,53.0,preventive,True,20,False,False,False
EQP-C9D71E19,UNIT-7611,loader,Caterpillar,2009,underground,ghana,61061,2020-01-13,breakdown,tires,front_right,major,19.1,38509.06,1009.0,corrective,False,47,False,False,False
EQP-9D0B9040,UNIT-1058,drill_rig,Epiroc,2022,processing_plant,ghana,8475,2021-11-27,scheduled_maintenance,preventive,filter_replace,routine,2.7,1331.5,74.0,preventive,True,15,False,False,False
EQP-464C3404,UNIT-6097,excavator,Komatsu,2019,open_pit,ghana,17856,2023-09-27,breakdown,hydraulics,pump,minor,16.5,17402.99,2171.0,corrective,False,45,False,False,False
EQP-D3D5076D,UNIT-7712,haul_truck,Caterpillar,2011,open_pit,botswana,53442,2024-11-03,condition_based,tires,front_right,routine,1.8,6669.11,199.0,predictive,False,29,True,True,False
EQP-F64F5626,UNIT-5957,grader,John Deere,2009,open_pit,south_africa,59162,2022-02-28,inspection,preventive,adjustment,routine,2.3,2340.93,39.0,preventive,True,44,False,False,False
EQP-25F6FC35,UNIT-4455,crusher,Sandvik,2021,open_pit,drc,12313,2023-09-18,breakdown,shaft,general_component,minor,14.5,53400.41,3876.0,corrective,False,107,False,False,False
EQP-DF926098,UNIT-8456,conveyor,Metso,2018,underground,botswana,24181,2021-02-05,scheduled_maintenance,preventive,inspection,routine,1.3,2390.67,613.0,preventive,True,3,False,False,False
EQP-F2D4108B,UNIT-4338,grader,Komatsu,2022,underground,zambia,8047,2023-02-19,condition_based,blade,general_component,minor,4.0,4803.49,51.0,predictive,False,44,True,False,False
EQP-E2C8538F,UNIT-7394,haul_truck,Komatsu,2010,open_pit,south_africa,54893,2023-04-14,condition_based,electrical,sensors,routine,3.5,7159.34,459.0,predictive,False,25,False,False,False
EQP-125DECBF,UNIT-5176,crusher,Sandvik,2013,open_pit,botswana,42061,2021-08-21,overhaul,motor,general_component,major,51.5,93395.92,15409.0,major_overhaul,True,48,False,True,False
EQP-40E5BF1D,UNIT-1239,haul_truck,Komatsu,2009,underground,ghana,58997,2022-03-16,breakdown,electrical,alternator,major,18.4,61422.24,1667.0,corrective,False,124,True,True,False
EQP-2C5C4F5C,UNIT-5774,haul_truck,Caterpillar,2014,open_pit,south_africa,40826,2023-04-21,breakdown,brakes,general_component,major,20.9,48140.76,1677.0,corrective,False,15,False,False,False
EQP-08B9C7BA,UNIT-1445,drill_rig,Epiroc,2010,open_pit,drc,54553,2021-07-18,inspection,preventive,adjustment,routine,2.5,3458.47,119.0,preventive,True,105,True,False,False
EQP-FB4388F5,UNIT-9377,excavator,Hitachi,2008,underground,south_africa,63119,2022-12-22,breakdown,hydraulics,hose,critical,62.4,300929.78,7082.0,corrective,False,29,True,False,True
EQP-B3E0B627,UNIT-6413,pump,Weir,2016,open_pit,tanzania,32418,2021-02-19,condition_based,bearing,general_component,routine,1.7,612.78,146.0,predictive,False,1,False,False,False
EQP-C1E5BC72,UNIT-4347,excavator,Hitachi,2023,open_pit,south_africa,2972,2022-08-22,breakdown,hydraulics,cylinder,major,29.5,65867.43,4093.0,corrective,False,190,True,False,True
EQP-E197F82E,UNIT-5375,loader,Caterpillar,2018,open_pit,tanzania,23456,2020-04-16,scheduled_maintenance,preventive,inspection,routine,2.7,2191.64,183.0,preventive,True,127,False,False,False
EQP-C5FBD1C7,UNIT-6571,loader,Komatsu,2020,underground,south_africa,16081,2022-03-14,scheduled_maintenance,preventive,filter_replace,minor,5.3,8147.51,514.0,preventive,True,98,False,False,True
EQP-F553A214,UNIT-3341,crusher,Metso,2020,open_pit,botswana,16282,2022-06-24,condition_based,hydraulics,pump,routine,10.2,10103.32,2067.0,predictive,False,197,True,False,True
EQP-11462CC8,UNIT-3595,grader,Caterpillar,2023,processing_plant,south_africa,2952,2024-01-29,breakdown,transmission,torque_converter,minor,5.3,12163.16,75.0,corrective,False,74,False,False,True
EQP-851F63D0,UNIT-4767,drill_rig,Epiroc,2010,open_pit,botswana,56140,2021-11-06,inspection,preventive,filter_replace,routine,1.4,2030.27,36.0,preventive,True,15,False,False,False
EQP-6408D12E,UNIT-3326,excavator,Hitachi,2012,open_pit,south_africa,48398,2020-01-12,inspection,preventive,oil_change,routine,3.9,2058.6,462.0,preventive,True,145,False,False,True
EQP-4167C0A8,UNIT-7820,haul_truck,Hitachi,2017,underground,tanzania,26726,2020-03-13,condition_based,electrical,battery,routine,3.8,7324.56,388.0,predictive,False,29,False,False,False
EQP-9755624E,UNIT-1934,excavator,Komatsu,2021,open_pit,tanzania,12214,2022-08-28,overhaul,electrical,sensors,major,30.9,68490.96,5148.0,major_overhaul,True,37,False,False,False
EQP-FEA53630,UNIT-8438,grader,Caterpillar,2020,open_pit,zambia,15283,2024-01-02,inspection,preventive,inspection,routine,3.5,2885.84,37.0,preventive,True,31,False,False,False
EQP-4DB9FBD9,UNIT-4136,drill_rig,Epiroc,2019,open_pit,south_africa,20123,2024-05-21,condition_based,electrical,battery,minor,4.6,6128.34,155.0,predictive,False,55,False,False,False
EQP-F73C915F,UNIT-6050,excavator,Liebherr,2012,underground,zambia,48723,2023-12-25,scheduled_maintenance,preventive,inspection,minor,16.0,28606.53,2184.0,preventive,True,2,False,True,False
EQP-C45B6511,UNIT-2419,haul_truck,Caterpillar,2013,open_pit,zambia,43823,2021-09-03,inspection,preventive,adjustment,routine,2.6,6075.6,349.0,preventive,True,24,False,False,False
EQP-1892D4C7,UNIT-4467,drill_rig,Caterpillar,2009,processing_plant,zambia,60913,2022-06-01,overhaul,hydraulics,hose,major,17.8,21421.64,567.0,major_overhaul,True,91,True,False,False
EQP-6761A0E6,UNIT-7790,crusher,Sandvik,2013,open_pit,zambia,44790,2024-05-17,scheduled_maintenance,preventive,oil_change,routine,8.9,9282.87,2526.0,preventive,True,34,False,False,False
EQP-B5286288,UNIT-3436,excavator,Caterpillar,2010,open_pit,botswana,56907,2024-02-19,breakdown,electrical,wiring,major,28.9,48520.78,5618.0,corrective,False,98,False,False,False
EQP-DB720DFF,UNIT-2190,loader,Volvo,2023,open_pit,botswana,4403,2022-03-28,breakdown,transmission,torque_converter,minor,14.2,8644.55,867.0,corrective,False,30,False,False,False
EQP-99092B9E,UNIT-5696,conveyor,Metso,2009,open_pit,drc,61100,2022-05-15,condition_based,belt,general_component,routine,1.9,1729.6,654.0,predictive,False,32,False,False,False
EQP-2BB249F4,UNIT-2462,loader,Komatsu,2013,processing_plant,south_africa,44385,2020-05-04,overhaul,tires,front_right,major,15.3,46293.29,1326.0,major_overhaul,True,40,False,False,False
EQP-98F4A6A1,UNIT-3832,excavator,Caterpillar,2022,open_pit,south_africa,6332,2020-10-31,breakdown,engine,turbo,major,22.2,73226.2,2816.0,corrective,False,123,True,False,False
EQP-989FD34D,UNIT-5053,conveyor,FLSmidth,2023,processing_plant,zimbabwe,3207,2022-08-10,overhaul,belt,general_component,major,9.7,17652.53,4428.0,major_overhaul,True,2,False,False,False
EQP-EFE25CA5,UNIT-6076,haul_truck,Caterpillar,2014,open_pit,botswana,39788,2022-07-20,breakdown,electrical,wiring,critical,24.2,180747.43,3583.0,corrective,False,10,False,False,False
EQP-1C6F5C9F,UNIT-6753,excavator,Caterpillar,2015,underground,drc,35912,2022-10-31,scheduled_maintenance,preventive,filter_replace,routine,3.5,5849.77,571.0,preventive,True,110,False,False,False
EQP-9F46616C,UNIT-7089,crusher,Sandvik,2016,open_pit,south_africa,32357,2021-07-16,inspection,preventive,oil_change,routine,6.2,7013.52,1080.0,preventive,True,273,False,False,True
EQP-2BE3AF2B,UNIT-8597,conveyor,ThyssenKrupp,2021,underground,ghana,11193,2021-02-12,overhaul,roller,general_component,major,9.1,13859.95,2279.0,major_overhaul,True,29,False,False,False
EQP-2ABCCA63,UNIT-1594,haul_truck,Caterpillar,2020,open_pit,ghana,18008,2022-03-25,scheduled_maintenance,preventive,inspection,minor,8.8,13477.02,931.0,preventive,True,132,False,True,False
EQP-A78A7C55,UNIT-4260,loader,Komatsu,2016,underground,botswana,31897,2024-04-30,overhaul,tires,rear_left,major,17.8,56691.6,1092.0,major_overhaul,True,6,False,False,False
EQP-96ECCA01,UNIT-1009,haul_truck,Belaz,2013,processing_plant,zimbabwe,43992,2024-10-13,inspection,preventive,adjustment,routine,2.9,3100.25,386.0,preventive,True,6,False,False,False
EQP-3B86353E,UNIT-1084,conveyor,Metso,2013,underground,south_africa,43329,2020-04-04,inspection,preventive,oil_change,routine,1.3,1249.03,478.0,preventive,True,29,False,False,False
EQP-5F014E8F,UNIT-2910,pump,Metso,2018,open_pit,ghana,22996,2021-10-01,inspection,preventive,filter_replace,minor,6.0,5024.5,490.0,preventive,True,40,False,False,True
EQP-8D9A07F9,UNIT-6382,conveyor,ThyssenKrupp,2021,underground,south_africa,11873,2022-07-27,scheduled_maintenance,preventive,adjustment,minor,2.3,8070.2,924.0,preventive,True,126,False,False,False
EQP-AE97B47A,UNIT-9049,loader,Volvo,2009,open_pit,zambia,60027,2021-01-23,breakdown,transmission,gearbox,major,27.6,51975.5,1430.0,corrective,False,181,False,False,False
EQP-CDC60A56,UNIT-7961,conveyor,Metso,2020,open_pit,zimbabwe,15913,2021-09-27,breakdown,gearbox,general_component,minor,6.0,7912.59,2562.0,corrective,False,2,False,True,False
EQP-1273588E,UNIT-6815,loader,Volvo,2015,open_pit,south_africa,37655,2020-08-19,breakdown,engine,oil_pump,minor,10.4,11454.56,949.0,corrective,False,13,False,False,False
EQP-9D1EA6F7,UNIT-8002,crusher,FLSmidth,2010,processing_plant,ghana,55873,2022-04-14,breakdown,bearing,general_component,minor,28.3,22339.16,6245.0,corrective,False,55,False,False,False
EQP-F68C8667,UNIT-2547,crusher,Sandvik,2009,open_pit,botswana,59914,2024-05-10,breakdown,shaft,general_component,major,40.6,133532.39,9635.0,corrective,False,8,False,False,False
EQP-BBC0BBCC,UNIT-8557,haul_truck,Komatsu,2013,underground,tanzania,44815,2024-07-29,breakdown,electrical,alternator,minor,6.8,27175.95,583.0,corrective,False,143,False,False,False
EQP-CFEEBB65,UNIT-9011,loader,Volvo,2011,underground,zambia,51828,2020-01-27,scheduled_maintenance,preventive,oil_change,routine,2.5,5582.04,207.0,preventive,True,9,False,False,False
EQP-C0F3DF76,UNIT-1855,haul_truck,Belaz,2009,open_pit,drc,60539,2023-02-20,breakdown,tires,rear_left,critical,56.7,268127.12,8248.0,corrective,False,30,False,False,False
EQP-3E862F06,UNIT-5229,pump,KSB,2012,open_pit,botswana,46720,2024-06-21,scheduled_maintenance,preventive,adjustment,routine,1.9,978.2,163.0,preventive,True,104,False,False,False
EQP-711AAC9B,UNIT-8469,haul_truck,Hitachi,2021,underground,zimbabwe,10728,2023-10-14,breakdown,hydraulics,filter,major,12.4,36907.77,943.0,corrective,False,24,True,False,False
EQP-3A48E17B,UNIT-5284,haul_truck,Komatsu,2019,open_pit,botswana,20122,2020-04-21,breakdown,tires,rear_left,minor,8.0,22584.63,786.0,corrective,False,149,False,False,False
EQP-217656BE,UNIT-8563,loader,Caterpillar,2011,open_pit,south_africa,51768,2021-12-02,condition_based,electrical,alternator,routine,4.2,4317.2,410.0,predictive,False,278,False,False,False
EQP-554C0878,UNIT-9418,haul_truck,Caterpillar,2018,open_pit,south_africa,23190,2023-09-16,inspection,preventive,inspection,routine,2.6,2987.39,325.0,preventive,True,31,False,False,False
EQP-6F68465F,UNIT-5271,excavator,Liebherr,2015,processing_plant,south_africa,36121,2024-10-29,condition_based,bucket,general_component,routine,4.3,6961.77,570.0,predictive,False,2,False,False,False
EQP-8C1EFB23,UNIT-1535,crusher,Sandvik,2019,open_pit,tanzania,20209,2021-06-12,condition_based,shaft,general_component,minor,22.9,59920.93,5498.0,predictive,False,66,False,False,False
EQP-E3527D3B,UNIT-4060,haul_truck,Caterpillar,2011,open_pit,zimbabwe,51290,2021-05-24,overhaul,transmission,clutch,major,19.2,37584.03,1675.0,major_overhaul,True,63,True,False,False
EQP-1108D2DC,UNIT-2936,haul_truck,Caterpillar,2008,open_pit,south_africa,63481,2021-03-25,condition_based,brakes,general_component,routine,1.8,3771.47,260.0,predictive,False,73,False,False,False
EQP-20FE2496,UNIT-5266,drill_rig,Sandvik,2013,open_pit,botswana,44216,2024-05-29,breakdown,hydraulics,cylinder,major,13.9,31731.49,483.0,corrective,False,5,False,False,True
EQP-5E27658E,UNIT-6271,haul_truck,Hitachi,2023,processing_plant,botswana,2978,2020-11-19,breakdown,brakes,general_component,major,18.1,39608.93,1618.0,corrective,False,164,False,False,False
EQP-DAA3A71C,UNIT-5174,haul_truck,Hitachi,2016,underground,south_africa,31395,2021-10-20,scheduled_maintenance,preventive,oil_change,routine,2.0,6228.42,161.0,preventive,True,5,True,False,False
EQP-17B1E3A8,UNIT-2759,haul_truck,Komatsu,2008,underground,zambia,64533,2020-08-30,scheduled_maintenance,preventive,inspection,routine,2.9,5743.82,225.0,preventive,True,12,False,False,False
EQP-609C8EF0,UNIT-3710,excavator,Hitachi,2023,underground,zambia,3976,2024-08-18,inspection,preventive,inspection,routine,4.1,3735.76,674.0,preventive,True,26,False,False,False
EQP-7873623C,UNIT-7115,excavator,Komatsu,2021,open_pit,south_africa,11522,2020-04-29,breakdown,hydraulics,valve,minor,13.1,35733.87,2203.0,corrective,False,30,False,False,True
EQP-3C04B663,UNIT-1242,haul_truck,Belaz,2016,underground,zimbabwe,31096,2022-07-02,overhaul,brakes,general_component,major,18.8,49161.01,2339.0,major_overhaul,True,3,True,False,False
EQP-DB54DDE5,UNIT-2926,conveyor,ThyssenKrupp,2019,processing_plant,south_africa,18986,2020-10-06,scheduled_maintenance,preventive,oil_change,routine,1.3,1601.82,427.0,preventive,True,221,False,False,False
EQP-FAB581C4,UNIT-9030,conveyor,Metso,2010,underground,botswana,55868,2022-01-02,overhaul,motor,general_component,major,10.7,20273.39,4795.0,major_overhaul,True,27,False,True,False
EQP-E556C094,UNIT-1892,haul_truck,Komatsu,2017,underground,tanzania,30025,2022-11-25,scheduled_maintenance,preventive,filter_replace,routine,2.5,6744.95,345.0,preventive,True,71,False,False,False
EQP-4A6AFF20,UNIT-4732,excavator,Liebherr,2022,open_pit,botswana,8565,2023-06-11,breakdown,engine,injector,major,26.5,53610.1,4248.0,corrective,False,19,False,True,False
EQP-2CE3DE23,UNIT-2862,grader,John Deere,2015,processing_plant,zimbabwe,34667,2022-10-22,scheduled_maintenance,preventive,inspection,routine,2.6,2695.51,42.0,preventive,True,41,False,False,True
EQP-90B5885E,UNIT-1941,conveyor,ThyssenKrupp,2008,open_pit,south_africa,64707,2022-02-08,breakdown,roller,general_component,major,8.9,20073.64,2653.0,corrective,False,9,False,True,False
EQP-5AD9E0CB,UNIT-4804,drill_rig,Epiroc,2020,underground,ghana,15241,2021-05-20,breakdown,compressor,general_component,minor,7.8,18295.71,362.0,corrective,False,18,False,False,False
EQP-B5E74B93,UNIT-5692,drill_rig,Sandvik,2019,open_pit,zimbabwe,19995,2023-12-16,inspection,preventive,inspection,minor,7.3,16584.4,198.0,preventive,True,59,True,True,False
EQP-991D3F3E,UNIT-2585,haul_truck,Belaz,2019,underground,ghana,19411,2023-05-08,scheduled_maintenance,preventive,oil_change,routine,1.7,6986.61,230.0,preventive,True,8,False,True,False
EQP-41B23C6F,UNIT-1700,loader,Volvo,2018,processing_plant,zimbabwe,26022,2023-04-24,breakdown,hydraulics,valve,minor,9.9,7354.19,702.0,corrective,False,17,True,False,True
EQP-DC1C77EE,UNIT-2212,grader,John Deere,2010,underground,ghana,54865,2023-10-17,scheduled_maintenance,preventive,adjustment,minor,5.0,9105.48,55.0,preventive,True,19,False,False,False
EQP-99DB578C,UNIT-6863,grader,John Deere,2009,open_pit,south_africa,60313,2021-01-31,scheduled_maintenance,preventive,oil_change,routine,3.4,1780.25,36.0,preventive,True,61,False,False,False
EQP-129928C2,UNIT-8741,haul_truck,Caterpillar,2020,underground,drc,15314,2024-10-30,breakdown,electrical,battery,critical,79.3,186866.25,11827.0,corrective,False,155,True,False,False
EQP-7079376B,UNIT-2622,excavator,Hitachi,2021,processing_plant,zimbabwe,12738,2024-07-12,breakdown,bucket,general_component,major,29.1,88648.64,4566.0,corrective,False,35,False,False,False
EQP-DEFB2C48,UNIT-3883,haul_truck,Hitachi,2009,underground,drc,60293,2022-03-02,inspection,preventive,filter_replace,routine,2.5,4455.36,271.0,preventive,True,38,False,False,False
EQP-F1882870,UNIT-4093,excavator,Hitachi,2017,processing_plant,zambia,29254,2021-01-02,breakdown,undercarriage,general_component,minor,6.9,11054.55,1329.0,corrective,False,3,True,False,False
EQP-80FE592D,UNIT-4246,excavator,Caterpillar,2016,processing_plant,drc,32718,2021-11-05,overhaul,undercarriage,general_component,major,24.0,80249.17,3511.0,major_overhaul,True,120,True,False,False
EQP-4F11109F,UNIT-3198,conveyor,ThyssenKrupp,2013,processing_plant,tanzania,43306,2021-11-30,breakdown,pulley,general_component,major,9.2,10154.4,4248.0,corrective,False,33,True,False,False
EQP-39408F34,UNIT-1497,haul_truck,Hitachi,2018,open_pit,zambia,26916,2024-10-17,condition_based,transmission,gearbox,routine,3.7,2086.51,514.0,predictive,False,37,True,False,False
EQP-488097D2,UNIT-5725,grader,Komatsu,2022,open_pit,zambia,8555,2021-06-03,condition_based,hydraulics,hose,routine,2.8,3128.73,49.0,predictive,False,33,True,False,False
EQP-56B0AA00,UNIT-4215,haul_truck,Hitachi,2021,processing_plant,drc,11449,2024-08-22,breakdown,brakes,general_component,minor,11.9,26197.51,977.0,corrective,False,64,False,False,False
EQP-DEE9C0FD,UNIT-4079,haul_truck,Hitachi,2010,processing_plant,drc,56205,2021-02-19,condition_based,engine,turbo,routine,2.5,3408.69,366.0,predictive,False,130,False,False,False
EQP-9F49FD43,UNIT-3382,loader,Komatsu,2015,open_pit,south_africa,36630,2024-07-26,scheduled_maintenance,preventive,filter_replace,routine,2.0,3931.23,163.0,preventive,True,45,False,False,False
EQP-F2A43C88,UNIT-9363,crusher,FLSmidth,2022,open_pit,zambia,8592,2024-08-01,scheduled_maintenance,preventive,oil_change,minor,27.1,39623.31,5726.0,preventive,True,60,False,False,False
EQP-2B6D959E,UNIT-6493,excavator,Hitachi,2011,open_pit,south_africa,52496,2022-12-31,inspection,preventive,oil_change,routine,3.2,2444.79,565.0,preventive,True,173,False,True,False
EQP-351B331C,UNIT-4767,conveyor,ThyssenKrupp,2021,underground,tanzania,12966,2020-07-12,overhaul,motor,general_component,major,7.5,18172.71,2014.0,major_overhaul,True,10,False,True,False
EQP-214F4825,UNIT-2848,haul_truck,Belaz,2015,processing_plant,tanzania,36868,2023-01-16,breakdown,transmission,driveshaft,minor,4.1,7746.83,362.0,corrective,False,8,False,False,False
EQP-AD9A0BDE,UNIT-8209,haul_truck,Caterpillar,2016,underground,drc,31152,2024-06-28,condition_based,tires,front_left,routine,2.9,6419.82,365.0,predictive,False,10,False,False,False
EQP-073B2669,UNIT-8994,drill_rig,Caterpillar,2012,open_pit,tanzania,50108,2024-07-28,breakdown,drill_string,general_component,critical,28.4,162220.15,1157.0,corrective,False,143,False,False,False
EQP-DAE94526,UNIT-1290,excavator,Liebherr,2022,open_pit,zimbabwe,9968,2022-04-03,breakdown,engine,injector,minor,17.9,18511.35,2729.0,corrective,False,39,True,True,False
EQP-F9EB1200,UNIT-9366,conveyor,FLSmidth,2016,processing_plant,south_africa,32800,2022-05-13,breakdown,roller,general_component,major,11.0,13934.96,4605.0,corrective,False,1,False,True,False
EQP-4C8F141F,UNIT-7294,haul_truck,Hitachi,2017,open_pit,zimbabwe,28038,2021-11-22,scheduled_maintenance,preventive,adjustment,routine,3.3,2640.74,483.0,preventive,True,18,True,False,False
EQP-48E8DD89,UNIT-1898,crusher,FLSmidth,2015,open_pit,botswana,36055,2021-01-19,condition_based,liner,general_component,routine,7.3,14433.15,1238.0,predictive,False,64,False,False,False
EQP-148719E5,UNIT-7777,loader,Komatsu,2009,open_pit,south_africa,59676,2023-03-22,scheduled_maintenance,preventive,adjustment,routine,2.2,5259.78,148.0,preventive,True,74,False,False,False
EQP-1379F92B,UNIT-1966,haul_truck,Komatsu,2020,processing_plant,south_africa,15805,2024-11-08,overhaul,engine,turbo,major,20.0,67698.14,1940.0,major_overhaul,True,62,False,False,True
EQP-8F1FF04B,UNIT-1457,haul_truck,Belaz,2013,open_pit,zambia,41813,2021-04-25,condition_based,hydraulics,filter,minor,4.2,17989.8,610.0,predictive,False,167,False,False,True
EQP-647CE736,UNIT-2037,drill_rig,Caterpillar,2011,open_pit,drc,53530,2024-02-24,breakdown,drill_string,general_component,major,13.0,44345.64,386.0,corrective,False,22,False,False,False
EQP-B73030AA,UNIT-5138,loader,Caterpillar,2020,open_pit,zambia,17177,2020-06-21,breakdown,electrical,sensors,major,15.8,45296.27,1081.0,corrective,False,245,False,False,False
EQP-E24E1995,UNIT-6575,crusher,FLSmidth,2011,processing_plant,zambia,50323,2020-04-10,scheduled_maintenance,preventive,filter_replace,routine,8.8,6593.54,2516.0,preventive,True,50,False,False,False
EQP-23479E8A,UNIT-4665,crusher,Metso,2018,open_pit,tanzania,24889,2024-06-09,scheduled_maintenance,preventive,oil_change,minor,25.4,34369.59,6363.0,preventive,True,18,False,False,False
EQP-CEA76DDC,UNIT-2097,drill_rig,Sandvik,2015,open_pit,south_africa,35992,2020-07-21,breakdown,compressor,general_component,major,13.8,32272.68,356.0,corrective,False,47,False,False,False
EQP-849D329A,UNIT-2792,haul_truck,Belaz,2020,open_pit,drc,15800,2022-01-15,breakdown,engine,oil_pump,major,20.6,45832.11,3029.0,corrective,False,35,True,False,False
EQP-33B52E28,UNIT-8670,conveyor,Metso,2008,open_pit,tanzania,64492,2024-05-06,scheduled_maintenance,preventive,inspection,routine,1.1,984.59,292.0,preventive,True,18,False,False,False
EQP-F98EAB7A,UNIT-9662,haul_truck,Caterpillar,2020,processing_plant,ghana,14257,2021-09-19,scheduled_maintenance,preventive,filter_replace,routine,2.2,3889.47,251.0,preventive,True,246,False,False,False
EQP-8A387C72,UNIT-7787,crusher,Metso,2011,underground,drc,51988,2021-06-25,condition_based,bearing,general_component,routine,7.8,10191.5,1453.0,predictive,False,6,False,False,False
EQP-94D15132,UNIT-1930,haul_truck,Komatsu,2021,open_pit,south_africa,12079,2020-03-14,condition_based,tires,front_right,routine,3.3,2677.12,404.0,predictive,False,28,False,True,False
EQP-FD10615E,UNIT-8377,excavator,Caterpillar,2013,processing_plant,south_africa,44080,2023-06-07,overhaul,electrical,alternator,major,20.1,48510.78,2580.0,major_overhaul,True,94,False,False,False
EQP-C8B33881,UNIT-7227,drill_rig,Sandvik,2008,open_pit,drc,62632,2021-07-30,inspection,preventive,filter_replace,routine,2.8,3760.91,127.0,preventive,True,27,False,False,False
EQP-38AF6E36,UNIT-5734,drill_rig,Epiroc,2015,processing_plant,ghana,36446,2020-07-31,scheduled_maintenance,preventive,adjustment,routine,1.7,3105.35,67.0,preventive,True,4,False,False,False
EQP-6FAEBE6B,UNIT-2289,conveyor,Metso,2008,open_pit,zimbabwe,65059,2022-05-04,scheduled_maintenance,preventive,oil_change,routine,1.0,1204.34,328.0,preventive,True,104,False,False,False
EQP-BB1E4094,UNIT-9969,drill_rig,Sandvik,2012,open_pit,zambia,48407,2020-11-02,breakdown,compressor,general_component,major,14.4,47237.06,672.0,corrective,False,36,False,False,True
EQP-8B519A63,UNIT-4983,grader,Komatsu,2019,processing_plant,tanzania,19770,2024-03-07,overhaul,blade,general_component,major,15.3,27071.69,272.0,major_overhaul,True,101,False,False,True
EQP-401EE9DE,UNIT-1397,loader,Komatsu,2016,processing_plant,tanzania,34689,2023-09-07,scheduled_maintenance,preventive,filter_replace,routine,3.2,2792.34,239.0,preventive,True,27,False,False,False
EQP-09ECB30B,UNIT-2889,grader,Caterpillar,2019,underground,south_africa,19075,2024-10-29,breakdown,electrical,sensors,minor,4.5,6595.07,67.0,corrective,False,57,False,False,False
EQP-A9B1D00A,UNIT-4610,conveyor,Metso,2022,underground,south_africa,8773,2024-10-28,condition_based,pulley,general_component,routine,1.4,1146.34,514.0,predictive,False,40,True,False,False
EQP-274A4203,UNIT-1560,conveyor,ThyssenKrupp,2015,processing_plant,tanzania,36243,2024-02-15,scheduled_maintenance,preventive,oil_change,minor,3.2,4553.1,1232.0,preventive,True,31,True,False,False
EQP-D5E3C354,UNIT-3915,conveyor,Metso,2016,underground,ghana,34012,2022-06-22,overhaul,motor,general_component,major,7.0,23002.14,3252.0,major_overhaul,True,66,False,True,False
EQP-AFFBF0AE,UNIT-5215,drill_rig,Sandvik,2008,open_pit,ghana,64386,2020-11-02,breakdown,drill_string,general_component,major,12.5,46759.64,336.0,corrective,False,117,False,True,False
EQP-388252F8,UNIT-9536,excavator,Hitachi,2012,open_pit,south_africa,48601,2020-03-18,scheduled_maintenance,preventive,inspection,routine,5.2,5300.64,722.0,preventive,True,93,False,True,True
EQP-D2C2428A,UNIT-1777,conveyor,ThyssenKrupp,2019,underground,zimbabwe,20505,2020-06-13,overhaul,motor,general_component,major,10.6,13914.28,4638.0,major_overhaul,True,15,False,True,True
EQP-67CEFFA9,UNIT-6191,haul_truck,Komatsu,2008,underground,ghana,62941,2021-02-25,scheduled_maintenance,preventive,inspection,routine,2.5,2282.09,368.0,preventive,True,32,False,False,False
EQP-4708871E,UNIT-9240,haul_truck,Hitachi,2013,processing_plant,south_africa,43131,2024-05-08,scheduled_maintenance,preventive,inspection,routine,3.9,5796.79,337.0,preventive,True,43,False,False,False
EQP-1174C69D,UNIT-8254,loader,Komatsu,2010,open_pit,drc,55724,2021-01-17,scheduled_maintenance,preventive,inspection,minor,6.3,21823.57,329.0,preventive,True,17,False,False,False
EQP-5D0B1951,UNIT-9323,haul_truck,Caterpillar,2021,open_pit,zimbabwe,12957,2020-06-15,condition_based,electrical,wiring,routine,3.7,3966.7,501.0,predictive,False,5,False,False,False
EQP-6107C45E,UNIT-2532,conveyor,ThyssenKrupp,2016,open_pit,ghana,32233,2024-08-10,breakdown,gearbox,general_component,major,11.9,23123.48,5862.0,corrective,False,58,False,True,False
EQP-54515BFC,UNIT-8211,conveyor,ThyssenKrupp,2018,processing_plant,zimbabwe,23793,2022-02-23,breakdown,pulley,general_component,major,9.4,13712.7,4030.0,corrective,False,200,False,False,False
EQP-43C0E40D,UNIT-9806,haul_truck,Belaz,2018,open_pit,drc,25372,2022-01-24,scheduled_maintenance,preventive,inspection,minor,4.5,21196.05,524.0,preventive,True,53,False,False,False
EQP-81079384,UNIT-3933,grader,Caterpillar,2011,processing_plant,drc,50017,2021-06-26,breakdown,transmission,driveshaft,major,23.1,17946.21,285.0,corrective,False,77,True,False,False
EQP-AD9AFE97,UNIT-5487,haul_truck,Hitachi,2008,open_pit,ghana,62704,2024-09-01,scheduled_maintenance,preventive,filter_replace,routine,2.6,4878.75,382.0,preventive,True,17,False,False,False
EQP-05CE50EA,UNIT-5777,grader,John Deere,2014,open_pit,south_africa,37503,2021-09-18,scheduled_maintenance,preventive,filter_replace,minor,5.4,11664.17,93.0,preventive,True,179,False,True,False
EQP-0E15405F,UNIT-5442,loader,Caterpillar,2010,processing_plant,ghana,57208,2024-03-27,condition_based,electrical,sensors,routine,4.7,4293.02,398.0,predictive,False,145,False,False,False
EQP-F402FDA7,UNIT-3607,haul_truck,Belaz,2013,open_pit,tanzania,43903,2024-11-20,scheduled_maintenance,preventive,oil_change,minor,7.4,25022.66,1044.0,preventive,True,1,True,False,False
EQP-F7A9A8B2,UNIT-9736,haul_truck,Caterpillar,2013,processing_plant,south_africa,44966,2022-03-22,scheduled_maintenance,preventive,filter_replace,routine,2.8,2068.47,394.0,preventive,True,1,False,False,False
EQP-7C5DBBB5,UNIT-9607,excavator,Komatsu,2020,open_pit,botswana,15890,2023-06-15,breakdown,engine,injector,minor,12.9,18356.82,1394.0,corrective,False,29,False,False,True
EQP-2607B379,UNIT-4426,excavator,Liebherr,2013,underground,south_africa,45023,2020-02-14,scheduled_maintenance,preventive,filter_replace,routine,5.7,7544.51,581.0,preventive,True,24,False,False,True
EQP-F7C0336D,UNIT-8246,haul_truck,Hitachi,2010,underground,ghana,55873,2023-11-07,breakdown,electrical,starter,critical,52.2,208216.92,4787.0,corrective,False,36,False,False,False
EQP-3EA59E9A,UNIT-4577,pump,KSB,2023,processing_plant,zambia,4409,2024-10-17,overhaul,bearing,general_component,major,11.3,19393.43,1079.0,major_overhaul,True,12,False,True,True
EQP-C9AA69D9,UNIT-8152,haul_truck,Komatsu,2008,open_pit,tanzania,64263,2020-12-17,breakdown,transmission,clutch,minor,5.4,25144.03,621.0,corrective,False,11,True,False,False
EQP-A69D8705,UNIT-6262,loader,Volvo,2011,open_pit,south_africa,52337,2020-01-19,inspection,preventive,filter_replace,minor,11.2,14477.64,923.0,preventive,True,26,False,False,False
EQP-DF42689F,UNIT-5231,haul_truck,Caterpillar,2013,underground,south_africa,45684,2020-03-20,scheduled_maintenance,preventive,inspection,routine,2.9,4702.48,293.0,preventive,True,68,False,False,False
EQP-26C128ED,UNIT-2152,pump,KSB,2009,processing_plant,zambia,58375,2024-03-21,inspection,preventive,filter_replace,minor,3.3,5958.19,235.0,preventive,True,159,False,False,False
EQP-895053A3,UNIT-6890,haul_truck,Caterpillar,2022,processing_plant,ghana,7931,2021-03-14,inspection,preventive,adjustment,routine,2.1,1561.37,205.0,preventive,True,108,False,False,False
EQP-92FE97AE,UNIT-3889,drill_rig,Sandvik,2013,processing_plant,zambia,44197,2022-01-13,inspection,preventive,adjustment,minor,3.4,10463.19,165.0,preventive,True,15,False,False,False
EQP-12B7D527,UNIT-2951,conveyor,FLSmidth,2020,underground,tanzania,16048,2021-08-27,scheduled_maintenance,preventive,oil_change,routine,1.1,743.8,388.0,preventive,True,89,False,True,False
EQP-68A780E1,UNIT-2738,haul_truck,Komatsu,2010,underground,south_africa,55602,2021-06-26,breakdown,hydraulics,hose,minor,9.4,12887.41,1294.0,corrective,False,5,False,False,False
EQP-A2250BA8,UNIT-9835,loader,Caterpillar,2016,processing_plant,tanzania,31465,2020-10-24,condition_based,electrical,starter,routine,2.8,5181.63,162.0,predictive,False,7,False,False,False
EQP-BCF50E21,UNIT-1929,excavator,Liebherr,2010,processing_plant,south_africa,57530,2022-01-04,breakdown,undercarriage,general_component,minor,14.7,26454.15,1936.0,corrective,False,71,False,False,False
EQP-1F10B703,UNIT-8185,conveyor,Metso,2011,processing_plant,tanzania,51929,2024-07-21,scheduled_maintenance,preventive,oil_change,routine,1.9,2220.92,561.0,preventive,True,83,False,False,False
EQP-914DF4DE,UNIT-8794,conveyor,ThyssenKrupp,2014,processing_plant,botswana,42437,2021-10-04,inspection,preventive,adjustment,routine,1.6,2277.64,517.0,preventive,True,55,False,False,False
EQP-DD2D9206,UNIT-1279,conveyor,Metso,2021,processing_plant,zambia,12528,2023-12-13,scheduled_maintenance,preventive,inspection,routine,1.8,2111.9,750.0,preventive,True,155,False,False,False
EQP-C5445B9C,UNIT-6303,haul_truck,Caterpillar,2012,open_pit,botswana,47710,2023-05-25,breakdown,electrical,alternator,major,18.9,64293.39,1618.0,corrective,False,171,False,False,False
EQP-5BD69677,UNIT-6196,haul_truck,Komatsu,2020,open_pit,tanzania,16552,2023-12-06,inspection,preventive,oil_change,minor,11.6,11237.23,1336.0,preventive,True,12,False,False,False
EQP-68A05BFA,UNIT-4227,haul_truck,Hitachi,2009,processing_plant,south_africa,60108,2022-10-27,breakdown,electrical,alternator,minor,10.1,13559.08,760.0,corrective,False,30,False,False,False
EQP-324EABB5,UNIT-6999,excavator,Komatsu,2012,underground,south_africa,49341,2021-10-30,inspection,preventive,adjustment,minor,9.9,31122.33,1963.0,preventive,True,73,True,True,False
EQP-8AEFB876,UNIT-4677,haul_truck,Caterpillar,2017,open_pit,south_africa,26832,2021-04-07,condition_based,tires,rear_left,routine,3.3,3306.29,256.0,predictive,False,62,False,False,False
EQP-6CA799D7,UNIT-4956,grader,John Deere,2015,underground,drc,34198,2021-05-19,breakdown,tires,front_left,major,20.1,25003.59,353.0,corrective,False,38,True,True,False
EQP-E89ECABF,UNIT-4883,drill_rig,Caterpillar,2016,underground,zambia,32360,2022-08-07,breakdown,hydraulics,valve,major,15.8,48090.55,738.0,corrective,False,71,False,False,False
EQP-43C3FEA3,UNIT-8205,conveyor,Metso,2018,processing_plant,drc,24835,2021-12-28,overhaul,motor,general_component,major,7.9,20588.03,3943.0,major_overhaul,True,19,False,True,True
EQP-600B6294,UNIT-6697,excavator,Komatsu,2009,processing_plant,zimbabwe,60285,2021-12-29,breakdown,bucket,general_component,major,27.2,46398.1,4488.0,corrective,False,49,True,False,False
EQP-4FBA1B2A,UNIT-4411,excavator,Komatsu,2019,open_pit,drc,20672,2021-10-26,overhaul,undercarriage,general_component,major,33.8,83272.12,5430.0,major_overhaul,True,60,False,False,True
EQP-5D44EAF1,UNIT-9339,drill_rig,Caterpillar,2021,open_pit,south_africa,12525,2024-07-15,scheduled_maintenance,preventive,oil_change,routine,3.0,4175.15,117.0,preventive,True,38,False,False,False
EQP-FECBBDF6,UNIT-8217,excavator,Caterpillar,2020,open_pit,south_africa,14519,2023-03-03,scheduled_maintenance,preventive,oil_change,routine,3.7,9306.5,653.0,preventive,True,223,True,False,False
EQP-24F12A3D,UNIT-9394,excavator,Caterpillar,2012,processing_plant,botswana,48281,2024-05-25,condition_based,bucket,general_component,minor,11.8,30553.72,2207.0,predictive,False,365,False,False,False
EQP-DAFB7D69,UNIT-7573,drill_rig,Sandvik,2013,open_pit,ghana,45316,2024-07-28,scheduled_maintenance,preventive,oil_change,routine,1.8,1382.83,69.0,preventive,True,4,True,False,True
EQP-78E1FA88,UNIT-4523,drill_rig,Epiroc,2023,underground,ghana,4171,2023-01-16,scheduled_maintenance,preventive,adjustment,minor,7.3,16479.14,314.0,preventive,True,4,False,False,False
EQP-AD4D6949,UNIT-7955,pump,Weir,2020,underground,south_africa,14690,2020-06-14,scheduled_maintenance,preventive,oil_change,minor,2.2,5937.8,216.0,preventive,True,10,False,False,False
EQP-6502AC55,UNIT-3963,haul_truck,Hitachi,2022,underground,botswana,7666,2024-10-03,scheduled_maintenance,preventive,oil_change,minor,11.6,17763.0,967.0,preventive,True,45,False,False,False
EQP-65892A75,UNIT-3438,drill_rig,Epiroc,2022,underground,south_africa,8556,2022-05-10,breakdown,rotation,general_component,major,13.9,42816.14,552.0,corrective,False,8,False,True,False
EQP-FC35FF58,UNIT-5058,haul_truck,Komatsu,2014,underground,zambia,41795,2021-11-06,inspection,preventive,adjustment,routine,2.3,4650.71,184.0,preventive,True,4,False,False,False
EQP-18D2F625,UNIT-9722,excavator,Liebherr,2010,underground,south_africa,54043,2022-01-14,scheduled_maintenance,preventive,adjustment,minor,6.4,37968.72,919.0,preventive,True,3,True,False,False
EQP-32472189,UNIT-6110,crusher,FLSmidth,2011,open_pit,south_africa,52361,2020-06-07,condition_based,bearing,general_component,routine,8.8,14179.15,2279.0,predictive,False,59,False,True,True
EQP-4C7F273A,UNIT-4452,haul_truck,Belaz,2012,open_pit,zimbabwe,47067,2023-04-10,scheduled_maintenance,preventive,inspection,routine,3.0,2852.7,311.0,preventive,True,74,False,False,False
EQP-5ED04223,UNIT-5155,conveyor,ThyssenKrupp,2021,underground,zambia,12507,2020-03-26,scheduled_maintenance,preventive,adjustment,routine,1.6,1381.16,440.0,preventive,True,67,False,False,False
EQP-7B73D5F5,UNIT-3620,drill_rig,Sandvik,2012,open_pit,zimbabwe,48587,2023-07-21,breakdown,electrical,starter,critical,40.1,79778.02,1834.0,corrective,False,172,False,False,False
EQP-A9151CBD,UNIT-6928,haul_truck,Belaz,2013,underground,south_africa,43766,2024-02-09,overhaul,brakes,general_component,major,18.2,44882.3,1698.0,major_overhaul,True,88,False,True,False
EQP-5FCDE49A,UNIT-4153,grader,Caterpillar,2021,open_pit,botswana,12631,2022-01-29,scheduled_maintenance,preventive,oil_change,routine,2.3,1513.9,35.0,preventive,True,73,True,False,False
EQP-7C3E1CBD,UNIT-5989,drill_rig,Sandvik,2010,processing_plant,zambia,57139,2021-11-21,overhaul,hydraulics,cylinder,major,10.7,35357.55,308.0,major_overhaul,True,191,False,True,True
EQP-139E6BFB,UNIT-4327,loader,Komatsu,2018,open_pit,botswana,23835,2023-04-26,inspection,preventive,adjustment,routine,2.8,1203.09,279.0,preventive,True,113,False,False,False
EQP-3CB71D98,UNIT-3886,drill_rig,Caterpillar,2016,underground,south_africa,30662,2024-03-28,condition_based,compressor,general_component,routine,1.9,4165.61,66.0,predictive,False,1,False,False,False
EQP-BBD7A659,UNIT-9731,grader,John Deere,2023,open_pit,drc,5425,2020-06-21,scheduled_maintenance,preventive,oil_change,routine,3.5,1308.61,64.0,preventive,True,35,False,False,False
EQP-52A22FED,UNIT-4111,excavator,Hitachi,2015,underground,ghana,36828,2022-04-05,breakdown,undercarriage,general_component,minor,7.4,18223.68,1025.0,corrective,False,148,False,False,False
EQP-4A94DA43,UNIT-1634,drill_rig,Epiroc,2016,open_pit,zimbabwe,32563,2021-08-04,scheduled_maintenance,preventive,inspection,routine,2.4,1699.64,81.0,preventive,True,16,False,False,False
EQP-28EA317C,UNIT-4406,loader,Komatsu,2021,underground,zimbabwe,11309,2020-01-21,condition_based,hydraulics,pump,routine,2.1,2898.98,130.0,predictive,False,13,False,False,True
EQP-114AD522,UNIT-5788,excavator,Komatsu,2023,open_pit,drc,4985,2020-01-16,scheduled_maintenance,preventive,adjustment,routine,2.6,2616.26,365.0,preventive,True,78,False,False,False
EQP-8A6C7E5B,UNIT-1851,excavator,Komatsu,2019,underground,south_africa,22042,2022-08-09,breakdown,undercarriage,general_component,critical,59.0,357672.19,11064.0,corrective,False,117,False,False,False
EQP-C55455C1,UNIT-3750,pump,Metso,2019,underground,south_africa,19878,2023-10-06,scheduled_maintenance,preventive,oil_change,routine,1.2,1063.92,100.0,preventive,True,35,False,False,False
EQP-E1AA1AAA,UNIT-2494,conveyor,FLSmidth,2022,processing_plant,south_africa,8094,2022-12-06,breakdown,gearbox,general_component,minor,2.8,9431.65,737.0,corrective,False,85,False,True,False
EQP-EABD5BDF,UNIT-5505,crusher,Metso,2023,underground,tanzania,2934,2021-03-23,scheduled_maintenance,preventive,inspection,minor,33.3,17113.27,7698.0,preventive,True,24,False,False,False
EQP-479BB10E,UNIT-7507,crusher,Metso,2019,underground,ghana,19280,2022-03-23,scheduled_maintenance,preventive,inspection,routine,7.0,5071.15,1573.0,preventive,True,53,False,True,False
EQP-B7FBA2E8,UNIT-9715,loader,Caterpillar,2012,processing_plant,south_africa,46925,2024-10-04,breakdown,transmission,gearbox,minor,9.7,21044.88,818.0,corrective,False,37,False,False,False
EQP-D169739B,UNIT-4501,grader,John Deere,2018,open_pit,ghana,24130,2024-02-17,breakdown,electrical,sensors,major,23.9,27131.46,420.0,corrective,False,38,False,False,False
EQP-BE1845A8,UNIT-8768,conveyor,Metso,2011,underground,south_africa,51659,2020-08-03,breakdown,belt,general_component,major,7.5,10891.65,2936.0,corrective,False,71,True,False,False
EQP-D927C517,UNIT-2930,excavator,Caterpillar,2016,open_pit,botswana,32372,2023-03-05,scheduled_maintenance,preventive,inspection,minor,13.4,11400.39,2514.0,preventive,True,49,False,False,False
EQP-AF5E2D11,UNIT-8023,haul_truck,Belaz,2015,underground,ghana,35108,2023-01-29,overhaul,hydraulics,valve,major,21.0,70268.4,2586.0,major_overhaul,True,138,False,False,True
EQP-6534E53A,UNIT-6063,conveyor,Metso,2023,open_pit,botswana,3832,2021-10-18,breakdown,pulley,general_component,major,7.6,13925.61,2542.0,corrective,False,159,False,False,False
EQP-CBA1DE45,UNIT-7822,loader,Volvo,2016,open_pit,zimbabwe,31046,2021-10-18,condition_based,engine,oil_pump,routine,2.2,3172.24,151.0,predictive,False,74,False,False,False
EQP-9699A3FC,UNIT-7799,drill_rig,Sandvik,2023,underground,zambia,4187,2023-07-18,breakdown,compressor,general_component,major,16.1,46910.27,748.0,corrective,False,165,False,False,False
EQP-69B2C550,UNIT-5791,haul_truck,Belaz,2020,open_pit,drc,14367,2024-08-09,scheduled_maintenance,preventive,filter_replace,routine,2.3,5505.82,217.0,preventive,True,8,False,False,False
EQP-23A5901A,UNIT-3316,excavator,Caterpillar,2021,open_pit,zimbabwe,12151,2021-07-29,breakdown,electrical,sensors,major,23.8,86226.89,2719.0,corrective,False,186,False,True,False
EQP-716C548D,UNIT-5735,drill_rig,Epiroc,2010,open_pit,zimbabwe,55721,2024-07-26,inspection,preventive,inspection,routine,1.9,2886.0,83.0,preventive,True,31,False,False,False
EQP-93A7DB5C,UNIT-8440,loader,Volvo,2020,processing_plant,south_africa,16180,2024-02-18,condition_based,tires,front_right,minor,5.4,18514.49,385.0,predictive,False,1,False,False,False
EQP-73BFF019,UNIT-9734,haul_truck,Caterpillar,2012,open_pit,botswana,46347,2020-04-04,condition_based,transmission,torque_converter,routine,3.6,5005.92,331.0,predictive,False,36,False,False,False
EQP-173589BB,UNIT-9346,conveyor,FLSmidth,2017,open_pit,ghana,28654,2021-05-19,breakdown,belt,general_component,major,11.2,12554.33,5123.0,corrective,False,62,False,False,True
EQP-B082F9D6,UNIT-2633,loader,Volvo,2015,processing_plant,ghana,35701,2022-03-04,inspection,preventive,adjustment,routine,4.6,3948.9,273.0,preventive,True,57,False,False,False
EQP-306FAAD1,UNIT-6375,grader,Caterpillar,2012,processing_plant,drc,48217,2023-04-14,breakdown,electrical,sensors,major,14.2,38214.0,246.0,corrective,False,9,False,False,False
EQP-79776BA5,UNIT-1941,haul_truck,Caterpillar,2023,open_pit,zimbabwe,2129,2021-02-11,scheduled_maintenance,preventive,filter_replace,routine,3.9,3571.4,392.0,preventive,True,68,False,False,False
EQP-8BD22AC0,UNIT-7019,grader,Komatsu,2022,underground,ghana,6757,2022-01-17,condition_based,transmission,gearbox,routine,3.2,2380.41,55.0,predictive,False,48,True,False,False
EQP-65A150B7,UNIT-9930,conveyor,Metso,2017,open_pit,ghana,27609,2020-06-15,scheduled_maintenance,preventive,adjustment,routine,1.5,1332.17,665.0,preventive,True,35,False,False,False
EQP-8BAF81F5,UNIT-1473,loader,Volvo,2008,processing_plant,south_africa,65375,2020-07-01,inspection,preventive,adjustment,routine,4.2,4505.42,243.0,preventive,True,15,False,False,False
EQP-811524A8,UNIT-6908,haul_truck,Belaz,2010,open_pit,drc,56527,2022-02-21,condition_based,brakes,general_component,routine,3.4,5262.11,465.0,predictive,False,34,False,False,False
EQP-8F8D13B4,UNIT-9508,drill_rig,Caterpillar,2011,open_pit,south_africa,52129,2023-02-07,condition_based,rotation,general_component,minor,5.5,12155.85,223.0,predictive,False,71,False,True,False
EQP-21B940D5,UNIT-8623,conveyor,ThyssenKrupp,2023,open_pit,tanzania,3075,2022-03-25,breakdown,belt,general_component,minor,4.3,2854.6,1999.0,corrective,False,11,False,False,False
EQP-7D31082C,UNIT-4531,excavator,Liebherr,2014,underground,ghana,38893,2021-11-20,scheduled_maintenance,preventive,filter_replace,routine,4.5,4116.29,464.0,preventive,True,64,False,False,False
EQP-5634EA38,UNIT-1935,drill_rig,Epiroc,2008,open_pit,botswana,64276,2022-06-15,scheduled_maintenance,preventive,inspection,minor,3.0,9717.91,132.0,preventive,True,79,False,True,False
EQP-156B820C,UNIT-9314,conveyor,ThyssenKrupp,2017,underground,zimbabwe,28700,2023-02-15,scheduled_maintenance,preventive,oil_change,minor,2.0,7993.68,993.0,preventive,True,28,False,False,True
EQP-881F6C9B,UNIT-9290,conveyor,FLSmidth,2023,open_pit,zimbabwe,4208,2023-07-09,condition_based,motor,general_component,routine,1.4,1292.58,596.0,predictive,False,77,False,False,False
EQP-FE8E1F3B,UNIT-6210,haul_truck,Hitachi,2016,underground,botswana,33709,2022-08-29,scheduled_maintenance,preventive,inspection,routine,2.9,3769.83,417.0,preventive,True,43,False,True,False
EQP-5830A225,UNIT-9809,drill_rig,Sandvik,2015,processing_plant,south_africa,35317,2020-06-14,condition_based,rotation,general_component,routine,2.5,2783.45,88.0,predictive,False,15,True,True,True
EQP-BE965972,UNIT-1041,haul_truck,Belaz,2010,open_pit,zambia,56179,2020-03-15,breakdown,transmission,clutch,major,21.0,49439.28,2680.0,corrective,False,52,True,False,False
EQP-7AE48A7B,UNIT-6548,grader,John Deere,2022,open_pit,south_africa,6306,2021-09-09,scheduled_maintenance,preventive,filter_replace,routine,3.0,3096.55,47.0,preventive,True,25,False,False,False
EQP-4282C86C,UNIT-1346,pump,KSB,2009,open_pit,south_africa,60211,2021-01-03,inspection,preventive,adjustment,routine,1.1,1472.49,73.0,preventive,True,88,True,False,False
EQP-A20D08BB,UNIT-9420,excavator,Komatsu,2022,underground,ghana,9469,2022-08-24,breakdown,hydraulics,pump,major,29.1,85772.07,4724.0,corrective,False,125,False,False,False
EQP-7D33C996,UNIT-7123,haul_truck,Komatsu,2011,open_pit,zimbabwe,50958,2023-06-14,breakdown,engine,oil_pump,critical,38.5,121667.81,3929.0,corrective,False,1,False,False,True
EQP-398D62B0,UNIT-9219,haul_truck,Hitachi,2010,underground,tanzania,56842,2021-03-29,condition_based,electrical,wiring,routine,3.6,5948.7,526.0,predictive,False,47,False,False,False
EQP-30B2701D,UNIT-6063,drill_rig,Caterpillar,2013,underground,ghana,45441,2022-04-21,breakdown,hydraulics,valve,major,12.8,28885.94,575.0,corrective,False,2,True,False,False
EQP-A42F089E,UNIT-1749,grader,John Deere,2008,underground,zimbabwe,63310,2021-01-28,scheduled_maintenance,preventive,filter_replace,minor,11.2,4000.75,210.0,preventive,True,25,False,False,False
EQP-95B0C199,UNIT-1238,drill_rig,Caterpillar,2008,underground,south_africa,64466,2022-04-19,condition_based,rotation,general_component,minor,3.8,14593.76,155.0,predictive,False,2,False,True,False
EQP-3CC7CCCE,UNIT-4019,haul_truck,Caterpillar,2010,open_pit,south_africa,57579,2021-11-11,scheduled_maintenance,preventive,adjustment,routine,3.3,1570.78,456.0,preventive,True,14,False,False,False
EQP-34C67786,UNIT-7690,haul_truck,Belaz,2019,open_pit,south_africa,20230,2020-01-05,inspection,preventive,inspection,minor,7.4,9704.87,759.0,preventive,True,211,False,False,False
EQP-FD22B5C2,UNIT-2359,haul_truck,Hitachi,2021,underground,zambia,12786,2023-04-12,inspection,preventive,oil_change,routine,1.9,1746.79,237.0,preventive,True,34,False,False,False
EQP-DA55C758,UNIT-8668,loader,Volvo,2011,open_pit,drc,50226,2021-06-29,scheduled_maintenance,preventive,oil_change,routine,3.7,4110.54,247.0,preventive,True,32,False,False,False
EQP-ACA9251B,UNIT-3155,conveyor,Metso,2018,underground,ghana,24597,2023-09-08,overhaul,pulley,general_component,major,7.3,13118.31,2910.0,major_overhaul,True,38,False,False,False
EQP-0DB4C429,UNIT-5467,conveyor,FLSmidth,2013,processing_plant,south_africa,44517,2023-04-20,breakdown,belt,general_component,minor,3.2,8568.74,857.0,corrective,False,10,False,True,False
EQP-65AF145E,UNIT-2827,excavator,Caterpillar,2014,open_pit,zambia,38673,2020-12-17,breakdown,bucket,general_component,major,26.2,61378.43,4695.0,corrective,False,91,False,False,False
EQP-F2BAD9C6,UNIT-5191,grader,John Deere,2013,open_pit,tanzania,43035,2024-05-15,condition_based,blade,general_component,routine,2.5,1872.57,36.0,predictive,False,19,False,False,False
EQP-470D0E26,UNIT-5069,excavator,Liebherr,2022,open_pit,south_africa,8604,2020-02-10,scheduled_maintenance,preventive,oil_change,routine,3.8,6118.34,754.0,preventive,True,203,False,False,False
EQP-D6E00DE6,UNIT-1049,loader,Komatsu,2016,open_pit,zimbabwe,31697,2022-10-30,breakdown,tires,front_left,minor,9.0,19950.72,836.0,corrective,False,28,False,False,False
EQP-C8B918EC,UNIT-6109,grader,Komatsu,2016,processing_plant,zambia,33111,2023-12-15,scheduled_maintenance,preventive,oil_change,routine,1.6,3028.47,26.0,preventive,True,16,False,False,True
EQP-164509F5,UNIT-8079,drill_rig,Caterpillar,2021,processing_plant,drc,12310,2022-08-31,breakdown,rotation,general_component,major,12.3,26196.32,389.0,corrective,False,40,False,False,True
EQP-9A481560,UNIT-9425,grader,Komatsu,2018,open_pit,south_africa,24056,2022-09-30,breakdown,hydraulics,filter,critical,46.0,131620.91,750.0,corrective,False,22,True,False,False
EQP-CB726178,UNIT-3976,excavator,Liebherr,2010,processing_plant,botswana,55829,2022-04-26,scheduled_maintenance,preventive,filter_replace,routine,4.5,6054.47,791.0,preventive,True,13,False,False,False
EQP-EA4AAF35,UNIT-8924,crusher,Sandvik,2011,open_pit,drc,52292,2020-04-18,overhaul,liner,general_component,major,53.3,148866.47,11770.0,major_overhaul,True,131,True,False,False
EQP-5DD58D5D,UNIT-8907,haul_truck,Belaz,2013,processing_plant,ghana,44802,2023-05-06,inspection,preventive,adjustment,routine,2.0,4600.86,239.0,preventive,True,32,False,False,False
EQP-C50046E0,UNIT-9894,drill_rig,Sandvik,2009,processing_plant,tanzania,60533,2024-09-11,scheduled_maintenance,preventive,inspection,routine,2.3,2144.72,108.0,preventive,True,111,False,False,False
EQP-C4DAE5E6,UNIT-4357,haul_truck,Hitachi,2019,open_pit,tanzania,19576,2023-12-07,scheduled_maintenance,preventive,oil_change,routine,1.7,6066.85,145.0,preventive,True,6,False,False,True
EQP-64835088,UNIT-8657,haul_truck,Hitachi,2015,underground,zimbabwe,37239,2020-04-15,breakdown,engine,injector,minor,6.7,8159.04,753.0,corrective,False,11,False,False,False
EQP-F1AA0415,UNIT-6085,haul_truck,Belaz,2008,underground,tanzania,64657,2021-02-01,scheduled_maintenance,preventive,adjustment,minor,9.0,23804.22,1259.0,preventive,True,60,False,False,False
EQP-E0AC3A56,UNIT-1524,excavator,Hitachi,2014,open_pit,south_africa,40385,2024-02-07,scheduled_maintenance,preventive,oil_change,routine,4.6,6345.44,640.0,preventive,True,6,False,False,False
EQP-91B3841F,UNIT-3432,conveyor,Metso,2021,open_pit,zimbabwe,12091,2023-07-09,condition_based,motor,general_component,routine,1.0,851.3,471.0,predictive,False,1,False,True,False
EQP-B98F2A9A,UNIT-7047,drill_rig,Caterpillar,2022,underground,ghana,8500,2021-10-21,scheduled_maintenance,preventive,oil_change,routine,1.8,1096.41,70.0,preventive,True,13,False,False,False
EQP-B2D94BB0,UNIT-2445,excavator,Liebherr,2023,open_pit,tanzania,2168,2021-03-14,inspection,preventive,filter_replace,routine,4.0,2372.65,561.0,preventive,True,111,False,True,False
EQP-969DA016,UNIT-4912,pump,Weir,2022,open_pit,ghana,8241,2022-04-12,inspection,preventive,filter_replace,routine,1.3,530.86,129.0,preventive,True,124,False,False,False
EQP-F5E55F90,UNIT-7973,grader,Caterpillar,2017,open_pit,south_africa,29640,2020-02-27,breakdown,tires,front_left,minor,9.5,9852.68,110.0,corrective,False,78,False,False,False
EQP-5FB66DC6,UNIT-2347,haul_truck,Hitachi,2022,underground,drc,8219,2020-06-10,inspection,preventive,inspection,minor,9.9,23420.7,1000.0,preventive,True,1,False,False,False
EQP-7FF63910,UNIT-5468,drill_rig,Epiroc,2023,open_pit,zimbabwe,4083,2020-05-14,breakdown,compressor,general_component,major,9.4,24014.08,287.0,corrective,False,30,False,False,False
EQP-CDC08140,UNIT-2933,crusher,Sandvik,2018,underground,drc,23404,2024-01-25,overhaul,hydraulics,valve,major,62.8,74307.26,18680.0,major_overhaul,True,139,True,False,False
EQP-831501BD,UNIT-5827,crusher,Metso,2014,open_pit,zimbabwe,40492,2020-03-24,scheduled_maintenance,preventive,filter_replace,minor,33.1,51631.14,5711.0,preventive,True,95,False,False,False
EQP-2F535F44,UNIT-3166,excavator,Hitachi,2023,open_pit,south_africa,3804,2022-09-21,scheduled_maintenance,preventive,inspection,routine,5.7,3823.39,638.0,preventive,True,123,False,False,False
EQP-3EF61E52,UNIT-9687,loader,Komatsu,2014,underground,south_africa,41309,2021-05-19,scheduled_maintenance,preventive,inspection,routine,2.2,5173.94,139.0,preventive,True,10,False,False,False
EQP-73F22F09,UNIT-1690,haul_truck,Belaz,2010,open_pit,zambia,55136,2023-09-23,scheduled_maintenance,preventive,oil_change,minor,11.1,9638.51,1339.0,preventive,True,181,False,False,False
EQP-C722734D,UNIT-9671,excavator,Komatsu,2009,underground,ghana,59547,2020-08-16,inspection,preventive,filter_replace,minor,8.0,35107.83,1012.0,preventive,True,4,False,False,False
EQP-F9D40A84,UNIT-8126,crusher,Sandvik,2017,open_pit,zimbabwe,27399,2024-06-26,inspection,preventive,oil_change,minor,20.1,47966.26,4001.0,preventive,True,41,False,False,False
EQP-A17953C9,UNIT-8699,conveyor,Metso,2008,underground,botswana,65834,2020-06-02,scheduled_maintenance,preventive,adjustment,routine,1.3,795.33,499.0,preventive,True,48,False,False,False
EQP-2D735855,UNIT-8662,loader,Komatsu,2009,open_pit,zambia,59810,2024-03-03,inspection,preventive,inspection,routine,2.9,2822.13,237.0,preventive,True,4,False,False,False
EQP-E6A8AF66,UNIT-2688,haul_truck,Hitachi,2011,processing_plant,drc,51451,2020-09-22,scheduled_maintenance,preventive,adjustment,routine,2.3,3498.67,273.0,preventive,True,120,False,False,False
EQP-1E37ED8B,UNIT-9378,haul_truck,Komatsu,2016,open_pit,drc,29909,2020-02-23,scheduled_maintenance,preventive,adjustment,routine,2.0,2303.06,242.0,preventive,True,85,False,False,False
EQP-F908D723,UNIT-6347,haul_truck,Hitachi,2015,processing_plant,botswana,35088,2020-03-09,breakdown,engine,injector,minor,9.3,15985.16,1165.0,corrective,False,48,False,False,True
EQP-4953B0E5,UNIT-9658,haul_truck,Belaz,2016,open_pit,zimbabwe,32527,2023-11-06,inspection,preventive,filter_replace,minor,8.6,22751.29,1211.0,preventive,True,158,True,False,False
EQP-AE8E316A,UNIT-8902,haul_truck,Caterpillar,2016,open_pit,tanzania,32523,2021-09-10,scheduled_maintenance,preventive,adjustment,routine,3.1,5883.29,389.0,preventive,True,58,False,False,False
EQP-54E1E51C,UNIT-6215,drill_rig,Epiroc,2023,underground,ghana,3348,2022-01-20,scheduled_maintenance,preventive,inspection,routine,2.1,1811.62,90.0,preventive,True,39,False,False,False
EQP-C595B592,UNIT-4369,conveyor,ThyssenKrupp,2011,open_pit,zimbabwe,51404,2024-01-21,condition_based,gearbox,general_component,routine,1.1,1943.57,384.0,predictive,False,100,False,True,False
EQP-F4816D27,UNIT-2055,crusher,Metso,2015,open_pit,south_africa,37859,2021-04-15,inspection,preventive,inspection,routine,9.0,6199.93,2625.0,preventive,True,19,True,False,True
EQP-A9C1439F,UNIT-1909,excavator,Caterpillar,2017,processing_plant,zimbabwe,30696,2022-09-23,breakdown,hydraulics,filter,major,29.8,42550.22,5389.0,corrective,False,50,True,False,False
EQP-6F2B4981,UNIT-4506,haul_truck,Komatsu,2012,underground,tanzania,49149,2021-06-21,scheduled_maintenance,preventive,inspection,routine,1.7,2667.8,202.0,preventive,True,48,False,False,False
EQP-3E6C294F,UNIT-8297,crusher,Metso,2010,underground,botswana,57559,2020-04-26,scheduled_maintenance,preventive,adjustment,routine,11.9,7106.85,2585.0,preventive,True,39,False,True,False
EQP-EF3A4297,UNIT-5547,haul_truck,Komatsu,2008,processing_plant,south_africa,65771,2024-11-23,breakdown,tires,rear_right,major,19.0,31615.85,1452.0,corrective,False,2,False,False,False
EQP-EDDEBA1D,UNIT-5335,grader,Caterpillar,2013,open_pit,tanzania,46214,2021-11-05,scheduled_maintenance,preventive,filter_replace,routine,3.1,1104.97,62.0,preventive,True,38,False,False,False
EQP-F4EE9987,UNIT-3199,haul_truck,Belaz,2012,open_pit,south_africa,47698,2024-03-05,condition_based,tires,rear_right,routine,3.0,3637.48,257.0,predictive,False,5,False,False,False
EQP-02FF9335,UNIT-6078,conveyor,FLSmidth,2011,processing_plant,drc,51121,2022-02-12,breakdown,gearbox,general_component,minor,4.8,9434.4,1811.0,corrective,False,123,False,False,True
EQP-6ED58F09,UNIT-6742,grader,Caterpillar,2012,open_pit,zimbabwe,49833,2024-04-09,inspection,preventive,adjustment,routine,3.2,2834.57,43.0,preventive,True,22,False,False,False
EQP-394BA719,UNIT-9838,conveyor,ThyssenKrupp,2019,open_pit,drc,19035,2020-11-06,overhaul,roller,general_component,major,10.8,24015.67,3580.0,major_overhaul,True,4,False,True,False
EQP-49667C2E,UNIT-7564,conveyor,Metso,2021,open_pit,ghana,10971,2022-08-30,breakdown,gearbox,general_component,major,7.0,10558.55,2484.0,corrective,False,14,True,False,False
EQP-D3921568,UNIT-6464,crusher,Sandvik,2016,open_pit,zimbabwe,30994,2021-11-02,scheduled_maintenance,preventive,oil_change,routine,6.0,13417.16,1415.0,preventive,True,54,False,False,False
EQP-79F24719,UNIT-9189,haul_truck,Hitachi,2009,open_pit,zambia,59868,2024-11-21,breakdown,hydraulics,valve,minor,5.8,10553.18,439.0,corrective,False,111,True,False,True
EQP-542A5D34,UNIT-4824,crusher,FLSmidth,2019,open_pit,zambia,18015,2021-08-29,condition_based,bearing,general_component,routine,11.7,5843.33,2025.0,predictive,False,39,False,True,True
EQP-AA413854,UNIT-9413,grader,Caterpillar,2010,underground,drc,54566,2023-10-20,scheduled_maintenance,preventive,oil_change,minor,6.9,5203.78,111.0,preventive,True,5,False,False,False
EQP-61CC83BC,UNIT-4329,pump,Metso,2008,underground,zimbabwe,63377,2022-06-07,scheduled_maintenance,preventive,inspection,routine,1.2,1057.92,104.0,preventive,True,1,False,False,False
EQP-44DAF189,UNIT-2149,drill_rig,Caterpillar,2017,processing_plant,drc,26804,2021-12-22,condition_based,electrical,battery,minor,4.4,8036.77,184.0,predictive,False,38,False,False,False
EQP-36E4BEE4,UNIT-4758,excavator,Liebherr,2014,open_pit,south_africa,41062,2023-06-09,condition_based,hydraulics,hose,routine,4.1,7914.82,816.0,predictive,False,70,False,False,True
EQP-031298CE,UNIT-2158,loader,Caterpillar,2012,open_pit,drc,48006,2023-03-06,scheduled_maintenance,preventive,adjustment,routine,4.7,4823.64,246.0,preventive,True,18,False,False,False
EQP-37199603,UNIT-2065,conveyor,ThyssenKrupp,2023,underground,zimbabwe,4577,2022-05-11,inspection,preventive,filter_replace,routine,1.6,1080.98,606.0,preventive,True,9,False,False,False
EQP-8E70BF17,UNIT-8929,excavator,Komatsu,2009,open_pit,ghana,60467,2020-04-09,overhaul,engine,injector,major,21.4,87987.36,3036.0,major_overhaul,True,41,True,True,False
EQP-758DCE59,UNIT-8151,haul_truck,Komatsu,2008,open_pit,south_africa,63793,2020-05-13,scheduled_maintenance,preventive,adjustment,minor,10.7,11182.22,962.0,preventive,True,4,True,False,False
EQP-8002BC9A,UNIT-2990,haul_truck,Caterpillar,2017,underground,botswana,28988,2022-12-13,breakdown,tires,front_left,major,23.3,31811.4,3304.0,corrective,False,119,False,True,False
EQP-5C6E56AA,UNIT-8538,drill_rig,Sandvik,2014,underground,tanzania,40452,2020-04-09,condition_based,compressor,general_component,routine,2.5,1660.16,71.0,predictive,False,174,False,False,False
EQP-8BCFC59B,UNIT-1620,haul_truck,Komatsu,2020,open_pit,zambia,15681,2022-12-26,inspection,preventive,oil_change,routine,3.0,2974.66,339.0,preventive,True,61,False,False,False
EQP-81E16005,UNIT-3559,haul_truck,Caterpillar,2008,underground,tanzania,62316,2024-05-17,scheduled_maintenance,preventive,inspection,routine,3.2,1801.97,286.0,preventive,True,1,False,True,False
EQP-09722A23,UNIT-7354,haul_truck,Hitachi,2014,underground,botswana,40520,2023-11-21,condition_based,transmission,gearbox,minor,9.9,9970.19,1067.0,predictive,False,56,True,False,False
EQP-D6FFC28D,UNIT-3733,grader,John Deere,2010,processing_plant,zambia,54738,2023-06-04,scheduled_maintenance,preventive,filter_replace,routine,3.7,1768.65,66.0,preventive,True,43,True,False,False
EQP-AF9BFAC1,UNIT-7573,haul_truck,Komatsu,2008,open_pit,south_africa,64380,2021-05-07,scheduled_maintenance,preventive,oil_change,minor,9.3,26680.05,1186.0,preventive,True,23,False,False,False
EQP-FB9F24BF,UNIT-8868,haul_truck,Hitachi,2015,underground,zambia,36078,2023-03-28,condition_based,brakes,general_component,routine,2.9,6632.83,370.0,predictive,False,127,False,False,False
EQP-A1A846E5,UNIT-1594,drill_rig,Epiroc,2019,underground,botswana,18639,2020-11-26,inspection,preventive,oil_change,routine,1.5,4974.3,46.0,preventive,True,29,False,False,False
EQP-907B3899,UNIT-1215,haul_truck,Caterpillar,2010,open_pit,zimbabwe,56258,2024-07-01,breakdown,brakes,general_component,critical,45.0,97051.67,3452.0,corrective,False,19,False,False,False
EQP-BDF7A1B6,UNIT-9459,pump,Weir,2021,underground,south_africa,12191,2020-06-11,breakdown,bearing,general_component,major,6.5,8022.1,559.0,corrective,False,3,False,True,False
EQP-8309473C,UNIT-5683,grader,Komatsu,2016,underground,botswana,32194,2022-09-01,scheduled_maintenance,preventive,inspection,routine,3.3,2609.96,37.0,preventive,True,93,False,False,False
EQP-C2094383,UNIT-5557,drill_rig,Sandvik,2015,open_pit,zimbabwe,36146,2022-05-25,scheduled_maintenance,preventive,inspection,routine,3.0,3412.98,104.0,preventive,True,122,False,False,False
EQP-932D0C9E,UNIT-5172,drill_rig,Caterpillar,2022,open_pit,drc,7347,2020-05-12,condition_based,compressor,general_component,minor,3.6,8542.63,166.0,predictive,False,12,False,False,False
EQP-99C5B1E6,UNIT-4902,excavator,Liebherr,2013,open_pit,botswana,44591,2020-12-01,breakdown,undercarriage,general_component,major,25.9,87822.5,3651.0,corrective,False,45,False,False,True
EQP-FBAF4D01,UNIT-7210,haul_truck,Komatsu,2011,underground,zimbabwe,51312,2023-07-09,condition_based,brakes,general_component,routine,3.3,7235.72,363.0,predictive,False,70,False,False,False
EQP-364D71A8,UNIT-6217,excavator,Komatsu,2020,open_pit,tanzania,14925,2022-12-08,scheduled_maintenance,preventive,filter_replace,minor,6.4,19950.61,1253.0,preventive,True,12,False,False,False
EQP-6698906F,UNIT-2470,haul_truck,Caterpillar,2009,underground,botswana,60674,2020-10-19,condition_based,electrical,wiring,minor,7.5,28781.3,1074.0,predictive,False,49,False,False,False
EQP-7A40894E,UNIT-6639,haul_truck,Hitachi,2021,open_pit,south_africa,12936,2020-09-10,scheduled_maintenance,preventive,filter_replace,routine,3.5,2125.64,286.0,preventive,True,17,False,False,False
EQP-E7F6C804,UNIT-7014,conveyor,Metso,2021,underground,tanzania,12606,2023-04-14,condition_based,pulley,general_component,routine,1.2,1451.28,560.0,predictive,False,1,False,False,False
EQP-B41882F9,UNIT-2022,haul_truck,Belaz,2023,underground,ghana,3792,2023-04-04,scheduled_maintenance,preventive,adjustment,minor,9.3,11936.29,1042.0,preventive,True,14,False,False,False
EQP-B2AB1A00,UNIT-4390,haul_truck,Komatsu,2015,underground,tanzania,34060,2021-12-22,scheduled_maintenance,preventive,adjustment,routine,3.1,5006.59,418.0,preventive,True,169,False,False,False
EQP-FAFF7ACB,UNIT-8113,drill_rig,Caterpillar,2017,underground,tanzania,29481,2020-02-06,scheduled_maintenance,preventive,filter_replace,routine,2.5,1284.52,85.0,preventive,True,265,True,False,False
EQP-01566452,UNIT-6567,drill_rig,Caterpillar,2022,open_pit,tanzania,6044,2020-02-20,scheduled_maintenance,preventive,oil_change,routine,1.6,3017.45,78.0,preventive,True,71,False,False,False
EQP-03525C51,UNIT-2227,haul_truck,Komatsu,2010,open_pit,tanzania,56586,2020-09-28,scheduled_maintenance,preventive,inspection,routine,2.0,2539.03,269.0,preventive,True,113,False,False,False
EQP-2EB69680,UNIT-1360,haul_truck,Hitachi,2012,underground,tanzania,50110,2020-04-09,inspection,preventive,oil_change,minor,4.1,16892.64,446.0,preventive,True,29,False,False,False
EQP-F39CEFC8,UNIT-6230,haul_truck,Caterpillar,2015,open_pit,ghana,36149,2022-09-28,condition_based,brakes,general_component,routine,2.8,5628.31,286.0,predictive,False,52,False,False,False
EQP-125BDF66,UNIT-5155,haul_truck,Caterpillar,2018,underground,drc,24291,2021-12-07,breakdown,tires,rear_left,major,14.2,45020.34,1290.0,corrective,False,39,True,False,True
EQP-A836CA47,UNIT-9648,loader,Komatsu,2018,underground,south_africa,24379,2021-01-26,condition_based,tires,rear_left,minor,11.5,15728.05,733.0,predictive,False,21,False,False,False
EQP-56FF47BF,UNIT-5699,grader,John Deere,2022,processing_plant,tanzania,8198,2022-12-06,breakdown,hydraulics,filter,minor,8.4,15657.93,121.0,corrective,False,47,True,False,True
EQP-F1553FCE,UNIT-9382,drill_rig,Epiroc,2015,open_pit,zambia,38350,2023-06-22,scheduled_maintenance,preventive,filter_replace,minor,8.0,18129.75,271.0,preventive,True,33,False,False,False
EQP-8E4C612A,UNIT-2928,drill_rig,Sandvik,2010,underground,zambia,55156,2020-11-03,breakdown,hydraulics,valve,minor,7.8,19954.5,321.0,corrective,False,85,False,False,True
EQP-A28A9132,UNIT-5025,crusher,FLSmidth,2011,open_pit,south_africa,51031,2023-01-30,breakdown,shaft,general_component,minor,20.7,22966.86,5078.0,corrective,False,81,False,False,False
EQP-E803F2FB,UNIT-2256,conveyor,FLSmidth,2020,processing_plant,zambia,15672,2020-07-11,scheduled_maintenance,preventive,oil_change,routine,1.2,1488.27,358.0,preventive,True,32,False,False,False
EQP-EFC33879,UNIT-6167,haul_truck,Komatsu,2015,underground,drc,37740,2022-12-15,scheduled_maintenance,preventive,adjustment,routine,1.8,6205.44,170.0,preventive,True,40,False,False,False
EQP-3723B198,UNIT-2696,haul_truck,Komatsu,2018,underground,botswana,23423,2021-11-08,scheduled_maintenance,preventive,filter_replace,routine,3.4,7074.02,267.0,preventive,True,58,False,False,False
EQP-997017E9,UNIT-5429,drill_rig,Epiroc,2017,underground,tanzania,28430,2020-07-16,breakdown,compressor,general_component,critical,38.8,86133.75,1341.0,corrective,False,14,False,False,False
EQP-BA3B40D5,UNIT-4096,conveyor,FLSmidth,2021,open_pit,drc,13071,2023-12-18,breakdown,motor,general_component,minor,3.3,9908.18,1216.0,corrective,False,53,False,False,False
EQP-7A9A25FC,UNIT-2671,haul_truck,Belaz,2011,underground,tanzania,52778,2020-11-24,breakdown,transmission,driveshaft,major,20.4,49860.76,1691.0,corrective,False,47,True,False,False
EQP-CFD92609,UNIT-1871,excavator,Hitachi,2010,processing_plant,south_africa,57018,2023-11-12,scheduled_maintenance,preventive,oil_change,minor,9.3,33163.16,1009.0,preventive,True,86,False,False,False
EQP-CEB36B29,UNIT-5607,excavator,Caterpillar,2019,open_pit,south_africa,21417,2021-10-19,breakdown,electrical,alternator,major,26.6,71103.05,3372.0,corrective,False,64,False,False,False
EQP-A759555D,UNIT-9524,excavator,Liebherr,2014,processing_plant,zambia,40308,2023-05-16,scheduled_maintenance,preventive,filter_replace,routine,4.0,4380.82,597.0,preventive,True,42,False,False,False
EQP-F3299E7D,UNIT-2788,drill_rig,Sandvik,2021,processing_plant,zimbabwe,11542,2023-06-26,scheduled_maintenance,preventive,adjustment,minor,4.6,6633.51,228.0,preventive,True,19,False,True,False
EQP-F2A70B85,UNIT-4644,crusher,Metso,2010,processing_plant,south_africa,56147,2022-02-04,breakdown,shaft,general_component,minor,31.0,22283.26,8905.0,corrective,False,22,False,False,False
EQP-46EA88DA,UNIT-3021,drill_rig,Sandvik,2012,processing_plant,south_africa,47660,2023-04-15,condition_based,hydraulics,hose,routine,2.5,3589.58,87.0,predictive,False,14,True,False,False
EQP-6FE4223C,UNIT-8279,haul_truck,Belaz,2023,open_pit,drc,6521,2022-03-06,condition_based,electrical,sensors,routine,2.8,4823.21,327.0,predictive,False,10,False,False,False
EQP-D486B1EE,UNIT-4733,haul_truck,Komatsu,2021,underground,south_africa,11467,2022-12-27,condition_based,transmission,gearbox,routine,3.3,4096.54,386.0,predictive,False,24,False,False,False
EQP-7F30D8E9,UNIT-9768,loader,Caterpillar,2009,open_pit,drc,60483,2021-02-10,scheduled_maintenance,preventive,inspection,routine,2.3,4205.25,154.0,preventive,True,54,False,False,False
EQP-398D796C,UNIT-3206,drill_rig,Caterpillar,2021,underground,drc,10499,2022-02-04,scheduled_maintenance,preventive,filter_replace,routine,2.0,3029.56,93.0,preventive,True,1,False,True,False
EQP-DB0AE42A,UNIT-1726,haul_truck,Komatsu,2009,open_pit,botswana,60132,2020-09-03,scheduled_maintenance,preventive,inspection,routine,3.0,2347.91,291.0,preventive,True,45,False,False,False
EQP-25833243,UNIT-6242,excavator,Liebherr,2009,processing_plant,ghana,59712,2022-01-18,overhaul,engine,turbo,major,25.1,55692.96,3582.0,major_overhaul,True,190,False,False,False
EQP-E873AC19,UNIT-6864,loader,Volvo,2022,open_pit,south_africa,8675,2020-01-29,scheduled_maintenance,preventive,inspection,minor,12.1,13772.25,1154.0,preventive,True,188,False,False,True
EQP-43EB422E,UNIT-9915,loader,Caterpillar,2010,open_pit,south_africa,56701,2022-01-07,condition_based,transmission,driveshaft,minor,10.2,13160.96,686.0,predictive,False,52,True,True,False
EQP-0E929897,UNIT-8841,grader,Komatsu,2012,open_pit,south_africa,49416,2024-03-28,scheduled_maintenance,preventive,oil_change,routine,2.5,3688.08,38.0,preventive,True,40,False,False,False
EQP-16334878,UNIT-8956,conveyor,FLSmidth,2010,underground,zimbabwe,57337,2021-10-12,overhaul,motor,general_component,major,8.5,24128.72,3975.0,major_overhaul,True,78,False,True,True
EQP-642C6881,UNIT-6707,drill_rig,Sandvik,2017,open_pit,drc,27933,2022-06-12,breakdown,rotation,general_component,major,15.4,36021.62,511.0,corrective,False,6,False,True,False
EQP-6F362FDF,UNIT-4237,drill_rig,Epiroc,2008,open_pit,south_africa,63055,2024-03-21,scheduled_maintenance,preventive,adjustment,routine,1.3,2062.6,64.0,preventive,True,50,False,False,True
EQP-01CF1595,UNIT-4860,haul_truck,Komatsu,2012,open_pit,botswana,47172,2020-01-06,scheduled_maintenance,preventive,inspection,routine,3.6,6293.23,325.0,preventive,True,17,False,False,False
EQP-5371C6DC,UNIT-2203,crusher,Metso,2013,open_pit,tanzania,44302,2023-04-22,condition_based,shaft,general_component,routine,5.2,5182.02,1314.0,predictive,False,41,False,False,False
EQP-9DC8D18B,UNIT-4879,conveyor,ThyssenKrupp,2018,processing_plant,south_africa,24157,2022-08-10,condition_based,motor,general_component,routine,1.0,1484.33,265.0,predictive,False,27,False,True,True
EQP-790FE767,UNIT-4279,haul_truck,Komatsu,2015,open_pit,ghana,36257,2021-09-09,condition_based,hydraulics,valve,routine,3.5,7465.47,403.0,predictive,False,19,False,False,True
EQP-9FAE9797,UNIT-1323,grader,Komatsu,2011,open_pit,tanzania,51464,2021-04-09,condition_based,blade,general_component,minor,7.0,14497.2,81.0,predictive,False,211,False,False,False
EQP-FE95EC54,UNIT-2840,excavator,Liebherr,2015,open_pit,zimbabwe,37437,2022-12-03,scheduled_maintenance,preventive,adjustment,routine,4.1,9436.67,668.0,preventive,True,5,False,False,False
EQP-A7EBAE52,UNIT-5810,haul_truck,Hitachi,2015,open_pit,botswana,34527,2022-02-08,breakdown,tires,rear_left,minor,7.0,9702.24,849.0,corrective,False,163,False,False,False
EQP-D89493DA,UNIT-4323,excavator,Caterpillar,2013,open_pit,south_africa,43409,2021-12-12,inspection,preventive,inspection,routine,2.7,5697.17,382.0,preventive,True,79,False,False,True
EQP-FB4C7167,UNIT-9940,grader,Caterpillar,2016,open_pit,tanzania,30922,2023-04-25,scheduled_maintenance,preventive,filter_replace,routine,3.1,3261.13,60.0,preventive,True,17,False,False,False
EQP-0D0E635B,UNIT-5306,grader,Caterpillar,2013,open_pit,south_africa,43791,2021-12-20,breakdown,electrical,sensors,major,20.3,19744.33,384.0,corrective,False,57,True,False,False
EQP-B1C742DD,UNIT-9627,drill_rig,Epiroc,2013,open_pit,ghana,45246,2023-12-28,breakdown,rotation,general_component,minor,4.1,16534.46,178.0,corrective,False,90,False,True,False
EQP-7CC9CDD5,UNIT-6945,pump,KSB,2020,open_pit,zimbabwe,15712,2021-05-27,scheduled_maintenance,preventive,oil_change,routine,1.7,946.86,146.0,preventive,True,35,False,False,False
EQP-C5B08325,UNIT-1363,grader,Caterpillar,2012,underground,zimbabwe,48101,2023-06-14,scheduled_maintenance,preventive,filter_replace,routine,1.8,3639.08,19.0,preventive,True,125,False,False,True
EQP-42E20BEA,UNIT-2830,loader,Volvo,2013,open_pit,south_africa,44664,2022-10-10,condition_based,transmission,gearbox,routine,4.3,3204.49,285.0,predictive,False,8,True,False,False
EQP-6E4D5FDF,UNIT-7351,loader,Caterpillar,2010,underground,south_africa,55664,2024-06-01,scheduled_maintenance,preventive,oil_change,routine,4.1,2401.28,247.0,preventive,True,23,False,True,False
EQP-EF4DCAA8,UNIT-5905,excavator,Komatsu,2019,underground,tanzania,20382,2021-12-21,breakdown,bucket,general_component,major,34.4,95011.86,4777.0,corrective,False,18,False,False,False
EQP-74623928,UNIT-3715,loader,Komatsu,2019,processing_plant,south_africa,20250,2021-02-26,breakdown,hydraulics,valve,major,27.2,49660.51,1508.0,corrective,False,108,False,False,False
EQP-3EBCB47F,UNIT-5698,conveyor,ThyssenKrupp,2018,open_pit,ghana,22869,2021-12-18,inspection,preventive,adjustment,routine,1.8,1425.94,593.0,preventive,True,10,False,False,False
EQP-6D72E036,UNIT-9125,crusher,FLSmidth,2010,underground,south_africa,55535,2023-04-05,condition_based,motor,general_component,minor,35.0,58246.3,8247.0,predictive,False,70,False,True,True
EQP-F30BD244,UNIT-4497,haul_truck,Hitachi,2015,processing_plant,south_africa,36354,2022-02-12,inspection,preventive,filter_replace,routine,3.6,5114.32,315.0,preventive,True,84,False,False,False
EQP-B1CDC767,UNIT-1405,crusher,Metso,2012,processing_plant,tanzania,49282,2024-05-20,breakdown,hydraulics,valve,major,64.7,112833.89,10731.0,corrective,False,39,True,False,True
EQP-A9C65F30,UNIT-3798,pump,Weir,2020,processing_plant,south_africa,17281,2020-10-07,inspection,preventive,filter_replace,minor,2.8,4167.37,239.0,preventive,True,159,False,False,False
EQP-E76DE5A7,UNIT-9421,excavator,Liebherr,2013,open_pit,drc,46095,2021-07-09,inspection,preventive,inspection,routine,5.1,8677.72,636.0,preventive,True,19,True,False,False
EQP-6B0A74F1,UNIT-7855,pump,Weir,2014,processing_plant,zimbabwe,40485,2024-11-04,scheduled_maintenance,preventive,inspection,routine,1.6,1336.45,118.0,preventive,True,30,False,False,False
EQP-70C8DF70,UNIT-8536,excavator,Hitachi,2015,processing_plant,south_africa,35586,2023-12-10,condition_based,electrical,alternator,routine,5.9,6973.18,1085.0,predictive,False,76,False,False,False
EQP-75FFDD49,UNIT-9203,haul_truck,Hitachi,2020,open_pit,zambia,15936,2020-05-18,breakdown,transmission,driveshaft,minor,9.8,28564.74,1013.0,corrective,False,49,True,False,False
EQP-587D32E9,UNIT-2057,haul_truck,Belaz,2019,open_pit,ghana,19886,2024-08-19,condition_based,transmission,torque_converter,routine,2.2,3119.55,181.0,predictive,False,56,True,False,False
EQP-F0F657E9,UNIT-3543,loader,Caterpillar,2021,processing_plant,tanzania,11592,2022-02-05,condition_based,hydraulics,filter,routine,2.5,4996.38,223.0,predictive,False,22,True,False,False
EQP-C0BB1071,UNIT-1538,conveyor,Metso,2014,open_pit,tanzania,40382,2023-03-04,scheduled_maintenance,preventive,adjustment,routine,1.1,2121.53,478.0,preventive,True,6,True,False,False
EQP-F04F435D,UNIT-1042,excavator,Caterpillar,2021,underground,tanzania,12429,2020-01-31,breakdown,bucket,general_component,major,26.6,43803.09,4283.0,corrective,False,1,False,False,False
EQP-E8CE5195,UNIT-8511,conveyor,FLSmidth,2021,open_pit,ghana,10826,2020-10-22,scheduled_maintenance,preventive,inspection,routine,1.6,1944.67,615.0,preventive,True,3,False,False,False
EQP-4F86A048,UNIT-9431,excavator,Hitachi,2016,underground,tanzania,33088,2023-06-11,condition_based,undercarriage,general_component,minor,8.6,34911.43,1507.0,predictive,False,29,False,False,True
EQP-966DC653,UNIT-2401,drill_rig,Sandvik,2018,open_pit,zambia,22163,2021-04-14,condition_based,drill_string,general_component,routine,1.6,3145.46,54.0,predictive,False,18,False,False,False
EQP-7E341A93,UNIT-7498,grader,John Deere,2022,underground,ghana,7777,2020-07-30,scheduled_maintenance,preventive,inspection,routine,2.3,1155.79,31.0,preventive,True,7,True,False,False
EQP-F1CF412D,UNIT-5813,crusher,Metso,2021,underground,south_africa,13149,2023-05-08,overhaul,motor,general_component,major,65.1,67103.57,15892.0,major_overhaul,True,40,False,False,False
EQP-6A338B36,UNIT-1622,loader,Komatsu,2012,processing_plant,south_africa,48607,2021-01-25,breakdown,transmission,torque_converter,critical,55.6,64239.33,3243.0,corrective,False,32,True,False,False
EQP-A500F8DA,UNIT-9240,conveyor,Metso,2019,open_pit,ghana,19643,2024-04-08,breakdown,roller,general_component,minor,2.3,5245.81,939.0,corrective,False,4,False,False,False
EQP-7294B76F,UNIT-8840,pump,KSB,2015,open_pit,ghana,37968,2020-11-17,breakdown,motor,general_component,critical,27.3,57272.9,2549.0,corrective,False,137,False,True,True
EQP-3322D012,UNIT-6106,haul_truck,Komatsu,2010,open_pit,botswana,55559,2020-02-12,inspection,preventive,inspection,minor,4.0,20327.77,455.0,preventive,True,80,False,False,False
EQP-5BF82212,UNIT-7370,excavator,Liebherr,2013,open_pit,botswana,41998,2021-12-04,condition_based,hydraulics,valve,minor,14.1,25293.28,1527.0,predictive,False,50,True,False,False
EQP-A54D79CA,UNIT-4574,haul_truck,Caterpillar,2023,processing_plant,south_africa,4452,2021-08-10,condition_based,brakes,general_component,routine,3.6,4003.51,449.0,predictive,False,32,False,True,False
EQP-A5E7197F,UNIT-8134,conveyor,Metso,2023,open_pit,botswana,2221,2023-02-23,inspection,preventive,oil_change,minor,2.7,7606.52,1262.0,preventive,True,54,False,False,False
EQP-5E2DFA25,UNIT-5004,conveyor,Metso,2020,open_pit,zimbabwe,15168,2021-02-24,scheduled_maintenance,preventive,filter_replace,routine,1.8,2266.48,539.0,preventive,True,11,False,False,False
EQP-CB954A62,UNIT-9901,crusher,Sandvik,2023,processing_plant,drc,4622,2024-10-31,scheduled_maintenance,preventive,inspection,routine,9.7,12917.81,2346.0,preventive,True,19,False,True,False
EQP-F95602A0,UNIT-1567,excavator,Liebherr,2017,open_pit,botswana,27539,2022-01-29,scheduled_maintenance,preventive,inspection,routine,2.8,7720.32,335.0,preventive,True,168,False,False,False
EQP-73F52312,UNIT-2549,haul_truck,Caterpillar,2020,open_pit,zimbabwe,16580,2023-06-30,scheduled_maintenance,preventive,filter_replace,routine,2.1,3253.96,287.0,preventive,True,1,False,False,False
EQP-8911B2FD,UNIT-9717,conveyor,ThyssenKrupp,2010,underground,zambia,54841,2023-10-15,scheduled_maintenance,preventive,oil_change,routine,1.1,2380.9,345.0,preventive,True,123,False,True,False
EQP-E05673D7,UNIT-3598,pump,KSB,2012,open_pit,south_africa,48858,2024-05-10,breakdown,casing,general_component,major,7.2,18334.68,587.0,corrective,False,75,False,True,False
EQP-094B4059,UNIT-3795,excavator,Komatsu,2010,processing_plant,south_africa,54309,2022-06-24,scheduled_maintenance,preventive,oil_change,routine,3.6,9582.19,572.0,preventive,True,21,True,False,False
EQP-E13A5B09,UNIT-8120,haul_truck,Komatsu,2023,underground,botswana,5318,2021-02-13,scheduled_maintenance,preventive,adjustment,routine,3.8,5214.34,392.0,preventive,True,120,False,False,False
EQP-19E19692,UNIT-2704,excavator,Liebherr,2017,open_pit,south_africa,27524,2022-07-21,breakdown,engine,injector,critical,54.8,199892.7,10415.0,corrective,False,86,True,False,True
EQP-E7F590BC,UNIT-5621,drill_rig,Caterpillar,2022,underground,south_africa,9531,2022-02-05,overhaul,hydraulics,cylinder,major,17.3,33564.66,822.0,major_overhaul,True,102,True,False,False
EQP-A91B5006,UNIT-3574,excavator,Caterpillar,2014,processing_plant,ghana,39159,2023-01-01,breakdown,hydraulics,pump,critical,82.2,198209.78,11015.0,corrective,False,57,True,False,True
EQP-3FF3AD1C,UNIT-2781,excavator,Liebherr,2014,open_pit,drc,41924,2021-03-01,inspection,preventive,oil_change,routine,4.3,4807.45,580.0,preventive,True,29,False,False,False
EQP-FDA6496E,UNIT-9678,conveyor,FLSmidth,2018,underground,ghana,23042,2022-07-17,breakdown,belt,general_component,critical,30.9,56918.05,12784.0,corrective,False,64,False,False,False
EQP-FF45C3EA,UNIT-2798,excavator,Caterpillar,2017,open_pit,botswana,26206,2024-09-19,inspection,preventive,adjustment,routine,5.3,9480.04,681.0,preventive,True,127,False,True,False
EQP-D1767062,UNIT-1848,excavator,Liebherr,2013,underground,drc,44043,2023-05-23,scheduled_maintenance,preventive,filter_replace,minor,17.5,24924.11,2282.0,preventive,True,13,False,True,False
EQP-B74D42E8,UNIT-7064,haul_truck,Belaz,2013,underground,tanzania,45233,2024-09-19,breakdown,brakes,general_component,critical,24.2,165983.92,1852.0,corrective,False,83,False,False,False
EQP-DB65D573,UNIT-8804,grader,John Deere,2016,open_pit,zambia,32790,2020-07-11,breakdown,blade,general_component,minor,7.2,11672.48,79.0,corrective,False,42,False,False,False
EQP-3B870FF9,UNIT-2147,drill_rig,Caterpillar,2009,open_pit,drc,61162,2023-03-22,scheduled_maintenance,preventive,adjustment,minor,4.1,9295.16,170.0,preventive,True,24,False,True,False
EQP-7B242FBE,UNIT-7369,excavator,Caterpillar,2011,open_pit,south_africa,52810,2020-02-11,condition_based,engine,cooling_system,routine,2.9,2070.45,383.0,predictive,False,3,True,False,True
EQP-0E6398F4,UNIT-5866,haul_truck,Belaz,2008,underground,ghana,63179,2020-12-31,breakdown,brakes,general_component,major,13.8,62845.24,1119.0,corrective,False,6,False,False,False
EQP-0421632F,UNIT-8469,conveyor,FLSmidth,2010,underground,tanzania,56766,2024-01-28,breakdown,motor,general_component,major,10.3,14986.79,4970.0,corrective,False,261,False,True,False
EQP-76C0E903,UNIT-2142,grader,Caterpillar,2011,open_pit,tanzania,52092,2020-06-30,condition_based,electrical,sensors,routine,1.7,1559.95,22.0,predictive,False,85,False,False,False
EQP-F5F51237,UNIT-9782,haul_truck,Hitachi,2009,open_pit,drc,59290,2022-05-12,scheduled_maintenance,preventive,filter_replace,routine,3.6,4710.16,326.0,preventive,True,42,False,False,False
EQP-A4690534,UNIT-6571,haul_truck,Komatsu,2008,processing_plant,botswana,64179,2020-05-05,scheduled_maintenance,preventive,adjustment,routine,3.4,2466.59,388.0,preventive,True,23,False,False,False
EQP-8D661B18,UNIT-8578,haul_truck,Hitachi,2021,open_pit,tanzania,11943,2021-06-21,breakdown,engine,oil_pump,major,16.9,42508.74,2320.0,corrective,False,63,True,False,False
EQP-1DF0D791,UNIT-4257,conveyor,ThyssenKrupp,2010,open_pit,south_africa,57415,2020-08-10,scheduled_maintenance,preventive,adjustment,minor,3.7,6342.24,1732.0,preventive,True,217,False,False,False
EQP-DEBD3376,UNIT-9489,grader,John Deere,2016,open_pit,zambia,31485,2022-03-28,breakdown,tires,front_right,major,20.1,39385.34,262.0,corrective,False,95,False,False,False
EQP-E82AEA7E,UNIT-6636,drill_rig,Caterpillar,2009,underground,tanzania,59438,2023-03-03,scheduled_maintenance,preventive,inspection,routine,1.2,1975.68,52.0,preventive,True,2,False,False,False
EQP-ADAFB2B9,UNIT-2142,excavator,Komatsu,2023,open_pit,tanzania,3301,2023-03-16,breakdown,bucket,general_component,minor,10.6,24011.06,1615.0,corrective,False,1,False,False,False
EQP-AA95D3CD,UNIT-9305,loader,Volvo,2011,processing_plant,south_africa,53896,2024-08-05,overhaul,electrical,sensors,major,17.7,43008.59,1412.0,major_overhaul,True,85,False,False,False
EQP-5438FAED,UNIT-8161,loader,Caterpillar,2019,underground,south_africa,19357,2020-08-07,scheduled_maintenance,preventive,inspection,minor,6.8,18832.35,490.0,preventive,True,5,False,False,False
EQP-9C6986D8,UNIT-3701,haul_truck,Hitachi,2018,open_pit,drc,25296,2021-12-21,scheduled_maintenance,preventive,inspection,routine,2.9,4632.01,256.0,preventive,True,21,False,False,False
EQP-AB388DFD,UNIT-5910,haul_truck,Hitachi,2020,underground,ghana,14968,2022-07-31,inspection,preventive,inspection,routine,2.2,5900.42,300.0,preventive,True,66,False,False,False
EQP-1511657F,UNIT-4492,excavator,Liebherr,2018,open_pit,south_africa,24506,2020-06-04,overhaul,electrical,battery,major,24.8,91852.61,3829.0,major_overhaul,True,5,False,False,True
EQP-155739F1,UNIT-5890,loader,Caterpillar,2016,open_pit,zambia,32262,2020-07-18,condition_based,electrical,battery,routine,4.2,2557.37,294.0,predictive,False,48,False,False,False
EQP-C1362901,UNIT-9687,crusher,Metso,2020,underground,drc,17233,2021-07-12,scheduled_maintenance,preventive,filter_replace,routine,9.3,13027.93,2337.0,preventive,True,17,False,False,False
EQP-DD64F4C2,UNIT-9089,crusher,FLSmidth,2021,open_pit,south_africa,13088,2024-03-27,inspection,preventive,adjustment,routine,7.2,6152.76,1540.0,preventive,True,11,False,False,False
EQP-AA7CE92B,UNIT-2939,loader,Volvo,2014,processing_plant,zambia,40081,2022-11-21,breakdown,tires,front_right,critical,33.5,205682.9,3097.0,corrective,False,177,False,False,False
EQP-699DEC7A,UNIT-9745,excavator,Hitachi,2023,underground,south_africa,3462,2022-10-09,condition_based,engine,turbo,routine,2.5,7093.23,284.0,predictive,False,25,False,True,False
EQP-8421795A,UNIT-4941,excavator,Komatsu,2023,open_pit,ghana,5624,2022-09-18,condition_based,bucket,general_component,routine,4.2,6548.27,433.0,predictive,False,120,False,False,True
EQP-A4B088BC,UNIT-7342,haul_truck,Komatsu,2019,processing_plant,tanzania,19363,2023-12-30,scheduled_maintenance,preventive,oil_change,routine,2.6,4283.59,306.0,preventive,True,1,False,False,False
EQP-35127C35,UNIT-7877,grader,John Deere,2022,underground,tanzania,5732,2022-09-07,inspection,preventive,inspection,routine,3.5,2545.36,44.0,preventive,True,47,True,False,False
EQP-F16727BA,UNIT-5345,conveyor,ThyssenKrupp,2009,open_pit,south_africa,58141,2023-07-21,condition_based,motor,general_component,routine,0.9,969.16,252.0,predictive,False,165,False,True,True
EQP-8F942B2E,UNIT-5109,excavator,Komatsu,2016,underground,tanzania,30384,2021-07-11,condition_based,bucket,general_component,minor,16.2,24941.99,1669.0,predictive,False,144,False,False,False
EQP-0CDFD760,UNIT-5107,haul_truck,Caterpillar,2018,processing_plant,tanzania,24595,2024-01-07,inspection,preventive,filter_replace,routine,2.1,5151.04,279.0,preventive,True,47,False,False,True
EQP-683321B7,UNIT-8762,crusher,Metso,2022,open_pit,zambia,10214,2020-02-28,condition_based,shaft,general_component,routine,7.3,7578.8,2146.0,predictive,False,139,False,False,False
EQP-F1425BB9,UNIT-4476,loader,Komatsu,2009,open_pit,botswana,57960,2021-09-07,breakdown,transmission,driveshaft,major,27.9,37746.13,2254.0,corrective,False,16,False,False,False
EQP-1D16EEDE,UNIT-3519,crusher,FLSmidth,2020,open_pit,south_africa,15217,2021-03-26,breakdown,motor,general_component,major,66.2,91267.83,17602.0,corrective,False,125,False,True,True
EQP-DDAA7299,UNIT-4254,haul_truck,Komatsu,2009,open_pit,south_africa,60089,2020-09-08,scheduled_maintenance,preventive,adjustment,routine,2.8,6407.41,386.0,preventive,True,75,False,False,True
EQP-FC62EC2F,UNIT-2753,grader,John Deere,2013,open_pit,tanzania,45545,2022-08-24,breakdown,blade,general_component,major,13.0,25226.61,235.0,corrective,False,12,False,False,False
EQP-778E48BC,UNIT-4523,loader,Komatsu,2019,underground,drc,19212,2024-05-23,condition_based,transmission,torque_converter,routine,3.8,3985.57,252.0,predictive,False,95,True,False,False
EQP-CCA029D6,UNIT-2026,crusher,Metso,2012,processing_plant,ghana,48590,2020-10-19,inspection,preventive,oil_change,minor,30.3,58749.55,4556.0,preventive,True,11,False,False,False
EQP-7D03BFAA,UNIT-1807,crusher,FLSmidth,2021,underground,south_africa,11749,2024-05-11,breakdown,bearing,general_component,minor,18.3,16354.25,4469.0,corrective,False,13,False,True,False
EQP-33DC0F08,UNIT-7513,grader,Komatsu,2022,open_pit,south_africa,10607,2024-03-22,inspection,preventive,oil_change,routine,2.0,1503.69,39.0,preventive,True,107,False,False,False
EQP-7F0A1327,UNIT-1696,grader,Komatsu,2010,open_pit,south_africa,56144,2024-05-08,condition_based,transmission,driveshaft,routine,2.8,3760.72,53.0,predictive,False,28,True,False,False
EQP-6E96D6B1,UNIT-6113,conveyor,ThyssenKrupp,2012,open_pit,south_africa,48355,2020-01-12,overhaul,gearbox,general_component,major,10.5,20750.58,2637.0,major_overhaul,True,60,False,True,False
EQP-CD88881C,UNIT-8018,drill_rig,Epiroc,2009,open_pit,botswana,60084,2024-11-15,breakdown,drill_string,general_component,major,13.5,31293.76,643.0,corrective,False,1,False,False,False
EQP-76A2A1EC,UNIT-7519,excavator,Hitachi,2019,underground,ghana,19585,2022-02-08,scheduled_maintenance,preventive,filter_replace,minor,8.9,12693.08,900.0,preventive,True,64,False,False,True
EQP-4F9A283B,UNIT-5014,loader,Komatsu,2022,open_pit,tanzania,8949,2022-12-09,scheduled_maintenance,preventive,oil_change,minor,13.7,15250.82,1049.0,preventive,True,48,False,False,False
EQP-06E8234D,UNIT-2742,crusher,FLSmidth,2017,processing_plant,south_africa,26840,2021-07-02,condition_based,liner,general_component,routine,11.1,12406.44,3085.0,predictive,False,94,False,False,False
EQP-D227CA14,UNIT-9375,haul_truck,Hitachi,2010,open_pit,ghana,53998,2022-07-11,inspection,preventive,filter_replace,routine,3.2,4037.34,340.0,preventive,True,18,True,False,True
EQP-D723077B,UNIT-8515,haul_truck,Belaz,2010,underground,botswana,55849,2022-09-17,inspection,preventive,adjustment,routine,1.8,6563.88,227.0,preventive,True,93,True,False,False
EQP-722E5DB9,UNIT-6509,grader,Caterpillar,2008,processing_plant,south_africa,64815,2023-12-06,breakdown,hydraulics,pump,major,14.8,22971.71,182.0,corrective,False,90,True,False,False
EQP-8D0C3E94,UNIT-1780,grader,Caterpillar,2015,underground,ghana,35419,2021-09-06,scheduled_maintenance,preventive,inspection,routine,3.1,2384.51,61.0,preventive,True,35,True,False,False
EQP-5B539693,UNIT-1316,pump,Weir,2019,processing_plant,tanzania,20186,2020-07-17,condition_based,casing,general_component,routine,1.7,544.29,89.0,predictive,False,44,False,False,False
EQP-C908349B,UNIT-3836,drill_rig,Epiroc,2010,processing_plant,south_africa,54779,2022-11-21,breakdown,compressor,general_component,minor,5.8,12883.56,237.0,corrective,False,69,False,False,False
EQP-3C721C29,UNIT-2417,loader,Volvo,2021,underground,south_africa,13062,2023-11-10,overhaul,engine,head_gasket,major,19.6,54998.02,1014.0,major_overhaul,True,38,True,False,False
EQP-F9C7F95C,UNIT-8742,loader,Komatsu,2012,open_pit,botswana,48651,2020-01-29,condition_based,tires,rear_right,routine,4.7,1930.57,245.0,predictive,False,23,False,False,False
EQP-FA8AAC69,UNIT-2852,excavator,Liebherr,2016,open_pit,drc,32019,2024-01-02,inspection,preventive,filter_replace,routine,3.8,6876.54,483.0,preventive,True,16,True,False,False
EQP-ACEC40AB,UNIT-3543,haul_truck,Komatsu,2018,processing_plant,zambia,24168,2023-12-17,inspection,preventive,inspection,routine,3.8,3385.55,289.0,preventive,True,67,False,False,False
EQP-943FA74E,UNIT-9780,pump,KSB,2016,open_pit,south_africa,30606,2022-11-04,breakdown,motor,general_component,critical,26.9,41204.91,1624.0,corrective,False,106,False,False,False
EQP-2B3CA1AF,UNIT-8363,haul_truck,Belaz,2015,processing_plant,south_africa,34651,2024-09-02,scheduled_maintenance,preventive,filter_replace,routine,3.1,1551.49,268.0,preventive,True,43,False,True,True
EQP-21BFCBCD,UNIT-2968,conveyor,Metso,2013,open_pit,drc,43878,2021-11-29,condition_based,belt,general_component,routine,0.9,1565.98,430.0,predictive,False,48,False,False,False
EQP-43C5C16C,UNIT-4451,crusher,FLSmidth,2014,underground,zimbabwe,40513,2020-08-28,inspection,preventive,inspection,routine,6.7,14823.95,1047.0,preventive,True,113,False,False,False
EQP-F4E52253,UNIT-5641,crusher,Metso,2011,open_pit,ghana,52564,2023-03-27,condition_based,hydraulics,pump,routine,11.8,4762.36,2853.0,predictive,False,123,True,False,False
EQP-BD78A777,UNIT-6977,excavator,Hitachi,2012,processing_plant,tanzania,47637,2023-01-02,breakdown,electrical,starter,major,30.9,54055.26,5162.0,corrective,False,1,False,False,False
EQP-4A84D412,UNIT-9424,crusher,Sandvik,2020,open_pit,tanzania,16745,2024-07-05,scheduled_maintenance,preventive,inspection,routine,8.2,5715.6,2240.0,preventive,True,31,False,False,False
EQP-BFE4CBEC,UNIT-8839,haul_truck,Komatsu,2022,open_pit,zambia,9420,2021-02-07,breakdown,brakes,general_component,minor,8.2,20147.95,841.0,corrective,False,155,False,False,False
EQP-95111A1F,UNIT-9793,loader,Volvo,2021,processing_plant,drc,11911,2020-10-11,scheduled_maintenance,preventive,filter_replace,routine,2.3,2111.56,136.0,preventive,True,176,False,False,False
EQP-A2333C79,UNIT-1365,haul_truck,Hitachi,2013,open_pit,zambia,44309,2023-05-07,overhaul,hydraulics,pump,major,21.4,72824.45,1800.0,major_overhaul,True,125,False,False,True
EQP-5032EDD2,UNIT-3127,crusher,Metso,2013,open_pit,zimbabwe,43792,2021-07-13,breakdown,liner,general_component,critical,84.0,463345.64,14396.0,corrective,False,44,False,False,False
EQP-F3807019,UNIT-6066,loader,Caterpillar,2008,processing_plant,south_africa,63873,2020-11-28,breakdown,electrical,sensors,minor,8.9,17255.33,678.0,corrective,False,47,False,False,False
EQP-365C0602,UNIT-1442,haul_truck,Caterpillar,2012,processing_plant,tanzania,48169,2023-04-23,scheduled_maintenance,preventive,inspection,routine,2.6,1523.83,311.0,preventive,True,12,False,True,False
EQP-F5DB5B05,UNIT-4197,haul_truck,Komatsu,2017,open_pit,drc,29703,2020-11-29,inspection,preventive,oil_change,routine,3.0,4323.49,402.0,preventive,True,34,False,False,False
EQP-8B127DA5,UNIT-2382,loader,Caterpillar,2012,underground,botswana,48915,2024-02-08,breakdown,engine,injector,critical,59.1,205698.33,5332.0,corrective,False,20,True,False,False
EQP-BC5559CC,UNIT-9395,haul_truck,Komatsu,2019,open_pit,botswana,20825,2021-07-14,breakdown,engine,oil_pump,major,23.5,52814.73,3248.0,corrective,False,76,True,False,True
EQP-CBBF01B9,UNIT-1569,haul_truck,Belaz,2008,open_pit,south_africa,63546,2023-03-19,scheduled_maintenance,preventive,filter_replace,routine,3.5,5929.67,304.0,preventive,True,16,False,False,False
EQP-90154A8D,UNIT-2335,drill_rig,Caterpillar,2014,underground,ghana,39101,2022-11-05,scheduled_maintenance,preventive,filter_replace,routine,2.9,3728.23,127.0,preventive,True,13,False,False,False
EQP-02CB5DF5,UNIT-2755,grader,Komatsu,2012,open_pit,drc,48389,2022-11-29,breakdown,transmission,torque_converter,critical,53.0,151536.16,569.0,corrective,False,24,True,False,False
EQP-9CD8AD7F,UNIT-2337,conveyor,FLSmidth,2015,open_pit,drc,37243,2021-07-01,inspection,preventive,filter_replace,routine,1.2,1233.29,564.0,preventive,True,188,False,False,False
EQP-0B8B535C,UNIT-6116,excavator,Hitachi,2008,open_pit,tanzania,65723,2020-06-03,inspection,preventive,oil_change,routine,5.9,8602.93,900.0,preventive,True,55,False,False,False
EQP-9075F7BD,UNIT-4278,pump,KSB,2014,processing_plant,south_africa,37547,2023-02-25,scheduled_maintenance,preventive,inspection,routine,0.9,816.69,74.0,preventive,True,95,False,False,False
EQP-8112C3EE,UNIT-9211,drill_rig,Sandvik,2020,underground,zambia,18446,2022-02-19,breakdown,drill_string,general_component,major,17.3,36725.95,701.0,corrective,False,46,False,True,False
EQP-683B5D93,UNIT-3347,drill_rig,Caterpillar,2021,open_pit,botswana,12416,2024-10-24,scheduled_maintenance,preventive,inspection,routine,1.4,3471.78,55.0,preventive,True,62,False,False,False
EQP-064C60D2,UNIT-5834,drill_rig,Caterpillar,2012,processing_plant,botswana,48908,2024-05-21,breakdown,rotation,general_component,minor,7.8,11640.77,297.0,corrective,False,51,False,False,False
EQP-2CB27A34,UNIT-6940,excavator,Komatsu,2014,processing_plant,south_africa,38260,2020-05-13,scheduled_maintenance,preventive,oil_change,routine,5.2,2818.92,999.0,preventive,True,22,False,False,False
EQP-2192FB90,UNIT-6633,excavator,Komatsu,2019,open_pit,botswana,19763,2021-10-12,condition_based,electrical,alternator,routine,4.8,5473.62,647.0,predictive,False,35,False,False,False
EQP-1F19EB2A,UNIT-8166,crusher,Sandvik,2015,processing_plant,south_africa,36822,2022-01-18,breakdown,hydraulics,hose,major,64.2,77728.7,17130.0,corrective,False,30,True,False,True
EQP-A69B3901,UNIT-2816,haul_truck,Caterpillar,2016,open_pit,drc,30825,2021-11-16,breakdown,electrical,sensors,major,13.1,51929.14,1338.0,corrective,False,92,True,False,False
EQP-30082B6A,UNIT-5566,crusher,Metso,2013,open_pit,south_africa,41111,2023-07-26,breakdown,motor,general_component,minor,21.0,15928.07,3295.0,corrective,False,78,True,False,False
EQP-20E800B3,UNIT-8204,haul_truck,Komatsu,2021,open_pit,zambia,12335,2021-10-05,breakdown,hydraulics,filter,major,16.0,51753.72,1654.0,corrective,False,193,True,False,True
EQP-2DCC3358,UNIT-8766,excavator,Caterpillar,2018,open_pit,south_africa,23950,2020-10-02,breakdown,bucket,general_component,critical,118.4,213198.65,13626.0,corrective,False,39,False,False,False
EQP-83E0A092,UNIT-6559,haul_truck,Hitachi,2023,underground,south_africa,5441,2021-10-14,scheduled_maintenance,preventive,inspection,routine,2.7,1581.05,292.0,preventive,True,13,False,False,False
EQP-9AD9BB4F,UNIT-6866,conveyor,FLSmidth,2020,underground,ghana,15840,2023-11-17,condition_based,gearbox,general_component,routine,0.9,1745.52,243.0,predictive,False,112,False,True,False
EQP-5041B8F8,UNIT-8776,crusher,Metso,2013,processing_plant,botswana,43913,2021-12-29,breakdown,bearing,general_component,minor,18.2,29085.16,4874.0,corrective,False,63,True,False,True
EQP-373A8479,UNIT-6623,excavator,Caterpillar,2013,open_pit,zambia,44697,2021-05-28,scheduled_maintenance,preventive,oil_change,routine,5.4,6658.99,859.0,preventive,True,193,True,False,False
EQP-33DAA7DC,UNIT-9538,haul_truck,Belaz,2009,open_pit,zimbabwe,61033,2023-10-24,overhaul,brakes,general_component,major,22.7,69866.32,1767.0,major_overhaul,True,178,False,True,False
EQP-80DC2BF9,UNIT-2148,haul_truck,Hitachi,2017,open_pit,zimbabwe,27291,2020-04-28,scheduled_maintenance,preventive,filter_replace,routine,3.8,6686.46,469.0,preventive,True,12,False,False,False
EQP-EE48598C,UNIT-4130,loader,Komatsu,2019,open_pit,ghana,20944,2022-03-30,inspection,preventive,filter_replace,minor,6.4,15064.25,625.0,preventive,True,21,False,False,False
EQP-0EDBCE21,UNIT-2009,excavator,Hitachi,2013,processing_plant,south_africa,43478,2020-07-04,scheduled_maintenance,preventive,adjustment,minor,14.3,24137.79,1521.0,preventive,True,3,False,False,False
EQP-F3BB3624,UNIT-1815,loader,Komatsu,2008,underground,south_africa,64016,2022-12-28,breakdown,hydraulics,pump,major,21.0,43199.07,1425.0,corrective,False,63,False,False,True
EQP-33FB1056,UNIT-5246,excavator,Caterpillar,2021,underground,drc,12670,2024-06-07,breakdown,bucket,general_component,major,31.2,63419.32,5912.0,corrective,False,105,False,False,False
EQP-1D13A697,UNIT-3033,haul_truck,Hitachi,2011,underground,botswana,52845,2022-03-07,condition_based,transmission,gearbox,routine,3.6,3270.58,279.0,predictive,False,32,True,True,True
EQP-F805611B,UNIT-4664,crusher,FLSmidth,2017,open_pit,south_africa,28318,2024-11-01,inspection,preventive,inspection,minor,18.3,22093.55,5267.0,preventive,True,41,False,True,False
EQP-ADFDE718,UNIT-4940,drill_rig,Epiroc,2008,open_pit,zimbabwe,62919,2024-04-21,scheduled_maintenance,preventive,filter_replace,routine,2.1,4660.36,104.0,preventive,True,150,True,False,False
EQP-DD81E3FF,UNIT-6587,haul_truck,Hitachi,2009,open_pit,tanzania,58129,2023-08-02,scheduled_maintenance,preventive,inspection,routine,2.4,1869.85,250.0,preventive,True,33,False,True,True
EQP-A40E0DEF,UNIT-9510,pump,Weir,2022,processing_plant,botswana,7812,2020-11-17,scheduled_maintenance,preventive,oil_change,minor,3.8,4070.69,278.0,preventive,True,2,True,True,False
EQP-B4492ED2,UNIT-8643,haul_truck,Hitachi,2018,open_pit,ghana,24971,2020-02-29,breakdown,transmission,driveshaft,minor,6.3,11244.91,939.0,corrective,False,212,False,False,False
EQP-D71E6876,UNIT-4404,excavator,Hitachi,2008,open_pit,botswana,64449,2020-08-09,breakdown,electrical,wiring,major,24.1,43632.05,2554.0,corrective,False,1,False,True,False
EQP-8736507B,UNIT-3929,excavator,Komatsu,2009,underground,zambia,60242,2021-09-18,overhaul,hydraulics,cylinder,major,22.9,50365.05,3019.0,major_overhaul,True,238,True,False,False
EQP-536D936F,UNIT-7936,drill_rig,Sandvik,2015,open_pit,drc,35992,2022-01-03,breakdown,compressor,general_component,major,11.7,33678.96,311.0,corrective,False,118,False,False,False
EQP-7E9E379C,UNIT-2112,loader,Volvo,2018,underground,tanzania,24309,2021-01-13,scheduled_maintenance,preventive,adjustment,routine,3.7,3882.95,323.0,preventive,True,20,False,False,False
EQP-56ACEF65,UNIT-5863,haul_truck,Komatsu,2014,open_pit,south_africa,39005,2024-10-19,condition_based,hydraulics,pump,routine,3.0,6866.19,372.0,predictive,False,2,False,False,True
EQP-FFC488D8,UNIT-4806,grader,Caterpillar,2021,underground,tanzania,12780,2023-08-30,scheduled_maintenance,preventive,filter_replace,minor,11.4,12206.06,212.0,preventive,True,60,False,False,False
EQP-3ED237CE,UNIT-2645,crusher,FLSmidth,2018,open_pit,zambia,24846,2023-06-13,overhaul,liner,general_component,major,50.1,132176.69,8945.0,major_overhaul,True,1,False,False,False
EQP-E2CD1C4B,UNIT-6547,pump,Metso,2017,processing_plant,tanzania,27644,2023-03-18,breakdown,impeller,general_component,major,9.9,14639.63,765.0,corrective,False,17,False,False,False
EQP-902615F4,UNIT-3886,loader,Komatsu,2012,underground,tanzania,48437,2023-01-14,inspection,preventive,oil_change,minor,14.7,9622.79,1259.0,preventive,True,59,False,False,False
EQP-337DCB16,UNIT-2670,grader,John Deere,2018,open_pit,zambia,22283,2024-05-06,breakdown,transmission,torque_converter,critical,50.1,141982.62,642.0,corrective,False,51,True,False,False
EQP-2ECC3037,UNIT-6878,conveyor,FLSmidth,2021,underground,south_africa,12180,2021-12-03,breakdown,belt,general_component,major,10.7,17117.73,5055.0,corrective,False,138,False,False,False
EQP-13F42C01,UNIT-2567,excavator,Caterpillar,2008,underground,ghana,63866,2020-09-09,scheduled_maintenance,preventive,filter_replace,minor,17.6,33137.48,2108.0,preventive,True,92,False,False,False
EQP-47F9D0DB,UNIT-7055,drill_rig,Sandvik,2019,underground,tanzania,21259,2021-06-15,inspection,preventive,inspection,routine,2.6,1025.4,73.0,preventive,True,35,False,False,False
EQP-E81F7242,UNIT-2458,crusher,FLSmidth,2022,processing_plant,zambia,7801,2021-02-15,scheduled_maintenance,preventive,inspection,routine,5.4,8347.66,1038.0,preventive,True,47,False,False,False
EQP-6D6286B7,UNIT-4912,drill_rig,Epiroc,2014,processing_plant,tanzania,40868,2024-09-17,breakdown,rotation,general_component,major,10.7,30166.44,481.0,corrective,False,23,True,True,False
EQP-F75852BE,UNIT-8271,crusher,Sandvik,2020,open_pit,ghana,15608,2022-10-17,scheduled_maintenance,preventive,inspection,routine,6.9,6566.43,1774.0,preventive,True,33,False,True,False
EQP-FE3A3221,UNIT-3057,haul_truck,Komatsu,2013,open_pit,drc,41713,2022-02-07,breakdown,hydraulics,filter,major,20.2,60368.06,2865.0,corrective,False,110,True,False,True
EQP-AC083E9B,UNIT-7907,loader,Volvo,2011,open_pit,tanzania,51774,2020-02-16,inspection,preventive,adjustment,routine,4.0,5157.81,323.0,preventive,True,133,False,False,False
EQP-FE2742BA,UNIT-7496,haul_truck,Belaz,2021,underground,zimbabwe,12196,2023-07-03,inspection,preventive,oil_change,minor,5.1,26939.03,734.0,preventive,True,39,False,False,False
EQP-F3024715,UNIT-9123,pump,KSB,2012,processing_plant,ghana,48150,2023-03-09,condition_based,bearing,general_component,minor,3.8,6804.38,293.0,predictive,False,2,False,True,True
EQP-30CEBEC9,UNIT-2519,haul_truck,Hitachi,2020,underground,south_africa,16165,2023-12-29,scheduled_maintenance,preventive,inspection,routine,2.6,6369.98,374.0,preventive,True,9,False,False,True
EQP-CF7DAC18,UNIT-7435,haul_truck,Komatsu,2013,open_pit,tanzania,43493,2020-08-23,scheduled_maintenance,preventive,adjustment,routine,3.3,6510.5,463.0,preventive,True,48,False,False,True
EQP-BE5B4FAF,UNIT-9429,loader,Volvo,2014,processing_plant,tanzania,39676,2023-03-29,scheduled_maintenance,preventive,oil_change,routine,2.8,4529.12,206.0,preventive,True,5,True,False,False
EQP-10C710FC,UNIT-7866,loader,Volvo,2018,underground,drc,22873,2021-10-13,breakdown,engine,head_gasket,major,18.6,51356.84,936.0,corrective,False,80,False,False,False
EQP-C291A21F,UNIT-2690,crusher,Sandvik,2013,open_pit,drc,42003,2021-02-22,scheduled_maintenance,preventive,inspection,routine,9.1,5653.92,2711.0,preventive,True,38,True,False,False
EQP-99B4CDE7,UNIT-8398,pump,KSB,2020,processing_plant,south_africa,15893,2021-02-07,condition_based,motor,general_component,minor,2.3,7743.49,172.0,predictive,False,102,True,True,False
EQP-16A9BE3E,UNIT-1965,excavator,Liebherr,2008,open_pit,drc,63254,2021-06-02,inspection,preventive,adjustment,routine,4.8,6025.15,836.0,preventive,True,8,True,False,False
EQP-A8FB77F9,UNIT-6299,loader,Volvo,2008,underground,south_africa,65079,2023-08-12,scheduled_maintenance,preventive,oil_change,minor,9.4,10729.64,683.0,preventive,True,98,False,False,False
EQP-48B005DD,UNIT-5478,excavator,Caterpillar,2009,open_pit,south_africa,57818,2020-02-11,inspection,preventive,adjustment,minor,12.4,23636.36,1689.0,preventive,True,15,False,False,False
EQP-F426C3BC,UNIT-5779,conveyor,Metso,2012,processing_plant,tanzania,48291,2024-09-01,condition_based,belt,general_component,minor,5.2,8674.49,1766.0,predictive,False,8,False,False,False
EQP-D570D109,UNIT-5675,drill_rig,Sandvik,2008,open_pit,ghana,66121,2024-10-10,overhaul,drill_string,general_component,major,10.6,40774.65,359.0,major_overhaul,True,47,False,False,False
EQP-1A6A307E,UNIT-1283,haul_truck,Belaz,2014,open_pit,tanzania,39817,2024-10-08,overhaul,tires,front_left,major,14.5,36867.21,1718.0,major_overhaul,True,115,False,False,False
EQP-DAC5FB75,UNIT-5573,conveyor,Metso,2008,underground,drc,63997,2024-02-11,breakdown,motor,general_component,major,11.4,16579.71,5152.0,corrective,False,1,False,False,True
EQP-DF6ABC84,UNIT-9429,loader,Caterpillar,2020,processing_plant,south_africa,16426,2021-08-05,scheduled_maintenance,preventive,adjustment,routine,4.2,4824.63,329.0,preventive,True,226,False,False,False
EQP-B3203E24,UNIT-4929,haul_truck,Caterpillar,2010,open_pit,ghana,56504,2021-12-28,condition_based,brakes,general_component,routine,2.2,5663.85,252.0,predictive,False,8,False,False,True
EQP-3F434F1F,UNIT-3491,grader,Caterpillar,2023,open_pit,south_africa,3591,2020-08-16,inspection,preventive,inspection,minor,9.8,6274.88,128.0,preventive,True,101,False,False,False
EQP-AB718297,UNIT-9952,conveyor,ThyssenKrupp,2021,processing_plant,zimbabwe,10991,2024-05-25,breakdown,pulley,general_component,critical,24.8,80715.05,9069.0,corrective,False,36,False,True,False
EQP-F6FC0661,UNIT-1890,haul_truck,Hitachi,2019,underground,botswana,20652,2023-10-18,scheduled_maintenance,preventive,filter_replace,minor,8.9,22683.97,788.0,preventive,True,280,True,False,False
EQP-149E7C53,UNIT-5376,crusher,FLSmidth,2020,open_pit,zimbabwe,14091,2020-10-03,inspection,preventive,oil_change,routine,10.5,5932.5,2748.0,preventive,True,106,False,False,False
EQP-4F201C6E,UNIT-5612,haul_truck,Komatsu,2020,open_pit,tanzania,16832,2024-11-17,breakdown,engine,turbo,major,12.5,43840.96,1672.0,corrective,False,29,True,False,True
EQP-116B9248,UNIT-5301,haul_truck,Hitachi,2021,open_pit,tanzania,11608,2020-03-16,scheduled_maintenance,preventive,inspection,minor,8.9,16936.6,827.0,preventive,True,86,False,False,False
EQP-F1D7E464,UNIT-9294,crusher,FLSmidth,2016,underground,tanzania,32003,2023-10-13,scheduled_maintenance,preventive,oil_change,routine,7.2,11084.73,1692.0,preventive,True,44,False,False,False
EQP-AB79360B,UNIT-4795,haul_truck,Hitachi,2017,underground,zambia,27474,2020-08-31,scheduled_maintenance,preventive,inspection,routine,2.8,7208.65,270.0,preventive,True,40,False,False,False
EQP-53D91F4D,UNIT-9758,haul_truck,Belaz,2015,underground,zimbabwe,37430,2023-09-11,scheduled_maintenance,preventive,oil_change,routine,2.5,7468.46,371.0,preventive,True,38,False,False,False
EQP-3B6AF44D,UNIT-1601,crusher,Sandvik,2017,open_pit,drc,28249,2024-05-09,breakdown,bearing,general_component,major,69.9,122031.96,13618.0,corrective,False,73,False,True,False
EQP-EF9623CB,UNIT-7604,haul_truck,Komatsu,2014,processing_plant,south_africa,39678,2024-09-06,condition_based,tires,front_left,routine,3.0,3974.64,419.0,predictive,False,124,False,False,False
EQP-17D79EB7,UNIT-6336,loader,Komatsu,2009,open_pit,zimbabwe,59650,2020-10-15,breakdown,engine,oil_pump,critical,89.3,72322.27,7592.0,corrective,False,16,False,False,False
EQP-E086E607,UNIT-3164,loader,Volvo,2022,processing_plant,zimbabwe,7851,2020-10-23,inspection,preventive,adjustment,routine,2.8,4046.34,275.0,preventive,True,24,False,False,False
EQP-4AF0837D,UNIT-3051,haul_truck,Belaz,2019,open_pit,south_africa,22396,2020-05-02,breakdown,brakes,general_component,critical,44.4,183388.71,5726.0,corrective,False,9,False,False,False
EQP-DC2893CD,UNIT-7476,drill_rig,Epiroc,2019,open_pit,botswana,18682,2024-01-19,condition_based,electrical,battery,routine,2.6,3682.88,105.0,predictive,False,50,False,False,False
EQP-067B41FB,UNIT-6737,haul_truck,Hitachi,2012,open_pit,south_africa,49082,2020-11-29,scheduled_maintenance,preventive,inspection,routine,2.2,7286.81,241.0,preventive,True,32,False,False,False
EQP-798D924F,UNIT-6499,conveyor,ThyssenKrupp,2020,open_pit,zimbabwe,16568,2021-12-04,condition_based,motor,general_component,routine,2.0,833.61,736.0,predictive,False,40,False,True,False
EQP-D332C59A,UNIT-1457,haul_truck,Hitachi,2016,open_pit,botswana,33539,2022-01-17,breakdown,engine,oil_pump,major,19.9,46677.89,1494.0,corrective,False,81,False,False,True
EQP-6C74BE3E,UNIT-6380,pump,Metso,2009,underground,ghana,60629,2021-09-23,scheduled_maintenance,preventive,inspection,routine,1.9,1321.84,190.0,preventive,True,21,False,False,False
EQP-C60F4199,UNIT-9831,haul_truck,Komatsu,2023,processing_plant,botswana,4003,2022-06-12,breakdown,hydraulics,valve,critical,29.9,153910.57,3515.0,corrective,False,13,True,True,False
EQP-F1590248,UNIT-1155,crusher,FLSmidth,2023,underground,tanzania,5020,2021-09-19,breakdown,motor,general_component,minor,21.9,22922.23,5213.0,corrective,False,3,True,True,True
EQP-6C78C586,UNIT-5220,haul_truck,Belaz,2021,underground,zimbabwe,12229,2021-02-28,condition_based,electrical,starter,routine,2.4,5091.28,212.0,predictive,False,63,False,False,False
EQP-696CFAAA,UNIT-5448,haul_truck,Caterpillar,2015,open_pit,botswana,36754,2021-11-29,breakdown,transmission,clutch,critical,78.4,83860.76,8420.0,corrective,False,227,True,False,False
EQP-0479EE80,UNIT-9069,drill_rig,Sandvik,2011,processing_plant,zambia,53428,2023-12-21,overhaul,hydraulics,cylinder,major,10.3,31311.3,314.0,major_overhaul,True,90,True,False,False
EQP-1516F81E,UNIT-3545,conveyor,Metso,2008,open_pit,drc,64092,2020-07-31,scheduled_maintenance,preventive,inspection,minor,5.0,9795.22,1524.0,preventive,True,67,False,False,False
EQP-9BEC7FF6,UNIT-5279,pump,Metso,2019,open_pit,zimbabwe,19575,2024-09-23,breakdown,casing,general_component,minor,4.5,4869.24,348.0,corrective,False,45,False,False,False
EQP-2EC3B18F,UNIT-7454,haul_truck,Caterpillar,2022,open_pit,drc,7356,2022-01-07,overhaul,brakes,general_component,major,22.2,34571.5,2066.0,major_overhaul,True,55,False,False,False
EQP-2B0BBC65,UNIT-1542,haul_truck,Belaz,2009,open_pit,ghana,60450,2021-06-07,breakdown,tires,front_right,major,23.7,67543.0,2962.0,corrective,False,40,False,False,False
EQP-5F5B8296,UNIT-8209,excavator,Liebherr,2018,underground,south_africa,23121,2022-03-11,inspection,preventive,oil_change,routine,5.3,3432.31,730.0,preventive,True,1,False,False,False
EQP-A45D3D4E,UNIT-8399,excavator,Caterpillar,2008,open_pit,ghana,63650,2024-08-02,scheduled_maintenance,preventive,adjustment,routine,3.3,4006.65,454.0,preventive,True,16,True,False,False
EQP-F0159DBE,UNIT-7476,grader,Komatsu,2020,open_pit,tanzania,15032,2023-12-27,scheduled_maintenance,preventive,oil_change,routine,3.6,3879.8,61.0,preventive,True,106,True,False,False
EQP-D20125D2,UNIT-6833,grader,Caterpillar,2008,processing_plant,botswana,64508,2024-01-12,inspection,preventive,adjustment,routine,2.9,3280.33,48.0,preventive,True,198,False,True,False
EQP-6ED01797,UNIT-7727,grader,Komatsu,2023,open_pit,botswana,3247,2021-01-31,breakdown,hydraulics,pump,minor,9.2,7862.9,129.0,corrective,False,159,False,False,False
EQP-19360D18,UNIT-8035,haul_truck,Komatsu,2010,underground,south_africa,54713,2024-05-13,condition_based,hydraulics,cylinder,routine,2.3,5383.62,333.0,predictive,False,12,True,False,True
EQP-F35DC099,UNIT-9129,drill_rig,Sandvik,2014,open_pit,zambia,38889,2023-06-25,breakdown,hydraulics,filter,major,16.3,34633.0,541.0,corrective,False,235,False,True,True
EQP-71F304C1,UNIT-4853,loader,Komatsu,2019,processing_plant,zambia,19428,2020-04-17,condition_based,transmission,driveshaft,routine,3.3,5483.99,284.0,predictive,False,50,True,False,False
EQP-2B3690EE,UNIT-5104,excavator,Liebherr,2021,underground,south_africa,11519,2022-02-07,breakdown,undercarriage,general_component,major,32.6,73617.62,5847.0,corrective,False,10,True,False,False
EQP-E0604D79,UNIT-6740,crusher,FLSmidth,2013,open_pit,zambia,44251,2024-02-10,breakdown,shaft,general_component,major,51.4,119473.05,9393.0,corrective,False,45,False,False,False
EQP-9492EFDA,UNIT-2737,haul_truck,Caterpillar,2023,processing_plant,ghana,3838,2022-08-16,breakdown,tires,front_right,major,19.4,36711.2,2145.0,corrective,False,51,True,False,False
EQP-6DC852B1,UNIT-8705,excavator,Liebherr,2008,open_pit,botswana,64370,2022-11-20,scheduled_maintenance,preventive,oil_change,routine,2.8,3998.91,286.0,preventive,True,29,False,False,False
EQP-B223450E,UNIT-7933,grader,Caterpillar,2015,open_pit,ghana,36450,2021-11-05,overhaul,blade,general_component,major,13.1,16637.02,174.0,major_overhaul,True,26,False,False,False
EQP-B1E54F8C,UNIT-6678,excavator,Komatsu,2023,underground,tanzania,4740,2020-03-09,overhaul,bucket,general_component,major,35.2,75294.66,4470.0,major_overhaul,True,24,False,False,False
EQP-D171DECC,UNIT-3714,pump,Weir,2012,underground,tanzania,46092,2024-05-12,condition_based,impeller,general_component,minor,4.9,5375.11,434.0,predictive,False,1,False,False,False
EQP-340C6A2A,UNIT-4128,excavator,Liebherr,2016,open_pit,zimbabwe,30872,2023-09-18,inspection,preventive,adjustment,minor,8.1,19234.46,989.0,preventive,True,90,True,False,False
EQP-59FD14D9,UNIT-4914,haul_truck,Belaz,2015,open_pit,south_africa,36554,2021-05-03,inspection,preventive,adjustment,routine,3.0,2892.8,231.0,preventive,True,65,True,True,False
EQP-25789A8D,UNIT-6962,excavator,Hitachi,2014,open_pit,ghana,40211,2021-03-11,scheduled_maintenance,preventive,filter_replace,routine,5.2,5624.26,532.0,preventive,True,56,False,False,False
EQP-53D6A27E,UNIT-8001,haul_truck,Hitachi,2020,underground,botswana,16976,2022-07-21,breakdown,engine,injector,critical,57.5,98351.06,7606.0,corrective,False,31,False,False,False
EQP-06037E55,UNIT-7046,drill_rig,Caterpillar,2016,processing_plant,south_africa,30455,2023-12-05,condition_based,rotation,general_component,routine,2.0,4411.82,57.0,predictive,False,3,False,False,False
EQP-D695DC89,UNIT-9368,haul_truck,Caterpillar,2019,open_pit,south_africa,19524,2020-06-05,breakdown,transmission,torque_converter,minor,10.7,26217.33,1319.0,corrective,False,82,False,False,True
EQP-D2286217,UNIT-9644,conveyor,Metso,2016,processing_plant,botswana,31703,2023-01-31,inspection,preventive,adjustment,routine,0.9,1692.29,270.0,preventive,True,35,False,False,False
EQP-AFB428DE,UNIT-7343,grader,Caterpillar,2023,open_pit,tanzania,4166,2024-03-04,scheduled_maintenance,preventive,adjustment,routine,3.1,3685.05,38.0,preventive,True,5,False,True,False
EQP-FBE6FDF5,UNIT-4337,excavator,Komatsu,2015,underground,zimbabwe,36035,2022-06-05,breakdown,bucket,general_component,major,26.5,76809.17,4787.0,corrective,False,199,False,False,False
EQP-D82E83C0,UNIT-6391,haul_truck,Komatsu,2020,processing_plant,south_africa,16469,2020-04-05,inspection,preventive,inspection,routine,3.2,4445.49,404.0,preventive,True,99,False,True,False
EQP-6341A7A6,UNIT-4825,drill_rig,Sandvik,2017,underground,drc,27885,2020-02-12,breakdown,drill_string,general_component,major,11.6,37999.4,480.0,corrective,False,100,False,False,False
EQP-B98656AC,UNIT-6661,loader,Komatsu,2020,open_pit,tanzania,17372,2020-10-18,overhaul,engine,cooling_system,major,17.4,27075.73,1678.0,major_overhaul,True,6,True,False,False
EQP-DAF4DD6A,UNIT-8308,conveyor,Metso,2022,open_pit,ghana,9691,2024-05-20,overhaul,pulley,general_component,major,11.8,13262.34,5517.0,major_overhaul,True,55,False,False,False
EQP-5A95C31B,UNIT-4323,haul_truck,Belaz,2011,open_pit,south_africa,50882,2022-04-04,scheduled_maintenance,preventive,inspection,routine,3.7,4849.92,512.0,preventive,True,26,True,False,False
EQP-E2620BBF,UNIT-5551,conveyor,ThyssenKrupp,2012,underground,south_africa,48045,2020-09-22,condition_based,belt,general_component,routine,1.9,724.49,540.0,predictive,False,115,False,False,True
EQP-DC3DDA76,UNIT-1410,drill_rig,Caterpillar,2012,processing_plant,zambia,48797,2024-06-16,breakdown,compressor,general_component,minor,7.6,17143.89,222.0,corrective,False,14,False,False,False
EQP-77887B40,UNIT-7628,excavator,Caterpillar,2015,open_pit,ghana,36585,2024-02-02,scheduled_maintenance,preventive,oil_change,routine,2.6,3361.79,515.0,preventive,True,90,False,False,False
EQP-C5351B28,UNIT-5408,haul_truck,Belaz,2015,open_pit,tanzania,35592,2020-09-21,inspection,preventive,inspection,minor,9.0,16915.13,1064.0,preventive,True,265,False,False,False
EQP-5965EFAC,UNIT-5136,pump,Metso,2008,open_pit,ghana,64254,2023-05-23,breakdown,bearing,general_component,minor,3.5,4907.4,271.0,corrective,False,25,False,False,True
EQP-5730AC2D,UNIT-5791,haul_truck,Belaz,2022,underground,south_africa,6416,2021-08-18,breakdown,hydraulics,cylinder,critical,42.7,110534.31,4822.0,corrective,False,39,True,False,True
EQP-F1B01737,UNIT-2939,haul_truck,Hitachi,2021,underground,botswana,11980,2020-05-05,scheduled_maintenance,preventive,inspection,routine,2.2,2952.99,286.0,preventive,True,132,False,False,False
EQP-A97424F8,UNIT-6381,haul_truck,Hitachi,2017,open_pit,botswana,26539,2020-04-21,condition_based,engine,injector,routine,2.0,4406.35,239.0,predictive,False,76,False,False,False
EQP-2F0DB750,UNIT-7706,conveyor,Metso,2012,underground,zimbabwe,48507,2022-09-02,condition_based,pulley,general_component,routine,1.0,713.58,287.0,predictive,False,80,False,False,False
EQP-F1C51174,UNIT-4146,drill_rig,Caterpillar,2021,open_pit,botswana,10884,2024-02-27,breakdown,electrical,starter,major,10.1,25615.02,278.0,corrective,False,111,False,False,False
EQP-DFD4345D,UNIT-2180,haul_truck,Komatsu,2012,underground,south_africa,48163,2024-09-27,breakdown,brakes,general_component,major,20.5,31043.66,2003.0,corrective,False,19,True,False,False
EQP-0E372642,UNIT-4481,drill_rig,Caterpillar,2012,open_pit,drc,48319,2023-06-23,inspection,preventive,filter_replace,routine,2.9,3025.8,136.0,preventive,True,130,False,False,False
EQP-993B1657,UNIT-2787,crusher,FLSmidth,2023,open_pit,south_africa,4075,2024-07-19,breakdown,bearing,general_component,critical,135.9,520026.65,28584.0,corrective,False,96,False,True,True
EQP-952C3FE3,UNIT-4365,excavator,Caterpillar,2022,underground,drc,7368,2021-02-28,breakdown,electrical,wiring,major,19.9,88648.77,3726.0,corrective,False,16,True,False,False
EQP-A2F37D81,UNIT-6640,grader,Komatsu,2017,underground,tanzania,27789,2020-09-20,breakdown,electrical,starter,major,14.7,24517.52,231.0,corrective,False,77,False,False,False
EQP-4BCD0D14,UNIT-2020,excavator,Caterpillar,2010,open_pit,tanzania,57181,2020-07-18,condition_based,electrical,sensors,routine,5.1,7499.54,984.0,predictive,False,45,True,False,False
EQP-CFB53F26,UNIT-7724,haul_truck,Komatsu,2009,underground,south_africa,59575,2020-11-07,breakdown,hydraulics,hose,major,16.2,74545.87,2290.0,corrective,False,47,False,False,False
EQP-A28C60F7,UNIT-3021,pump,Weir,2023,underground,ghana,4021,2023-09-18,scheduled_maintenance,preventive,adjustment,minor,4.7,4540.43,323.0,preventive,True,4,True,False,False
EQP-45ED6E73,UNIT-9051,loader,Volvo,2012,open_pit,botswana,47443,2020-10-03,scheduled_maintenance,preventive,filter_replace,routine,2.6,5586.38,202.0,preventive,True,26,False,False,False
EQP-9779EC3A,UNIT-7591,excavator,Caterpillar,2018,processing_plant,zambia,25020,2022-02-17,breakdown,bucket,general_component,minor,15.1,33356.37,2582.0,corrective,False,13,False,False,False
EQP-C1F3EDC4,UNIT-3453,loader,Volvo,2013,processing_plant,ghana,44077,2023-09-23,overhaul,electrical,sensors,major,24.8,30366.11,1297.0,major_overhaul,True,87,False,False,False
EQP-68451D25,UNIT-6068,drill_rig,Sandvik,2015,open_pit,ghana,35236,2024-07-26,inspection,preventive,adjustment,minor,4.3,11663.5,125.0,preventive,True,60,False,False,False
EQP-C28BB7A9,UNIT-1996,excavator,Hitachi,2023,processing_plant,ghana,4007,2020-10-16,scheduled_maintenance,preventive,oil_change,routine,5.8,9446.37,1003.0,preventive,True,125,False,True,False
EQP-05D919FC,UNIT-1897,loader,Caterpillar,2017,underground,drc,27758,2020-12-01,scheduled_maintenance,preventive,adjustment,routine,3.6,2004.27,345.0,preventive,True,104,False,False,False
EQP-0E386932,UNIT-9603,loader,Komatsu,2014,open_pit,drc,41392,2020-04-26,breakdown,engine,oil_pump,major,18.3,26074.88,1193.0,corrective,False,39,True,False,True
EQP-16F9220C,UNIT-8221,excavator,Hitachi,2014,underground,drc,39955,2020-07-20,scheduled_maintenance,preventive,inspection,routine,4.4,4138.12,613.0,preventive,True,123,False,False,False
EQP-501EBDA4,UNIT-2389,conveyor,ThyssenKrupp,2011,open_pit,drc,50617,2021-12-03,breakdown,pulley,general_component,major,8.5,10072.83,3983.0,corrective,False,16,False,False,True
EQP-1AB62230,UNIT-3543,excavator,Liebherr,2016,underground,drc,32498,2021-07-20,scheduled_maintenance,preventive,inspection,minor,17.0,13812.99,2153.0,preventive,True,35,False,False,False
EQP-9A573978,UNIT-2778,haul_truck,Belaz,2017,processing_plant,south_africa,29786,2024-10-06,breakdown,transmission,torque_converter,critical,41.4,170910.87,5980.0,corrective,False,47,True,False,False
EQP-E4B1F0A7,UNIT-4556,pump,Metso,2009,open_pit,south_africa,61196,2022-03-10,condition_based,bearing,general_component,routine,1.9,1623.1,108.0,predictive,False,108,False,True,False
EQP-6EA5658E,UNIT-3621,conveyor,Metso,2014,underground,ghana,38897,2021-07-08,scheduled_maintenance,preventive,adjustment,minor,5.0,4102.91,1565.0,preventive,True,64,False,False,False
EQP-6023FDA6,UNIT-3952,conveyor,Metso,2018,open_pit,tanzania,23731,2022-04-24,scheduled_maintenance,preventive,oil_change,minor,4.7,8872.43,1217.0,preventive,True,15,False,False,False
EQP-DE9A4F70,UNIT-5763,conveyor,ThyssenKrupp,2008,underground,tanzania,63969,2023-07-27,breakdown,pulley,general_component,major,7.1,24818.47,1941.0,corrective,False,29,False,False,False
EQP-8A2A4FC1,UNIT-2701,conveyor,FLSmidth,2023,processing_plant,south_africa,3981,2021-08-30,breakdown,roller,general_component,minor,2.3,5981.34,722.0,corrective,False,1,False,False,False
EQP-1555717B,UNIT-8944,excavator,Liebherr,2021,open_pit,drc,12380,2020-09-16,scheduled_maintenance,preventive,oil_change,routine,5.5,9937.07,910.0,preventive,True,125,False,False,True
EQP-A49CD50C,UNIT-7548,pump,Metso,2018,underground,zambia,23655,2022-01-27,scheduled_maintenance,preventive,oil_change,routine,1.5,1324.5,90.0,preventive,True,82,True,False,True
EQP-474AAAE5,UNIT-7844,conveyor,FLSmidth,2008,open_pit,drc,63084,2023-01-23,overhaul,belt,general_component,major,11.8,10903.39,5721.0,major_overhaul,True,59,False,False,False
EQP-4DA67CC7,UNIT-2525,crusher,FLSmidth,2016,underground,zimbabwe,32951,2021-07-23,scheduled_maintenance,preventive,adjustment,routine,8.5,4326.82,1720.0,preventive,True,37,False,False,True
EQP-15DF66CA,UNIT-7372,drill_rig,Caterpillar,2022,underground,botswana,6876,2022-11-12,breakdown,rotation,general_component,minor,6.5,12694.07,247.0,corrective,False,87,False,True,False
EQP-4428B16B,UNIT-8525,excavator,Caterpillar,2008,underground,south_africa,63197,2021-08-06,scheduled_maintenance,preventive,filter_replace,routine,6.0,9374.52,999.0,preventive,True,114,False,False,True
EQP-9F56B8A9,UNIT-2576,haul_truck,Hitachi,2020,open_pit,drc,14870,2024-06-15,scheduled_maintenance,preventive,adjustment,routine,3.3,2090.88,281.0,preventive,True,18,False,False,False
EQP-314A22C7,UNIT-7760,excavator,Caterpillar,2021,underground,drc,12612,2024-05-16,inspection,preventive,adjustment,routine,3.7,6573.72,624.0,preventive,True,144,True,False,False
EQP-AE1024A0,UNIT-4218,haul_truck,Belaz,2009,underground,zambia,60106,2023-07-13,breakdown,tires,front_right,minor,10.6,25747.54,891.0,corrective,False,40,False,False,False
EQP-74D93F69,UNIT-8087,crusher,Metso,2011,underground,south_africa,52883,2024-02-16,inspection,preventive,oil_change,minor,19.1,59239.23,5232.0,preventive,True,60,False,False,False
EQP-0EFB449C,UNIT-5305,grader,Komatsu,2019,underground,zambia,19214,2020-08-05,condition_based,transmission,driveshaft,routine,2.9,3705.6,43.0,predictive,False,29,True,False,False
EQP-C2AA5CD9,UNIT-8219,excavator,Liebherr,2022,processing_plant,south_africa,6746,2023-03-21,breakdown,bucket,general_component,minor,8.9,13181.32,970.0,corrective,False,65,False,False,True
EQP-55543069,UNIT-2326,excavator,Caterpillar,2020,open_pit,zimbabwe,15556,2021-12-29,scheduled_maintenance,preventive,filter_replace,routine,6.0,2614.41,1025.0,preventive,True,365,False,False,False
EQP-74583DC5,UNIT-4501,crusher,Sandvik,2016,open_pit,zambia,31817,2023-10-31,scheduled_maintenance,preventive,filter_replace,routine,11.5,5463.16,1857.0,preventive,True,43,False,False,False
EQP-C08BF787,UNIT-3460,haul_truck,Caterpillar,2017,processing_plant,ghana,28209,2020-01-02,scheduled_maintenance,preventive,adjustment,routine,3.7,3179.33,548.0,preventive,True,6,False,False,False
EQP-C0DA807E,UNIT-3235,grader,John Deere,2016,open_pit,botswana,30317,2020-12-03,scheduled_maintenance,preventive,filter_replace,minor,7.2,14389.66,105.0,preventive,True,16,False,False,False
EQP-49937065,UNIT-3774,excavator,Komatsu,2017,processing_plant,tanzania,28478,2021-03-09,scheduled_maintenance,preventive,filter_replace,routine,5.0,7161.7,691.0,preventive,True,56,False,False,False
EQP-0DBECD67,UNIT-4441,haul_truck,Hitachi,2020,underground,drc,15105,2022-09-29,condition_based,engine,turbo,minor,6.1,28700.04,601.0,predictive,False,50,True,False,False
EQP-25759751,UNIT-2145,haul_truck,Belaz,2008,processing_plant,botswana,63352,2024-10-14,scheduled_maintenance,preventive,adjustment,routine,2.5,4013.09,272.0,preventive,True,15,False,False,False
EQP-FFB2AC0A,UNIT-7363,grader,John Deere,2011,underground,tanzania,53173,2024-06-01,scheduled_maintenance,preventive,filter_replace,minor,10.4,8921.52,185.0,preventive,True,5,False,False,False
EQP-2E70BA4A,UNIT-5951,haul_truck,Komatsu,2008,processing_plant,south_africa,61816,2022-03-31,inspection,preventive,adjustment,routine,1.7,3177.69,194.0,preventive,True,16,False,False,False
EQP-E1FF0C01,UNIT-8462,crusher,Metso,2020,underground,zambia,16322,2020-01-03,scheduled_maintenance,preventive,inspection,routine,5.2,8250.22,1282.0,preventive,True,7,False,False,False
EQP-D53D8BA2,UNIT-7344,haul_truck,Belaz,2019,underground,zambia,20318,2024-04-10,scheduled_maintenance,preventive,oil_change,minor,9.3,25295.64,738.0,preventive,True,8,False,False,False
EQP-55F7CA97,UNIT-2341,haul_truck,Komatsu,2008,open_pit,zambia,63181,2022-10-27,breakdown,electrical,starter,minor,10.2,23175.72,1417.0,corrective,False,6,False,False,False
EQP-B29566D0,UNIT-1629,grader,John Deere,2009,open_pit,botswana,59552,2020-02-12,breakdown,blade,general_component,minor,7.1,13476.78,109.0,corrective,False,221,True,False,False
EQP-0F110131,UNIT-4804,haul_truck,Caterpillar,2012,open_pit,drc,49221,2023-03-07,breakdown,transmission,torque_converter,critical,61.8,261906.46,7063.0,corrective,False,152,True,False,False
EQP-31DF15BC,UNIT-5329,haul_truck,Komatsu,2011,processing_plant,south_africa,53962,2024-05-03,scheduled_maintenance,preventive,oil_change,routine,3.8,1525.75,357.0,preventive,True,7,False,False,False
EQP-F71412CB,UNIT-3162,drill_rig,Epiroc,2016,open_pit,drc,33064,2024-04-16,condition_based,hydraulics,pump,minor,3.6,8559.29,97.0,predictive,False,123,True,False,True
EQP-B09B5702,UNIT-8039,grader,Komatsu,2015,underground,tanzania,37885,2024-05-19,breakdown,transmission,gearbox,critical,70.5,118510.34,942.0,corrective,False,156,False,False,False
EQP-C12528EC,UNIT-6233,excavator,Komatsu,2013,underground,ghana,43308,2024-10-22,condition_based,hydraulics,valve,routine,4.5,5569.75,818.0,predictive,False,41,False,False,True
EQP-713906DD,UNIT-7731,haul_truck,Hitachi,2010,open_pit,south_africa,54419,2023-03-22,breakdown,electrical,battery,major,17.1,35285.36,1984.0,corrective,False,248,False,False,False
EQP-9F4AF268,UNIT-1980,pump,KSB,2018,processing_plant,ghana,23947,2023-01-07,breakdown,bearing,general_component,major,6.3,8777.49,398.0,corrective,False,13,False,True,False
EQP-43D4A00D,UNIT-8334,crusher,Sandvik,2020,open_pit,zimbabwe,16804,2020-07-28,scheduled_maintenance,preventive,adjustment,minor,21.2,57450.75,5066.0,preventive,True,21,False,False,False
EQP-310882EE,UNIT-2854,loader,Caterpillar,2018,underground,south_africa,22145,2023-02-12,scheduled_maintenance,preventive,adjustment,minor,12.9,21272.1,872.0,preventive,True,94,True,False,False
EQP-799A0998,UNIT-5033,loader,Caterpillar,2020,open_pit,ghana,15073,2024-04-25,breakdown,hydraulics,pump,major,23.1,35485.67,1413.0,corrective,False,53,True,False,False
EQP-AE9947D1,UNIT-4953,crusher,FLSmidth,2022,open_pit,south_africa,7184,2024-01-03,breakdown,liner,general_component,major,42.3,117536.38,11040.0,corrective,False,101,False,False,False
EQP-DDD4D183,UNIT-8384,excavator,Caterpillar,2021,open_pit,drc,12356,2024-06-07,scheduled_maintenance,preventive,adjustment,routine,3.2,3174.05,374.0,preventive,True,133,True,False,True
EQP-634299CD,UNIT-3491,excavator,Caterpillar,2018,underground,south_africa,24227,2020-11-02,scheduled_maintenance,preventive,adjustment,minor,16.2,14049.18,2567.0,preventive,True,5,False,False,False
EQP-365405B8,UNIT-3166,crusher,Metso,2008,open_pit,south_africa,63224,2020-12-27,scheduled_maintenance,preventive,inspection,routine,7.9,7003.66,2054.0,preventive,True,43,True,False,False
EQP-31424A08,UNIT-4056,crusher,FLSmidth,2013,processing_plant,zimbabwe,44179,2024-03-24,scheduled_maintenance,preventive,adjustment,routine,5.5,6374.87,876.0,preventive,True,200,False,False,False
EQP-FC5543CF,UNIT-4246,pump,Metso,2014,underground,south_africa,38855,2024-08-19,scheduled_maintenance,preventive,adjustment,routine,2.0,1967.01,170.0,preventive,True,56,False,False,False
EQP-307D58B2,UNIT-2634,conveyor,ThyssenKrupp,2019,open_pit,south_africa,19573,2022-08-05,breakdown,gearbox,general_component,minor,3.0,2682.68,759.0,corrective,False,7,False,True,True
EQP-15E73425,UNIT-2587,excavator,Hitachi,2021,open_pit,zambia,10735,2024-05-04,breakdown,undercarriage,general_component,major,32.3,72837.49,5852.0,corrective,False,3,False,False,False
EQP-528EECAA,UNIT-3081,drill_rig,Sandvik,2018,open_pit,south_africa,23849,2023-05-12,scheduled_maintenance,preventive,inspection,routine,1.2,4416.49,38.0,preventive,True,29,False,False,False
EQP-C978223C,UNIT-5206,conveyor,Metso,2013,underground,south_africa,43199,2021-01-03,scheduled_maintenance,preventive,filter_replace,routine,1.1,551.81,317.0,preventive,True,19,False,False,False
EQP-45A6287B,UNIT-4089,drill_rig,Sandvik,2020,underground,drc,16690,2022-07-01,inspection,preventive,filter_replace,routine,1.8,3214.91,51.0,preventive,True,68,False,False,False
EQP-3F9E31DE,UNIT-4528,loader,Caterpillar,2019,open_pit,ghana,19973,2021-12-09,inspection,preventive,filter_replace,minor,13.6,12839.89,976.0,preventive,True,57,False,False,False
EQP-4B3881D8,UNIT-7470,conveyor,FLSmidth,2020,underground,drc,15773,2023-11-22,breakdown,belt,general_component,critical,32.9,41192.2,10595.0,corrective,False,312,False,False,False
EQP-1AEB29B1,UNIT-3168,haul_truck,Komatsu,2017,open_pit,botswana,29768,2021-08-29,breakdown,brakes,general_component,major,15.7,40591.53,1729.0,corrective,False,23,False,True,True
EQP-D6DE11B9,UNIT-9188,conveyor,Metso,2018,underground,drc,24383,2020-11-11,inspection,preventive,filter_replace,routine,1.7,2128.89,784.0,preventive,True,34,False,False,False
EQP-16502CB1,UNIT-7765,conveyor,FLSmidth,2013,open_pit,zambia,43631,2022-06-15,scheduled_maintenance,preventive,inspection,minor,5.2,5983.4,1436.0,preventive,True,15,False,False,False
EQP-81D71318,UNIT-2572,grader,John Deere,2014,open_pit,botswana,39416,2022-06-09,scheduled_maintenance,preventive,filter_replace,minor,8.1,4550.58,102.0,preventive,True,133,True,False,False
EQP-527CDD73,UNIT-3824,drill_rig,Caterpillar,2012,open_pit,drc,46818,2024-05-19,condition_based,compressor,general_component,minor,6.0,11132.41,167.0,predictive,False,13,True,False,False
EQP-64EB4CC1,UNIT-2651,conveyor,FLSmidth,2012,underground,tanzania,47934,2020-01-15,scheduled_maintenance,preventive,filter_replace,minor,4.0,8625.43,1637.0,preventive,True,99,False,False,False
EQP-2F1A4900,UNIT-3454,drill_rig,Epiroc,2018,underground,drc,24307,2024-04-22,breakdown,drill_string,general_component,critical,25.0,153373.45,1014.0,corrective,False,62,False,False,False
EQP-4EAAC9D2,UNIT-4289,conveyor,FLSmidth,2014,open_pit,zambia,38085,2021-01-15,breakdown,motor,general_component,minor,5.3,9662.15,2449.0,corrective,False,10,False,True,False
EQP-3A5F06BB,UNIT-2177,haul_truck,Caterpillar,2010,open_pit,botswana,54636,2020-11-12,breakdown,electrical,starter,minor,9.7,24894.51,1258.0,corrective,False,34,False,False,False
EQP-1B2E86C4,UNIT-1129,grader,John Deere,2008,underground,south_africa,63483,2022-01-22,breakdown,hydraulics,valve,major,22.2,20102.76,377.0,corrective,False,86,False,False,False
EQP-59F46CC5,UNIT-4948,grader,John Deere,2021,open_pit,botswana,10901,2022-09-19,breakdown,tires,front_left,major,21.8,17603.86,253.0,corrective,False,110,False,True,False
EQP-BAD2884C,UNIT-7308,conveyor,Metso,2014,underground,drc,40043,2024-07-31,scheduled_maintenance,preventive,filter_replace,routine,1.7,1425.11,773.0,preventive,True,44,False,True,False
EQP-97D3957A,UNIT-3726,conveyor,ThyssenKrupp,2017,open_pit,zambia,28182,2022-08-19,scheduled_maintenance,preventive,oil_change,routine,1.7,1389.62,428.0,preventive,True,25,False,False,False
EQP-5627A105,UNIT-8743,haul_truck,Hitachi,2022,open_pit,drc,7877,2020-09-18,breakdown,electrical,alternator,minor,11.6,19823.24,1492.0,corrective,False,94,False,False,False
EQP-A8671763,UNIT-4323,conveyor,ThyssenKrupp,2009,underground,ghana,60550,2022-03-21,breakdown,belt,general_component,major,9.6,20074.77,4355.0,corrective,False,49,False,False,False
EQP-1DDCE828,UNIT-9106,drill_rig,Sandvik,2022,open_pit,south_africa,7415,2024-07-15,overhaul,hydraulics,hose,major,16.5,27629.65,506.0,major_overhaul,True,12,True,False,True
EQP-27A56943,UNIT-3123,crusher,FLSmidth,2019,underground,botswana,19954,2023-07-10,breakdown,motor,general_component,critical,206.6,594743.38,40652.0,corrective,False,47,False,True,True
EQP-27DB87A8,UNIT-5853,haul_truck,Komatsu,2018,open_pit,zambia,22996,2021-01-26,breakdown,engine,oil_pump,major,15.2,52264.37,1416.0,corrective,False,215,True,True,True
EQP-F047AC1C,UNIT-7867,crusher,FLSmidth,2014,open_pit,tanzania,40284,2023-03-08,scheduled_maintenance,preventive,oil_change,routine,8.9,11579.62,2429.0,preventive,True,68,False,False,False
EQP-B2E4FF21,UNIT-1531,excavator,Hitachi,2019,underground,ghana,20075,2023-08-13,breakdown,hydraulics,hose,critical,97.3,222519.98,13825.0,corrective,False,26,False,False,False
EQP-525B1282,UNIT-9369,crusher,Sandvik,2011,open_pit,ghana,50801,2021-05-10,breakdown,liner,general_component,minor,14.5,45799.0,2966.0,corrective,False,117,False,False,True
EQP-74E10B8F,UNIT-4284,conveyor,Metso,2012,underground,ghana,47844,2022-08-08,breakdown,gearbox,general_component,critical,26.9,98754.73,10103.0,corrective,False,47,False,False,False
EQP-CB140A89,UNIT-5480,haul_truck,Belaz,2023,underground,south_africa,3962,2021-09-18,overhaul,transmission,gearbox,major,12.0,36911.41,1557.0,major_overhaul,True,9,True,False,False
EQP-EFBA19B8,UNIT-6655,drill_rig,Sandvik,2012,processing_plant,drc,48281,2020-11-21,scheduled_maintenance,preventive,filter_replace,minor,4.4,11538.88,183.0,preventive,True,107,False,False,False
EQP-786DEC66,UNIT-6786,loader,Caterpillar,2019,open_pit,botswana,20318,2024-05-18,scheduled_maintenance,preventive,inspection,routine,3.5,4545.72,299.0,preventive,True,31,False,False,False
EQP-56B1BFC1,UNIT-1212,conveyor,FLSmidth,2022,open_pit,tanzania,7278,2021-07-30,inspection,preventive,oil_change,routine,1.2,2213.71,584.0,preventive,True,84,False,False,False
EQP-E9EC396E,UNIT-8803,haul_truck,Belaz,2017,open_pit,drc,28763,2021-08-09,scheduled_maintenance,preventive,oil_change,minor,10.2,21836.72,960.0,preventive,True,27,False,True,True
EQP-8817E3E2,UNIT-6611,drill_rig,Caterpillar,2012,processing_plant,ghana,48523,2020-07-01,breakdown,compressor,general_component,minor,6.8,8469.27,205.0,corrective,False,43,False,False,False
EQP-D492A7CF,UNIT-9988,excavator,Liebherr,2021,open_pit,zambia,11275,2022-03-10,scheduled_maintenance,preventive,oil_change,minor,9.2,29354.68,1518.0,preventive,True,15,False,False,True
EQP-69E15CB9,UNIT-5243,crusher,Sandvik,2021,open_pit,zambia,10857,2023-03-04,scheduled_maintenance,preventive,filter_replace,routine,4.9,10472.81,842.0,preventive,True,46,False,False,False
EQP-B5B0657B,UNIT-6521,conveyor,ThyssenKrupp,2016,underground,zimbabwe,31351,2024-10-17,scheduled_maintenance,preventive,oil_change,minor,3.0,2827.34,1233.0,preventive,True,178,False,False,False
EQP-1A9BA908,UNIT-4969,haul_truck,Komatsu,2009,open_pit,drc,58528,2023-10-28,condition_based,engine,injector,minor,8.2,21155.11,1203.0,predictive,False,116,True,False,False
EQP-D267DBF8,UNIT-9007,conveyor,FLSmidth,2015,underground,south_africa,36208,2024-03-23,breakdown,pulley,general_component,critical,33.3,64943.87,12142.0,corrective,False,45,False,False,False
EQP-1FD5F934,UNIT-8490,crusher,Metso,2014,open_pit,south_africa,41183,2024-11-12,breakdown,shaft,general_component,minor,26.5,28026.13,4828.0,corrective,False,26,False,False,False
EQP-49E0EA4E,UNIT-9176,loader,Volvo,2011,underground,botswana,53421,2023-06-12,scheduled_maintenance,preventive,inspection,routine,2.2,2346.8,219.0,preventive,True,41,True,True,False
EQP-C85916C4,UNIT-5538,haul_truck,Komatsu,2014,underground,zimbabwe,38910,2024-03-22,breakdown,tires,front_left,critical,50.1,247774.51,5196.0,corrective,False,83,False,False,False
EQP-173A88EF,UNIT-8122,excavator,Caterpillar,2010,open_pit,botswana,56786,2021-07-01,overhaul,engine,head_gasket,major,35.3,43895.22,3932.0,major_overhaul,True,17,False,True,False
EQP-699E614E,UNIT-4228,drill_rig,Epiroc,2019,underground,ghana,20084,2023-07-11,scheduled_maintenance,preventive,oil_change,minor,8.4,9267.57,297.0,preventive,True,16,False,False,False
EQP-0D828183,UNIT-5147,haul_truck,Hitachi,2014,underground,drc,37604,2023-02-05,breakdown,electrical,battery,major,20.9,61548.1,1705.0,corrective,False,156,False,False,False
EQP-0C02B394,UNIT-7841,drill_rig,Sandvik,2019,open_pit,ghana,19667,2022-03-23,scheduled_maintenance,preventive,oil_change,routine,1.7,1836.82,46.0,preventive,True,61,False,False,False
EQP-E2B9B66E,UNIT-1730,haul_truck,Komatsu,2015,processing_plant,botswana,35556,2023-03-01,condition_based,hydraulics,valve,routine,1.7,2205.64,134.0,predictive,False,49,True,False,True
EQP-F6A8DB19,UNIT-7393,haul_truck,Komatsu,2019,underground,ghana,21210,2023-07-21,scheduled_maintenance,preventive,filter_replace,minor,7.7,29615.13,840.0,preventive,True,172,True,False,False
EQP-FA2F1818,UNIT-1142,crusher,Sandvik,2019,processing_plant,zimbabwe,19129,2022-01-10,scheduled_maintenance,preventive,inspection,routine,7.5,9787.58,1641.0,preventive,True,3,True,False,False
EQP-3FCFF61D,UNIT-6225,excavator,Hitachi,2010,underground,south_africa,56563,2024-02-25,condition_based,bucket,general_component,routine,4.8,4150.12,832.0,predictive,False,71,False,False,False
EQP-553B935E,UNIT-5294,crusher,FLSmidth,2015,open_pit,south_africa,35892,2020-03-06,breakdown,bearing,general_component,minor,13.7,21928.44,3173.0,corrective,False,37,False,True,True
EQP-ED161066,UNIT-5217,haul_truck,Caterpillar,2019,open_pit,south_africa,18554,2021-08-06,scheduled_maintenance,preventive,oil_change,routine,3.8,1542.64,530.0,preventive,True,15,False,False,False
EQP-6B95A74A,UNIT-5448,conveyor,FLSmidth,2017,open_pit,drc,27447,2021-10-21,scheduled_maintenance,preventive,adjustment,minor,4.9,8123.14,2294.0,preventive,True,42,False,False,True
EQP-CF342F07,UNIT-5426,excavator,Hitachi,2011,open_pit,tanzania,53531,2024-02-03,inspection,preventive,filter_replace,minor,17.7,20724.88,2073.0,preventive,True,166,True,False,False
EQP-6A76FBE1,UNIT-4665,loader,Caterpillar,2021,open_pit,botswana,11826,2022-07-03,inspection,preventive,oil_change,routine,4.6,2133.9,239.0,preventive,True,26,False,False,False
EQP-AD757C43,UNIT-5061,loader,Caterpillar,2011,open_pit,zambia,52905,2024-08-06,overhaul,hydraulics,hose,major,21.5,56527.12,1834.0,major_overhaul,True,49,True,False,False
EQP-5E12E6B1,UNIT-6112,excavator,Komatsu,2023,open_pit,drc,4851,2024-09-06,breakdown,hydraulics,valve,major,29.9,81779.86,3020.0,corrective,False,117,True,False,False
EQP-263EFD89,UNIT-7870,conveyor,ThyssenKrupp,2019,processing_plant,tanzania,19551,2022-04-05,inspection,preventive,inspection,routine,1.8,2120.82,627.0,preventive,True,241,False,False,False
EQP-1F036237,UNIT-5968,haul_truck,Hitachi,2013,open_pit,south_africa,42716,2023-08-02,condition_based,tires,rear_right,minor,5.6,22254.15,443.0,predictive,False,256,False,False,False
EQP-780AEF6B,UNIT-6782,conveyor,Metso,2011,underground,tanzania,50848,2021-03-19,scheduled_maintenance,preventive,filter_replace,minor,2.0,9375.33,729.0,preventive,True,52,False,True,False
EQP-8565959D,UNIT-8528,haul_truck,Hitachi,2022,underground,zimbabwe,9451,2020-07-13,overhaul,tires,rear_right,major,15.7,45500.32,1707.0,major_overhaul,True,2,False,False,False
EQP-D6588087,UNIT-9904,drill_rig,Sandvik,2016,underground,drc,32151,2022-06-02,inspection,preventive,adjustment,routine,2.0,1625.64,92.0,preventive,True,50,True,True,True
EQP-B7B6D9B1,UNIT-1977,haul_truck,Hitachi,2020,open_pit,south_africa,14266,2021-06-26,condition_based,tires,rear_left,minor,9.0,7650.07,1111.0,predictive,False,116,False,False,False
EQP-BA6E58AB,UNIT-7415,grader,John Deere,2021,underground,south_africa,12833,2023-08-08,breakdown,hydraulics,hose,minor,6.1,4405.8,86.0,corrective,False,13,True,False,False
EQP-E7E3819D,UNIT-3026,drill_rig,Sandvik,2009,underground,ghana,58213,2022-07-28,breakdown,electrical,starter,minor,5.7,17807.89,215.0,corrective,False,222,False,False,False
EQP-B3C7D13A,UNIT-2770,conveyor,FLSmidth,2018,processing_plant,botswana,23173,2020-09-01,inspection,preventive,inspection,minor,4.6,7111.44,1782.0,preventive,True,62,False,False,False
EQP-07357746,UNIT-8136,excavator,Liebherr,2013,open_pit,zambia,44081,2022-03-23,overhaul,engine,injector,major,32.8,42733.55,4022.0,major_overhaul,True,42,True,False,False
EQP-AAD437EB,UNIT-1618,excavator,Komatsu,2022,open_pit,drc,10520,2021-12-24,breakdown,electrical,wiring,major,22.1,46403.58,3924.0,corrective,False,23,False,False,False
EQP-2F12E14B,UNIT-8629,haul_truck,Hitachi,2011,underground,drc,52816,2020-01-10,breakdown,transmission,torque_converter,critical,68.8,231714.95,7571.0,corrective,False,56,True,False,False
EQP-6FD84E89,UNIT-7934,grader,Komatsu,2008,open_pit,tanzania,63517,2022-09-07,scheduled_maintenance,preventive,oil_change,routine,3.9,2031.64,64.0,preventive,True,53,False,True,False
EQP-F7DF59BA,UNIT-9952,loader,Caterpillar,2018,underground,ghana,24028,2024-08-10,breakdown,hydraulics,valve,major,21.1,51878.61,1089.0,corrective,False,11,True,False,True
EQP-90D0570D,UNIT-7010,haul_truck,Belaz,2016,underground,south_africa,32919,2024-06-02,scheduled_maintenance,preventive,filter_replace,routine,2.9,7119.34,242.0,preventive,True,9,False,False,False
EQP-6A2EF1D7,UNIT-8855,loader,Komatsu,2016,underground,zimbabwe,33421,2024-06-15,overhaul,electrical,alternator,major,15.1,51215.98,1200.0,major_overhaul,True,7,False,False,False
EQP-639C0EF8,UNIT-2066,drill_rig,Caterpillar,2012,processing_plant,ghana,47752,2024-05-28,breakdown,rotation,general_component,minor,7.3,7723.64,318.0,corrective,False,17,True,True,False
EQP-B4052A81,UNIT-9008,haul_truck,Komatsu,2015,underground,ghana,35781,2024-07-20,condition_based,tires,rear_left,minor,11.0,22117.58,1090.0,predictive,False,327,False,False,False
EQP-A452DD9B,UNIT-2442,conveyor,FLSmidth,2023,processing_plant,drc,3169,2020-06-24,scheduled_maintenance,preventive,adjustment,minor,2.1,6965.07,1022.0,preventive,True,3,False,False,False
EQP-C87FF326,UNIT-3828,haul_truck,Komatsu,2020,underground,south_africa,16665,2022-02-10,breakdown,electrical,battery,major,22.1,68156.24,3065.0,corrective,False,88,True,False,False
EQP-9627D929,UNIT-2153,haul_truck,Belaz,2023,open_pit,botswana,5025,2022-09-08,scheduled_maintenance,preventive,adjustment,routine,2.0,2701.71,229.0,preventive,True,57,False,False,False
EQP-8630A9A3,UNIT-4614,crusher,Metso,2013,underground,tanzania,42061,2024-02-09,scheduled_maintenance,preventive,adjustment,minor,32.2,47351.43,7921.0,preventive,True,100,False,False,False
EQP-E6ACCA6B,UNIT-7740,excavator,Liebherr,2021,underground,botswana,11603,2021-11-02,condition_based,electrical,alternator,routine,4.4,6798.27,701.0,predictive,False,33,False,False,True
EQP-35F70A20,UNIT-3412,grader,Caterpillar,2014,processing_plant,botswana,38786,2023-06-29,scheduled_maintenance,preventive,oil_change,routine,2.5,2328.22,33.0,preventive,True,54,False,False,False
EQP-EE753ED2,UNIT-8398,crusher,FLSmidth,2022,open_pit,ghana,8150,2023-11-07,overhaul,bearing,general_component,major,69.9,86197.66,11142.0,major_overhaul,True,203,False,True,False
EQP-62FD401D,UNIT-6456,loader,Caterpillar,2021,open_pit,ghana,10762,2022-07-10,breakdown,transmission,clutch,minor,11.1,6468.58,1002.0,corrective,False,31,False,False,False
EQP-F78136C5,UNIT-6659,conveyor,Metso,2010,processing_plant,zimbabwe,54679,2021-03-10,overhaul,pulley,general_component,major,6.2,22084.01,2264.0,major_overhaul,True,31,False,False,False
EQP-CA1CD2BF,UNIT-9448,grader,Caterpillar,2023,open_pit,south_africa,5123,2020-05-18,scheduled_maintenance,preventive,adjustment,minor,10.1,5289.15,186.0,preventive,True,89,True,False,False
EQP-D0EBFB73,UNIT-4886,excavator,Hitachi,2017,underground,botswana,27834,2022-03-11,scheduled_maintenance,preventive,oil_change,routine,3.1,5018.96,426.0,preventive,True,46,False,False,False
EQP-61F69949,UNIT-4101,conveyor,Metso,2020,underground,south_africa,15940,2020-10-29,breakdown,gearbox,general_component,minor,5.7,6221.16,1445.0,corrective,False,19,False,True,False
EQP-6F75870E,UNIT-9949,drill_rig,Epiroc,2017,open_pit,drc,28431,2023-03-05,breakdown,compressor,general_component,minor,4.0,9945.78,113.0,corrective,False,90,False,False,False
EQP-20E63B4D,UNIT-6012,grader,Komatsu,2011,open_pit,zambia,52970,2021-03-04,scheduled_maintenance,preventive,adjustment,routine,2.8,2919.85,32.0,preventive,True,107,True,True,True
EQP-EB40E299,UNIT-6530,haul_truck,Caterpillar,2023,processing_plant,botswana,3581,2024-04-27,overhaul,electrical,wiring,major,18.3,44781.94,2376.0,major_overhaul,True,22,False,False,False
EQP-A40B6FD3,UNIT-3666,conveyor,FLSmidth,2009,open_pit,zambia,59603,2024-05-31,condition_based,pulley,general_component,routine,1.5,1532.63,387.0,predictive,False,54,False,False,False
EQP-1DBED558,UNIT-2938,loader,Volvo,2020,underground,zambia,15607,2024-02-14,breakdown,transmission,torque_converter,major,23.0,27426.94,2092.0,corrective,False,10,True,False,False
EQP-FA135A60,UNIT-2528,excavator,Komatsu,2011,underground,ghana,53081,2023-04-12,scheduled_maintenance,preventive,adjustment,routine,4.0,5475.96,676.0,preventive,True,123,True,False,False
EQP-7F2B776F,UNIT-3011,grader,Komatsu,2020,underground,zambia,15931,2020-07-27,scheduled_maintenance,preventive,adjustment,minor,9.7,10996.01,128.0,preventive,True,66,True,False,False
EQP-50DD0022,UNIT-2756,excavator,Hitachi,2014,open_pit,zimbabwe,39708,2024-11-04,inspection,preventive,oil_change,minor,7.9,35854.76,1202.0,preventive,True,90,True,False,False
EQP-F30A54D7,UNIT-7719,haul_truck,Caterpillar,2011,open_pit,drc,52390,2020-04-28,condition_based,engine,turbo,routine,3.5,2589.55,507.0,predictive,False,33,True,False,False
EQP-97198E17,UNIT-1521,conveyor,FLSmidth,2011,processing_plant,tanzania,53831,2022-10-16,breakdown,pulley,general_component,minor,2.1,5039.76,562.0,corrective,False,10,False,False,False
EQP-E26B9EF6,UNIT-6663,drill_rig,Epiroc,2013,open_pit,south_africa,44074,2023-12-18,breakdown,drill_string,general_component,major,16.6,27778.74,566.0,corrective,False,28,False,False,False
EQP-38AF33A2,UNIT-9542,haul_truck,Caterpillar,2022,open_pit,ghana,7730,2020-06-01,breakdown,transmission,clutch,minor,10.0,10934.97,1043.0,corrective,False,10,False,True,True
EQP-04AF4968,UNIT-7889,haul_truck,Belaz,2020,processing_plant,botswana,17942,2022-06-13,scheduled_maintenance,preventive,filter_replace,routine,3.5,3813.7,515.0,preventive,True,1,False,False,False
EQP-015EDE76,UNIT-4625,haul_truck,Caterpillar,2018,open_pit,ghana,25329,2022-05-09,breakdown,transmission,gearbox,major,15.6,70875.18,2311.0,corrective,False,124,True,True,False
EQP-0EF157AA,UNIT-1534,loader,Caterpillar,2018,open_pit,zambia,25184,2020-12-20,breakdown,hydraulics,filter,critical,89.5,127128.93,8240.0,corrective,False,153,True,False,True
EQP-AE444CB6,UNIT-8506,grader,Caterpillar,2014,processing_plant,drc,39499,2020-07-20,inspection,preventive,inspection,routine,3.3,1670.93,46.0,preventive,True,102,True,False,False
EQP-E406EBA5,UNIT-1028,conveyor,ThyssenKrupp,2022,open_pit,botswana,7400,2024-06-25,scheduled_maintenance,preventive,oil_change,routine,2.0,2416.08,945.0,preventive,True,9,False,False,False
EQP-394DA6A5,UNIT-7131,haul_truck,Hitachi,2012,open_pit,south_africa,46165,2024-06-10,overhaul,transmission,gearbox,major,12.2,62196.32,1358.0,major_overhaul,True,53,True,False,False
EQP-2F48901F,UNIT-7037,conveyor,ThyssenKrupp,2023,open_pit,ghana,4964,2020-06-17,condition_based,belt,general_component,minor,5.2,5272.56,2137.0,predictive,False,87,False,False,False
EQP-72CC74D4,UNIT-2727,loader,Komatsu,2014,underground,tanzania,40076,2021-05-16,breakdown,transmission,torque_converter,minor,11.2,19487.73,1080.0,corrective,False,63,True,False,False
EQP-353FC87B,UNIT-7658,loader,Caterpillar,2013,processing_plant,zambia,42199,2021-12-07,breakdown,electrical,sensors,minor,14.9,17493.8,930.0,corrective,False,43,False,False,False
EQP-218A0C53,UNIT-2578,excavator,Komatsu,2015,underground,drc,37201,2020-12-21,scheduled_maintenance,preventive,adjustment,routine,4.0,8838.72,744.0,preventive,True,1,False,True,False
EQP-F1FD937F,UNIT-3030,haul_truck,Caterpillar,2019,processing_plant,ghana,19662,2020-04-29,condition_based,transmission,clutch,routine,2.3,2166.05,241.0,predictive,False,32,True,False,False
EQP-CE5A1B96,UNIT-8307,grader,John Deere,2019,open_pit,drc,19785,2022-07-09,scheduled_maintenance,preventive,adjustment,minor,11.0,10478.31,206.0,preventive,True,30,False,False,False
EQP-D524DB87,UNIT-9811,loader,Caterpillar,2020,underground,botswana,14487,2022-03-06,inspection,preventive,adjustment,routine,3.0,4570.2,232.0,preventive,True,10,False,False,False
EQP-C4E366DC,UNIT-3382,haul_truck,Belaz,2009,open_pit,zimbabwe,60492,2023-12-23,condition_based,hydraulics,cylinder,routine,3.3,7486.05,309.0,predictive,False,88,True,True,False
EQP-A5F3ECCE,UNIT-9291,loader,Komatsu,2010,processing_plant,botswana,56501,2021-06-17,scheduled_maintenance,preventive,inspection,routine,3.0,4088.35,265.0,preventive,True,46,False,False,False
EQP-DB54BF13,UNIT-9218,haul_truck,Komatsu,2021,processing_plant,botswana,11952,2022-07-07,breakdown,tires,rear_left,critical,77.0,106655.08,6440.0,corrective,False,108,False,False,False
EQP-C0C24BDC,UNIT-7923,haul_truck,Belaz,2023,open_pit,drc,3581,2021-07-19,scheduled_maintenance,preventive,adjustment,routine,2.9,7329.24,249.0,preventive,True,73,False,False,True
EQP-C35DF8E1,UNIT-2260,loader,Komatsu,2010,processing_plant,zambia,58626,2020-03-09,scheduled_maintenance,preventive,oil_change,minor,8.2,14257.88,471.0,preventive,True,47,False,False,False
EQP-5212716C,UNIT-3694,conveyor,Metso,2022,underground,zambia,6796,2023-08-02,breakdown,gearbox,general_component,major,10.9,17323.01,5015.0,corrective,False,28,False,False,False
EQP-9491BBED,UNIT-7098,drill_rig,Epiroc,2012,open_pit,tanzania,47278,2023-08-30,inspection,preventive,oil_change,routine,1.3,2012.59,61.0,preventive,True,5,False,False,False
EQP-CF72265E,UNIT-9991,grader,Caterpillar,2023,underground,zambia,4708,2023-04-10,scheduled_maintenance,preventive,adjustment,routine,1.8,3403.61,28.0,preventive,True,90,False,False,False
EQP-A602512D,UNIT-8329,loader,Volvo,2023,processing_plant,south_africa,2985,2020-03-02,breakdown,electrical,starter,major,27.6,43054.77,1766.0,corrective,False,12,False,False,False
EQP-C0AD2DA0,UNIT-4781,haul_truck,Hitachi,2018,open_pit,botswana,22911,2023-06-07,condition_based,electrical,wiring,minor,6.6,29412.79,690.0,predictive,False,83,True,True,False
EQP-E7238673,UNIT-3117,conveyor,ThyssenKrupp,2011,open_pit,zambia,53131,2022-12-23,scheduled_maintenance,preventive,filter_replace,routine,1.0,1538.06,296.0,preventive,True,17,False,False,False
EQP-89009146,UNIT-9642,loader,Volvo,2020,processing_plant,tanzania,16605,2022-03-04,breakdown,tires,rear_left,minor,10.9,9250.0,547.0,corrective,False,113,False,False,False
EQP-B286AB8D,UNIT-3485,conveyor,ThyssenKrupp,2009,open_pit,drc,60484,2023-01-15,scheduled_maintenance,preventive,filter_replace,minor,3.0,8277.3,1380.0,preventive,True,89,False,False,False
EQP-67E30301,UNIT-4079,pump,Metso,2013,open_pit,drc,44181,2020-07-18,condition_based,casing,general_component,routine,2.0,636.32,119.0,predictive,False,90,False,False,False
EQP-FC1DC761,UNIT-9679,crusher,Metso,2018,underground,zimbabwe,23307,2021-01-10,scheduled_maintenance,preventive,adjustment,routine,10.7,6400.18,1732.0,preventive,True,72,False,False,False
EQP-6847D635,UNIT-6054,haul_truck,Hitachi,2009,underground,tanzania,59747,2020-08-20,scheduled_maintenance,preventive,oil_change,minor,11.1,28638.44,942.0,preventive,True,71,False,False,False
EQP-61B85600,UNIT-3381,haul_truck,Komatsu,2014,open_pit,south_africa,39920,2022-03-14,condition_based,hydraulics,valve,routine,3.6,7358.19,520.0,predictive,False,28,False,False,True
EQP-AE9DD4F9,UNIT-1048,loader,Caterpillar,2020,open_pit,drc,16846,2024-05-30,condition_based,electrical,wiring,minor,13.9,19979.95,947.0,predictive,False,117,True,False,False
EQP-1D821649,UNIT-4869,pump,KSB,2009,processing_plant,zimbabwe,60425,2020-01-12,breakdown,casing,general_component,minor,3.4,3241.38,280.0,corrective,False,13,False,False,False
EQP-7B1F55AF,UNIT-9873,haul_truck,Belaz,2013,open_pit,botswana,43072,2022-03-14,breakdown,engine,head_gasket,critical,61.7,241932.25,4772.0,corrective,False,11,False,False,False
EQP-E3785A0B,UNIT-4892,haul_truck,Komatsu,2008,underground,south_africa,64789,2021-05-25,scheduled_maintenance,preventive,oil_change,routine,3.8,5064.32,436.0,preventive,True,17,True,False,False
EQP-3D6E07D3,UNIT-7295,loader,Volvo,2018,processing_plant,ghana,22321,2024-08-14,breakdown,tires,front_right,minor,11.9,14041.31,1039.0,corrective,False,151,False,False,False
EQP-EACD03B1,UNIT-3277,haul_truck,Belaz,2009,open_pit,drc,59679,2023-01-19,overhaul,electrical,battery,major,24.0,50076.09,1918.0,major_overhaul,True,20,False,True,False
EQP-54DFBFC9,UNIT-7979,haul_truck,Caterpillar,2012,processing_plant,south_africa,46857,2021-02-03,breakdown,tires,rear_left,critical,72.5,176936.25,7063.0,corrective,False,112,False,False,True
EQP-E2E1F8DE,UNIT-7981,grader,John Deere,2016,underground,south_africa,31142,2021-05-26,condition_based,transmission,clutch,routine,1.8,1831.54,24.0,predictive,False,131,True,False,False
EQP-1F2C935A,UNIT-6474,loader,Volvo,2011,processing_plant,drc,53926,2022-11-11,overhaul,engine,oil_pump,major,22.5,43369.2,2123.0,major_overhaul,True,12,False,False,False
EQP-605F07DF,UNIT-7945,grader,John Deere,2011,open_pit,zambia,50529,2020-03-26,scheduled_maintenance,preventive,adjustment,minor,6.2,4438.45,103.0,preventive,True,45,False,False,False
EQP-E0EDB15D,UNIT-6208,crusher,FLSmidth,2021,open_pit,drc,11180,2020-04-30,scheduled_maintenance,preventive,adjustment,minor,33.0,53182.12,9234.0,preventive,True,73,False,False,False
EQP-52AFED5E,UNIT-4404,excavator,Komatsu,2020,underground,ghana,16510,2023-04-28,breakdown,undercarriage,general_component,minor,17.2,36911.24,2366.0,corrective,False,17,False,False,False
EQP-3D97DF73,UNIT-7640,grader,Caterpillar,2009,processing_plant,botswana,59529,2023-12-15,scheduled_maintenance,preventive,oil_change,routine,3.0,2050.62,48.0,preventive,True,50,False,False,False
EQP-330013C6,UNIT-8515,excavator,Komatsu,2021,processing_plant,drc,12155,2023-08-29,overhaul,electrical,starter,major,19.0,96914.1,2884.0,major_overhaul,True,149,False,False,False
EQP-D6036265,UNIT-8568,excavator,Komatsu,2015,open_pit,tanzania,37429,2020-11-05,overhaul,bucket,general_component,major,24.2,86568.7,3088.0,major_overhaul,True,6,True,False,False
EQP-A0051C82,UNIT-2917,grader,Komatsu,2010,underground,ghana,56654,2024-04-02,scheduled_maintenance,preventive,oil_change,routine,2.1,3513.22,30.0,preventive,True,87,True,False,False
EQP-DAE69F91,UNIT-7088,crusher,Metso,2022,open_pit,tanzania,7531,2021-02-08,inspection,preventive,filter_replace,routine,8.6,13695.34,1606.0,preventive,True,27,False,True,False
EQP-5A009A00,UNIT-1038,grader,Caterpillar,2013,underground,tanzania,43866,2024-04-24,inspection,preventive,adjustment,minor,11.9,8083.82,121.0,preventive,True,199,False,False,False
EQP-047C10F8,UNIT-6147,haul_truck,Caterpillar,2013,processing_plant,ghana,44530,2021-06-16,scheduled_maintenance,preventive,filter_replace,routine,2.4,6376.29,354.0,preventive,True,50,True,False,False
EQP-3E7E4646,UNIT-6139,pump,Metso,2010,underground,zambia,56634,2022-06-12,inspection,preventive,adjustment,routine,1.7,632.21,166.0,preventive,True,49,False,False,False
EQP-A410E2BF,UNIT-4271,conveyor,ThyssenKrupp,2022,open_pit,zimbabwe,8020,2024-09-18,breakdown,belt,general_component,minor,5.3,9827.77,2417.0,corrective,False,258,False,False,False
EQP-D731427B,UNIT-9945,crusher,Sandvik,2012,processing_plant,drc,48360,2022-01-03,overhaul,liner,general_component,major,65.9,113574.94,11611.0,major_overhaul,True,192,True,False,False
EQP-0C0E0CB4,UNIT-8945,grader,Komatsu,2017,open_pit,tanzania,28361,2023-04-16,inspection,preventive,oil_change,routine,2.0,3021.26,20.0,preventive,True,6,False,False,False
EQP-515B2B44,UNIT-1347,excavator,Liebherr,2011,open_pit,ghana,51907,2022-11-20,scheduled_maintenance,preventive,adjustment,routine,3.3,4451.25,395.0,preventive,True,35,False,True,False
EQP-CD1A0DBD,UNIT-2879,crusher,Sandvik,2022,underground,drc,7394,2020-05-14,scheduled_maintenance,preventive,adjustment,routine,6.4,3382.39,1797.0,preventive,True,304,False,False,False
EQP-43634D57,UNIT-2871,crusher,Sandvik,2020,underground,botswana,16742,2023-11-27,overhaul,motor,general_component,major,46.7,74678.56,8078.0,major_overhaul,True,277,False,False,True
EQP-3D3E2B44,UNIT-9077,loader,Caterpillar,2016,underground,south_africa,32291,2021-10-07,breakdown,transmission,driveshaft,critical,33.3,85572.96,2054.0,corrective,False,89,True,True,False
EQP-8A1F1963,UNIT-5669,grader,Komatsu,2013,underground,south_africa,41919,2022-05-05,scheduled_maintenance,preventive,inspection,routine,2.9,2215.78,49.0,preventive,True,24,False,False,False
EQP-E7193844,UNIT-7559,crusher,FLSmidth,2018,open_pit,south_africa,23174,2021-07-02,scheduled_maintenance,preventive,inspection,minor,29.8,28164.14,6604.0,preventive,True,69,False,False,False
EQP-46655762,UNIT-8288,haul_truck,Belaz,2015,open_pit,botswana,35519,2024-11-26,scheduled_maintenance,preventive,oil_change,routine,2.2,7166.3,273.0,preventive,True,1,False,False,True
EQP-C2F4F46F,UNIT-7907,haul_truck,Belaz,2023,underground,south_africa,3798,2022-09-18,breakdown,engine,cooling_system,major,19.7,67868.62,2309.0,corrective,False,46,True,False,True
EQP-03AD1D74,UNIT-1801,pump,Metso,2018,underground,south_africa,25203,2023-02-21,breakdown,casing,general_component,minor,4.2,5239.11,330.0,corrective,False,65,False,False,False
EQP-7C30376D,UNIT-2262,pump,Weir,2008,underground,zimbabwe,67202,2022-07-30,overhaul,bearing,general_component,major,6.6,18228.59,618.0,major_overhaul,True,73,True,False,True
EQP-0DDD0C5E,UNIT-4556,pump,KSB,2021,open_pit,zimbabwe,9541,2021-07-08,inspection,preventive,inspection,routine,1.1,1336.12,67.0,preventive,True,37,False,False,False
EQP-3D2E1CC5,UNIT-4045,haul_truck,Komatsu,2011,open_pit,drc,52304,2022-11-21,inspection,preventive,inspection,routine,2.2,7020.12,188.0,preventive,True,220,False,False,False
EQP-6CE04EF0,UNIT-7722,excavator,Liebherr,2012,underground,botswana,48069,2023-11-29,scheduled_maintenance,preventive,filter_replace,routine,4.2,7961.16,590.0,preventive,True,108,False,False,False
EQP-80E99E55,UNIT-2405,loader,Volvo,2014,open_pit,south_africa,39819,2020-06-20,condition_based,electrical,starter,routine,3.9,4728.9,299.0,predictive,False,55,False,False,False
EQP-14D202C2,UNIT-4343,loader,Caterpillar,2011,underground,zambia,52542,2020-09-28,scheduled_maintenance,preventive,inspection,minor,8.0,10948.15,596.0,preventive,True,51,False,False,False
EQP-AC1B5D92,UNIT-3128,haul_truck,Komatsu,2023,open_pit,zambia,4149,2020-10-23,condition_based,engine,oil_pump,routine,1.9,6266.79,219.0,predictive,False,87,False,False,False
EQP-CB57AE9E,UNIT-2699,conveyor,FLSmidth,2023,open_pit,ghana,3638,2024-08-11,inspection,preventive,oil_change,minor,3.1,8292.73,1152.0,preventive,True,1,False,False,False
EQP-982642E7,UNIT-2555,haul_truck,Komatsu,2010,open_pit,tanzania,56029,2022-11-03,breakdown,transmission,driveshaft,major,12.5,33642.44,1423.0,corrective,False,17,True,False,False
EQP-9F5CE398,UNIT-2759,drill_rig,Sandvik,2013,open_pit,zambia,44556,2021-09-04,overhaul,compressor,general_component,major,15.7,21736.79,758.0,major_overhaul,True,63,False,False,False
EQP-A063909C,UNIT-6078,haul_truck,Caterpillar,2013,underground,south_africa,44461,2020-12-23,inspection,preventive,oil_change,routine,3.3,6787.5,260.0,preventive,True,21,False,False,False
EQP-BB533102,UNIT-4690,haul_truck,Hitachi,2018,open_pit,south_africa,24188,2023-05-18,scheduled_maintenance,preventive,inspection,minor,9.4,29524.24,1369.0,preventive,True,17,True,False,False
EQP-C51D3D31,UNIT-4917,haul_truck,Caterpillar,2017,open_pit,south_africa,27416,2022-08-02,overhaul,tires,front_left,major,19.4,57208.63,2309.0,major_overhaul,True,37,False,False,False
EQP-38939B1B,UNIT-5314,grader,Caterpillar,2018,processing_plant,tanzania,26819,2023-01-30,inspection,preventive,adjustment,routine,2.3,1346.54,24.0,preventive,True,74,False,True,False
EQP-F7416EDF,UNIT-7668,loader,Caterpillar,2008,open_pit,ghana,64359,2023-07-11,breakdown,tires,front_right,major,16.7,39162.81,880.0,corrective,False,18,False,False,False
EQP-B3737D9D,UNIT-8755,grader,Komatsu,2016,underground,botswana,32762,2020-06-21,breakdown,transmission,gearbox,major,19.2,16505.17,302.0,corrective,False,20,True,False,False
EQP-18A2D557,UNIT-5737,drill_rig,Sandvik,2011,open_pit,south_africa,51492,2023-05-07,condition_based,hydraulics,hose,routine,2.5,4286.91,106.0,predictive,False,62,True,False,True
EQP-57E3F404,UNIT-6779,drill_rig,Epiroc,2011,open_pit,botswana,52189,2023-07-22,condition_based,hydraulics,filter,minor,7.9,6547.39,300.0,predictive,False,262,True,True,False
EQP-86E98591,UNIT-7646,excavator,Caterpillar,2020,open_pit,tanzania,16181,2021-05-13,breakdown,engine,oil_pump,minor,14.7,20054.52,2130.0,corrective,False,58,False,False,False
EQP-B29ECB3F,UNIT-7212,conveyor,FLSmidth,2010,processing_plant,south_africa,54088,2021-07-15,scheduled_maintenance,preventive,inspection,minor,4.6,6720.28,1469.0,preventive,True,13,False,False,False
EQP-D0E9ED39,UNIT-2208,excavator,Caterpillar,2008,open_pit,south_africa,63283,2022-12-01,scheduled_maintenance,preventive,oil_change,routine,5.4,7584.49,868.0,preventive,True,3,True,False,False
EQP-92D706C0,UNIT-9845,loader,Caterpillar,2015,underground,tanzania,35264,2021-11-17,scheduled_maintenance,preventive,adjustment,minor,12.6,22327.36,1195.0,preventive,True,58,True,False,False
EQP-CF1899ED,UNIT-2483,loader,Komatsu,2019,processing_plant,south_africa,19399,2024-08-02,breakdown,tires,rear_left,major,29.2,39185.31,2077.0,corrective,False,88,False,False,False
EQP-FB348990,UNIT-4706,grader,Komatsu,2016,open_pit,ghana,30930,2020-06-22,breakdown,tires,front_left,major,12.1,20584.7,205.0,corrective,False,26,False,False,False
EQP-E0D23E29,UNIT-6872,haul_truck,Caterpillar,2010,underground,tanzania,56043,2020-10-31,inspection,preventive,filter_replace,routine,2.0,2153.39,153.0,preventive,True,147,False,False,False
EQP-BDA7F393,UNIT-4629,conveyor,FLSmidth,2020,open_pit,botswana,17397,2023-12-29,breakdown,roller,general_component,major,9.5,19878.24,3444.0,corrective,False,145,False,False,False
EQP-2FE8E2DB,UNIT-3187,haul_truck,Belaz,2014,open_pit,zimbabwe,40130,2023-05-10,scheduled_maintenance,preventive,inspection,routine,2.6,2272.85,344.0,preventive,True,186,False,False,False
EQP-00F739CD,UNIT-9309,haul_truck,Hitachi,2019,processing_plant,tanzania,18818,2024-03-28,scheduled_maintenance,preventive,adjustment,minor,6.7,22310.13,926.0,preventive,True,60,False,False,True
EQP-4EE734C2,UNIT-1643,crusher,FLSmidth,2011,open_pit,zambia,50969,2020-02-12,overhaul,shaft,general_component,major,62.9,101061.16,14502.0,major_overhaul,True,38,False,False,False
EQP-450D38CE,UNIT-3212,conveyor,Metso,2022,processing_plant,tanzania,7622,2020-08-29,overhaul,motor,general_component,major,9.2,16247.88,3603.0,major_overhaul,True,30,True,True,True
EQP-05CD4216,UNIT-9935,crusher,FLSmidth,2012,underground,ghana,46584,2024-02-15,overhaul,shaft,general_component,major,55.0,83482.48,9392.0,major_overhaul,True,89,True,False,False
EQP-021F3E3A,UNIT-7567,haul_truck,Caterpillar,2023,open_pit,tanzania,4304,2024-01-02,scheduled_maintenance,preventive,inspection,routine,1.7,6910.56,165.0,preventive,True,34,False,False,False
EQP-D332E155,UNIT-1782,pump,Metso,2014,open_pit,zimbabwe,41353,2024-01-26,breakdown,impeller,general_component,minor,3.8,6297.12,317.0,corrective,False,54,False,False,False
EQP-1555B030,UNIT-7790,pump,Metso,2019,underground,zambia,19424,2024-06-04,breakdown,bearing,general_component,critical,29.0,51480.54,2562.0,corrective,False,42,False,True,False
EQP-190FABDA,UNIT-9724,drill_rig,Sandvik,2016,open_pit,botswana,32076,2021-02-18,scheduled_maintenance,preventive,filter_replace,routine,1.7,2695.13,46.0,preventive,True,3,False,False,False
EQP-99B8F02F,UNIT-1879,grader,Komatsu,2009,open_pit,drc,59571,2020-06-24,breakdown,tires,front_right,major,14.9,24650.7,292.0,corrective,False,101,False,False,False
EQP-180D73C4,UNIT-4726,haul_truck,Hitachi,2009,open_pit,zambia,59370,2021-06-17,breakdown,transmission,torque_converter,minor,8.4,16481.2,1231.0,corrective,False,23,False,False,False
EQP-956DC77B,UNIT-5213,crusher,Metso,2014,open_pit,drc,40189,2024-11-30,scheduled_maintenance,preventive,adjustment,minor,33.9,53413.81,6039.0,preventive,True,15,False,False,False
EQP-91197DD5,UNIT-2178,grader,Caterpillar,2011,processing_plant,ghana,51336,2022-07-19,scheduled_maintenance,preventive,inspection,minor,4.9,9056.97,51.0,preventive,True,289,False,False,False
EQP-A90F140B,UNIT-2804,loader,Volvo,2017,open_pit,ghana,27191,2020-01-09,scheduled_maintenance,preventive,adjustment,routine,2.9,1221.12,194.0,preventive,True,19,False,False,False
EQP-2E9F274B,UNIT-2563,loader,Komatsu,2010,open_pit,botswana,54380,2023-08-31,overhaul,tires,rear_left,major,15.9,57236.84,1557.0,major_overhaul,True,68,False,False,False
EQP-DDF9D4F9,UNIT-2668,drill_rig,Sandvik,2017,underground,ghana,28064,2024-02-25,scheduled_maintenance,preventive,filter_replace,routine,1.8,3371.42,65.0,preventive,True,4,False,False,False
EQP-80F857F6,UNIT-4631,loader,Volvo,2011,underground,zimbabwe,53067,2020-08-08,breakdown,hydraulics,valve,critical,78.6,89822.03,5163.0,corrective,False,36,False,False,False
EQP-87EE1744,UNIT-5173,crusher,FLSmidth,2010,processing_plant,zambia,56707,2022-10-01,scheduled_maintenance,preventive,filter_replace,routine,7.1,4519.04,2018.0,preventive,True,2,False,False,False
EQP-61BCABCF,UNIT-3141,haul_truck,Komatsu,2013,processing_plant,tanzania,45491,2023-09-02,scheduled_maintenance,preventive,oil_change,routine,2.6,3759.48,221.0,preventive,True,26,True,False,False
EQP-969FCD50,UNIT-3604,haul_truck,Caterpillar,2017,open_pit,zimbabwe,27325,2024-09-19,inspection,preventive,inspection,routine,3.8,5173.41,553.0,preventive,True,28,False,False,False
EQP-A4AAE06E,UNIT-2729,loader,Caterpillar,2014,open_pit,south_africa,40850,2022-12-28,scheduled_maintenance,preventive,oil_change,routine,3.0,5708.02,271.0,preventive,True,11,False,False,False
EQP-40A11359,UNIT-8163,conveyor,FLSmidth,2013,underground,ghana,42897,2021-08-31,scheduled_maintenance,preventive,adjustment,routine,1.4,608.91,484.0,preventive,True,57,False,False,True
EQP-FB298B4A,UNIT-2905,drill_rig,Sandvik,2013,open_pit,zimbabwe,44709,2024-06-26,condition_based,rotation,general_component,routine,2.9,2411.11,130.0,predictive,False,9,False,True,False
EQP-4DC10E90,UNIT-9167,grader,John Deere,2013,underground,south_africa,45644,2021-10-11,scheduled_maintenance,preventive,adjustment,routine,2.8,1622.95,49.0,preventive,True,70,False,False,True
EQP-EF9E802E,UNIT-5849,crusher,Metso,2014,open_pit,drc,40498,2023-02-13,scheduled_maintenance,preventive,filter_replace,routine,6.0,8054.26,1422.0,preventive,True,128,False,False,False
EQP-753994BB,UNIT-8223,excavator,Caterpillar,2021,processing_plant,ghana,13661,2024-02-21,breakdown,undercarriage,general_component,major,20.6,87525.78,3670.0,corrective,False,8,False,False,False
EQP-EE387276,UNIT-6726,drill_rig,Sandvik,2017,underground,south_africa,27401,2022-08-12,scheduled_maintenance,preventive,inspection,routine,2.8,1634.19,105.0,preventive,True,15,False,False,True
EQP-13A5CCF0,UNIT-3394,conveyor,FLSmidth,2014,underground,botswana,39865,2023-07-03,breakdown,roller,general_component,major,11.3,24024.6,5205.0,corrective,False,96,False,False,False
EQP-D094B080,UNIT-6411,loader,Komatsu,2019,open_pit,botswana,19084,2024-02-24,condition_based,electrical,starter,routine,2.8,2430.92,251.0,predictive,False,75,False,False,False
EQP-A97A96D0,UNIT-3466,conveyor,FLSmidth,2016,processing_plant,zimbabwe,32034,2022-12-16,breakdown,pulley,general_component,major,9.7,21290.67,4623.0,corrective,False,97,False,False,False
EQP-F9B5D223,UNIT-2066,drill_rig,Caterpillar,2023,underground,south_africa,4269,2022-01-26,breakdown,hydraulics,valve,major,10.5,39184.16,472.0,corrective,False,35,True,False,True
EQP-2232FF00,UNIT-3292,crusher,Sandvik,2017,processing_plant,botswana,28026,2023-03-05,scheduled_maintenance,preventive,adjustment,routine,6.5,9573.35,1873.0,preventive,True,75,True,False,False
EQP-286E3949,UNIT-3480,crusher,Metso,2011,processing_plant,zambia,51525,2021-12-22,scheduled_maintenance,preventive,inspection,routine,11.4,13126.6,2015.0,preventive,True,7,False,False,False
EQP-E36BF3AA,UNIT-2215,loader,Volvo,2017,open_pit,botswana,27509,2023-05-13,scheduled_maintenance,preventive,adjustment,routine,3.2,4114.34,204.0,preventive,True,34,True,False,False
EQP-91029D84,UNIT-1212,haul_truck,Hitachi,2020,open_pit,south_africa,16345,2020-05-26,overhaul,brakes,general_component,major,14.5,65210.95,1580.0,major_overhaul,True,2,False,True,False
EQP-C91087F5,UNIT-9493,loader,Komatsu,2011,open_pit,south_africa,51840,2020-03-27,scheduled_maintenance,preventive,oil_change,routine,3.6,4027.94,224.0,preventive,True,2,False,False,False
EQP-A9DFB56F,UNIT-5620,drill_rig,Sandvik,2011,underground,zimbabwe,50848,2022-05-04,overhaul,hydraulics,filter,major,16.7,41613.97,792.0,major_overhaul,True,4,True,False,False
EQP-C7EB549D,UNIT-4618,haul_truck,Belaz,2017,underground,botswana,26102,2020-07-31,scheduled_maintenance,preventive,filter_replace,minor,10.7,8568.5,947.0,preventive,True,20,False,False,True
EQP-A3B7B5E2,UNIT-9368,crusher,FLSmidth,2022,open_pit,south_africa,7404,2023-08-08,scheduled_maintenance,preventive,oil_change,routine,9.6,10741.3,2101.0,preventive,True,91,False,False,True
EQP-83CD5E4C,UNIT-3021,crusher,Sandvik,2013,processing_plant,ghana,42617,2020-11-22,scheduled_maintenance,preventive,inspection,routine,10.7,13667.96,2442.0,preventive,True,32,False,False,False
EQP-17AEAC5E,UNIT-4625,conveyor,Metso,2016,open_pit,zambia,31164,2022-06-18,scheduled_maintenance,preventive,inspection,routine,1.7,1800.68,796.0,preventive,True,84,False,True,False
EQP-8DA8E493,UNIT-8619,loader,Caterpillar,2018,underground,botswana,23576,2020-11-14,breakdown,electrical,starter,minor,14.6,20726.3,919.0,corrective,False,9,True,False,False
EQP-FF32D825,UNIT-6687,excavator,Komatsu,2018,open_pit,tanzania,23853,2024-07-17,breakdown,electrical,alternator,major,29.8,99458.3,5869.0,corrective,False,87,False,False,False
EQP-B31A1D23,UNIT-4592,haul_truck,Caterpillar,2010,open_pit,botswana,55333,2024-02-26,inspection,preventive,adjustment,routine,3.0,2437.5,291.0,preventive,True,15,True,False,False
EQP-5EFCF8D2,UNIT-3302,excavator,Caterpillar,2014,open_pit,zimbabwe,42191,2020-01-03,inspection,preventive,oil_change,routine,5.7,7512.89,663.0,preventive,True,87,False,False,False
EQP-BE8EFB98,UNIT-1316,drill_rig,Epiroc,2023,underground,tanzania,2738,2021-12-11,breakdown,compressor,general_component,critical,33.2,184586.42,1040.0,corrective,False,45,False,False,False
EQP-25DD1CFC,UNIT-1765,crusher,Metso,2022,underground,drc,9209,2024-08-22,breakdown,hydraulics,pump,critical,154.8,162935.82,43679.0,corrective,False,28,False,False,False
EQP-425464A4,UNIT-2457,loader,Caterpillar,2020,open_pit,south_africa,15837,2022-05-30,breakdown,engine,cooling_system,critical,90.1,91258.18,5192.0,corrective,False,43,True,False,False
EQP-9F7362A1,UNIT-8078,crusher,FLSmidth,2008,underground,zimbabwe,63342,2024-02-28,scheduled_maintenance,preventive,inspection,minor,35.5,26234.31,5495.0,preventive,True,30,False,False,False
EQP-2FD1F6B9,UNIT-6752,haul_truck,Belaz,2014,underground,zambia,40587,2020-06-09,breakdown,hydraulics,valve,major,17.1,69612.65,1656.0,corrective,False,112,True,False,True
EQP-B0B8F377,UNIT-4900,excavator,Caterpillar,2008,open_pit,drc,63547,2022-02-11,condition_based,undercarriage,general_component,routine,4.5,9817.85,695.0,predictive,False,75,False,True,False
EQP-F037115E,UNIT-8045,haul_truck,Hitachi,2012,underground,ghana,47193,2024-04-16,breakdown,brakes,general_component,major,22.1,71107.82,2249.0,corrective,False,12,False,False,False
EQP-23836C04,UNIT-2446,crusher,FLSmidth,2021,open_pit,tanzania,13789,2020-12-16,condition_based,hydraulics,cylinder,routine,8.5,8688.05,1480.0,predictive,False,25,True,False,True
EQP-24B8641C,UNIT-2898,haul_truck,Hitachi,2014,processing_plant,tanzania,37805,2020-01-19,inspection,preventive,adjustment,routine,2.6,5505.93,266.0,preventive,True,3,True,False,False
EQP-88A1F08A,UNIT-4534,conveyor,FLSmidth,2010,underground,ghana,55755,2023-08-14,breakdown,roller,general_component,minor,2.3,3279.67,973.0,corrective,False,70,True,False,False
EQP-00B20183,UNIT-9255,loader,Komatsu,2019,open_pit,botswana,20190,2020-05-29,inspection,preventive,adjustment,routine,2.6,5899.58,187.0,preventive,True,42,False,False,False
EQP-CBCF29E7,UNIT-6527,crusher,Metso,2020,underground,ghana,17408,2021-06-25,inspection,preventive,oil_change,routine,7.2,14328.53,1699.0,preventive,True,34,False,False,False
EQP-99576155,UNIT-8658,excavator,Komatsu,2018,open_pit,south_africa,23601,2024-01-01,scheduled_maintenance,preventive,adjustment,minor,10.8,27889.47,2103.0,preventive,True,15,True,True,False
EQP-DB05C57B,UNIT-3233,excavator,Liebherr,2020,processing_plant,south_africa,18661,2024-05-24,breakdown,electrical,wiring,major,32.0,48587.66,5594.0,corrective,False,3,True,False,False
EQP-59969405,UNIT-8634,crusher,Sandvik,2019,underground,drc,20759,2020-08-23,scheduled_maintenance,preventive,filter_replace,routine,6.0,14369.29,1623.0,preventive,True,101,True,False,False
EQP-1BC0C59B,UNIT-1652,conveyor,FLSmidth,2018,open_pit,south_africa,21632,2022-06-13,scheduled_maintenance,preventive,filter_replace,minor,2.3,9218.45,741.0,preventive,True,109,False,False,False
EQP-918C8F2E,UNIT-3048,haul_truck,Caterpillar,2022,underground,zimbabwe,6546,2023-11-29,overhaul,brakes,general_component,major,19.1,74580.66,2165.0,major_overhaul,True,214,False,False,False
EQP-BAC56AEC,UNIT-5706,grader,Komatsu,2013,open_pit,tanzania,44236,2021-12-05,scheduled_maintenance,preventive,filter_replace,routine,1.6,2425.13,22.0,preventive,True,145,True,True,True
EQP-ED76AA18,UNIT-1454,drill_rig,Sandvik,2015,processing_plant,drc,34856,2021-09-22,condition_based,rotation,general_component,routine,2.9,2392.7,108.0,predictive,False,152,False,True,False
EQP-E4B679EE,UNIT-8723,drill_rig,Caterpillar,2017,processing_plant,tanzania,28547,2022-09-04,scheduled_maintenance,preventive,inspection,routine,1.7,2508.63,47.0,preventive,True,29,False,False,False
EQP-1781E09E,UNIT-8805,haul_truck,Komatsu,2018,underground,botswana,23546,2023-10-28,breakdown,hydraulics,filter,major,22.0,52369.75,2505.0,corrective,False,30,True,False,True
EQP-F3CE1077,UNIT-5872,excavator,Komatsu,2015,underground,drc,34803,2020-03-13,scheduled_maintenance,preventive,oil_change,routine,3.8,9298.31,580.0,preventive,True,41,False,False,False
EQP-24A260C9,UNIT-3751,excavator,Caterpillar,2015,underground,south_africa,35035,2020-03-31,inspection,preventive,inspection,minor,18.0,13860.68,2835.0,preventive,True,14,False,False,False
EQP-AC0EB329,UNIT-1890,excavator,Komatsu,2010,open_pit,south_africa,56851,2020-07-10,scheduled_maintenance,preventive,oil_change,routine,4.2,7188.21,519.0,preventive,True,18,False,False,False
EQP-B65661E8,UNIT-6569,conveyor,ThyssenKrupp,2018,open_pit,zambia,21977,2021-09-06,scheduled_maintenance,preventive,oil_change,routine,2.0,2330.35,611.0,preventive,True,25,False,False,True
EQP-4D326512,UNIT-5838,drill_rig,Epiroc,2009,processing_plant,drc,61045,2021-05-15,overhaul,rotation,general_component,major,13.2,28213.16,451.0,major_overhaul,True,84,False,False,False
EQP-D27986DE,UNIT-7838,grader,Caterpillar,2015,open_pit,zimbabwe,37074,2022-05-16,scheduled_maintenance,preventive,filter_replace,routine,3.3,2480.69,51.0,preventive,True,1,False,False,False
EQP-0F65883F,UNIT-6422,pump,Weir,2014,open_pit,zambia,39668,2021-06-25,inspection,preventive,adjustment,routine,0.9,1671.14,60.0,preventive,True,1,False,False,False
EQP-A525D50B,UNIT-2154,haul_truck,Caterpillar,2020,open_pit,zambia,14595,2023-01-31,breakdown,hydraulics,cylinder,critical,48.9,190818.81,6257.0,corrective,False,89,True,False,False
EQP-6B3BED5B,UNIT-2095,haul_truck,Komatsu,2015,processing_plant,south_africa,36555,2021-08-02,condition_based,engine,turbo,routine,2.2,4664.84,262.0,predictive,False,5,False,False,True
EQP-BF85A230,UNIT-8026,loader,Volvo,2008,processing_plant,ghana,63513,2024-02-14,scheduled_maintenance,preventive,adjustment,minor,12.9,19799.11,718.0,preventive,True,17,False,False,True
EQP-38A8C4CE,UNIT-2431,pump,KSB,2016,open_pit,ghana,30484,2021-07-11,breakdown,impeller,general_component,minor,4.1,2988.23,251.0,corrective,False,1,False,False,False
EQP-66DF6521,UNIT-9445,grader,Komatsu,2011,open_pit,tanzania,53909,2021-03-16,breakdown,hydraulics,cylinder,critical,59.8,125789.9,960.0,corrective,False,177,True,False,False
EQP-74B9F22A,UNIT-1953,haul_truck,Caterpillar,2014,processing_plant,zimbabwe,39115,2024-03-28,breakdown,hydraulics,hose,major,15.0,71123.58,1723.0,corrective,False,53,True,False,False
EQP-579FB47E,UNIT-7554,excavator,Komatsu,2012,open_pit,zambia,46527,2023-03-31,condition_based,undercarriage,general_component,minor,7.4,13056.96,991.0,predictive,False,24,False,False,False
EQP-31CD53DC,UNIT-9776,haul_truck,Caterpillar,2010,processing_plant,zimbabwe,56285,2020-03-27,scheduled_maintenance,preventive,adjustment,routine,3.2,1861.17,281.0,preventive,True,118,False,False,False
EQP-1E86EFA5,UNIT-4970,loader,Komatsu,2023,processing_plant,drc,3932,2020-09-30,breakdown,hydraulics,hose,minor,9.4,7574.76,903.0,corrective,False,10,True,False,True
EQP-311035F4,UNIT-1510,conveyor,FLSmidth,2012,underground,south_africa,49486,2020-03-28,scheduled_maintenance,preventive,adjustment,routine,1.3,1970.8,471.0,preventive,True,68,False,False,False
EQP-02528E11,UNIT-8889,drill_rig,Caterpillar,2016,open_pit,south_africa,31619,2023-12-02,overhaul,drill_string,general_component,major,17.7,31736.51,537.0,major_overhaul,True,51,False,False,False
EQP-43B486BE,UNIT-2685,conveyor,FLSmidth,2021,underground,south_africa,11630,2023-02-03,breakdown,belt,general_component,critical,15.3,59836.71,6582.0,corrective,False,57,False,False,False
EQP-6E4736AA,UNIT-5746,excavator,Caterpillar,2013,processing_plant,south_africa,44335,2024-08-06,scheduled_maintenance,preventive,adjustment,routine,4.7,7826.87,590.0,preventive,True,23,False,False,False
EQP-CE8B308A,UNIT-9859,conveyor,FLSmidth,2022,open_pit,ghana,8199,2021-08-13,inspection,preventive,oil_change,routine,0.9,1546.19,285.0,preventive,True,38,False,False,False
EQP-40827F4F,UNIT-7702,haul_truck,Komatsu,2014,processing_plant,tanzania,40230,2020-03-26,scheduled_maintenance,preventive,oil_change,routine,3.2,5100.76,438.0,preventive,True,15,True,False,False
EQP-22EE4BBC,UNIT-1416,crusher,Sandvik,2023,open_pit,south_africa,4271,2022-04-06,overhaul,shaft,general_component,major,56.1,136557.43,16055.0,major_overhaul,True,18,False,False,False
EQP-D37BE2D6,UNIT-8383,crusher,Metso,2015,processing_plant,south_africa,36164,2020-05-23,scheduled_maintenance,preventive,filter_replace,routine,10.0,8415.12,2202.0,preventive,True,9,False,False,False
EQP-BA2453FC,UNIT-2451,crusher,Sandvik,2008,underground,south_africa,63583,2020-09-17,condition_based,motor,general_component,routine,10.2,13497.87,2497.0,predictive,False,15,False,False,False
EQP-6EF50B86,UNIT-7743,excavator,Komatsu,2021,open_pit,ghana,12832,2023-11-18,condition_based,electrical,sensors,routine,2.9,6185.58,395.0,predictive,False,75,False,False,False
EQP-A2A9B199,UNIT-6587,loader,Volvo,2021,open_pit,south_africa,11640,2021-11-12,breakdown,transmission,gearbox,major,19.1,38467.03,1560.0,corrective,False,1,True,False,False
EQP-6EAAAB42,UNIT-3590,crusher,FLSmidth,2023,open_pit,south_africa,4804,2024-05-03,scheduled_maintenance,preventive,inspection,minor,18.1,26747.42,4692.0,preventive,True,103,False,False,False
EQP-1E57D7EA,UNIT-4812,haul_truck,Caterpillar,2009,open_pit,ghana,61387,2022-07-13,scheduled_maintenance,preventive,adjustment,routine,3.1,5881.87,400.0,preventive,True,23,False,False,False
EQP-209B513D,UNIT-2060,haul_truck,Belaz,2021,processing_plant,botswana,11322,2023-03-12,breakdown,hydraulics,pump,minor,6.1,21493.65,476.0,corrective,False,123,False,False,True
EQP-4AA15ED8,UNIT-9880,conveyor,Metso,2013,open_pit,ghana,46404,2024-02-10,scheduled_maintenance,preventive,adjustment,routine,1.4,2116.37,385.0,preventive,True,6,False,True,True
EQP-5B0ED748,UNIT-3144,excavator,Liebherr,2021,processing_plant,south_africa,11287,2022-04-10,condition_based,engine,head_gasket,routine,4.0,6373.63,683.0,predictive,False,283,False,False,False
EQP-95886648,UNIT-3777,haul_truck,Komatsu,2023,open_pit,drc,3294,2021-07-29,breakdown,engine,cooling_system,major,19.0,69007.93,2183.0,corrective,False,12,False,False,False
EQP-59BE4557,UNIT-5525,haul_truck,Hitachi,2011,underground,south_africa,52539,2023-10-16,scheduled_maintenance,preventive,inspection,routine,2.4,3224.67,350.0,preventive,True,41,False,False,False
EQP-D706D9F2,UNIT-7050,haul_truck,Belaz,2013,processing_plant,zambia,44441,2024-02-04,breakdown,engine,injector,major,23.1,62872.71,1912.0,corrective,False,13,False,False,False
EQP-0ACB8473,UNIT-5546,drill_rig,Epiroc,2012,underground,drc,48071,2021-06-23,breakdown,electrical,battery,major,17.7,31799.68,880.0,corrective,False,110,True,False,False
EQP-C5E9850D,UNIT-5545,conveyor,FLSmidth,2012,processing_plant,tanzania,48818,2024-01-21,scheduled_maintenance,preventive,oil_change,routine,1.2,727.83,340.0,preventive,True,2,False,False,False
EQP-DD806C33,UNIT-6243,haul_truck,Belaz,2017,processing_plant,botswana,28252,2024-11-20,breakdown,hydraulics,cylinder,minor,11.3,19387.05,874.0,corrective,False,66,True,False,False
EQP-B36D4918,UNIT-8718,crusher,Sandvik,2014,underground,zimbabwe,42065,2020-12-14,scheduled_maintenance,preventive,inspection,routine,10.5,5775.99,2991.0,preventive,True,94,False,False,False
EQP-50420EE1,UNIT-4555,excavator,Hitachi,2018,underground,south_africa,23946,2024-03-06,breakdown,bucket,general_component,minor,8.7,11852.2,1309.0,corrective,False,91,False,False,False
EQP-99F9CCD4,UNIT-8488,excavator,Hitachi,2018,open_pit,drc,23145,2020-06-05,overhaul,hydraulics,filter,major,28.1,61792.71,3616.0,major_overhaul,True,2,True,False,False
EQP-952910FB,UNIT-8081,haul_truck,Komatsu,2011,open_pit,ghana,51448,2024-05-15,inspection,preventive,oil_change,routine,2.5,7365.23,295.0,preventive,True,11,False,False,False
EQP-BE8841F4,UNIT-9648,loader,Caterpillar,2008,open_pit,tanzania,64471,2024-05-22,breakdown,electrical,wiring,major,27.0,56187.68,1860.0,corrective,False,224,False,False,False
EQP-57E2A16D,UNIT-9217,pump,Weir,2019,processing_plant,south_africa,20485,2024-03-18,breakdown,impeller,general_component,minor,5.6,7878.81,557.0,corrective,False,52,False,False,False
EQP-521C48D9,UNIT-8182,drill_rig,Caterpillar,2010,underground,zambia,56206,2021-09-19,breakdown,electrical,starter,major,14.6,20857.21,648.0,corrective,False,71,False,False,False
EQP-36CA7536,UNIT-3220,haul_truck,Hitachi,2011,underground,ghana,51150,2024-08-06,breakdown,brakes,general_component,minor,9.0,10939.32,1118.0,corrective,False,24,False,False,False
EQP-157D7967,UNIT-7967,excavator,Hitachi,2017,processing_plant,drc,29108,2022-09-24,condition_based,hydraulics,cylinder,routine,5.0,3880.8,661.0,predictive,False,41,False,False,True
EQP-2165A95C,UNIT-7627,haul_truck,Komatsu,2012,open_pit,ghana,49936,2020-04-26,scheduled_maintenance,preventive,filter_replace,minor,8.0,24076.81,616.0,preventive,True,15,True,False,False
EQP-4FEFE7DB,UNIT-3605,loader,Volvo,2011,processing_plant,ghana,52029,2024-03-08,scheduled_maintenance,preventive,filter_replace,routine,3.4,5894.95,306.0,preventive,True,52,False,False,False
EQP-EA63F985,UNIT-7101,haul_truck,Komatsu,2012,open_pit,zimbabwe,49810,2024-06-23,inspection,preventive,inspection,minor,8.5,16643.56,668.0,preventive,True,2,False,False,False
EQP-8602A571,UNIT-3276,pump,Weir,2016,open_pit,zambia,32866,2021-06-29,inspection,preventive,inspection,routine,1.8,1333.74,100.0,preventive,True,149,False,True,False
EQP-712A59E0,UNIT-5707,conveyor,Metso,2021,underground,south_africa,14218,2021-03-23,scheduled_maintenance,preventive,inspection,routine,1.6,676.89,636.0,preventive,True,6,False,False,False
EQP-F9A6D96D,UNIT-8169,drill_rig,Epiroc,2023,open_pit,south_africa,4472,2022-10-21,scheduled_maintenance,preventive,oil_change,routine,1.5,3516.87,66.0,preventive,True,23,False,False,False
EQP-CEEFAD72,UNIT-2696,loader,Komatsu,2019,underground,tanzania,20136,2021-10-08,scheduled_maintenance,preventive,adjustment,routine,2.4,5520.01,169.0,preventive,True,9,False,False,False
EQP-D3072D13,UNIT-4032,haul_truck,Komatsu,2022,underground,drc,8842,2023-02-24,scheduled_maintenance,preventive,inspection,routine,2.6,5455.43,310.0,preventive,True,82,False,False,False
EQP-5F70AF1F,UNIT-8156,loader,Caterpillar,2016,processing_plant,zambia,31566,2021-10-29,breakdown,transmission,clutch,major,24.9,47519.77,2457.0,corrective,False,60,True,False,False
EQP-B0F44C2E,UNIT-5083,haul_truck,Komatsu,2014,open_pit,drc,40407,2021-01-26,scheduled_maintenance,preventive,adjustment,routine,2.5,4424.85,240.0,preventive,True,73,False,False,False
EQP-5C7F0F3D,UNIT-9644,loader,Caterpillar,2021,open_pit,zambia,13330,2021-02-22,breakdown,electrical,sensors,minor,8.8,14099.58,459.0,corrective,False,170,False,False,False
EQP-12750121,UNIT-1071,conveyor,ThyssenKrupp,2012,open_pit,zambia,48819,2023-03-29,breakdown,pulley,general_component,major,11.4,15547.34,3482.0,corrective,False,7,False,False,False
EQP-23C74091,UNIT-7495,haul_truck,Komatsu,2021,open_pit,south_africa,11969,2022-02-28,scheduled_maintenance,preventive,inspection,minor,10.9,25954.46,1182.0,preventive,True,85,False,False,False
EQP-71D764E0,UNIT-8326,loader,Komatsu,2023,open_pit,drc,4200,2020-01-28,condition_based,engine,head_gasket,routine,3.4,4294.66,302.0,predictive,False,46,True,False,False
EQP-D98BB9A4,UNIT-9259,haul_truck,Caterpillar,2014,open_pit,drc,40757,2022-06-28,scheduled_maintenance,preventive,adjustment,routine,3.3,3297.73,351.0,preventive,True,206,False,False,False
EQP-A0D87CEB,UNIT-2410,haul_truck,Hitachi,2018,processing_plant,south_africa,24724,2023-11-19,overhaul,transmission,gearbox,major,17.4,53304.63,2074.0,major_overhaul,True,124,False,False,True
EQP-B0C7BECB,UNIT-9856,loader,Volvo,2020,processing_plant,zimbabwe,16750,2020-09-24,scheduled_maintenance,preventive,inspection,routine,3.8,1755.38,298.0,preventive,True,85,False,False,False
EQP-535F41D5,UNIT-4530,drill_rig,Caterpillar,2020,processing_plant,south_africa,16339,2021-03-15,overhaul,hydraulics,hose,major,11.5,21372.92,428.0,major_overhaul,True,218,True,False,True
EQP-88FB19B8,UNIT-4168,grader,John Deere,2011,open_pit,south_africa,51175,2021-10-09,breakdown,transmission,torque_converter,minor,8.0,5635.18,93.0,corrective,False,38,False,False,False
EQP-9C1DD535,UNIT-4199,conveyor,Metso,2023,underground,tanzania,3334,2024-07-26,scheduled_maintenance,preventive,adjustment,routine,1.6,2235.13,427.0,preventive,True,66,False,False,False
EQP-A459B122,UNIT-6743,conveyor,FLSmidth,2016,open_pit,tanzania,32461,2021-09-18,breakdown,motor,general_component,minor,3.8,4429.17,1143.0,corrective,False,96,False,True,False
EQP-DC6FCDCE,UNIT-6932,excavator,Caterpillar,2008,open_pit,south_africa,64831,2024-02-16,breakdown,hydraulics,pump,minor,15.1,38892.78,1918.0,corrective,False,12,True,False,True
EQP-F627A65B,UNIT-5264,haul_truck,Caterpillar,2009,open_pit,zimbabwe,60701,2023-04-29,breakdown,hydraulics,pump,major,15.2,45222.99,1354.0,corrective,False,6,False,False,False
EQP-6D96F66E,UNIT-1639,pump,KSB,2019,processing_plant,south_africa,19324,2024-11-20,scheduled_maintenance,preventive,inspection,routine,0.8,1055.53,48.0,preventive,True,131,False,True,False
EQP-01A395F4,UNIT-9878,haul_truck,Belaz,2014,underground,zimbabwe,39848,2022-11-11,breakdown,hydraulics,filter,minor,11.3,25771.01,1363.0,corrective,False,90,False,False,True
EQP-0203DF91,UNIT-2998,conveyor,ThyssenKrupp,2009,open_pit,drc,58825,2021-07-24,breakdown,motor,general_component,minor,3.4,4179.58,1236.0,corrective,False,27,False,False,False
EQP-7FDB1547,UNIT-1844,excavator,Hitachi,2016,underground,tanzania,30608,2023-07-12,breakdown,bucket,general_component,major,22.5,94564.2,2813.0,corrective,False,80,False,False,False
EQP-E16788EC,UNIT-6375,excavator,Liebherr,2017,processing_plant,ghana,28081,2020-06-11,condition_based,engine,turbo,routine,4.1,7227.47,507.0,predictive,False,88,True,False,False
EQP-0378305E,UNIT-4710,conveyor,FLSmidth,2009,open_pit,ghana,61358,2023-11-12,scheduled_maintenance,preventive,inspection,routine,1.1,624.25,314.0,preventive,True,9,False,False,False
EQP-D22E13B5,UNIT-6539,loader,Caterpillar,2013,processing_plant,tanzania,44099,2021-02-25,breakdown,electrical,battery,major,26.0,58438.3,2199.0,corrective,False,24,False,False,False
EQP-5364EB6F,UNIT-8878,loader,Caterpillar,2015,open_pit,south_africa,37908,2023-04-15,breakdown,hydraulics,hose,major,19.6,34349.36,1446.0,corrective,False,26,True,False,False
EQP-3085B009,UNIT-1875,grader,Caterpillar,2020,open_pit,south_africa,15835,2022-11-10,condition_based,transmission,clutch,routine,4.0,1542.27,67.0,predictive,False,51,True,True,False
EQP-CE8AC368,UNIT-3556,excavator,Hitachi,2018,processing_plant,drc,24031,2021-03-10,condition_based,bucket,general_component,minor,9.3,36946.97,1282.0,predictive,False,148,False,False,False
EQP-AA9AC408,UNIT-5648,drill_rig,Sandvik,2009,open_pit,zambia,59008,2022-05-16,scheduled_maintenance,preventive,adjustment,routine,1.9,2301.58,52.0,preventive,True,31,False,False,False
EQP-C6161ACF,UNIT-8089,haul_truck,Belaz,2017,underground,south_africa,27652,2022-06-22,scheduled_maintenance,preventive,adjustment,minor,8.3,23759.99,1135.0,preventive,True,2,False,False,True
EQP-A555B249,UNIT-6405,loader,Volvo,2022,open_pit,zambia,6810,2023-10-12,breakdown,engine,oil_pump,major,15.0,25229.66,781.0,corrective,False,1,True,False,False
EQP-9865AAE6,UNIT-4444,excavator,Komatsu,2008,underground,ghana,62454,2022-04-19,scheduled_maintenance,preventive,inspection,routine,2.4,9368.36,328.0,preventive,True,63,False,False,False
EQP-D311B74A,UNIT-6489,conveyor,ThyssenKrupp,2023,underground,zambia,2827,2020-04-14,condition_based,gearbox,general_component,routine,1.1,1318.43,436.0,predictive,False,52,False,True,False
EQP-2783CF21,UNIT-9818,haul_truck,Caterpillar,2009,processing_plant,botswana,60085,2020-05-13,condition_based,tires,rear_left,minor,4.7,11518.59,587.0,predictive,False,20,False,False,False
EQP-A7A1481F,UNIT-5320,loader,Komatsu,2017,processing_plant,drc,27263,2023-04-11,scheduled_maintenance,preventive,inspection,routine,4.3,5909.98,319.0,preventive,True,33,True,False,False
EQP-C1EF2D28,UNIT-8950,loader,Caterpillar,2013,underground,zambia,43500,2024-05-29,condition_based,engine,turbo,minor,13.7,19351.93,1232.0,predictive,False,40,False,False,True
EQP-A9D30139,UNIT-8018,grader,Caterpillar,2019,open_pit,drc,20409,2022-02-22,scheduled_maintenance,preventive,inspection,minor,7.3,13521.54,108.0,preventive,True,68,False,False,False
EQP-ED7C9F24,UNIT-3711,haul_truck,Caterpillar,2021,open_pit,south_africa,10451,2020-06-13,condition_based,electrical,wiring,routine,2.8,4504.95,386.0,predictive,False,10,False,False,False
EQP-686718DA,UNIT-3245,pump,KSB,2021,underground,tanzania,12081,2020-11-03,condition_based,bearing,general_component,minor,4.5,6130.91,281.0,predictive,False,37,False,False,False
EQP-E4189FCA,UNIT-7930,haul_truck,Hitachi,2021,open_pit,tanzania,12848,2024-10-23,condition_based,hydraulics,hose,minor,4.8,14044.77,530.0,predictive,False,75,False,False,True
EQP-EC3CD012,UNIT-2867,excavator,Liebherr,2021,open_pit,tanzania,12934,2023-06-19,breakdown,engine,cooling_system,critical,75.5,255428.2,7784.0,corrective,False,54,True,False,True
EQP-FD527AC7,UNIT-4031,haul_truck,Belaz,2012,processing_plant,botswana,48516,2020-02-27,scheduled_maintenance,preventive,inspection,routine,3.9,3783.66,462.0,preventive,True,19,True,False,False
EQP-E97F667F,UNIT-3118,excavator,Liebherr,2015,open_pit,drc,35947,2021-04-12,breakdown,undercarriage,general_component,major,21.7,65507.18,3044.0,corrective,False,19,False,False,False
EQP-585D50F7,UNIT-6456,conveyor,ThyssenKrupp,2019,open_pit,zambia,19376,2023-08-06,scheduled_maintenance,preventive,adjustment,routine,0.9,508.57,378.0,preventive,True,20,False,False,False
EQP-4A12A90D,UNIT-3646,haul_truck,Caterpillar,2010,processing_plant,south_africa,55917,2023-02-10,scheduled_maintenance,preventive,filter_replace,routine,2.3,6365.09,301.0,preventive,True,33,False,False,False
EQP-474D84AD,UNIT-6925,excavator,Liebherr,2017,underground,botswana,29653,2021-06-01,condition_based,hydraulics,hose,minor,12.6,16538.41,1806.0,predictive,False,236,True,False,False
EQP-5173C165,UNIT-9412,crusher,FLSmidth,2016,underground,zambia,32273,2023-06-06,scheduled_maintenance,preventive,filter_replace,minor,32.8,36310.27,7913.0,preventive,True,57,False,False,False
EQP-10B49928,UNIT-8465,loader,Caterpillar,2023,open_pit,ghana,3893,2024-06-16,scheduled_maintenance,preventive,adjustment,routine,3.1,4362.92,268.0,preventive,True,2,False,False,False
EQP-A5F45AE8,UNIT-9530,crusher,Metso,2008,open_pit,tanzania,64563,2024-06-08,scheduled_maintenance,preventive,filter_replace,routine,7.3,3413.31,2011.0,preventive,True,17,False,False,True
EQP-70AEFF83,UNIT-1220,conveyor,ThyssenKrupp,2009,underground,zambia,60049,2024-01-23,breakdown,roller,general_component,critical,21.6,50682.18,5968.0,corrective,False,14,False,False,False
EQP-F971411B,UNIT-5098,haul_truck,Belaz,2008,open_pit,botswana,64225,2021-09-29,breakdown,transmission,torque_converter,minor,10.7,13436.07,1242.0,corrective,False,55,True,False,True
EQP-94A23927,UNIT-2981,loader,Caterpillar,2016,underground,zimbabwe,31753,2020-02-15,breakdown,engine,injector,minor,9.7,8391.39,934.0,corrective,False,22,True,False,False
EQP-AC020CA9,UNIT-9259,haul_truck,Caterpillar,2016,open_pit,tanzania,31585,2021-12-04,condition_based,transmission,driveshaft,minor,6.7,25801.93,645.0,predictive,False,116,True,False,False
EQP-FC9890E9,UNIT-7406,excavator,Komatsu,2017,open_pit,drc,28996,2020-02-09,breakdown,undercarriage,general_component,major,21.2,72497.66,3453.0,corrective,False,148,False,True,False
EQP-BDDE00D5,UNIT-3881,haul_truck,Caterpillar,2011,open_pit,drc,50049,2022-10-23,scheduled_maintenance,preventive,filter_replace,routine,1.9,4237.6,183.0,preventive,True,150,False,False,False
EQP-D117A933,UNIT-6071,crusher,FLSmidth,2012,open_pit,zimbabwe,48478,2022-12-21,breakdown,liner,general_component,minor,35.4,20961.75,9578.0,corrective,False,92,False,False,False
EQP-0743B8F1,UNIT-6448,excavator,Komatsu,2014,open_pit,south_africa,39523,2021-09-07,scheduled_maintenance,preventive,oil_change,minor,11.8,25422.93,2057.0,preventive,True,87,False,False,False
EQP-5161D84F,UNIT-5459,crusher,Metso,2008,underground,south_africa,62094,2020-09-26,overhaul,liner,general_component,major,38.6,84065.3,11288.0,major_overhaul,True,90,False,False,False
EQP-99B96C7C,UNIT-5268,excavator,Liebherr,2020,underground,botswana,15025,2022-08-02,inspection,preventive,filter_replace,routine,5.7,3012.69,968.0,preventive,True,115,False,False,False
EQP-14E3081F,UNIT-1496,drill_rig,Caterpillar,2008,open_pit,botswana,63963,2020-01-26,breakdown,hydraulics,valve,minor,8.7,12902.42,324.0,corrective,False,217,False,False,True
EQP-14819E06,UNIT-5071,drill_rig,Caterpillar,2018,underground,botswana,24101,2021-05-12,scheduled_maintenance,preventive,oil_change,routine,1.6,3727.14,62.0,preventive,True,28,True,False,False
EQP-36161A38,UNIT-4134,haul_truck,Belaz,2015,open_pit,south_africa,36740,2024-10-07,breakdown,electrical,wiring,minor,6.5,8777.41,867.0,corrective,False,4,False,False,True
EQP-C5FD1906,UNIT-8363,drill_rig,Sandvik,2023,open_pit,ghana,4808,2024-07-03,condition_based,hydraulics,pump,routine,2.9,1224.83,126.0,predictive,False,11,True,False,False
EQP-6D8AADEF,UNIT-8785,crusher,FLSmidth,2019,processing_plant,botswana,18453,2023-02-13,scheduled_maintenance,preventive,inspection,routine,4.9,11863.0,822.0,preventive,True,114,False,False,False
EQP-CB0A6D6F,UNIT-7752,conveyor,ThyssenKrupp,2015,underground,south_africa,36377,2021-11-04,breakdown,roller,general_component,major,7.9,13101.33,2566.0,corrective,False,46,False,False,False
EQP-07E742F9,UNIT-1278,haul_truck,Belaz,2019,underground,drc,20728,2020-01-20,scheduled_maintenance,preventive,filter_replace,routine,2.6,2421.83,328.0,preventive,True,23,False,False,False
EQP-A1529218,UNIT-8570,crusher,Metso,2009,open_pit,ghana,60218,2023-03-16,scheduled_maintenance,preventive,inspection,routine,10.3,14545.68,1701.0,preventive,True,47,False,False,False
EQP-894A0AF6,UNIT-4567,excavator,Komatsu,2010,open_pit,tanzania,56502,2022-06-01,overhaul,hydraulics,pump,major,24.6,50799.83,4083.0,major_overhaul,True,14,False,False,False
EQP-FFA616BD,UNIT-4746,haul_truck,Belaz,2015,underground,drc,34067,2023-07-08,breakdown,hydraulics,filter,major,16.1,60807.3,2250.0,corrective,False,25,False,False,True
EQP-47B2815C,UNIT-9505,haul_truck,Caterpillar,2021,underground,ghana,11009,2020-10-10,overhaul,hydraulics,pump,major,20.8,66674.27,2134.0,major_overhaul,True,49,True,False,True
EQP-20D462D4,UNIT-8804,drill_rig,Epiroc,2021,underground,drc,13366,2024-02-03,breakdown,hydraulics,filter,major,16.6,29864.14,505.0,corrective,False,200,False,False,True
EQP-75FC35F4,UNIT-1457,excavator,Liebherr,2014,processing_plant,south_africa,39720,2023-12-20,breakdown,hydraulics,cylinder,critical,43.8,238922.95,8121.0,corrective,False,62,True,False,False
EQP-20D63A95,UNIT-4238,crusher,FLSmidth,2012,open_pit,zimbabwe,50223,2022-02-09,condition_based,bearing,general_component,routine,5.8,9649.96,1289.0,predictive,False,56,True,True,False
EQP-28A6B63E,UNIT-7746,haul_truck,Hitachi,2023,processing_plant,zambia,2721,2020-02-21,scheduled_maintenance,preventive,adjustment,routine,3.2,2703.46,440.0,preventive,True,155,False,False,False
EQP-89540790,UNIT-5849,loader,Volvo,2017,underground,zambia,29563,2022-04-19,inspection,preventive,inspection,routine,2.9,2620.82,156.0,preventive,True,11,False,False,False
EQP-13593C2A,UNIT-3318,excavator,Liebherr,2009,open_pit,drc,59389,2021-10-29,scheduled_maintenance,preventive,adjustment,routine,4.8,9704.67,582.0,preventive,True,119,False,False,False
EQP-FA5D7011,UNIT-5722,conveyor,ThyssenKrupp,2011,open_pit,ghana,52862,2023-10-01,scheduled_maintenance,preventive,inspection,routine,1.0,1047.11,250.0,preventive,True,21,False,False,False
EQP-832F44D4,UNIT-8798,loader,Caterpillar,2021,underground,south_africa,11704,2021-03-04,breakdown,engine,oil_pump,minor,13.0,20621.72,941.0,corrective,False,71,True,False,True
EQP-9E3E5690,UNIT-3009,excavator,Caterpillar,2022,open_pit,botswana,8115,2020-02-02,overhaul,undercarriage,general_component,major,23.8,72107.8,4479.0,major_overhaul,True,343,False,True,False
EQP-AC2846B6,UNIT-7713,haul_truck,Komatsu,2022,underground,drc,8595,2024-10-31,condition_based,tires,rear_left,routine,2.4,5374.35,296.0,predictive,False,38,True,False,False
EQP-CA098958,UNIT-7612,conveyor,FLSmidth,2008,underground,drc,63386,2021-03-10,scheduled_maintenance,preventive,inspection,routine,1.0,1414.5,254.0,preventive,True,46,False,False,False
EQP-501FA168,UNIT-8970,pump,Metso,2021,open_pit,ghana,12801,2020-05-20,condition_based,impeller,general_component,minor,2.8,5529.76,143.0,predictive,False,153,False,False,True
EQP-C08949EE,UNIT-3681,pump,Weir,2009,underground,botswana,59734,2024-03-22,breakdown,bearing,general_component,critical,28.8,52405.98,2477.0,corrective,False,55,True,True,True
EQP-4FE7BBDC,UNIT-2943,haul_truck,Hitachi,2020,underground,tanzania,16178,2023-07-19,inspection,preventive,inspection,routine,3.0,4391.43,246.0,preventive,True,30,False,False,False
EQP-1E481232,UNIT-5928,loader,Caterpillar,2022,open_pit,south_africa,5354,2021-04-28,scheduled_maintenance,preventive,filter_replace,routine,4.5,5053.64,275.0,preventive,True,137,False,False,False
EQP-46CC2823,UNIT-5781,excavator,Liebherr,2013,processing_plant,zambia,43662,2022-05-10,inspection,preventive,adjustment,routine,4.7,9041.7,798.0,preventive,True,95,True,False,False
EQP-D4724ADD,UNIT-4685,haul_truck,Hitachi,2011,open_pit,drc,53263,2023-05-23,condition_based,hydraulics,filter,minor,7.4,13249.95,693.0,predictive,False,30,True,False,False
EQP-0DFA8FEC,UNIT-8012,crusher,FLSmidth,2019,processing_plant,tanzania,20694,2024-01-09,scheduled_maintenance,preventive,inspection,minor,31.3,21113.47,6996.0,preventive,True,28,True,False,False
EQP-BA04AA92,UNIT-8190,drill_rig,Sandvik,2009,open_pit,botswana,60886,2021-11-02,condition_based,compressor,general_component,minor,3.1,17168.28,108.0,predictive,False,162,False,False,False
EQP-86A5AE93,UNIT-3211,conveyor,Metso,2017,open_pit,zimbabwe,28053,2021-01-20,condition_based,belt,general_component,routine,1.6,923.79,538.0,predictive,False,55,False,False,False
EQP-C17BF0E4,UNIT-8158,loader,Volvo,2013,underground,tanzania,45676,2020-01-27,breakdown,transmission,gearbox,major,23.1,55184.16,1447.0,corrective,False,104,False,False,False
EQP-4B938621,UNIT-3076,excavator,Komatsu,2014,open_pit,drc,40288,2024-03-19,condition_based,engine,head_gasket,routine,3.2,2820.81,450.0,predictive,False,26,True,False,False
EQP-1311D27F,UNIT-4668,crusher,Sandvik,2021,open_pit,ghana,11339,2024-01-05,scheduled_maintenance,preventive,inspection,routine,9.4,4092.05,1668.0,preventive,True,9,False,False,False
EQP-15FD96B2,UNIT-1244,excavator,Caterpillar,2023,open_pit,zambia,4855,2024-09-06,inspection,preventive,oil_change,routine,6.0,3453.19,1173.0,preventive,True,18,False,False,False
EQP-D4BFBEB2,UNIT-4063,haul_truck,Belaz,2014,underground,zimbabwe,40922,2023-09-07,inspection,preventive,oil_change,routine,2.4,1571.08,237.0,preventive,True,3,False,False,False
EQP-1CFC55D6,UNIT-9625,excavator,Komatsu,2012,underground,south_africa,48629,2021-01-18,breakdown,hydraulics,valve,critical,89.6,324290.76,15492.0,corrective,False,1,True,False,False
EQP-018178B3,UNIT-4982,pump,KSB,2021,open_pit,drc,11597,2021-03-08,breakdown,motor,general_component,minor,3.8,4382.9,246.0,corrective,False,38,False,True,False
EQP-A920CD6F,UNIT-7389,drill_rig,Epiroc,2014,open_pit,south_africa,40281,2021-03-12,breakdown,electrical,wiring,minor,5.4,19179.45,170.0,corrective,False,75,False,False,False
EQP-D82E1431,UNIT-1971,haul_truck,Caterpillar,2011,open_pit,south_africa,53393,2022-04-04,condition_based,hydraulics,filter,minor,6.5,15719.67,723.0,predictive,False,69,False,False,True
EQP-940FC0CC,UNIT-6719,crusher,Sandvik,2022,processing_plant,tanzania,8477,2024-09-30,inspection,preventive,filter_replace,minor,17.5,46634.89,4548.0,preventive,True,43,False,False,False
EQP-22AF5989,UNIT-4343,pump,Metso,2023,open_pit,south_africa,2522,2023-05-28,condition_based,bearing,general_component,routine,1.1,1493.0,55.0,predictive,False,8,False,False,False
EQP-40A808FC,UNIT-7695,grader,John Deere,2012,underground,tanzania,47371,2022-02-20,inspection,preventive,oil_change,routine,3.5,1839.08,41.0,preventive,True,34,False,False,False
EQP-DD779ABD,UNIT-9351,conveyor,ThyssenKrupp,2010,open_pit,ghana,55324,2023-08-20,scheduled_maintenance,preventive,inspection,routine,1.2,2285.29,532.0,preventive,True,6,False,False,False
EQP-B3EC20EC,UNIT-5783,excavator,Komatsu,2010,underground,zambia,55245,2024-02-12,scheduled_maintenance,preventive,adjustment,minor,12.4,21936.3,1678.0,preventive,True,18,False,False,False
EQP-55306CE8,UNIT-1925,conveyor,FLSmidth,2017,processing_plant,botswana,25888,2021-12-27,overhaul,motor,general_component,major,7.3,18270.69,3386.0,major_overhaul,True,123,True,True,False
EQP-F4C761E8,UNIT-5284,loader,Komatsu,2012,open_pit,tanzania,49890,2024-02-25,breakdown,electrical,battery,minor,7.1,13167.53,402.0,corrective,False,68,False,False,False
EQP-9E447CB1,UNIT-2107,grader,Caterpillar,2017,underground,tanzania,27123,2020-02-03,scheduled_maintenance,preventive,inspection,routine,3.0,2193.09,54.0,preventive,True,33,False,False,False
EQP-15CB10CC,UNIT-5045,loader,Volvo,2020,open_pit,ghana,15196,2021-07-13,breakdown,engine,injector,minor,10.8,6984.45,876.0,corrective,False,69,True,False,True
EQP-32BC416B,UNIT-1550,drill_rig,Sandvik,2008,underground,ghana,62058,2020-11-01,breakdown,electrical,sensors,critical,39.2,96530.19,1145.0,corrective,False,28,False,False,False
EQP-799461A9,UNIT-6763,haul_truck,Caterpillar,2021,open_pit,zimbabwe,12866,2020-11-17,scheduled_maintenance,preventive,oil_change,routine,3.3,7190.0,251.0,preventive,True,7,False,False,True
EQP-B4A87D11,UNIT-3793,conveyor,Metso,2008,open_pit,tanzania,63909,2020-12-31,breakdown,motor,general_component,minor,4.5,8735.8,2117.0,corrective,False,26,False,True,True
EQP-10B9EAC2,UNIT-2813,haul_truck,Komatsu,2009,open_pit,tanzania,59649,2021-10-21,scheduled_maintenance,preventive,adjustment,routine,2.1,6781.04,203.0,preventive,True,103,False,False,False
EQP-79ADF6E0,UNIT-1155,haul_truck,Hitachi,2019,open_pit,zimbabwe,19701,2023-07-28,breakdown,electrical,battery,critical,27.1,235389.53,2523.0,corrective,False,33,True,False,False
EQP-2A378733,UNIT-8991,drill_rig,Caterpillar,2017,processing_plant,south_africa,28587,2022-12-01,scheduled_maintenance,preventive,inspection,minor,4.6,14798.71,136.0,preventive,True,27,True,False,False
EQP-94311407,UNIT-8533,crusher,FLSmidth,2023,underground,ghana,3519,2022-03-04,breakdown,liner,general_component,major,51.5,140873.06,10467.0,corrective,False,15,False,False,False
EQP-C6317D7C,UNIT-8304,loader,Volvo,2017,open_pit,botswana,26011,2022-06-13,inspection,preventive,oil_change,routine,2.6,3781.74,198.0,preventive,True,135,True,False,False
EQP-51E359B4,UNIT-1523,loader,Caterpillar,2014,underground,zambia,38708,2020-11-25,scheduled_maintenance,preventive,filter_replace,routine,3.4,5596.62,251.0,preventive,True,61,False,False,False
EQP-ED9245FD,UNIT-4145,loader,Volvo,2018,underground,zimbabwe,22656,2023-08-19,condition_based,hydraulics,hose,routine,2.1,3192.92,194.0,predictive,False,63,True,True,True
EQP-1E617AED,UNIT-9741,loader,Caterpillar,2020,open_pit,zambia,16275,2023-09-21,scheduled_maintenance,preventive,adjustment,routine,3.4,4068.55,204.0,preventive,True,71,False,False,False
EQP-7944C594,UNIT-6206,crusher,Metso,2018,open_pit,botswana,24930,2022-09-14,breakdown,shaft,general_component,minor,20.4,36225.4,5344.0,corrective,False,46,False,False,False
EQP-5B6EF6FC,UNIT-2156,haul_truck,Komatsu,2013,underground,tanzania,45465,2024-01-05,condition_based,engine,cooling_system,routine,3.9,1614.28,558.0,predictive,False,78,True,False,False
EQP-441620AF,UNIT-2269,conveyor,FLSmidth,2023,open_pit,ghana,2365,2023-12-20,breakdown,roller,general_component,critical,36.5,39921.92,9461.0,corrective,False,38,True,False,False
EQP-D69CE28B,UNIT-3367,haul_truck,Caterpillar,2012,underground,tanzania,48620,2023-12-18,scheduled_maintenance,preventive,oil_change,minor,11.6,28376.86,1524.0,preventive,True,128,False,False,False
EQP-6F29AE58,UNIT-9750,haul_truck,Belaz,2013,open_pit,ghana,43384,2020-07-06,scheduled_maintenance,preventive,inspection,routine,3.2,5088.6,306.0,preventive,True,51,False,False,False
EQP-571C7BC1,UNIT-2526,haul_truck,Komatsu,2012,open_pit,drc,50923,2020-06-03,condition_based,hydraulics,filter,routine,3.9,1779.41,423.0,predictive,False,51,False,False,True
EQP-0312F0F5,UNIT-9125,loader,Komatsu,2012,underground,tanzania,49383,2022-03-01,inspection,preventive,oil_change,minor,6.9,23410.06,366.0,preventive,True,9,False,False,False
EQP-6178B347,UNIT-7101,loader,Komatsu,2011,underground,ghana,53701,2020-04-12,breakdown,tires,front_right,minor,10.3,22704.01,667.0,corrective,False,36,False,False,False
EQP-88D85DD4,UNIT-9296,pump,Metso,2017,processing_plant,ghana,28802,2020-01-29,condition_based,impeller,general_component,routine,1.7,1539.19,95.0,predictive,False,30,False,False,False
EQP-959B2FFD,UNIT-8433,pump,Metso,2019,open_pit,zambia,20381,2020-08-23,scheduled_maintenance,preventive,inspection,routine,1.4,853.04,86.0,preventive,True,80,False,False,False
EQP-09F57EAE,UNIT-3989,grader,Komatsu,2014,underground,botswana,39597,2020-08-05,condition_based,blade,general_component,routine,2.1,1743.92,22.0,predictive,False,27,False,False,False
EQP-D2F12F4C,UNIT-8450,haul_truck,Komatsu,2022,processing_plant,south_africa,7400,2021-08-09,overhaul,hydraulics,valve,major,19.8,68936.39,2879.0,major_overhaul,True,13,False,False,True
EQP-CC232EA8,UNIT-2522,grader,Caterpillar,2015,underground,zimbabwe,35199,2021-08-19,scheduled_maintenance,preventive,adjustment,minor,11.8,4727.17,224.0,preventive,True,93,True,False,False
EQP-53773FAE,UNIT-3618,loader,Volvo,2015,processing_plant,drc,36617,2024-01-15,breakdown,electrical,sensors,critical,66.6,102724.92,5498.0,corrective,False,39,False,False,False
EQP-F9771E68,UNIT-2905,grader,Komatsu,2009,processing_plant,drc,61560,2024-06-10,condition_based,hydraulics,cylinder,routine,2.2,1332.48,29.0,predictive,False,31,False,False,True
EQP-69F16038,UNIT-2198,haul_truck,Caterpillar,2022,processing_plant,zimbabwe,7643,2020-11-02,scheduled_maintenance,preventive,inspection,routine,1.7,5797.97,248.0,preventive,True,115,True,False,False
EQP-0D3B7200,UNIT-1809,haul_truck,Belaz,2010,processing_plant,zambia,55277,2021-11-15,inspection,preventive,inspection,routine,1.8,3790.55,266.0,preventive,True,33,False,False,False
EQP-8A428099,UNIT-2686,grader,John Deere,2010,underground,tanzania,54516,2022-07-03,scheduled_maintenance,preventive,adjustment,routine,3.5,3731.04,63.0,preventive,True,63,False,False,False
EQP-B5A1CEFE,UNIT-2080,haul_truck,Caterpillar,2022,open_pit,zimbabwe,8244,2021-05-07,overhaul,electrical,alternator,major,17.8,66131.09,2245.0,major_overhaul,True,23,False,False,False
EQP-66B9A94E,UNIT-4423,excavator,Caterpillar,2016,processing_plant,botswana,33229,2021-08-18,breakdown,undercarriage,general_component,major,21.8,99079.48,2897.0,corrective,False,10,True,False,False
EQP-C09C3507,UNIT-1641,drill_rig,Caterpillar,2009,processing_plant,tanzania,61279,2023-04-22,condition_based,compressor,general_component,routine,2.7,2196.0,127.0,predictive,False,28,False,True,True
EQP-3E239067,UNIT-1551,haul_truck,Caterpillar,2015,open_pit,south_africa,37378,2022-02-04,scheduled_maintenance,preventive,adjustment,routine,2.6,4349.55,292.0,preventive,True,32,False,True,True
EQP-5594071E,UNIT-9907,haul_truck,Komatsu,2017,open_pit,tanzania,28415,2023-06-20,condition_based,tires,rear_right,minor,10.4,22345.8,1273.0,predictive,False,16,True,False,False
EQP-B61254DE,UNIT-1789,pump,KSB,2008,open_pit,zambia,64090,2020-05-14,overhaul,bearing,general_component,major,10.9,19696.92,639.0,major_overhaul,True,8,False,False,False
EQP-0D580901,UNIT-1666,grader,Komatsu,2020,processing_plant,south_africa,17282,2022-05-16,condition_based,transmission,clutch,minor,9.7,8135.78,99.0,predictive,False,7,True,False,False
EQP-5862F7AF,UNIT-1270,grader,John Deere,2018,open_pit,zambia,22889,2021-07-13,condition_based,hydraulics,cylinder,routine,3.9,1845.9,78.0,predictive,False,51,False,False,False
EQP-4E3811F6,UNIT-2192,excavator,Liebherr,2008,open_pit,zimbabwe,63559,2021-06-03,breakdown,engine,turbo,critical,111.3,288027.52,18047.0,corrective,False,27,True,True,True
EQP-2581B608,UNIT-5750,haul_truck,Komatsu,2017,underground,south_africa,29710,2022-04-23,breakdown,brakes,general_component,critical,31.0,224687.59,3918.0,corrective,False,31,False,False,False
EQP-FCE81172,UNIT-8444,drill_rig,Caterpillar,2011,open_pit,drc,50925,2021-06-27,scheduled_maintenance,preventive,filter_replace,routine,1.8,1755.79,47.0,preventive,True,115,False,False,False
EQP-40361A4B,UNIT-7613,drill_rig,Sandvik,2019,processing_plant,drc,19965,2023-09-26,scheduled_maintenance,preventive,oil_change,routine,2.9,2817.9,103.0,preventive,True,39,True,False,False
EQP-83086FE6,UNIT-6221,haul_truck,Caterpillar,2014,open_pit,drc,40631,2020-11-29,breakdown,engine,injector,major,19.9,46981.52,1917.0,corrective,False,15,False,False,False
EQP-2659B734,UNIT-1765,loader,Volvo,2011,open_pit,tanzania,52082,2024-05-26,condition_based,hydraulics,hose,routine,3.3,3221.42,303.0,predictive,False,93,False,False,True
EQP-458A97F0,UNIT-7968,pump,KSB,2016,open_pit,south_africa,33149,2021-10-14,condition_based,seal,general_component,routine,1.8,624.74,134.0,predictive,False,73,False,False,False
EQP-E68CDF70,UNIT-1335,conveyor,ThyssenKrupp,2015,underground,tanzania,37525,2022-08-06,breakdown,pulley,general_component,minor,4.6,7361.09,1592.0,corrective,False,22,False,False,False
EQP-3AD78048,UNIT-6677,excavator,Liebherr,2013,underground,tanzania,44479,2020-10-29,breakdown,electrical,battery,minor,10.4,15625.71,1194.0,corrective,False,8,False,False,False
EQP-4CF5159E,UNIT-4683,excavator,Caterpillar,2022,open_pit,drc,9390,2024-07-12,scheduled_maintenance,preventive,oil_change,routine,3.4,2203.33,470.0,preventive,True,11,False,False,False
EQP-964244D2,UNIT-8938,haul_truck,Hitachi,2018,open_pit,drc,23071,2023-03-03,scheduled_maintenance,preventive,inspection,routine,3.6,4475.92,368.0,preventive,True,48,True,False,False
EQP-428285E6,UNIT-3767,excavator,Hitachi,2015,processing_plant,south_africa,35842,2023-10-17,inspection,preventive,filter_replace,routine,5.4,2308.79,965.0,preventive,True,102,False,False,False
EQP-9C1C5D77,UNIT-6745,drill_rig,Epiroc,2011,underground,south_africa,54405,2024-05-29,scheduled_maintenance,preventive,oil_change,routine,2.9,3664.33,134.0,preventive,True,23,True,False,True
EQP-5EE4B64C,UNIT-4959,drill_rig,Sandvik,2017,underground,drc,29942,2024-11-27,breakdown,rotation,general_component,major,16.1,37830.79,555.0,corrective,False,16,True,True,False
EQP-2F3F77A9,UNIT-5698,conveyor,Metso,2008,open_pit,south_africa,62723,2021-04-02,inspection,preventive,inspection,routine,1.0,1633.47,353.0,preventive,True,94,False,False,False
EQP-D3714146,UNIT-9448,loader,Volvo,2022,processing_plant,tanzania,7987,2021-08-15,breakdown,tires,front_left,major,20.8,27427.58,2054.0,corrective,False,133,False,False,False
EQP-C093DE36,UNIT-7414,haul_truck,Belaz,2008,underground,zambia,64136,2021-03-11,scheduled_maintenance,preventive,oil_change,routine,2.4,2243.2,248.0,preventive,True,42,True,False,False
EQP-5312E023,UNIT-4730,haul_truck,Caterpillar,2019,open_pit,south_africa,20416,2022-06-21,scheduled_maintenance,preventive,adjustment,routine,2.2,5492.29,269.0,preventive,True,37,False,False,False
EQP-554093A7,UNIT-5026,haul_truck,Caterpillar,2013,processing_plant,ghana,45274,2024-06-04,inspection,preventive,filter_replace,routine,3.5,1693.24,298.0,preventive,True,240,False,True,False
EQP-3DEAF634,UNIT-7340,haul_truck,Komatsu,2019,processing_plant,tanzania,21839,2023-08-21,condition_based,hydraulics,pump,minor,5.0,10107.91,536.0,predictive,False,90,True,False,False
EQP-AFEA9D03,UNIT-4114,conveyor,Metso,2013,underground,ghana,44037,2022-10-19,breakdown,belt,general_component,major,8.9,21456.53,2763.0,corrective,False,176,False,False,False
EQP-6361FBB1,UNIT-2510,loader,Volvo,2008,underground,zimbabwe,65121,2022-05-02,scheduled_maintenance,preventive,adjustment,minor,13.7,9005.42,851.0,preventive,True,57,False,False,False
EQP-29975059,UNIT-5208,grader,Komatsu,2023,open_pit,south_africa,4648,2023-08-06,breakdown,tires,rear_left,major,21.5,27897.72,265.0,corrective,False,2,True,True,False
EQP-B5078582,UNIT-1613,conveyor,FLSmidth,2020,underground,botswana,15978,2022-04-21,breakdown,gearbox,general_component,major,7.6,11477.55,2802.0,corrective,False,40,False,True,False
EQP-2C89E2C3,UNIT-2527,drill_rig,Caterpillar,2008,open_pit,drc,62301,2024-05-19,scheduled_maintenance,preventive,inspection,routine,1.3,1940.31,42.0,preventive,True,88,False,True,False
EQP-5B281E9F,UNIT-4785,haul_truck,Caterpillar,2008,underground,drc,65018,2022-10-03,scheduled_maintenance,preventive,inspection,routine,2.6,6776.2,354.0,preventive,True,64,False,False,False
EQP-E568B401,UNIT-8168,drill_rig,Caterpillar,2016,open_pit,zambia,32605,2023-04-11,condition_based,drill_string,general_component,routine,2.3,4012.81,83.0,predictive,False,26,False,False,False
EQP-8F8D4812,UNIT-8031,excavator,Komatsu,2023,open_pit,ghana,4389,2023-05-07,breakdown,bucket,general_component,major,33.4,51311.24,3523.0,corrective,False,12,False,False,False
EQP-DCD5A1ED,UNIT-3346,grader,John Deere,2017,processing_plant,zimbabwe,27018,2023-08-29,scheduled_maintenance,preventive,filter_replace,minor,8.2,6574.7,118.0,preventive,True,2,False,False,False
EQP-B366903F,UNIT-4796,drill_rig,Sandvik,2008,open_pit,south_africa,65959,2022-05-10,inspection,preventive,adjustment,routine,1.7,2895.12,47.0,preventive,True,126,False,False,False
EQP-97AE94D8,UNIT-2381,haul_truck,Caterpillar,2019,processing_plant,south_africa,20152,2021-11-27,scheduled_maintenance,preventive,filter_replace,minor,9.5,21726.59,817.0,preventive,True,5,False,False,True
EQP-F2596BF7,UNIT-7796,excavator,Caterpillar,2014,open_pit,south_africa,38858,2022-01-16,scheduled_maintenance,preventive,inspection,routine,3.8,6658.55,431.0,preventive,True,70,False,False,False
EQP-0E216BE3,UNIT-3216,haul_truck,Komatsu,2018,open_pit,zambia,22697,2024-08-15,condition_based,electrical,battery,routine,3.6,3207.92,484.0,predictive,False,92,False,False,False
EQP-3C9F0FBE,UNIT-8194,grader,Caterpillar,2013,open_pit,tanzania,44677,2020-07-16,condition_based,electrical,battery,minor,4.2,15360.89,60.0,predictive,False,34,False,False,False
EQP-753F251A,UNIT-8577,haul_truck,Caterpillar,2008,open_pit,south_africa,64707,2023-06-21,scheduled_maintenance,preventive,inspection,routine,2.6,6510.9,195.0,preventive,True,21,False,False,False
EQP-82B10A53,UNIT-7201,haul_truck,Hitachi,2008,open_pit,tanzania,63536,2024-09-24,overhaul,hydraulics,pump,major,17.1,59322.6,1939.0,major_overhaul,True,8,False,False,True
EQP-877F7E77,UNIT-3971,haul_truck,Belaz,2018,open_pit,tanzania,24462,2020-05-09,breakdown,transmission,clutch,major,19.1,70857.97,1721.0,corrective,False,68,True,False,False
EQP-E5C431FA,UNIT-9575,loader,Caterpillar,2018,underground,south_africa,24667,2023-01-17,breakdown,engine,head_gasket,minor,8.6,11292.24,738.0,corrective,False,43,False,False,True
EQP-04840C49,UNIT-7173,conveyor,FLSmidth,2013,open_pit,south_africa,44139,2022-12-07,scheduled_maintenance,preventive,inspection,routine,1.3,1099.54,631.0,preventive,True,60,False,False,True
EQP-39DEDABC,UNIT-6811,conveyor,ThyssenKrupp,2009,open_pit,ghana,59298,2021-08-24,breakdown,belt,general_component,major,10.4,14635.16,3043.0,corrective,False,129,False,False,False
EQP-1B67597F,UNIT-8706,excavator,Komatsu,2020,open_pit,south_africa,16961,2020-06-19,breakdown,undercarriage,general_component,major,21.1,49624.19,2693.0,corrective,False,36,False,False,False
EQP-13C6510B,UNIT-8932,haul_truck,Caterpillar,2010,open_pit,zimbabwe,56837,2023-05-04,breakdown,engine,injector,major,14.9,36297.19,1913.0,corrective,False,16,False,True,False
EQP-10856BE3,UNIT-1699,loader,Caterpillar,2011,open_pit,drc,52567,2022-07-28,condition_based,transmission,gearbox,routine,2.3,5564.46,188.0,predictive,False,211,False,False,False
EQP-26142660,UNIT-8933,haul_truck,Belaz,2015,open_pit,drc,35166,2023-09-15,scheduled_maintenance,preventive,filter_replace,minor,6.1,26799.22,836.0,preventive,True,36,False,False,False
EQP-A306C8AA,UNIT-7884,haul_truck,Komatsu,2019,underground,zimbabwe,18668,2020-06-08,inspection,preventive,filter_replace,routine,2.8,4793.43,346.0,preventive,True,11,False,False,False
EQP-3B439A4C,UNIT-2858,conveyor,Metso,2023,underground,ghana,4076,2024-08-09,breakdown,motor,general_component,major,7.1,19909.25,2114.0,corrective,False,31,False,True,True
EQP-D62C795A,UNIT-3768,haul_truck,Belaz,2018,processing_plant,tanzania,24929,2023-02-03,scheduled_maintenance,preventive,inspection,routine,1.8,2931.04,248.0,preventive,True,43,False,False,False
EQP-A9C54C2C,UNIT-7773,haul_truck,Belaz,2023,underground,zambia,5040,2022-03-07,breakdown,electrical,alternator,major,24.0,31028.85,2089.0,corrective,False,53,False,False,False
EQP-4FB45B4C,UNIT-2949,loader,Volvo,2018,underground,ghana,24584,2022-04-01,breakdown,engine,head_gasket,major,21.8,39897.11,1181.0,corrective,False,12,True,False,False
EQP-2E5F45DB,UNIT-5071,drill_rig,Sandvik,2021,open_pit,drc,11549,2024-09-09,condition_based,hydraulics,valve,routine,2.7,3678.16,131.0,predictive,False,180,True,False,False
EQP-F0A5A858,UNIT-7199,haul_truck,Caterpillar,2010,open_pit,ghana,55195,2022-09-22,breakdown,engine,cooling_system,minor,9.9,22796.87,1176.0,corrective,False,100,False,False,False
EQP-2BF513CE,UNIT-6853,excavator,Caterpillar,2008,underground,botswana,63983,2022-11-10,condition_based,engine,turbo,routine,3.0,6834.14,399.0,predictive,False,31,False,False,True
EQP-F847D5CF,UNIT-9187,crusher,Metso,2018,open_pit,drc,23992,2023-03-14,condition_based,liner,general_component,minor,24.3,56641.76,4579.0,predictive,False,23,False,True,True
EQP-F4894753,UNIT-2003,haul_truck,Hitachi,2023,open_pit,tanzania,5107,2021-07-16,condition_based,transmission,driveshaft,routine,3.0,2755.96,244.0,predictive,False,24,True,False,False
EQP-A61426B1,UNIT-3654,haul_truck,Komatsu,2019,processing_plant,botswana,19520,2021-03-26,scheduled_maintenance,preventive,adjustment,routine,2.0,3081.74,234.0,preventive,True,53,False,False,False
EQP-1EFBB94C,UNIT-9862,conveyor,ThyssenKrupp,2013,open_pit,drc,43603,2023-09-14,inspection,preventive,filter_replace,routine,0.9,659.26,421.0,preventive,True,19,False,False,False
EQP-D7A49E0C,UNIT-6118,conveyor,Metso,2015,open_pit,zimbabwe,38054,2021-07-29,breakdown,roller,general_component,major,7.6,24046.26,3192.0,corrective,False,92,False,True,False
EQP-1E2CAFAF,UNIT-3238,pump,KSB,2009,processing_plant,zambia,61551,2020-03-02,overhaul,bearing,general_component,major,7.6,13455.91,670.0,major_overhaul,True,5,False,True,False
EQP-B812DBD9,UNIT-3608,excavator,Liebherr,2013,open_pit,south_africa,43117,2022-05-17,breakdown,undercarriage,general_component,critical,59.3,220505.56,9479.0,corrective,False,7,False,False,False
EQP-B438DAC7,UNIT-4052,haul_truck,Caterpillar,2018,open_pit,botswana,25468,2020-01-19,scheduled_maintenance,preventive,filter_replace,routine,2.2,7413.87,167.0,preventive,True,140,False,False,False
EQP-819A3E0A,UNIT-5988,conveyor,FLSmidth,2010,open_pit,drc,54878,2022-10-16,overhaul,belt,general_component,major,9.3,16416.21,3360.0,major_overhaul,True,98,True,False,False
EQP-0EBDC9E0,UNIT-3560,conveyor,FLSmidth,2015,open_pit,tanzania,35565,2023-03-05,breakdown,gearbox,general_component,critical,20.2,50113.17,5231.0,corrective,False,1,True,False,False
EQP-E29C46B7,UNIT-6596,haul_truck,Caterpillar,2012,processing_plant,zambia,47679,2024-07-20,inspection,preventive,inspection,minor,10.2,12195.37,827.0,preventive,True,7,False,False,False
EQP-8B58348A,UNIT-5006,conveyor,Metso,2015,underground,south_africa,35922,2022-12-28,scheduled_maintenance,preventive,filter_replace,routine,0.9,1379.78,265.0,preventive,True,7,False,False,False
EQP-A27BB339,UNIT-6492,haul_truck,Belaz,2020,open_pit,drc,16619,2021-09-25,inspection,preventive,inspection,routine,3.1,5613.95,439.0,preventive,True,80,True,False,False
EQP-3EFE8F46,UNIT-2395,loader,Volvo,2022,open_pit,south_africa,8106,2023-03-02,breakdown,transmission,gearbox,major,26.6,56907.44,1616.0,corrective,False,24,True,True,False
EQP-FBE362D9,UNIT-6611,loader,Komatsu,2014,open_pit,south_africa,40614,2022-12-01,scheduled_maintenance,preventive,adjustment,minor,9.4,9442.69,682.0,preventive,True,102,False,False,False
EQP-2F23DB69,UNIT-9321,drill_rig,Sandvik,2021,underground,zimbabwe,11598,2023-08-27,breakdown,electrical,sensors,major,11.9,40769.88,558.0,corrective,False,31,False,False,False
EQP-393FAD4E,UNIT-2215,pump,Weir,2019,open_pit,south_africa,20374,2024-07-18,breakdown,casing,general_component,major,7.8,8079.57,654.0,corrective,False,140,False,False,False
EQP-0D046046,UNIT-3946,pump,KSB,2022,open_pit,botswana,8078,2020-06-23,condition_based,impeller,general_component,routine,1.2,1681.41,68.0,predictive,False,48,False,False,False
EQP-C101FC55,UNIT-7241,haul_truck,Hitachi,2019,underground,drc,18611,2023-07-16,condition_based,brakes,general_component,routine,1.9,3180.87,208.0,predictive,False,148,False,False,True
EQP-E0E31548,UNIT-6556,excavator,Komatsu,2016,processing_plant,drc,32483,2023-12-19,condition_based,bucket,general_component,routine,4.5,2313.77,797.0,predictive,False,6,False,False,False
EQP-9F95D77D,UNIT-7072,conveyor,Metso,2018,processing_plant,ghana,24096,2021-08-14,condition_based,roller,general_component,routine,1.5,1288.48,541.0,predictive,False,114,False,False,False
EQP-4B701648,UNIT-6035,haul_truck,Belaz,2013,processing_plant,south_africa,43286,2021-12-27,condition_based,engine,injector,minor,7.1,27581.69,648.0,predictive,False,85,True,False,False
EQP-2C4FAB12,UNIT-7142,excavator,Komatsu,2018,underground,zambia,23575,2022-01-16,scheduled_maintenance,preventive,oil_change,routine,5.8,3862.65,953.0,preventive,True,136,False,False,False
EQP-11FBAB46,UNIT-6483,excavator,Hitachi,2019,underground,ghana,19599,2021-11-03,scheduled_maintenance,preventive,inspection,routine,5.7,4298.41,802.0,preventive,True,23,False,True,False
EQP-ACC499C7,UNIT-1666,pump,KSB,2017,processing_plant,zambia,27755,2024-04-30,condition_based,seal,general_component,routine,1.2,668.43,91.0,predictive,False,105,False,False,False
EQP-316EFF37,UNIT-7760,drill_rig,Epiroc,2009,open_pit,zambia,61758,2021-08-10,condition_based,hydraulics,cylinder,routine,2.5,4926.46,70.0,predictive,False,74,True,True,True
EQP-9EACE932,UNIT-5021,loader,Volvo,2016,open_pit,south_africa,34090,2022-02-26,breakdown,transmission,gearbox,major,16.7,39577.17,1591.0,corrective,False,84,False,True,False
EQP-BB45B6FC,UNIT-1463,excavator,Hitachi,2019,open_pit,drc,17273,2022-11-18,scheduled_maintenance,preventive,inspection,routine,5.1,9582.57,980.0,preventive,True,20,False,False,False
EQP-1804CA7D,UNIT-4680,haul_truck,Komatsu,2011,processing_plant,ghana,52488,2021-03-29,breakdown,tires,front_right,minor,9.9,9567.03,968.0,corrective,False,1,False,False,False
EQP-D8A5A753,UNIT-4916,grader,Komatsu,2020,processing_plant,south_africa,16954,2023-06-10,condition_based,transmission,driveshaft,routine,2.5,2235.58,32.0,predictive,False,132,False,False,False
EQP-3E62C082,UNIT-1780,haul_truck,Hitachi,2021,processing_plant,zimbabwe,11783,2022-07-30,breakdown,hydraulics,hose,critical,45.7,181717.81,4012.0,corrective,False,33,False,False,True
EQP-CA261C1C,UNIT-9963,haul_truck,Belaz,2016,open_pit,south_africa,32928,2020-11-02,scheduled_maintenance,preventive,filter_replace,minor,8.7,13258.19,1035.0,preventive,True,20,True,False,False
EQP-B414C658,UNIT-3001,excavator,Caterpillar,2023,processing_plant,ghana,5654,2020-11-30,condition_based,hydraulics,cylinder,minor,9.4,24919.9,1127.0,predictive,False,332,True,False,False
EQP-CB4CEC9B,UNIT-3975,crusher,FLSmidth,2021,open_pit,drc,10628,2020-02-18,overhaul,shaft,general_component,major,56.6,91549.7,13707.0,major_overhaul,True,16,False,False,False
EQP-3248D880,UNIT-4968,excavator,Hitachi,2015,open_pit,drc,36133,2022-11-13,scheduled_maintenance,preventive,filter_replace,routine,5.6,3972.57,1090.0,preventive,True,64,False,False,False
EQP-BB675287,UNIT-8491,haul_truck,Caterpillar,2022,underground,botswana,9956,2023-12-12,inspection,preventive,oil_change,minor,7.6,15719.6,673.0,preventive,True,23,False,False,True
EQP-BFE97A0F,UNIT-7685,excavator,Komatsu,2022,underground,tanzania,6762,2024-11-19,condition_based,bucket,general_component,routine,3.1,7081.43,380.0,predictive,False,170,False,False,False
EQP-0B2A8023,UNIT-7937,haul_truck,Belaz,2009,processing_plant,zimbabwe,59884,2023-04-02,breakdown,engine,injector,major,18.7,51067.08,1530.0,corrective,False,7,True,False,True
EQP-90EA7F2D,UNIT-3133,haul_truck,Hitachi,2023,open_pit,drc,3551,2024-10-10,scheduled_maintenance,preventive,adjustment,routine,3.2,3955.63,316.0,preventive,True,112,False,True,True
EQP-309CCF3D,UNIT-8608,conveyor,ThyssenKrupp,2008,open_pit,drc,65051,2024-11-13,scheduled_maintenance,preventive,adjustment,routine,1.4,2207.13,659.0,preventive,True,111,False,False,False
EQP-66079D3C,UNIT-8466,haul_truck,Caterpillar,2015,open_pit,south_africa,37191,2023-01-09,breakdown,transmission,clutch,major,12.3,59021.53,937.0,corrective,False,61,True,True,False
EQP-7B275F3D,UNIT-5174,excavator,Caterpillar,2023,open_pit,tanzania,4162,2021-11-06,scheduled_maintenance,preventive,inspection,routine,4.8,7095.74,785.0,preventive,True,74,False,False,False
EQP-88F633B3,UNIT-5911,crusher,FLSmidth,2019,processing_plant,drc,20032,2024-05-14,breakdown,shaft,general_component,minor,12.9,25004.16,2678.0,corrective,False,46,False,True,False
EQP-2DDB0B13,UNIT-1334,crusher,Sandvik,2012,open_pit,ghana,46280,2023-02-12,inspection,preventive,filter_replace,routine,7.8,12000.68,1542.0,preventive,True,12,False,False,False
EQP-6E1A648E,UNIT-7843,excavator,Liebherr,2018,open_pit,zambia,25423,2024-01-07,scheduled_maintenance,preventive,inspection,routine,3.9,2295.08,457.0,preventive,True,26,False,False,False
EQP-16810E10,UNIT-9647,excavator,Liebherr,2011,open_pit,zimbabwe,51646,2021-02-11,breakdown,engine,head_gasket,major,33.2,52816.04,6085.0,corrective,False,57,True,False,False
EQP-47C25BE6,UNIT-5252,haul_truck,Komatsu,2011,underground,drc,51857,2024-09-07,scheduled_maintenance,preventive,adjustment,routine,3.7,3976.83,506.0,preventive,True,6,True,False,False
EQP-EFC471FC,UNIT-5863,pump,KSB,2022,processing_plant,south_africa,8971,2022-02-11,inspection,preventive,inspection,routine,1.7,1822.67,88.0,preventive,True,2,False,False,True
EQP-6F2FC9C3,UNIT-5492,haul_truck,Belaz,2008,open_pit,botswana,64197,2024-04-20,overhaul,electrical,starter,major,21.8,31261.84,2578.0,major_overhaul,True,1,False,True,False
EQP-04D39C4B,UNIT-1743,haul_truck,Caterpillar,2023,open_pit,south_africa,5003,2021-11-06,inspection,preventive,inspection,routine,2.1,4169.2,223.0,preventive,True,57,False,False,False
EQP-5F9CB9DC,UNIT-6576,drill_rig,Sandvik,2015,processing_plant,botswana,36603,2024-06-07,inspection,preventive,adjustment,minor,7.3,6797.25,184.0,preventive,True,9,False,False,False
EQP-A1F14EE3,UNIT-7492,haul_truck,Caterpillar,2009,underground,drc,60203,2023-04-26,scheduled_maintenance,preventive,adjustment,routine,3.4,2880.29,333.0,preventive,True,11,True,False,False
EQP-53FF2586,UNIT-9350,haul_truck,Hitachi,2020,open_pit,botswana,16310,2021-02-17,scheduled_maintenance,preventive,inspection,routine,3.5,3932.16,312.0,preventive,True,73,False,False,False
EQP-61257297,UNIT-9367,haul_truck,Caterpillar,2008,open_pit,botswana,62877,2020-09-24,scheduled_maintenance,preventive,filter_replace,routine,3.5,2090.87,463.0,preventive,True,104,False,False,False
EQP-E089F3BD,UNIT-5425,crusher,Metso,2013,processing_plant,drc,43851,2020-10-11,overhaul,hydraulics,valve,major,41.9,134653.99,9096.0,major_overhaul,True,47,True,False,True
EQP-58891B42,UNIT-9629,conveyor,FLSmidth,2011,underground,tanzania,53084,2021-11-05,breakdown,gearbox,general_component,critical,19.2,31219.16,8630.0,corrective,False,67,False,True,False
EQP-76C50737,UNIT-5757,crusher,Metso,2020,open_pit,south_africa,15101,2020-03-20,scheduled_maintenance,preventive,oil_change,routine,10.4,10024.09,3071.0,preventive,True,25,True,False,False
EQP-96FD1A8B,UNIT-6777,loader,Caterpillar,2014,open_pit,south_africa,39284,2022-09-14,breakdown,electrical,sensors,minor,6.5,8938.85,455.0,corrective,False,298,True,False,False
EQP-A698C2C3,UNIT-6417,excavator,Hitachi,2018,open_pit,ghana,23120,2023-04-01,inspection,preventive,oil_change,routine,2.8,2852.17,436.0,preventive,True,63,False,False,False
EQP-43873C78,UNIT-9987,grader,Komatsu,2009,open_pit,zambia,60153,2023-09-02,scheduled_maintenance,preventive,filter_replace,minor,11.8,9552.69,233.0,preventive,True,130,False,False,False
EQP-95B47248,UNIT-7636,crusher,Sandvik,2019,open_pit,south_africa,21402,2024-08-07,inspection,preventive,inspection,routine,11.8,7145.02,2064.0,preventive,True,280,False,False,False
EQP-1CB3D570,UNIT-2079,loader,Volvo,2019,open_pit,drc,20547,2023-12-11,overhaul,engine,head_gasket,major,20.1,25627.67,1059.0,major_overhaul,True,6,True,False,True
EQP-6035DC76,UNIT-1646,crusher,Sandvik,2012,open_pit,botswana,45823,2024-11-23,breakdown,bearing,general_component,critical,73.4,179208.04,16180.0,corrective,False,9,False,True,True
EQP-8EA192BA,UNIT-4688,excavator,Komatsu,2022,open_pit,tanzania,8648,2022-12-22,condition_based,undercarriage,general_component,routine,3.8,4393.46,565.0,predictive,False,17,False,False,False
EQP-12FE3EC7,UNIT-5640,excavator,Hitachi,2015,open_pit,south_africa,35557,2024-03-14,scheduled_maintenance,preventive,filter_replace,minor,6.3,33485.03,1215.0,preventive,True,27,False,False,False
EQP-6DCD1575,UNIT-7016,drill_rig,Caterpillar,2018,open_pit,drc,24509,2023-10-26,scheduled_maintenance,preventive,inspection,minor,3.9,17770.9,142.0,preventive,True,5,False,False,False
EQP-01E25CF3,UNIT-5333,haul_truck,Caterpillar,2010,processing_plant,south_africa,55850,2024-02-04,breakdown,transmission,driveshaft,critical,36.6,89930.39,3964.0,corrective,False,8,False,False,False
EQP-B4EEF43A,UNIT-5631,drill_rig,Epiroc,2022,open_pit,ghana,7139,2022-01-09,scheduled_maintenance,preventive,adjustment,routine,2.7,1686.92,101.0,preventive,True,26,False,False,False
EQP-CBD89033,UNIT-9294,haul_truck,Caterpillar,2011,processing_plant,botswana,51928,2022-07-22,scheduled_maintenance,preventive,inspection,routine,2.5,3534.54,271.0,preventive,True,46,False,False,False
EQP-F0E5FFEF,UNIT-4013,haul_truck,Belaz,2018,processing_plant,botswana,23558,2024-07-03,condition_based,engine,head_gasket,minor,4.1,22126.82,584.0,predictive,False,117,False,True,True
EQP-A80FB8F6,UNIT-5441,grader,John Deere,2009,processing_plant,south_africa,60307,2022-03-24,condition_based,electrical,wiring,routine,3.1,1712.53,50.0,predictive,False,19,False,False,False
EQP-A9378306,UNIT-6015,crusher,Metso,2008,open_pit,south_africa,63113,2022-12-27,scheduled_maintenance,preventive,adjustment,routine,5.3,5662.33,1428.0,preventive,True,6,False,False,False
EQP-C1A2D37E,UNIT-5214,conveyor,FLSmidth,2010,open_pit,ghana,54875,2023-02-26,breakdown,gearbox,general_component,minor,5.6,6912.04,1616.0,corrective,False,22,False,True,False
EQP-29BC15B0,UNIT-9712,excavator,Komatsu,2023,underground,drc,4732,2020-11-28,breakdown,bucket,general_component,minor,8.9,30443.17,1670.0,corrective,False,15,False,False,False
EQP-62E9CD9E,UNIT-9658,conveyor,Metso,2011,open_pit,south_africa,53108,2020-02-10,breakdown,motor,general_component,minor,3.0,6156.24,1478.0,corrective,False,15,True,False,True
EQP-F9D6AC05,UNIT-5617,grader,Komatsu,2022,open_pit,south_africa,8580,2023-06-05,overhaul,electrical,battery,major,16.8,32043.26,329.0,major_overhaul,True,106,False,False,False
EQP-DD512D88,UNIT-5054,crusher,Sandvik,2017,open_pit,drc,27351,2023-11-30,scheduled_maintenance,preventive,oil_change,routine,5.6,3049.22,1666.0,preventive,True,149,False,False,False
EQP-9DC9C28C,UNIT-6300,conveyor,Metso,2009,underground,south_africa,59259,2022-11-14,condition_based,belt,general_component,routine,0.8,1155.72,339.0,predictive,False,27,False,False,True
EQP-A919123A,UNIT-2627,drill_rig,Epiroc,2015,processing_plant,tanzania,35317,2023-03-29,overhaul,drill_string,general_component,major,17.2,38284.66,719.0,major_overhaul,True,21,False,True,False
EQP-A844BDBD,UNIT-4833,excavator,Komatsu,2015,open_pit,zimbabwe,36890,2020-04-30,scheduled_maintenance,preventive,adjustment,minor,16.4,29528.36,1750.0,preventive,True,18,False,False,False
EQP-94211736,UNIT-2952,crusher,Sandvik,2012,processing_plant,drc,47174,2020-11-02,scheduled_maintenance,preventive,oil_change,routine,11.4,5333.38,2194.0,preventive,True,5,False,False,False
EQP-CDCAF8A8,UNIT-2296,pump,Weir,2017,underground,drc,28884,2023-08-20,inspection,preventive,inspection,routine,1.6,931.29,143.0,preventive,True,39,False,False,False
EQP-62FD6EEF,UNIT-1856,drill_rig,Caterpillar,2021,open_pit,tanzania,12636,2023-02-18,scheduled_maintenance,preventive,filter_replace,minor,3.1,8395.51,105.0,preventive,True,89,False,False,False
EQP-6CE7A74C,UNIT-6283,excavator,Komatsu,2022,open_pit,south_africa,9237,2020-12-22,breakdown,undercarriage,general_component,major,35.5,93911.18,5753.0,corrective,False,36,False,False,False
EQP-16DBA518,UNIT-1005,drill_rig,Epiroc,2016,open_pit,tanzania,33063,2022-12-15,condition_based,compressor,general_component,routine,2.5,2184.2,99.0,predictive,False,6,False,False,False
EQP-EBFE20AF,UNIT-6814,drill_rig,Caterpillar,2022,processing_plant,south_africa,8542,2020-03-04,inspection,preventive,inspection,minor,5.5,18229.96,217.0,preventive,True,14,False,True,False
EQP-86EEF05B,UNIT-4887,pump,Metso,2022,underground,botswana,6531,2023-11-19,condition_based,motor,general_component,routine,1.7,1813.82,116.0,predictive,False,14,False,True,True
EQP-F6604D59,UNIT-4297,crusher,Metso,2009,underground,south_africa,60610,2020-02-18,condition_based,shaft,general_component,minor,25.6,38656.71,7238.0,predictive,False,14,False,False,False
EQP-925D89F3,UNIT-7922,excavator,Hitachi,2018,underground,tanzania,24115,2024-02-16,condition_based,bucket,general_component,minor,14.1,36124.59,1761.0,predictive,False,116,False,True,False
EQP-D7E37C42,UNIT-5848,excavator,Hitachi,2020,open_pit,south_africa,15626,2021-02-06,scheduled_maintenance,preventive,adjustment,minor,15.9,12300.07,2815.0,preventive,True,7,True,False,False
EQP-DB3C44F8,UNIT-7600,drill_rig,Sandvik,2008,processing_plant,tanzania,65362,2021-04-01,breakdown,drill_string,general_component,major,17.4,23784.9,446.0,corrective,False,17,False,False,False
EQP-9CF10130,UNIT-7384,haul_truck,Caterpillar,2017,processing_plant,zambia,27848,2024-07-24,inspection,preventive,oil_change,routine,3.5,3940.3,483.0,preventive,True,301,False,False,False
EQP-1A0B077A,UNIT-1289,conveyor,Metso,2022,underground,south_africa,7470,2024-01-06,breakdown,motor,general_component,major,11.4,20376.84,5011.0,corrective,False,110,False,True,False
EQP-20F6389A,UNIT-2939,loader,Volvo,2012,open_pit,tanzania,49124,2021-08-28,inspection,preventive,oil_change,minor,10.7,23469.88,1059.0,preventive,True,12,True,False,False
EQP-71DBD778,UNIT-6129,crusher,Metso,2021,open_pit,south_africa,11594,2020-11-23,scheduled_maintenance,preventive,inspection,routine,7.2,8602.33,1210.0,preventive,True,181,False,False,False
EQP-BDC25548,UNIT-9778,haul_truck,Hitachi,2022,open_pit,drc,7420,2020-07-16,condition_based,electrical,battery,routine,3.2,1544.29,433.0,predictive,False,62,False,False,False
EQP-0CD87827,UNIT-2388,crusher,FLSmidth,2018,open_pit,ghana,22872,2021-12-10,inspection,preventive,oil_change,minor,25.3,23167.67,4968.0,preventive,True,32,False,False,False
EQP-B80C15B0,UNIT-1949,crusher,Sandvik,2018,underground,zimbabwe,23179,2022-11-11,condition_based,shaft,general_component,minor,13.3,34710.24,2490.0,predictive,False,70,False,False,False
EQP-103FD653,UNIT-9468,excavator,Caterpillar,2016,underground,tanzania,31265,2022-06-05,breakdown,electrical,alternator,major,28.4,81398.99,3422.0,corrective,False,229,False,False,False
EQP-7427146D,UNIT-9700,conveyor,ThyssenKrupp,2014,processing_plant,drc,40621,2024-06-02,scheduled_maintenance,preventive,inspection,routine,1.3,1673.06,558.0,preventive,True,33,False,False,False
EQP-3DBCCEA0,UNIT-2506,conveyor,FLSmidth,2015,open_pit,zimbabwe,34980,2023-12-19,breakdown,belt,general_component,major,8.2,23141.6,3982.0,corrective,False,229,True,False,False
EQP-E2F61047,UNIT-4614,loader,Caterpillar,2016,open_pit,botswana,30142,2021-04-13,breakdown,tires,front_left,critical,80.7,107804.79,6667.0,corrective,False,10,False,True,False
EQP-6CC67214,UNIT-6639,haul_truck,Hitachi,2015,open_pit,zimbabwe,36303,2024-06-09,scheduled_maintenance,preventive,adjustment,routine,3.7,4739.98,351.0,preventive,True,13,False,False,False
EQP-84E2AFFB,UNIT-2756,haul_truck,Caterpillar,2021,processing_plant,ghana,11366,2022-04-11,overhaul,hydraulics,valve,major,14.4,36491.34,1512.0,major_overhaul,True,81,True,True,True
EQP-42A08FAD,UNIT-3935,drill_rig,Epiroc,2020,underground,drc,15983,2020-01-31,overhaul,drill_string,general_component,major,16.2,39357.26,503.0,major_overhaul,True,31,False,False,False
EQP-5D6E7D19,UNIT-4557,haul_truck,Komatsu,2013,open_pit,south_africa,45282,2024-03-12,scheduled_maintenance,preventive,inspection,routine,2.0,6074.11,160.0,preventive,True,17,False,False,False
EQP-4B2B1847,UNIT-6773,drill_rig,Caterpillar,2016,underground,drc,32071,2023-08-20,condition_based,electrical,starter,minor,6.5,12701.24,287.0,predictive,False,39,True,False,False
EQP-E793E7EC,UNIT-3772,loader,Volvo,2011,underground,south_africa,53509,2021-10-01,breakdown,engine,injector,minor,13.5,14066.11,746.0,corrective,False,91,False,False,False
EQP-5AA2C4B3,UNIT-4709,haul_truck,Hitachi,2010,open_pit,tanzania,55931,2024-04-28,breakdown,tires,front_left,major,22.9,38363.95,2833.0,corrective,False,6,True,False,False
EQP-D5921EDA,UNIT-3605,drill_rig,Caterpillar,2013,open_pit,zambia,45006,2024-06-18,condition_based,compressor,general_component,routine,1.8,4736.28,64.0,predictive,False,28,False,False,False
EQP-B722A698,UNIT-7836,pump,Weir,2008,open_pit,zambia,63452,2024-09-13,condition_based,motor,general_component,routine,1.8,1369.87,97.0,predictive,False,1,False,False,False
EQP-6358234E,UNIT-2377,drill_rig,Sandvik,2021,open_pit,south_africa,12107,2024-06-30,condition_based,hydraulics,pump,minor,8.3,17227.48,270.0,predictive,False,13,True,False,False
EQP-9307ECF4,UNIT-3075,drill_rig,Caterpillar,2010,underground,south_africa,55067,2021-04-27,breakdown,hydraulics,valve,minor,4.0,5363.77,108.0,corrective,False,11,True,False,True
EQP-CA888707,UNIT-3249,conveyor,FLSmidth,2013,open_pit,tanzania,43185,2022-09-30,scheduled_maintenance,preventive,adjustment,routine,1.3,1002.62,530.0,preventive,True,117,False,False,False
EQP-53407E27,UNIT-9151,haul_truck,Hitachi,2012,underground,drc,47775,2020-11-07,breakdown,hydraulics,hose,minor,10.2,18353.84,1275.0,corrective,False,62,True,False,False
EQP-D5D3DDFA,UNIT-9499,haul_truck,Hitachi,2011,underground,botswana,50671,2023-05-12,condition_based,tires,front_left,minor,4.1,19565.14,583.0,predictive,False,99,False,False,False
EQP-9A4DBDD1,UNIT-5501,crusher,Sandvik,2013,underground,drc,44159,2022-06-17,scheduled_maintenance,preventive,oil_change,routine,9.3,7859.67,1794.0,preventive,True,117,False,False,False
EQP-8F6B9FF0,UNIT-2407,excavator,Hitachi,2019,processing_plant,south_africa,19697,2024-05-01,scheduled_maintenance,preventive,inspection,routine,3.9,4698.29,459.0,preventive,True,99,False,False,False
EQP-FDD34158,UNIT-7804,excavator,Hitachi,2022,open_pit,zimbabwe,8234,2024-06-09,scheduled_maintenance,preventive,adjustment,routine,4.3,5602.97,634.0,preventive,True,104,False,False,False
EQP-DD7296AD,UNIT-5428,haul_truck,Caterpillar,2011,underground,zimbabwe,50686,2021-07-26,breakdown,hydraulics,hose,minor,7.3,15734.39,993.0,corrective,False,60,True,False,True
EQP-5F4795B9,UNIT-8646,loader,Volvo,2011,open_pit,south_africa,52701,2021-07-22,scheduled_maintenance,preventive,inspection,routine,2.6,1392.24,204.0,preventive,True,166,False,False,False
EQP-2C84C334,UNIT-4239,haul_truck,Caterpillar,2015,underground,zimbabwe,37697,2020-02-27,condition_based,engine,turbo,routine,2.4,5656.48,350.0,predictive,False,88,False,False,True
EQP-438831A2,UNIT-9988,loader,Caterpillar,2013,underground,south_africa,45486,2022-06-28,breakdown,hydraulics,valve,major,27.9,51766.72,1519.0,corrective,False,16,False,False,True
EQP-F938B0C2,UNIT-8262,excavator,Liebherr,2020,open_pit,ghana,17903,2021-11-23,scheduled_maintenance,preventive,inspection,minor,13.3,19337.47,2287.0,preventive,True,83,False,False,False
EQP-22657087,UNIT-3015,conveyor,ThyssenKrupp,2011,open_pit,south_africa,52042,2024-11-26,overhaul,motor,general_component,major,8.9,24488.87,3700.0,major_overhaul,True,75,False,True,False
EQP-28B6C575,UNIT-7529,haul_truck,Caterpillar,2014,underground,zambia,39647,2024-01-11,breakdown,electrical,battery,minor,9.6,29705.68,895.0,corrective,False,17,False,False,True
EQP-A40C0B2F,UNIT-3581,haul_truck,Hitachi,2016,underground,zimbabwe,32487,2022-03-31,breakdown,transmission,clutch,minor,5.5,20292.77,498.0,corrective,False,10,False,True,False
EQP-3BDBBCF0,UNIT-4147,conveyor,FLSmidth,2014,underground,south_africa,39761,2022-10-19,condition_based,pulley,general_component,routine,0.9,2088.18,311.0,predictive,False,94,False,False,False
EQP-615A25B0,UNIT-3253,crusher,Sandvik,2017,open_pit,tanzania,26259,2023-02-04,scheduled_maintenance,preventive,adjustment,routine,8.7,9546.4,1726.0,preventive,True,96,True,False,False
EQP-4655DD60,UNIT-7139,haul_truck,Belaz,2020,underground,zimbabwe,16819,2024-06-13,overhaul,transmission,torque_converter,major,12.1,41749.5,1211.0,major_overhaul,True,68,False,False,False
EQP-50801C1A,UNIT-3365,drill_rig,Sandvik,2016,underground,drc,31765,2024-11-27,breakdown,compressor,general_component,major,10.3,22100.73,443.0,corrective,False,138,False,True,False
EQP-39D369AC,UNIT-6748,drill_rig,Caterpillar,2015,open_pit,south_africa,34532,2022-01-22,inspection,preventive,oil_change,routine,2.5,2377.73,68.0,preventive,True,1,False,True,False
EQP-3E52F763,UNIT-6241,haul_truck,Komatsu,2023,underground,ghana,3491,2021-10-23,scheduled_maintenance,preventive,oil_change,routine,3.8,2612.23,498.0,preventive,True,104,False,False,False
EQP-65926A12,UNIT-7756,conveyor,Metso,2023,underground,south_africa,3788,2023-07-07,breakdown,motor,general_component,major,7.7,23834.31,2886.0,corrective,False,48,False,True,True
EQP-1F16DFBE,UNIT-9940,haul_truck,Komatsu,2023,processing_plant,botswana,4011,2021-05-06,scheduled_maintenance,preventive,filter_replace,minor,7.1,29352.86,625.0,preventive,True,65,False,False,False
EQP-669A6E5C,UNIT-1079,drill_rig,Sandvik,2008,open_pit,tanzania,64023,2020-09-09,scheduled_maintenance,preventive,filter_replace,routine,2.4,3126.9,100.0,preventive,True,4,False,False,False
EQP-394A3257,UNIT-9911,haul_truck,Hitachi,2021,open_pit,south_africa,13369,2021-05-23,breakdown,transmission,clutch,minor,10.4,20172.0,1072.0,corrective,False,25,False,False,False
EQP-BA9BA7CE,UNIT-1984,drill_rig,Epiroc,2022,processing_plant,drc,6711,2021-07-23,breakdown,rotation,general_component,minor,4.6,18957.25,130.0,corrective,False,130,True,False,False
EQP-265BAF68,UNIT-5740,excavator,Hitachi,2020,processing_plant,ghana,15847,2023-01-15,breakdown,engine,turbo,minor,15.9,32423.6,2525.0,corrective,False,24,True,False,False
EQP-C75646A1,UNIT-4067,drill_rig,Sandvik,2019,open_pit,south_africa,19121,2023-08-17,scheduled_maintenance,preventive,oil_change,routine,3.0,1647.96,99.0,preventive,True,15,False,True,False
EQP-9E50241E,UNIT-6750,drill_rig,Caterpillar,2013,processing_plant,ghana,45256,2020-10-19,breakdown,drill_string,general_component,major,9.8,48558.74,314.0,corrective,False,94,False,False,False
EQP-52E78C7A,UNIT-7494,grader,Caterpillar,2019,open_pit,south_africa,19438,2020-03-21,breakdown,transmission,driveshaft,minor,5.8,10856.21,86.0,corrective,False,49,True,False,True
EQP-5E9EFABD,UNIT-8738,drill_rig,Sandvik,2017,processing_plant,south_africa,27656,2020-10-23,scheduled_maintenance,preventive,oil_change,routine,2.5,1082.65,95.0,preventive,True,2,False,False,False
EQP-766F058A,UNIT-4617,loader,Komatsu,2021,open_pit,ghana,13049,2024-06-28,condition_based,tires,rear_left,minor,5.4,9531.91,460.0,predictive,False,21,False,False,False
EQP-A073CB50,UNIT-9395,haul_truck,Hitachi,2013,open_pit,drc,45324,2021-04-13,overhaul,hydraulics,cylinder,major,15.4,65857.39,1723.0,major_overhaul,True,65,False,False,True
EQP-FC678A33,UNIT-3901,excavator,Komatsu,2019,processing_plant,drc,21472,2022-08-08,breakdown,undercarriage,general_component,major,33.2,47665.95,5091.0,corrective,False,38,False,True,False
EQP-E013CD7F,UNIT-2834,haul_truck,Belaz,2020,open_pit,drc,14356,2022-08-31,overhaul,brakes,general_component,major,20.2,68308.47,2379.0,major_overhaul,True,19,False,False,False
EQP-A63E83E0,UNIT-4411,drill_rig,Caterpillar,2021,processing_plant,ghana,12482,2021-05-15,condition_based,hydraulics,filter,routine,2.4,4145.3,116.0,predictive,False,110,False,False,True
EQP-7207804B,UNIT-5756,crusher,FLSmidth,2010,open_pit,drc,56270,2024-02-28,inspection,preventive,filter_replace,minor,26.7,16586.55,4411.0,preventive,True,74,False,False,False
EQP-46D3AB4B,UNIT-7012,loader,Caterpillar,2021,open_pit,drc,11948,2020-04-27,scheduled_maintenance,preventive,inspection,routine,3.5,2789.02,291.0,preventive,True,89,False,False,False
EQP-AB298764,UNIT-8494,conveyor,ThyssenKrupp,2011,processing_plant,botswana,52066,2022-08-10,scheduled_maintenance,preventive,filter_replace,routine,1.7,1513.76,441.0,preventive,True,66,False,False,False
EQP-5119CD9D,UNIT-3023,crusher,Metso,2022,underground,south_africa,9285,2022-01-14,condition_based,bearing,general_component,routine,11.0,3912.3,2078.0,predictive,False,24,True,True,True
EQP-8CA9FB41,UNIT-3728,haul_truck,Belaz,2008,processing_plant,zambia,65038,2023-11-09,scheduled_maintenance,preventive,adjustment,minor,10.4,20541.32,1397.0,preventive,True,86,False,False,False
EQP-509EA93C,UNIT-9447,haul_truck,Belaz,2011,processing_plant,south_africa,52896,2020-12-21,inspection,preventive,inspection,routine,2.8,7381.56,286.0,preventive,True,22,False,True,True
EQP-2012ED1F,UNIT-4957,loader,Caterpillar,2017,open_pit,ghana,28206,2024-09-19,inspection,preventive,inspection,routine,4.3,4080.67,221.0,preventive,True,169,True,False,False
EQP-9D249033,UNIT-3173,haul_truck,Caterpillar,2016,open_pit,drc,34270,2023-11-27,scheduled_maintenance,preventive,filter_replace,routine,3.4,4462.3,386.0,preventive,True,144,False,False,True
EQP-3C7550BE,UNIT-9869,haul_truck,Hitachi,2019,open_pit,zimbabwe,19599,2023-08-25,scheduled_maintenance,preventive,filter_replace,minor,7.6,27004.1,820.0,preventive,True,9,False,False,True
EQP-5DC08F61,UNIT-5040,grader,Caterpillar,2014,underground,botswana,38384,2022-06-09,scheduled_maintenance,preventive,filter_replace,routine,2.4,3884.7,46.0,preventive,True,20,False,False,False
EQP-E8F3529D,UNIT-9864,pump,KSB,2008,open_pit,drc,63734,2023-03-03,condition_based,casing,general_component,routine,1.3,1841.9,126.0,predictive,False,38,True,True,False
EQP-52754C25,UNIT-9272,conveyor,FLSmidth,2017,open_pit,ghana,28057,2021-01-08,condition_based,motor,general_component,routine,1.4,573.91,448.0,predictive,False,75,False,True,True
EQP-E379FE70,UNIT-9154,excavator,Hitachi,2016,processing_plant,tanzania,33303,2020-01-15,condition_based,undercarriage,general_component,routine,2.9,2797.02,528.0,predictive,False,23,False,False,False
EQP-C501C4AC,UNIT-6235,loader,Volvo,2016,open_pit,south_africa,31489,2023-09-04,breakdown,engine,oil_pump,minor,7.2,17078.26,545.0,corrective,False,39,True,False,False
EQP-19C6B686,UNIT-8185,haul_truck,Caterpillar,2014,underground,drc,40491,2022-03-18,overhaul,electrical,alternator,major,13.2,40201.47,1525.0,major_overhaul,True,17,False,False,False
EQP-A1AD04A8,UNIT-9644,drill_rig,Epiroc,2022,open_pit,tanzania,6522,2021-09-26,scheduled_maintenance,preventive,filter_replace,routine,1.3,3084.2,36.0,preventive,True,13,False,False,False
EQP-E030224A,UNIT-3421,excavator,Liebherr,2020,open_pit,drc,17081,2021-04-27,breakdown,undercarriage,general_component,major,28.2,90310.51,5179.0,corrective,False,104,False,False,False
EQP-BA68305A,UNIT-1339,grader,Caterpillar,2010,open_pit,zambia,56068,2023-01-21,breakdown,tires,front_right,major,20.4,38522.93,328.0,corrective,False,13,False,False,False
EQP-013BE017,UNIT-3887,grader,Caterpillar,2008,open_pit,south_africa,63719,2022-07-11,breakdown,hydraulics,filter,critical,58.4,80032.5,1142.0,corrective,False,9,True,False,True
EQP-0373F3EE,UNIT-6731,crusher,Metso,2010,underground,south_africa,58131,2023-04-30,scheduled_maintenance,preventive,filter_replace,minor,29.4,53191.89,7863.0,preventive,True,35,False,True,False
EQP-92432A20,UNIT-5924,haul_truck,Komatsu,2008,open_pit,botswana,65069,2024-09-07,breakdown,engine,cooling_system,major,16.9,52680.09,1859.0,corrective,False,33,False,False,True
EQP-1FFD91C7,UNIT-1725,drill_rig,Sandvik,2019,processing_plant,south_africa,18960,2024-02-12,breakdown,compressor,general_component,minor,7.8,14878.92,362.0,corrective,False,71,True,False,False
EQP-18690F89,UNIT-6046,haul_truck,Caterpillar,2017,processing_plant,ghana,27890,2021-07-30,breakdown,electrical,wiring,major,21.0,35644.52,2076.0,corrective,False,3,False,False,False
EQP-47BC95FC,UNIT-2569,grader,Komatsu,2015,open_pit,drc,38736,2021-03-11,breakdown,hydraulics,pump,major,20.5,17520.48,382.0,corrective,False,89,False,True,False
EQP-4F232B22,UNIT-5549,haul_truck,Komatsu,2017,processing_plant,ghana,29978,2020-10-16,overhaul,brakes,general_component,major,21.2,65118.15,1774.0,major_overhaul,True,76,False,False,False
EQP-513EAFD6,UNIT-6180,haul_truck,Komatsu,2020,processing_plant,south_africa,16922,2022-10-21,scheduled_maintenance,preventive,inspection,routine,2.2,5090.7,221.0,preventive,True,44,False,False,True
EQP-244CD30F,UNIT-6729,crusher,Sandvik,2021,open_pit,south_africa,10152,2024-01-26,breakdown,hydraulics,filter,major,56.5,134149.77,15833.0,corrective,False,35,False,False,True
EQP-9ECAEB7F,UNIT-4712,drill_rig,Caterpillar,2014,processing_plant,drc,41332,2021-03-31,scheduled_maintenance,preventive,adjustment,minor,7.6,6736.75,195.0,preventive,True,83,False,False,False
EQP-6C4B69C0,UNIT-4674,loader,Komatsu,2017,open_pit,drc,27364,2024-11-18,scheduled_maintenance,preventive,oil_change,minor,6.0,9093.79,561.0,preventive,True,24,False,False,False
EQP-734DC565,UNIT-7106,haul_truck,Komatsu,2017,underground,tanzania,29323,2022-02-11,scheduled_maintenance,preventive,filter_replace,routine,2.2,1877.93,172.0,preventive,True,200,False,False,False
EQP-F0E1D4F9,UNIT-7741,loader,Volvo,2023,open_pit,ghana,3277,2023-11-05,scheduled_maintenance,preventive,inspection,routine,3.5,4320.61,290.0,preventive,True,71,False,False,False
EQP-545CA277,UNIT-8268,haul_truck,Caterpillar,2020,processing_plant,botswana,16488,2021-06-20,condition_based,tires,front_right,routine,2.6,5193.49,319.0,predictive,False,78,False,False,False
EQP-B944677A,UNIT-4001,haul_truck,Komatsu,2013,processing_plant,ghana,43359,2020-09-06,breakdown,electrical,battery,minor,11.3,17074.96,896.0,corrective,False,26,False,False,False
EQP-4EC4D4F6,UNIT-4816,drill_rig,Caterpillar,2022,processing_plant,ghana,7636,2022-07-11,breakdown,hydraulics,valve,major,15.8,24058.58,726.0,corrective,False,1,False,False,False
EQP-F49AA7BC,UNIT-3975,haul_truck,Hitachi,2014,processing_plant,botswana,40622,2022-09-18,overhaul,brakes,general_component,major,12.5,31073.24,1018.0,major_overhaul,True,158,True,False,False
EQP-BCA8F411,UNIT-5747,conveyor,ThyssenKrupp,2020,open_pit,tanzania,14681,2022-05-10,scheduled_maintenance,preventive,oil_change,routine,1.4,1017.94,648.0,preventive,True,37,True,False,False
EQP-A34880A8,UNIT-2144,haul_truck,Belaz,2023,underground,ghana,6372,2021-12-30,breakdown,engine,turbo,major,21.2,30126.28,3153.0,corrective,False,22,False,False,False
EQP-E1D170C4,UNIT-4870,haul_truck,Komatsu,2020,open_pit,ghana,14972,2023-03-15,breakdown,transmission,clutch,critical,61.5,288470.7,7713.0,corrective,False,74,True,False,True
EQP-5D444B35,UNIT-2698,crusher,FLSmidth,2009,open_pit,tanzania,58916,2023-02-14,condition_based,bearing,general_component,minor,24.9,22658.95,7210.0,predictive,False,2,False,True,False
EQP-B9B2EF1B,UNIT-5791,haul_truck,Caterpillar,2011,open_pit,south_africa,52625,2020-09-29,breakdown,brakes,general_component,major,13.0,41947.09,1585.0,corrective,False,114,False,False,False
EQP-8FF1B1A9,UNIT-8653,crusher,Metso,2020,processing_plant,ghana,17291,2023-04-18,scheduled_maintenance,preventive,filter_replace,minor,34.0,50935.81,10103.0,preventive,True,98,True,False,False
EQP-45C41BD3,UNIT-9867,loader,Volvo,2009,underground,drc,59676,2021-08-21,scheduled_maintenance,preventive,adjustment,routine,3.2,5975.78,287.0,preventive,True,146,True,False,False
EQP-13F62DBF,UNIT-5016,haul_truck,Caterpillar,2008,open_pit,tanzania,62928,2023-12-23,breakdown,transmission,clutch,critical,32.1,214623.21,4043.0,corrective,False,12,True,False,False
EQP-6CF0E781,UNIT-1506,loader,Komatsu,2012,processing_plant,zambia,47077,2022-06-14,scheduled_maintenance,preventive,filter_replace,routine,2.3,2415.94,229.0,preventive,True,20,False,False,False
EQP-56FF03A9,UNIT-3050,excavator,Hitachi,2015,processing_plant,drc,34969,2021-03-08,breakdown,undercarriage,general_component,major,32.1,67174.89,4763.0,corrective,False,13,False,False,False
EQP-D3B1CBB2,UNIT-1943,excavator,Komatsu,2010,open_pit,botswana,56308,2020-11-20,scheduled_maintenance,preventive,oil_change,routine,4.6,2477.2,682.0,preventive,True,22,False,False,False
EQP-649741E3,UNIT-7833,haul_truck,Belaz,2010,open_pit,south_africa,55930,2024-10-02,breakdown,hydraulics,valve,major,15.0,34905.6,2083.0,corrective,False,62,False,False,True
EQP-DBD0645D,UNIT-9861,loader,Caterpillar,2013,underground,tanzania,44425,2023-07-17,overhaul,tires,rear_right,major,23.0,49545.36,1925.0,major_overhaul,True,43,False,False,False
EQP-8B3F8D20,UNIT-5985,conveyor,FLSmidth,2017,underground,south_africa,28364,2021-01-21,scheduled_maintenance,preventive,adjustment,routine,1.9,2158.97,544.0,preventive,True,17,False,False,False
EQP-42AF6521,UNIT-2591,drill_rig,Sandvik,2016,open_pit,zimbabwe,32824,2022-06-22,breakdown,compressor,general_component,major,13.4,28104.16,438.0,corrective,False,42,False,False,False
EQP-32CCC548,UNIT-1190,pump,Weir,2020,underground,drc,15590,2020-08-11,breakdown,bearing,general_component,major,8.3,16860.72,658.0,corrective,False,148,False,True,False
EQP-B1FF5EC7,UNIT-9783,excavator,Caterpillar,2023,open_pit,ghana,3261,2024-02-10,condition_based,electrical,sensors,minor,9.7,29211.1,986.0,predictive,False,11,False,True,False
EQP-EB66B53A,UNIT-3846,grader,Komatsu,2008,underground,drc,64156,2024-01-31,condition_based,tires,front_right,routine,2.0,2430.94,30.0,predictive,False,8,False,False,False
EQP-DEF65561,UNIT-2007,crusher,Metso,2019,open_pit,tanzania,19945,2023-12-16,scheduled_maintenance,preventive,filter_replace,routine,11.4,6471.13,2110.0,preventive,True,145,False,False,False
EQP-8639BE35,UNIT-2592,grader,Komatsu,2010,open_pit,drc,56252,2022-04-13,breakdown,blade,general_component,major,14.1,39645.36,174.0,corrective,False,89,False,False,False
EQP-97F0BB36,UNIT-3297,grader,John Deere,2013,open_pit,south_africa,43288,2020-10-25,scheduled_maintenance,preventive,oil_change,minor,4.4,6975.58,83.0,preventive,True,17,False,False,False
EQP-59F957C2,UNIT-6902,pump,Metso,2013,underground,south_africa,44642,2022-06-01,breakdown,bearing,general_component,major,6.9,10504.1,442.0,corrective,False,125,False,True,True
EQP-EECBD20C,UNIT-9025,haul_truck,Belaz,2019,open_pit,zambia,18821,2022-07-07,breakdown,transmission,driveshaft,major,14.2,34947.48,2022.0,corrective,False,131,True,False,False
EQP-7773172E,UNIT-3475,loader,Volvo,2012,open_pit,zimbabwe,47559,2021-07-27,scheduled_maintenance,preventive,adjustment,minor,9.2,17861.88,706.0,preventive,True,11,False,False,False
EQP-2158FEC8,UNIT-7184,loader,Caterpillar,2022,open_pit,drc,9129,2021-11-11,condition_based,hydraulics,cylinder,routine,4.7,5525.78,453.0,predictive,False,1,True,True,False
EQP-8702AA61,UNIT-1584,crusher,FLSmidth,2014,processing_plant,south_africa,38868,2020-03-24,scheduled_maintenance,preventive,inspection,routine,5.8,4609.94,1504.0,preventive,True,177,False,False,False
EQP-46342683,UNIT-1090,excavator,Liebherr,2021,open_pit,zimbabwe,13050,2022-07-30,breakdown,electrical,alternator,major,20.6,46265.12,2913.0,corrective,False,86,False,False,False
EQP-40C49821,UNIT-1494,pump,KSB,2023,open_pit,ghana,2590,2020-12-14,breakdown,seal,general_component,major,8.6,18853.09,445.0,corrective,False,39,False,False,False
EQP-48B522F2,UNIT-9307,haul_truck,Caterpillar,2016,open_pit,south_africa,30414,2024-02-22,scheduled_maintenance,preventive,inspection,routine,3.8,5463.31,539.0,preventive,True,63,False,False,False
EQP-29ECAB5C,UNIT-6234,drill_rig,Epiroc,2009,underground,drc,58506,2023-10-02,scheduled_maintenance,preventive,oil_change,routine,2.9,4876.09,124.0,preventive,True,22,False,False,False
EQP-3E329C24,UNIT-8245,conveyor,FLSmidth,2019,open_pit,drc,20116,2022-12-22,condition_based,gearbox,general_component,routine,1.9,1920.59,539.0,predictive,False,289,True,True,False
EQP-ECF31C47,UNIT-1195,haul_truck,Hitachi,2014,open_pit,botswana,40729,2021-02-07,scheduled_maintenance,preventive,filter_replace,minor,5.0,24863.37,726.0,preventive,True,59,False,False,False
EQP-A2D2F7CF,UNIT-1200,crusher,Sandvik,2013,processing_plant,zambia,45292,2023-04-17,scheduled_maintenance,preventive,filter_replace,routine,9.9,8540.64,2211.0,preventive,True,7,False,False,False
EQP-83C00DF1,UNIT-8638,haul_truck,Hitachi,2015,underground,south_africa,37212,2024-11-21,scheduled_maintenance,preventive,adjustment,routine,3.2,2929.87,247.0,preventive,True,1,False,False,False
EQP-77CFE22B,UNIT-1923,crusher,Sandvik,2012,underground,tanzania,48862,2023-02-09,overhaul,shaft,general_component,major,37.1,111222.65,7212.0,major_overhaul,True,4,False,True,False
EQP-E798AD78,UNIT-2398,loader,Komatsu,2012,open_pit,ghana,47168,2023-11-16,inspection,preventive,filter_replace,minor,11.7,12447.85,1088.0,preventive,True,24,False,False,False
EQP-AD31C5FA,UNIT-5669,excavator,Liebherr,2023,processing_plant,botswana,3159,2024-06-08,scheduled_maintenance,preventive,oil_change,routine,4.9,5757.8,695.0,preventive,True,73,False,False,False
EQP-0876640B,UNIT-6458,crusher,FLSmidth,2012,processing_plant,ghana,48787,2024-03-07,condition_based,liner,general_component,minor,27.8,38205.8,7538.0,predictive,False,41,False,False,False
EQP-F55F7546,UNIT-3059,haul_truck,Komatsu,2015,underground,botswana,37421,2020-10-18,breakdown,hydraulics,pump,major,14.6,31195.68,1536.0,corrective,False,12,False,False,True
EQP-2A6FC96D,UNIT-5001,loader,Komatsu,2019,underground,tanzania,18968,2024-04-20,breakdown,hydraulics,pump,minor,8.3,16953.73,471.0,corrective,False,36,True,False,False
EQP-A1363336,UNIT-7073,pump,KSB,2011,processing_plant,tanzania,53293,2023-10-09,scheduled_maintenance,preventive,oil_change,routine,1.5,973.66,90.0,preventive,True,193,False,False,False
EQP-83BCB9E2,UNIT-4985,haul_truck,Komatsu,2017,processing_plant,south_africa,26079,2023-07-18,condition_based,tires,front_right,minor,5.1,25772.35,720.0,predictive,False,139,False,False,False
EQP-A2A8D897,UNIT-4443,crusher,FLSmidth,2022,open_pit,tanzania,8389,2021-02-14,overhaul,shaft,general_component,major,41.7,65067.03,7389.0,major_overhaul,True,18,False,False,False
EQP-2BD1D25C,UNIT-1646,drill_rig,Sandvik,2021,processing_plant,zimbabwe,11896,2022-04-19,condition_based,rotation,general_component,routine,2.5,3224.76,121.0,predictive,False,10,False,True,False
EQP-9501DA4B,UNIT-5066,conveyor,FLSmidth,2008,underground,ghana,63795,2024-06-15,condition_based,pulley,general_component,routine,1.0,1220.04,322.0,predictive,False,218,False,False,False
EQP-61CD4FCD,UNIT-8223,crusher,FLSmidth,2014,underground,drc,40031,2024-07-08,breakdown,motor,general_component,minor,12.4,19198.33,3667.0,corrective,False,10,False,False,True
EQP-77D09154,UNIT-6640,drill_rig,Caterpillar,2008,open_pit,zambia,63146,2020-07-26,overhaul,hydraulics,pump,major,10.7,32410.84,293.0,major_overhaul,True,47,False,False,True
EQP-3E111760,UNIT-9036,conveyor,FLSmidth,2017,open_pit,botswana,28446,2022-02-06,breakdown,pulley,general_component,major,6.5,16139.07,2516.0,corrective,False,219,False,False,False
EQP-68900A66,UNIT-2135,haul_truck,Hitachi,2013,processing_plant,tanzania,44060,2022-12-26,overhaul,electrical,sensors,major,15.4,63898.85,1196.0,major_overhaul,True,17,False,True,False
EQP-D43A7E38,UNIT-1099,excavator,Komatsu,2022,underground,drc,8935,2020-06-21,breakdown,engine,turbo,critical,99.9,145605.97,12553.0,corrective,False,3,True,False,True
EQP-F62D9239,UNIT-5932,grader,Komatsu,2010,open_pit,zambia,57590,2021-03-18,breakdown,hydraulics,cylinder,minor,10.3,13964.58,191.0,corrective,False,69,False,False,True
EQP-128C36DE,UNIT-2607,haul_truck,Komatsu,2021,underground,south_africa,12126,2022-12-09,scheduled_maintenance,preventive,inspection,routine,1.8,1787.44,160.0,preventive,True,56,False,False,False
EQP-18EFC407,UNIT-6345,conveyor,Metso,2013,open_pit,drc,43181,2023-03-27,breakdown,belt,general_component,major,9.4,17735.61,4445.0,corrective,False,24,False,False,False
EQP-EB8D438D,UNIT-9134,haul_truck,Caterpillar,2022,open_pit,tanzania,6862,2020-07-09,breakdown,engine,turbo,minor,4.7,22102.59,560.0,corrective,False,209,False,False,False
EQP-A59B7AE8,UNIT-4033,loader,Komatsu,2011,underground,zambia,53698,2022-02-01,condition_based,tires,rear_left,minor,6.9,6258.18,596.0,predictive,False,8,False,False,False
EQP-896FA053,UNIT-5944,conveyor,ThyssenKrupp,2012,underground,tanzania,49570,2023-03-25,condition_based,motor,general_component,routine,1.7,638.26,578.0,predictive,False,39,False,False,True
EQP-6DBE4696,UNIT-7134,drill_rig,Epiroc,2013,open_pit,drc,44887,2024-11-17,breakdown,rotation,general_component,minor,8.8,9102.55,437.0,corrective,False,21,False,False,False
EQP-8A2BCCD2,UNIT-2350,haul_truck,Belaz,2023,open_pit,ghana,4059,2024-11-30,scheduled_maintenance,preventive,inspection,routine,2.3,3788.71,315.0,preventive,True,20,False,True,False
EQP-54A486D9,UNIT-9075,drill_rig,Caterpillar,2019,open_pit,zimbabwe,20815,2021-07-13,scheduled_maintenance,preventive,adjustment,routine,2.6,2386.04,124.0,preventive,True,3,True,False,False
EQP-7CF7ED6E,UNIT-2824,pump,Metso,2021,underground,south_africa,13304,2023-04-30,breakdown,casing,general_component,minor,3.4,7827.87,195.0,corrective,False,70,True,False,True
EQP-BB467B9B,UNIT-8273,drill_rig,Caterpillar,2016,processing_plant,botswana,31382,2022-09-21,scheduled_maintenance,preventive,inspection,routine,2.6,1667.77,82.0,preventive,True,2,False,False,False
EQP-3849A736,UNIT-6939,drill_rig,Epiroc,2020,underground,botswana,16029,2021-01-13,scheduled_maintenance,preventive,filter_replace,minor,6.4,18361.03,295.0,preventive,True,14,False,False,False
EQP-D2D9077D,UNIT-2268,loader,Komatsu,2018,underground,tanzania,22893,2022-07-02,inspection,preventive,oil_change,routine,3.6,5733.97,301.0,preventive,True,102,False,False,True
EQP-76A2E305,UNIT-7522,excavator,Hitachi,2018,open_pit,tanzania,23870,2020-09-05,scheduled_maintenance,preventive,oil_change,routine,5.3,3404.74,734.0,preventive,True,65,False,False,False
EQP-2460F93C,UNIT-2768,drill_rig,Epiroc,2021,open_pit,drc,13544,2020-08-04,condition_based,compressor,general_component,routine,2.5,4034.35,92.0,predictive,False,67,False,False,False
EQP-3A1A3050,UNIT-6394,excavator,Hitachi,2023,processing_plant,drc,5078,2021-10-03,scheduled_maintenance,preventive,inspection,routine,5.9,9985.51,849.0,preventive,True,2,False,False,False
EQP-34515BC6,UNIT-9636,haul_truck,Komatsu,2017,underground,tanzania,28135,2021-04-15,condition_based,transmission,clutch,minor,6.9,13076.7,806.0,predictive,False,46,True,False,False
EQP-C797F574,UNIT-9577,crusher,FLSmidth,2015,open_pit,ghana,33306,2020-09-19,condition_based,liner,general_component,routine,11.7,9032.83,2613.0,predictive,False,58,False,False,False
EQP-B4DCB944,UNIT-8840,grader,Caterpillar,2018,underground,tanzania,23344,2020-04-03,scheduled_maintenance,preventive,filter_replace,routine,3.6,3228.27,52.0,preventive,True,129,False,False,False
EQP-0C98258E,UNIT-5446,grader,Caterpillar,2019,underground,south_africa,20102,2022-10-22,breakdown,hydraulics,pump,major,17.9,33634.64,238.0,corrective,False,45,True,False,True
EQP-7722A705,UNIT-6035,grader,John Deere,2023,open_pit,tanzania,3784,2020-01-11,inspection,preventive,filter_replace,routine,2.8,3466.13,41.0,preventive,True,172,False,False,False
EQP-8BDDFE87,UNIT-3702,drill_rig,Sandvik,2019,open_pit,drc,20032,2023-11-10,scheduled_maintenance,preventive,adjustment,minor,8.4,10223.6,247.0,preventive,True,63,False,False,False
EQP-ED3BCA74,UNIT-9287,excavator,Komatsu,2023,underground,tanzania,4242,2020-05-11,scheduled_maintenance,preventive,oil_change,routine,4.5,2965.28,536.0,preventive,True,48,False,False,False
EQP-DF35C8A4,UNIT-5294,conveyor,FLSmidth,2019,open_pit,drc,19466,2023-03-30,scheduled_maintenance,preventive,adjustment,routine,1.2,1852.84,506.0,preventive,True,1,True,False,False
EQP-B92C8C99,UNIT-7943,pump,Metso,2023,open_pit,zambia,3992,2020-09-24,breakdown,bearing,general_component,major,6.2,12074.74,609.0,corrective,False,105,False,False,True
EQP-469B2E2A,UNIT-4236,crusher,Metso,2020,processing_plant,botswana,15850,2023-01-15,scheduled_maintenance,preventive,adjustment,routine,7.0,10752.78,1273.0,preventive,True,3,False,False,False
EQP-A21C9CB6,UNIT-7663,drill_rig,Sandvik,2022,processing_plant,drc,7296,2020-09-13,scheduled_maintenance,preventive,adjustment,routine,1.6,2893.68,77.0,preventive,True,4,False,False,False
EQP-8F43A3F0,UNIT-3019,crusher,Sandvik,2011,open_pit,south_africa,53846,2022-02-23,scheduled_maintenance,preventive,inspection,minor,15.1,35637.33,3682.0,preventive,True,18,False,True,True
EQP-23B12B4A,UNIT-7603,loader,Volvo,2023,open_pit,south_africa,3523,2023-04-02,breakdown,tires,front_left,major,25.1,55734.41,2451.0,corrective,False,55,False,False,False
EQP-223F95B5,UNIT-1413,grader,Komatsu,2013,open_pit,zambia,41745,2020-11-06,condition_based,electrical,starter,routine,2.5,2849.47,35.0,predictive,False,46,False,False,False
EQP-6B83F961,UNIT-1943,loader,Komatsu,2020,open_pit,zambia,17783,2020-08-26,scheduled_maintenance,preventive,adjustment,routine,2.3,4197.63,194.0,preventive,True,27,False,False,False
EQP-5A0E8C9B,UNIT-4169,drill_rig,Sandvik,2014,processing_plant,zambia,39153,2023-02-22,condition_based,rotation,general_component,routine,1.8,4883.41,69.0,predictive,False,21,False,True,False
EQP-EAD93034,UNIT-5337,excavator,Caterpillar,2015,underground,south_africa,36899,2023-02-27,breakdown,electrical,alternator,minor,7.7,18092.33,1523.0,corrective,False,41,False,False,False
EQP-E7D0EAD2,UNIT-7401,drill_rig,Epiroc,2019,open_pit,south_africa,19319,2022-01-24,scheduled_maintenance,preventive,filter_replace,routine,2.3,3754.06,61.0,preventive,True,18,False,False,False
EQP-FDCF1AB5,UNIT-4231,excavator,Caterpillar,2016,underground,tanzania,32569,2020-08-08,breakdown,undercarriage,general_component,major,25.7,61331.42,2721.0,corrective,False,56,True,False,False
EQP-5A7EDF94,UNIT-1165,pump,KSB,2019,open_pit,zimbabwe,19951,2021-07-03,condition_based,seal,general_component,minor,5.7,5593.53,531.0,predictive,False,64,False,False,False
EQP-B5E70CD8,UNIT-3928,drill_rig,Epiroc,2009,underground,south_africa,61000,2021-01-26,scheduled_maintenance,preventive,oil_change,routine,2.3,4268.44,61.0,preventive,True,62,True,False,False
EQP-B1655880,UNIT-4952,drill_rig,Caterpillar,2021,processing_plant,south_africa,11786,2023-04-01,scheduled_maintenance,preventive,oil_change,routine,2.6,4691.14,124.0,preventive,True,83,False,False,False
EQP-14485B4E,UNIT-5892,excavator,Komatsu,2014,open_pit,south_africa,39344,2021-06-24,overhaul,engine,head_gasket,major,24.0,65626.1,2626.0,major_overhaul,True,42,False,False,True
EQP-C3FEA600,UNIT-6795,conveyor,FLSmidth,2020,open_pit,tanzania,16257,2021-11-12,scheduled_maintenance,preventive,filter_replace,minor,5.0,8740.68,1391.0,preventive,True,88,False,False,False
EQP-0EB08ECF,UNIT-3228,conveyor,ThyssenKrupp,2012,processing_plant,zimbabwe,47617,2021-04-15,scheduled_maintenance,preventive,inspection,routine,1.7,1170.13,566.0,preventive,True,127,True,False,False
EQP-1951B1C2,UNIT-6493,haul_truck,Caterpillar,2017,open_pit,zambia,26070,2020-10-29,condition_based,hydraulics,filter,routine,4.0,5466.16,518.0,predictive,False,31,False,False,True
EQP-ED4A10D5,UNIT-6683,grader,Komatsu,2017,open_pit,zambia,27398,2024-01-01,scheduled_maintenance,preventive,oil_change,routine,3.2,3608.43,50.0,preventive,True,1,False,False,False
EQP-41C3C7FE,UNIT-7989,excavator,Hitachi,2010,open_pit,tanzania,58868,2022-05-20,condition_based,bucket,general_component,routine,5.7,7483.38,1088.0,predictive,False,16,True,False,False
EQP-C71267D3,UNIT-5697,drill_rig,Epiroc,2015,open_pit,ghana,34178,2022-10-25,overhaul,compressor,general_component,major,16.8,41172.01,684.0,major_overhaul,True,12,False,False,True
EQP-3EE4BA1A,UNIT-8293,haul_truck,Komatsu,2018,underground,ghana,24241,2021-06-04,condition_based,transmission,driveshaft,routine,3.8,6525.76,455.0,predictive,False,72,True,False,False
EQP-86DBE0FE,UNIT-2994,conveyor,ThyssenKrupp,2021,open_pit,drc,11757,2020-06-06,breakdown,belt,general_component,major,9.4,13786.73,3690.0,corrective,False,40,False,False,False
EQP-335FE381,UNIT-7404,crusher,FLSmidth,2022,open_pit,botswana,9836,2023-08-13,breakdown,liner,general_component,minor,17.4,48610.31,3670.0,corrective,False,69,False,False,False
EQP-8E56D42D,UNIT-1412,grader,Caterpillar,2014,open_pit,zambia,38888,2023-07-23,inspection,preventive,adjustment,routine,3.0,2840.46,49.0,preventive,True,6,False,False,False
EQP-F0BA2137,UNIT-1925,haul_truck,Hitachi,2018,underground,drc,24101,2020-03-25,breakdown,brakes,general_component,minor,11.4,19782.47,1687.0,corrective,False,42,False,False,True
EQP-22496ED3,UNIT-8781,pump,KSB,2010,processing_plant,tanzania,56686,2024-05-14,scheduled_maintenance,preventive,inspection,minor,5.9,7850.55,582.0,preventive,True,8,False,False,False
EQP-132F2CA5,UNIT-5274,crusher,Metso,2022,underground,south_africa,7820,2024-03-15,inspection,preventive,filter_replace,routine,11.6,7950.16,1933.0,preventive,True,44,False,False,False
EQP-753400B2,UNIT-6586,excavator,Hitachi,2021,underground,drc,11232,2024-03-07,condition_based,engine,injector,minor,11.3,17045.5,1645.0,predictive,False,95,True,False,False
EQP-B6E90880,UNIT-6430,haul_truck,Belaz,2023,processing_plant,zambia,3977,2022-04-10,breakdown,engine,turbo,critical,69.0,263834.79,8240.0,corrective,False,19,True,False,True
EQP-C322D8AB,UNIT-7253,excavator,Komatsu,2015,open_pit,botswana,35690,2023-06-02,condition_based,engine,oil_pump,routine,4.2,3480.98,721.0,predictive,False,11,True,False,True
EQP-F5B9EA7E,UNIT-3209,grader,John Deere,2013,open_pit,south_africa,43687,2020-01-29,scheduled_maintenance,preventive,oil_change,minor,9.5,12943.28,124.0,preventive,True,36,True,False,False
EQP-16202089,UNIT-2604,excavator,Hitachi,2020,open_pit,drc,16930,2022-12-13,inspection,preventive,adjustment,minor,11.2,37846.6,2221.0,preventive,True,76,False,False,False
EQP-BAB36ABF,UNIT-1382,drill_rig,Sandvik,2019,open_pit,botswana,20402,2020-08-28,scheduled_maintenance,preventive,oil_change,routine,1.7,4286.33,60.0,preventive,True,69,False,False,False
EQP-08CA4D0B,UNIT-8782,crusher,Metso,2011,processing_plant,zimbabwe,52551,2024-06-24,scheduled_maintenance,preventive,adjustment,minor,22.6,43491.8,4357.0,preventive,True,13,False,False,False
EQP-756E4D66,UNIT-3012,grader,John Deere,2016,open_pit,zambia,32330,2024-08-28,breakdown,transmission,driveshaft,major,15.7,38155.67,279.0,corrective,False,30,True,False,False
EQP-166FE04C,UNIT-6175,crusher,Metso,2018,processing_plant,ghana,24959,2020-09-27,breakdown,shaft,general_component,critical,143.1,370008.92,34087.0,corrective,False,17,False,False,False
EQP-A46E8B70,UNIT-5093,loader,Volvo,2015,open_pit,south_africa,37304,2022-08-24,scheduled_maintenance,preventive,filter_replace,routine,4.0,1563.23,381.0,preventive,True,36,False,False,False
EQP-31A7DC9E,UNIT-2461,haul_truck,Hitachi,2013,open_pit,ghana,43713,2022-12-02,condition_based,brakes,general_component,routine,2.1,5909.58,174.0,predictive,False,164,False,False,False
EQP-BC546E1F,UNIT-4724,grader,Komatsu,2011,open_pit,ghana,52819,2023-10-15,scheduled_maintenance,preventive,filter_replace,routine,3.2,3093.9,34.0,preventive,True,65,False,False,True
EQP-EF28DC13,UNIT-1748,excavator,Komatsu,2014,open_pit,tanzania,38703,2022-05-29,inspection,preventive,inspection,routine,2.7,8923.01,525.0,preventive,True,3,False,False,False
EQP-346450DD,UNIT-2589,haul_truck,Komatsu,2011,open_pit,zimbabwe,49746,2024-05-07,breakdown,transmission,driveshaft,major,12.0,48274.47,1301.0,corrective,False,17,True,True,False
EQP-52A939F9,UNIT-2257,pump,Metso,2012,underground,tanzania,49826,2021-09-13,scheduled_maintenance,preventive,oil_change,routine,1.1,632.07,67.0,preventive,True,15,True,False,False
EQP-319A78B6,UNIT-8418,haul_truck,Hitachi,2010,open_pit,south_africa,55666,2021-07-30,scheduled_maintenance,preventive,oil_change,minor,5.6,9810.08,732.0,preventive,True,21,False,True,False
EQP-B589CC7E,UNIT-6106,haul_truck,Komatsu,2014,processing_plant,ghana,40252,2023-08-05,condition_based,electrical,starter,routine,3.6,3572.37,539.0,predictive,False,114,False,False,True
EQP-1F04FCEA,UNIT-9330,conveyor,Metso,2018,processing_plant,zimbabwe,22774,2022-09-11,scheduled_maintenance,preventive,filter_replace,routine,1.7,2085.93,849.0,preventive,True,23,False,False,False
EQP-B53F6068,UNIT-4923,excavator,Caterpillar,2014,open_pit,south_africa,38728,2020-05-27,scheduled_maintenance,preventive,inspection,minor,14.0,25641.07,2748.0,preventive,True,33,False,False,False
EQP-C7A21FA5,UNIT-2811,haul_truck,Hitachi,2010,processing_plant,south_africa,55287,2023-03-16,breakdown,tires,front_right,critical,63.6,113348.0,5517.0,corrective,False,6,False,False,False
EQP-235D2F8E,UNIT-6476,conveyor,ThyssenKrupp,2020,open_pit,ghana,16642,2021-05-17,condition_based,gearbox,general_component,routine,1.6,983.64,740.0,predictive,False,24,False,True,True
EQP-8C268DBD,UNIT-9365,loader,Komatsu,2014,open_pit,south_africa,39483,2024-02-23,inspection,preventive,filter_replace,minor,13.3,12271.4,748.0,preventive,True,24,False,False,False
EQP-B488EDBA,UNIT-5792,loader,Caterpillar,2017,open_pit,south_africa,27664,2024-02-14,inspection,preventive,filter_replace,routine,3.6,3505.37,244.0,preventive,True,9,False,False,False
EQP-751A8842,UNIT-1160,haul_truck,Caterpillar,2016,underground,ghana,31255,2022-01-26,condition_based,hydraulics,pump,routine,1.6,6536.66,141.0,predictive,False,133,True,False,False
EQP-C7C9438B,UNIT-3732,conveyor,FLSmidth,2016,underground,tanzania,33165,2024-03-15,scheduled_maintenance,preventive,oil_change,routine,1.8,2484.66,610.0,preventive,True,16,False,False,False
EQP-ADFBC5D9,UNIT-9323,loader,Komatsu,2015,underground,south_africa,36868,2024-09-09,condition_based,engine,turbo,routine,3.4,4076.44,212.0,predictive,False,63,True,False,False
EQP-F6EC96BB,UNIT-5664,haul_truck,Caterpillar,2020,processing_plant,zambia,15515,2023-08-06,condition_based,tires,front_left,minor,11.4,16256.61,1622.0,predictive,False,79,False,False,False
EQP-FC804225,UNIT-9566,haul_truck,Belaz,2021,open_pit,zambia,12684,2022-12-28,breakdown,hydraulics,filter,major,22.7,38252.06,3384.0,corrective,False,25,True,False,False
EQP-438889D4,UNIT-5582,haul_truck,Komatsu,2022,processing_plant,drc,7754,2024-08-06,scheduled_maintenance,preventive,adjustment,routine,2.6,4566.14,229.0,preventive,True,29,False,True,False
EQP-CBB61DDA,UNIT-1108,conveyor,Metso,2015,underground,drc,35662,2024-04-21,inspection,preventive,filter_replace,routine,1.9,1726.24,537.0,preventive,True,12,False,True,False
EQP-5B6F61B1,UNIT-8856,haul_truck,Hitachi,2013,open_pit,south_africa,43950,2022-05-10,inspection,preventive,inspection,routine,1.7,3461.65,148.0,preventive,True,21,False,False,False
EQP-423BFB24,UNIT-7866,crusher,FLSmidth,2009,open_pit,south_africa,60643,2020-05-30,condition_based,motor,general_component,routine,9.6,6887.08,2255.0,predictive,False,6,True,True,True
EQP-469D529E,UNIT-7436,pump,Metso,2015,open_pit,drc,35107,2022-12-17,scheduled_maintenance,preventive,oil_change,routine,1.6,1725.6,151.0,preventive,True,95,False,False,False
EQP-8ADD8253,UNIT-9730,haul_truck,Hitachi,2023,open_pit,botswana,4502,2022-04-14,condition_based,tires,front_left,minor,10.7,22349.19,1401.0,predictive,False,105,False,False,False
EQP-02C96280,UNIT-2765,crusher,Metso,2012,underground,drc,50497,2021-10-20,breakdown,shaft,general_component,minor,23.3,35262.01,4970.0,corrective,False,10,False,False,False
EQP-6B379F60,UNIT-9152,haul_truck,Hitachi,2021,open_pit,drc,12183,2020-11-18,breakdown,brakes,general_component,minor,5.9,20048.6,867.0,corrective,False,88,False,False,False
EQP-815867DB,UNIT-3093,haul_truck,Caterpillar,2020,open_pit,botswana,16035,2023-07-13,scheduled_maintenance,preventive,inspection,routine,1.7,4528.5,196.0,preventive,True,100,False,True,False
EQP-844F08E5,UNIT-9735,loader,Caterpillar,2018,underground,tanzania,23915,2024-06-29,scheduled_maintenance,preventive,adjustment,routine,3.4,2037.0,303.0,preventive,True,282,False,False,False
EQP-C6ED26AB,UNIT-2722,drill_rig,Epiroc,2017,underground,tanzania,28478,2022-12-11,scheduled_maintenance,preventive,adjustment,minor,5.7,18055.07,214.0,preventive,True,7,False,False,False
EQP-1490C610,UNIT-5952,pump,Weir,2020,processing_plant,drc,14389,2021-02-26,scheduled_maintenance,preventive,filter_replace,minor,3.4,2546.0,283.0,preventive,True,5,False,False,False
EQP-D8E83ABF,UNIT-8103,conveyor,Metso,2009,underground,tanzania,61701,2020-01-03,condition_based,pulley,general_component,routine,1.6,926.05,551.0,predictive,False,27,False,False,False
EQP-517EE3D1,UNIT-1703,haul_truck,Caterpillar,2010,underground,zambia,56981,2023-07-07,breakdown,electrical,wiring,major,18.4,55277.34,1453.0,corrective,False,78,False,False,False
EQP-FFDCB203,UNIT-1600,drill_rig,Caterpillar,2011,open_pit,zambia,51355,2020-10-10,breakdown,electrical,sensors,major,10.0,33834.02,403.0,corrective,False,114,False,False,False
EQP-CF6FFD6D,UNIT-8647,haul_truck,Hitachi,2020,underground,tanzania,16031,2020-04-23,condition_based,transmission,clutch,routine,1.7,5072.1,164.0,predictive,False,73,False,False,False
EQP-078CAAA7,UNIT-1543,grader,John Deere,2014,open_pit,drc,39442,2020-12-21,overhaul,hydraulics,filter,major,22.7,38072.76,352.0,major_overhaul,True,16,True,False,False
EQP-03FD3CB4,UNIT-6523,crusher,FLSmidth,2011,open_pit,botswana,52299,2020-12-27,inspection,preventive,filter_replace,minor,29.8,27869.9,7382.0,preventive,True,51,False,False,False
EQP-3DCDFCA2,UNIT-9443,excavator,Komatsu,2008,processing_plant,botswana,64061,2021-09-02,breakdown,hydraulics,pump,major,26.3,49042.81,3818.0,corrective,False,1,False,False,True
EQP-34A916D9,UNIT-6532,conveyor,ThyssenKrupp,2015,underground,zambia,36228,2021-07-29,scheduled_maintenance,preventive,adjustment,routine,1.4,742.58,405.0,preventive,True,195,True,False,False
EQP-C9DC0D57,UNIT-5328,crusher,Sandvik,2014,underground,south_africa,38971,2020-12-21,inspection,preventive,adjustment,routine,5.6,3708.73,1516.0,preventive,True,49,False,False,False
EQP-CF5A0003,UNIT-4754,loader,Caterpillar,2010,open_pit,tanzania,55518,2023-11-08,breakdown,hydraulics,valve,minor,7.6,20233.58,446.0,corrective,False,32,True,False,True
EQP-AB7F87F0,UNIT-6742,haul_truck,Caterpillar,2008,underground,ghana,65146,2024-01-27,scheduled_maintenance,preventive,oil_change,minor,10.6,17793.07,898.0,preventive,True,140,False,False,False
EQP-60B37FF3,UNIT-6146,haul_truck,Komatsu,2020,open_pit,zambia,15466,2021-03-28,scheduled_maintenance,preventive,oil_change,routine,1.9,3034.81,188.0,preventive,True,138,False,False,False
EQP-1836573B,UNIT-5515,haul_truck,Caterpillar,2020,open_pit,south_africa,13356,2021-10-25,condition_based,brakes,general_component,routine,1.9,5544.43,151.0,predictive,False,29,False,False,False
EQP-0A9C97F4,UNIT-2382,excavator,Caterpillar,2011,open_pit,tanzania,51849,2024-01-10,breakdown,undercarriage,general_component,minor,12.7,33320.85,1719.0,corrective,False,108,True,True,False
EQP-9C511641,UNIT-6963,drill_rig,Epiroc,2015,open_pit,botswana,38411,2024-09-11,scheduled_maintenance,preventive,filter_replace,routine,2.7,4748.51,119.0,preventive,True,8,False,False,False
EQP-2A35E721,UNIT-7657,haul_truck,Belaz,2012,open_pit,south_africa,48848,2023-11-20,scheduled_maintenance,preventive,inspection,minor,7.0,16487.34,940.0,preventive,True,65,False,False,False
EQP-96C4E591,UNIT-7378,drill_rig,Sandvik,2014,underground,zimbabwe,39415,2022-09-22,scheduled_maintenance,preventive,inspection,routine,2.4,3757.68,87.0,preventive,True,74,False,False,False
EQP-471C2E3B,UNIT-1675,drill_rig,Sandvik,2009,open_pit,tanzania,59949,2024-11-20,breakdown,compressor,general_component,critical,55.9,90594.32,1654.0,corrective,False,137,False,False,False
EQP-996F68BB,UNIT-7325,haul_truck,Belaz,2023,processing_plant,south_africa,4679,2023-08-01,scheduled_maintenance,preventive,inspection,routine,3.7,6692.88,548.0,preventive,True,96,True,False,True
EQP-517E1F6C,UNIT-7567,grader,Caterpillar,2019,processing_plant,south_africa,18243,2023-05-03,scheduled_maintenance,preventive,inspection,minor,7.7,14904.33,140.0,preventive,True,17,True,False,False
EQP-0087A6D2,UNIT-2650,conveyor,ThyssenKrupp,2022,open_pit,ghana,7143,2020-02-23,breakdown,belt,general_component,critical,20.3,72268.78,5102.0,corrective,False,25,False,False,False
EQP-2C73B95D,UNIT-8639,excavator,Hitachi,2012,underground,tanzania,48398,2023-02-21,scheduled_maintenance,preventive,oil_change,routine,4.5,7271.59,723.0,preventive,True,18,False,False,False
EQP-A0DBD953,UNIT-5714,drill_rig,Caterpillar,2021,open_pit,drc,13594,2021-06-02,breakdown,drill_string,general_component,minor,8.5,14894.24,413.0,corrective,False,7,False,False,False
EQP-1A450EED,UNIT-5251,excavator,Hitachi,2016,processing_plant,south_africa,31560,2022-12-18,overhaul,hydraulics,pump,major,30.3,75493.78,5846.0,major_overhaul,True,15,False,False,True
EQP-D8A91CE9,UNIT-7503,loader,Komatsu,2011,open_pit,ghana,53567,2022-10-28,breakdown,transmission,driveshaft,major,29.3,39796.19,2050.0,corrective,False,2,True,False,False
EQP-2CEFAB2C,UNIT-5587,conveyor,Metso,2013,open_pit,drc,43245,2020-07-16,scheduled_maintenance,preventive,oil_change,routine,1.5,1980.65,604.0,preventive,True,98,False,False,False
EQP-3432B7AF,UNIT-5902,drill_rig,Epiroc,2020,open_pit,south_africa,12614,2022-04-10,scheduled_maintenance,preventive,inspection,routine,1.2,4906.49,48.0,preventive,True,80,False,False,False
EQP-8E9E3CE0,UNIT-3809,grader,Komatsu,2020,processing_plant,zambia,16743,2022-07-12,breakdown,transmission,gearbox,minor,7.6,12949.65,131.0,corrective,False,48,True,False,False
EQP-DF03B30D,UNIT-9349,loader,Volvo,2019,open_pit,south_africa,20540,2020-03-26,inspection,preventive,inspection,minor,14.0,11572.2,1359.0,preventive,True,21,False,False,False
EQP-AE21DAE1,UNIT-9724,loader,Caterpillar,2011,processing_plant,tanzania,52736,2024-03-12,condition_based,hydraulics,cylinder,minor,5.3,15007.85,389.0,predictive,False,31,True,False,True
EQP-CF9EB2B5,UNIT-2173,haul_truck,Caterpillar,2018,open_pit,zimbabwe,24697,2024-08-14,scheduled_maintenance,preventive,oil_change,routine,3.1,5082.37,247.0,preventive,True,41,False,False,False
EQP-0CBE8137,UNIT-7597,haul_truck,Caterpillar,2023,underground,tanzania,4191,2020-02-07,breakdown,tires,front_right,critical,45.2,93497.96,5838.0,corrective,False,49,False,False,False
EQP-2288828E,UNIT-1209,crusher,FLSmidth,2008,open_pit,south_africa,63741,2020-08-04,breakdown,liner,general_component,minor,21.7,37139.63,6335.0,corrective,False,36,True,False,False
EQP-0B6705B3,UNIT-4320,drill_rig,Sandvik,2013,open_pit,zambia,43779,2020-08-15,breakdown,rotation,general_component,major,14.1,23073.71,659.0,corrective,False,55,False,False,False
EQP-AB0A3790,UNIT-9729,crusher,FLSmidth,2009,open_pit,tanzania,59539,2022-03-05,scheduled_maintenance,preventive,oil_change,routine,7.8,9126.19,1199.0,preventive,True,42,False,True,False
EQP-EC725BC9,UNIT-2573,loader,Komatsu,2009,open_pit,drc,59599,2022-12-16,overhaul,electrical,starter,major,28.8,27131.37,2711.0,major_overhaul,True,165,False,False,False
EQP-4CAA0F0F,UNIT-4392,excavator,Komatsu,2023,underground,south_africa,2188,2021-03-10,scheduled_maintenance,preventive,filter_replace,minor,9.6,20841.03,1101.0,preventive,True,94,False,False,False
EQP-8BCB219E,UNIT-2975,excavator,Liebherr,2011,underground,south_africa,50785,2024-03-04,scheduled_maintenance,preventive,adjustment,routine,5.1,9635.88,1009.0,preventive,True,31,False,False,False
EQP-356AADD5,UNIT-7553,drill_rig,Caterpillar,2010,open_pit,zambia,55836,2021-07-12,breakdown,electrical,alternator,major,9.8,20223.91,427.0,corrective,False,343,False,False,False
EQP-BBE79F93,UNIT-5174,excavator,Hitachi,2009,open_pit,drc,57759,2021-07-07,scheduled_maintenance,preventive,adjustment,routine,3.6,4194.16,405.0,preventive,True,41,False,False,False
EQP-B7EF2F40,UNIT-6337,crusher,FLSmidth,2023,open_pit,botswana,1992,2022-11-24,breakdown,hydraulics,valve,major,41.7,93456.4,6885.0,corrective,False,15,True,False,False
EQP-C685E261,UNIT-9482,loader,Volvo,2015,underground,tanzania,35665,2024-04-17,scheduled_maintenance,preventive,adjustment,routine,2.7,4032.11,173.0,preventive,True,5,False,False,False
EQP-8817B26A,UNIT-5688,drill_rig,Epiroc,2020,underground,zimbabwe,15871,2021-03-24,overhaul,electrical,wiring,major,14.1,48963.28,433.0,major_overhaul,True,7,False,False,False
EQP-3D9FB764,UNIT-7606,crusher,Metso,2012,processing_plant,botswana,47686,2021-08-30,scheduled_maintenance,preventive,oil_change,minor,20.2,43788.71,3042.0,preventive,True,19,False,False,False
EQP-97DB3A27,UNIT-1881,drill_rig,Caterpillar,2018,processing_plant,zimbabwe,21620,2021-09-01,breakdown,hydraulics,valve,major,9.4,46813.43,444.0,corrective,False,72,True,False,True
EQP-5BDA1C45,UNIT-2936,crusher,FLSmidth,2022,open_pit,south_africa,9552,2022-04-17,breakdown,shaft,general_component,minor,32.7,22317.08,5525.0,corrective,False,99,False,False,False
EQP-3C1C8BFA,UNIT-9520,haul_truck,Belaz,2018,open_pit,south_africa,22563,2022-02-11,scheduled_maintenance,preventive,oil_change,minor,9.4,13993.47,1403.0,preventive,True,33,False,False,False
EQP-449CF507,UNIT-8735,crusher,FLSmidth,2016,processing_plant,tanzania,31181,2024-09-11,breakdown,shaft,general_component,major,70.4,139835.42,13347.0,corrective,False,58,False,False,False
EQP-DAD79491,UNIT-6909,crusher,Sandvik,2011,open_pit,ghana,50738,2020-09-20,inspection,preventive,oil_change,minor,31.2,15232.98,7368.0,preventive,True,38,False,False,False
EQP-A9836F18,UNIT-4403,excavator,Komatsu,2011,open_pit,botswana,53299,2022-01-21,scheduled_maintenance,preventive,inspection,routine,4.4,5630.22,747.0,preventive,True,59,False,False,False
EQP-5C5441A1,UNIT-2798,conveyor,ThyssenKrupp,2017,open_pit,south_africa,28421,2021-04-01,scheduled_maintenance,preventive,adjustment,routine,1.4,1405.77,455.0,preventive,True,58,False,False,False
EQP-C859856F,UNIT-8664,loader,Volvo,2015,underground,south_africa,35526,2022-12-15,condition_based,tires,rear_left,routine,4.8,5742.02,349.0,predictive,False,2,False,False,False
EQP-28C7241A,UNIT-8066,haul_truck,Caterpillar,2008,underground,tanzania,63456,2023-11-06,breakdown,brakes,general_component,critical,47.7,176074.5,6343.0,corrective,False,26,False,False,False
EQP-BFBB8A20,UNIT-3175,crusher,Sandvik,2011,processing_plant,tanzania,52179,2024-08-10,breakdown,motor,general_component,major,55.6,141569.76,8879.0,corrective,False,54,False,True,True
EQP-81430B3D,UNIT-6307,pump,Metso,2014,open_pit,tanzania,38753,2022-02-26,scheduled_maintenance,preventive,filter_replace,routine,1.2,1336.51,82.0,preventive,True,35,False,False,False
EQP-9A2413E7,UNIT-6567,grader,Komatsu,2010,open_pit,south_africa,56380,2021-04-20,breakdown,tires,rear_left,minor,6.2,7599.68,111.0,corrective,False,62,False,False,False
EQP-FC75CE3E,UNIT-5296,drill_rig,Caterpillar,2016,open_pit,ghana,31451,2024-09-30,breakdown,drill_string,general_component,major,16.6,24447.98,553.0,corrective,False,69,False,False,False
EQP-4F26B377,UNIT-9339,conveyor,Metso,2012,underground,zambia,48519,2020-06-14,overhaul,gearbox,general_component,major,7.5,17353.02,1986.0,major_overhaul,True,224,False,True,False
EQP-DF502174,UNIT-2116,pump,KSB,2012,open_pit,botswana,48485,2020-08-24,condition_based,seal,general_component,routine,1.0,428.23,59.0,predictive,False,92,False,False,False
EQP-53600FC1,UNIT-3320,conveyor,FLSmidth,2009,processing_plant,south_africa,59406,2024-09-20,breakdown,pulley,general_component,major,10.4,15028.14,4360.0,corrective,False,9,False,True,False
EQP-B784B0C8,UNIT-1855,haul_truck,Caterpillar,2016,underground,zambia,29947,2024-05-14,inspection,preventive,oil_change,routine,3.6,4638.4,531.0,preventive,True,14,False,False,False
EQP-4AE1847C,UNIT-7235,haul_truck,Hitachi,2011,underground,south_africa,51753,2022-10-04,breakdown,electrical,starter,minor,11.4,20061.48,1051.0,corrective,False,6,False,False,False
EQP-A551E47F,UNIT-6795,loader,Caterpillar,2018,processing_plant,zimbabwe,22550,2021-08-14,inspection,preventive,inspection,routine,4.0,3330.88,304.0,preventive,True,25,True,False,False
EQP-AB91F97E,UNIT-9884,drill_rig,Caterpillar,2023,open_pit,south_africa,4078,2024-10-04,scheduled_maintenance,preventive,adjustment,routine,1.8,4855.88,56.0,preventive,True,20,False,False,False
EQP-F278126E,UNIT-5880,haul_truck,Belaz,2022,underground,botswana,7743,2024-09-20,scheduled_maintenance,preventive,inspection,routine,2.8,2389.45,404.0,preventive,True,229,False,False,False
EQP-39CD6371,UNIT-2355,excavator,Liebherr,2018,open_pit,south_africa,23412,2024-04-09,condition_based,hydraulics,valve,minor,8.2,39924.79,1558.0,predictive,False,68,True,False,False
EQP-48E1560C,UNIT-5057,loader,Komatsu,2020,processing_plant,zimbabwe,14704,2023-10-21,breakdown,engine,head_gasket,minor,7.1,18444.85,494.0,corrective,False,98,True,False,False
EQP-B1577BF2,UNIT-1795,drill_rig,Epiroc,2022,processing_plant,tanzania,9186,2022-12-06,inspection,preventive,filter_replace,routine,2.8,4299.97,73.0,preventive,True,190,False,False,False
EQP-36423D28,UNIT-7037,grader,John Deere,2018,underground,ghana,23546,2021-10-31,breakdown,tires,rear_right,major,22.2,31223.81,357.0,corrective,False,46,False,False,False
EQP-2762587C,UNIT-7067,crusher,FLSmidth,2012,open_pit,ghana,50353,2022-04-28,overhaul,shaft,general_component,major,46.0,79343.91,11231.0,major_overhaul,True,34,False,False,False
EQP-D81E6153,UNIT-8717,pump,Weir,2016,processing_plant,zambia,32034,2022-09-03,breakdown,seal,general_component,major,8.3,17007.83,671.0,corrective,False,145,False,True,False
EQP-9054A257,UNIT-4057,grader,Komatsu,2021,processing_plant,zambia,12351,2022-05-14,breakdown,hydraulics,valve,minor,11.7,14178.28,152.0,corrective,False,109,False,False,True
EQP-CE44D55A,UNIT-3790,excavator,Komatsu,2018,underground,zimbabwe,24039,2024-03-30,breakdown,hydraulics,filter,major,25.1,85116.01,2570.0,corrective,False,37,True,True,False
EQP-799003C6,UNIT-1641,crusher,Sandvik,2013,processing_plant,zambia,44341,2020-10-25,scheduled_maintenance,preventive,oil_change,routine,7.2,13487.33,1115.0,preventive,True,100,False,False,False
EQP-07968DAA,UNIT-4735,haul_truck,Hitachi,2010,underground,south_africa,57092,2020-05-29,scheduled_maintenance,preventive,filter_replace,routine,2.1,1881.17,280.0,preventive,True,23,True,False,False
EQP-2431C2B5,UNIT-5277,pump,Weir,2010,open_pit,botswana,57104,2022-03-27,scheduled_maintenance,preventive,oil_change,routine,1.3,1939.12,100.0,preventive,True,37,False,False,False
EQP-3462BB09,UNIT-7789,excavator,Caterpillar,2014,open_pit,south_africa,38233,2021-01-07,inspection,preventive,oil_change,minor,10.4,38175.72,1322.0,preventive,True,18,False,True,False
EQP-21D2E0A0,UNIT-7783,crusher,Metso,2020,open_pit,zambia,16855,2024-01-19,scheduled_maintenance,preventive,adjustment,routine,10.1,13763.92,2901.0,preventive,True,100,False,False,False
EQP-C3E3E404,UNIT-2262,loader,Volvo,2016,underground,botswana,32497,2024-03-07,scheduled_maintenance,preventive,oil_change,minor,8.5,17473.34,801.0,preventive,True,4,False,False,False
EQP-E87A5864,UNIT-3565,haul_truck,Caterpillar,2008,underground,botswana,64035,2024-11-14,scheduled_maintenance,preventive,inspection,routine,2.7,6580.11,368.0,preventive,True,25,False,False,False
EQP-9BA9015E,UNIT-5602,loader,Komatsu,2022,open_pit,south_africa,9712,2021-11-25,condition_based,hydraulics,cylinder,routine,3.0,4103.53,243.0,predictive,False,32,True,False,False
EQP-D4720006,UNIT-4015,haul_truck,Caterpillar,2014,open_pit,south_africa,41752,2024-09-24,inspection,preventive,oil_change,minor,6.6,18574.7,799.0,preventive,True,307,False,False,False
EQP-323AFCDC,UNIT-1229,drill_rig,Caterpillar,2014,underground,zambia,40904,2020-07-01,scheduled_maintenance,preventive,adjustment,routine,1.7,4724.04,65.0,preventive,True,104,True,False,False
EQP-D75BE0D4,UNIT-8610,drill_rig,Caterpillar,2021,underground,ghana,11456,2024-09-27,scheduled_maintenance,preventive,filter_replace,routine,2.1,1830.17,62.0,preventive,True,97,True,False,False
EQP-391A60CD,UNIT-7580,excavator,Komatsu,2014,processing_plant,zimbabwe,38807,2021-03-18,scheduled_maintenance,preventive,filter_replace,minor,11.1,35547.29,1917.0,preventive,True,63,False,False,False
EQP-7C417BEB,UNIT-5680,conveyor,Metso,2017,open_pit,drc,28754,2020-02-04,breakdown,belt,general_component,major,6.3,16608.19,2395.0,corrective,False,25,False,False,False
EQP-833D41A7,UNIT-3857,grader,John Deere,2022,processing_plant,ghana,9359,2024-01-25,scheduled_maintenance,preventive,oil_change,minor,11.4,7503.27,176.0,preventive,True,148,False,False,False
EQP-0CB31414,UNIT-8583,excavator,Hitachi,2016,open_pit,drc,29971,2022-07-17,breakdown,engine,oil_pump,minor,10.2,25185.85,1722.0,corrective,False,5,True,True,False
EQP-C4350F6E,UNIT-1317,conveyor,ThyssenKrupp,2017,open_pit,zimbabwe,29086,2022-01-13,inspection,preventive,adjustment,routine,1.7,1774.6,583.0,preventive,True,9,False,False,False
EQP-10531073,UNIT-5017,grader,John Deere,2013,underground,tanzania,43745,2020-12-26,breakdown,blade,general_component,minor,11.3,6192.81,193.0,corrective,False,5,True,False,False
EQP-C1C9BFFD,UNIT-8207,loader,Komatsu,2022,open_pit,ghana,6190,2022-01-18,breakdown,hydraulics,cylinder,minor,5.1,19520.78,318.0,corrective,False,21,True,False,False
EQP-A7FB9BD1,UNIT-9575,haul_truck,Hitachi,2009,underground,south_africa,60469,2023-01-12,breakdown,tires,rear_right,minor,5.0,16379.17,700.0,corrective,False,68,True,False,False
EQP-97604C99,UNIT-3262,pump,Weir,2012,open_pit,ghana,48909,2020-09-15,scheduled_maintenance,preventive,filter_replace,routine,1.0,1525.94,99.0,preventive,True,25,True,False,False
EQP-F555E39D,UNIT-6856,haul_truck,Caterpillar,2023,open_pit,zambia,3648,2024-08-29,condition_based,brakes,general_component,minor,11.1,11035.79,1325.0,predictive,False,139,False,False,False
EQP-E8F8DFC6,UNIT-2706,conveyor,ThyssenKrupp,2015,underground,zimbabwe,34942,2023-07-26,inspection,preventive,inspection,minor,4.2,2919.83,1451.0,preventive,True,177,True,False,False
EQP-B5BBE980,UNIT-2042,conveyor,FLSmidth,2010,open_pit,tanzania,57712,2024-04-26,scheduled_maintenance,preventive,adjustment,routine,1.2,823.12,386.0,preventive,True,99,False,False,False
EQP-7F81F04F,UNIT-4176,loader,Volvo,2014,open_pit,botswana,39331,2020-03-21,breakdown,electrical,battery,minor,5.4,9249.69,511.0,corrective,False,7,False,False,False
EQP-407F5DFF,UNIT-8964,haul_truck,Hitachi,2012,open_pit,drc,49159,2024-04-08,condition_based,brakes,general_component,minor,4.3,24634.52,428.0,predictive,False,86,False,False,False
EQP-01B133CD,UNIT-7204,haul_truck,Komatsu,2016,open_pit,tanzania,30486,2024-04-07,condition_based,engine,oil_pump,routine,3.0,4455.4,408.0,predictive,False,12,True,True,True
EQP-CCD77818,UNIT-5402,loader,Komatsu,2011,underground,ghana,52416,2021-10-20,condition_based,hydraulics,cylinder,routine,4.1,4867.32,289.0,predictive,False,15,True,False,True
EQP-7233257A,UNIT-3545,haul_truck,Hitachi,2014,open_pit,zambia,40387,2022-10-22,scheduled_maintenance,preventive,filter_replace,minor,7.1,24306.82,1001.0,preventive,True,91,False,False,False
EQP-F5782464,UNIT-2274,drill_rig,Sandvik,2022,underground,drc,8873,2022-06-21,scheduled_maintenance,preventive,adjustment,routine,1.7,1981.04,61.0,preventive,True,119,False,False,False
EQP-0B2D7A98,UNIT-3436,crusher,Sandvik,2009,underground,zimbabwe,61492,2024-01-26,breakdown,shaft,general_component,critical,207.5,559908.22,49113.0,corrective,False,23,False,False,False
EQP-E528D42D,UNIT-2374,crusher,FLSmidth,2020,underground,tanzania,15186,2021-05-22,breakdown,liner,general_component,critical,217.4,496078.75,36610.0,corrective,False,6,False,False,False
EQP-DA708797,UNIT-2683,haul_truck,Caterpillar,2009,open_pit,ghana,60520,2024-07-13,overhaul,tires,front_right,major,16.6,33841.74,2460.0,major_overhaul,True,34,False,False,False
EQP-A0249DF7,UNIT-7187,excavator,Caterpillar,2015,underground,tanzania,34633,2022-09-23,breakdown,hydraulics,valve,major,31.5,74340.74,4923.0,corrective,False,112,True,False,True
EQP-52809DB5,UNIT-2194,pump,Weir,2018,processing_plant,tanzania,22622,2020-01-01,scheduled_maintenance,preventive,adjustment,routine,1.8,1060.35,146.0,preventive,True,29,False,False,False
EQP-5CA2C974,UNIT-1426,drill_rig,Epiroc,2023,open_pit,botswana,3421,2021-06-30,breakdown,drill_string,general_component,critical,34.0,118921.52,957.0,corrective,False,36,False,False,False
EQP-4F96FDAC,UNIT-5880,haul_truck,Caterpillar,2012,processing_plant,drc,48409,2020-09-13,breakdown,tires,rear_right,major,13.9,46520.38,1762.0,corrective,False,48,False,False,False
EQP-0978022D,UNIT-3579,haul_truck,Komatsu,2008,open_pit,botswana,65676,2023-12-26,overhaul,tires,front_right,major,16.4,52332.99,1755.0,major_overhaul,True,1,False,True,False
EQP-EFB19D1E,UNIT-5092,excavator,Caterpillar,2020,open_pit,tanzania,17858,2022-01-06,breakdown,hydraulics,filter,minor,6.7,20668.06,954.0,corrective,False,97,True,False,True
EQP-AFE5A024,UNIT-2257,pump,Weir,2022,underground,zambia,7645,2022-04-15,scheduled_maintenance,preventive,adjustment,routine,0.8,1140.55,59.0,preventive,True,216,False,False,False
EQP-FACAD2AC,UNIT-2889,excavator,Caterpillar,2017,open_pit,drc,28305,2021-09-22,inspection,preventive,filter_replace,routine,5.4,6357.77,829.0,preventive,True,41,False,False,False
EQP-2FCCFE23,UNIT-4969,haul_truck,Belaz,2008,open_pit,tanzania,64943,2023-06-14,breakdown,engine,turbo,major,22.2,62877.01,3003.0,corrective,False,35,True,False,True
EQP-6A7A20B2,UNIT-7209,drill_rig,Epiroc,2016,open_pit,zimbabwe,32765,2024-11-23,breakdown,rotation,general_component,minor,6.9,7272.33,231.0,corrective,False,18,False,True,False
EQP-4997D061,UNIT-4728,haul_truck,Caterpillar,2014,open_pit,zambia,39830,2024-04-19,scheduled_maintenance,preventive,oil_change,routine,3.7,2301.09,522.0,preventive,True,9,False,False,True
EQP-105EEE53,UNIT-5874,excavator,Hitachi,2015,underground,botswana,36076,2024-11-16,breakdown,engine,injector,critical,114.6,249360.6,12730.0,corrective,False,198,False,False,False
EQP-3F1CE715,UNIT-5696,pump,KSB,2008,open_pit,south_africa,63889,2021-06-23,breakdown,casing,general_component,minor,4.7,4849.91,360.0,corrective,False,1,False,False,False
EQP-F450AF56,UNIT-3419,crusher,FLSmidth,2013,processing_plant,zambia,43791,2023-04-10,scheduled_maintenance,preventive,oil_change,routine,11.4,9766.34,2870.0,preventive,True,23,False,False,False
EQP-1000E525,UNIT-3516,haul_truck,Belaz,2023,processing_plant,ghana,3658,2023-01-24,breakdown,electrical,starter,major,23.0,57602.2,3399.0,corrective,False,33,False,False,False
EQP-AD29D539,UNIT-4831,drill_rig,Epiroc,2008,open_pit,drc,63880,2021-06-28,scheduled_maintenance,preventive,filter_replace,routine,1.7,2096.48,59.0,preventive,True,39,True,False,False
EQP-D012450E,UNIT-1288,haul_truck,Komatsu,2022,open_pit,ghana,7594,2024-03-02,inspection,preventive,adjustment,routine,3.9,5386.4,491.0,preventive,True,40,False,False,False
EQP-424F46CD,UNIT-7167,haul_truck,Komatsu,2016,open_pit,ghana,30864,2024-07-13,breakdown,brakes,general_component,minor,11.9,18652.55,1594.0,corrective,False,59,False,False,False
EQP-5DCAAFDE,UNIT-6528,conveyor,Metso,2017,processing_plant,ghana,28862,2024-09-07,breakdown,pulley,general_component,major,7.7,17438.35,3528.0,corrective,False,54,False,False,False
EQP-E5B76107,UNIT-3754,drill_rig,Caterpillar,2022,open_pit,south_africa,8516,2024-11-13,breakdown,electrical,alternator,major,14.6,37817.22,700.0,corrective,False,88,False,False,False
EQP-50F0EBFE,UNIT-4363,loader,Caterpillar,2011,open_pit,south_africa,53876,2020-10-20,breakdown,hydraulics,cylinder,major,18.3,46036.37,1231.0,corrective,False,58,True,False,False
EQP-76422CC6,UNIT-3957,grader,Komatsu,2023,processing_plant,zimbabwe,4369,2020-09-22,scheduled_maintenance,preventive,filter_replace,routine,2.5,2774.07,46.0,preventive,True,37,False,False,False
EQP-D0782C98,UNIT-6861,haul_truck,Belaz,2012,open_pit,ghana,47583,2023-05-11,scheduled_maintenance,preventive,inspection,routine,3.1,6483.65,455.0,preventive,True,27,False,False,False
EQP-FD28BC60,UNIT-7836,grader,Komatsu,2013,open_pit,south_africa,43373,2023-07-30,breakdown,tires,rear_left,minor,4.3,9994.0,63.0,corrective,False,18,False,False,False
EQP-35D19620,UNIT-1977,drill_rig,Epiroc,2015,processing_plant,south_africa,36047,2022-02-22,scheduled_maintenance,preventive,inspection,routine,2.4,4764.15,101.0,preventive,True,26,False,False,True
EQP-29EE236F,UNIT-4719,excavator,Liebherr,2017,processing_plant,south_africa,28552,2020-10-20,breakdown,engine,injector,minor,11.8,38392.46,1561.0,corrective,False,42,True,False,False
EQP-B9F9EA2A,UNIT-1123,loader,Caterpillar,2013,open_pit,south_africa,43755,2021-05-28,condition_based,engine,turbo,routine,2.4,2809.75,151.0,predictive,False,8,False,False,True
EQP-77F58533,UNIT-5069,haul_truck,Belaz,2020,open_pit,botswana,14529,2020-08-19,scheduled_maintenance,preventive,adjustment,routine,3.2,6787.51,307.0,preventive,True,86,False,False,False
EQP-03AFFBAB,UNIT-3234,conveyor,FLSmidth,2008,open_pit,zambia,63260,2020-10-10,condition_based,roller,general_component,routine,1.9,1341.89,499.0,predictive,False,91,False,False,False
EQP-E140061B,UNIT-4021,crusher,FLSmidth,2018,open_pit,ghana,24018,2020-12-04,scheduled_maintenance,preventive,adjustment,routine,4.8,14691.6,1136.0,preventive,True,96,False,False,False
EQP-D42096A2,UNIT-5108,excavator,Caterpillar,2018,open_pit,drc,24740,2022-11-19,scheduled_maintenance,preventive,oil_change,routine,4.0,9419.22,745.0,preventive,True,47,False,False,False
EQP-43B6BCC2,UNIT-3913,grader,Komatsu,2016,open_pit,south_africa,30514,2022-07-12,scheduled_maintenance,preventive,inspection,minor,5.0,9274.03,64.0,preventive,True,36,False,False,False
EQP-392DAD26,UNIT-4546,haul_truck,Hitachi,2017,underground,zimbabwe,28265,2021-08-24,breakdown,hydraulics,pump,critical,35.6,153625.57,2755.0,corrective,False,42,True,False,False
EQP-3961063F,UNIT-7882,loader,Caterpillar,2019,underground,botswana,20221,2022-09-04,condition_based,tires,rear_left,routine,3.5,4492.92,225.0,predictive,False,8,False,False,False
EQP-FA67E378,UNIT-8291,haul_truck,Hitachi,2022,processing_plant,south_africa,7548,2023-04-17,scheduled_maintenance,preventive,oil_change,routine,2.3,3705.35,306.0,preventive,True,33,False,False,False
EQP-9D91ADC7,UNIT-1052,haul_truck,Caterpillar,2011,processing_plant,south_africa,51413,2020-06-24,scheduled_maintenance,preventive,adjustment,routine,3.2,5462.21,347.0,preventive,True,6,False,False,False
EQP-FBDF1BA4,UNIT-4400,excavator,Caterpillar,2015,open_pit,zambia,35263,2021-05-20,scheduled_maintenance,preventive,adjustment,routine,3.4,5370.7,601.0,preventive,True,1,True,False,False
EQP-B8FC7432,UNIT-8621,loader,Komatsu,2016,open_pit,south_africa,32140,2020-12-28,scheduled_maintenance,preventive,oil_change,minor,12.8,15033.8,779.0,preventive,True,27,False,False,True
EQP-41D82E6B,UNIT-5773,haul_truck,Belaz,2013,underground,south_africa,45126,2020-01-02,condition_based,transmission,gearbox,routine,2.0,3772.31,246.0,predictive,False,56,False,False,False
EQP-09289782,UNIT-2847,grader,Caterpillar,2023,open_pit,zimbabwe,5197,2020-07-27,breakdown,tires,front_left,minor,11.3,13560.38,196.0,corrective,False,38,False,False,False
EQP-F0E89F40,UNIT-6341,haul_truck,Komatsu,2016,open_pit,zambia,30876,2023-10-13,scheduled_maintenance,preventive,oil_change,minor,7.2,21030.92,977.0,preventive,True,261,False,False,False
EQP-4A8A6D32,UNIT-2304,drill_rig,Epiroc,2017,underground,south_africa,27813,2024-04-25,breakdown,drill_string,general_component,critical,20.3,152487.34,855.0,corrective,False,169,False,False,False
EQP-AF3FE120,UNIT-1196,excavator,Hitachi,2011,open_pit,tanzania,49806,2020-10-17,breakdown,undercarriage,general_component,major,19.8,89255.6,3783.0,corrective,False,49,False,False,False
EQP-64751973,UNIT-6691,haul_truck,Caterpillar,2014,open_pit,south_africa,40109,2023-10-13,breakdown,brakes,general_component,major,18.4,65830.55,1554.0,corrective,False,1,True,False,False
EQP-CA2BE578,UNIT-5635,pump,Metso,2018,underground,ghana,24597,2021-03-30,scheduled_maintenance,preventive,adjustment,routine,1.9,1215.24,147.0,preventive,True,12,False,False,False
EQP-1B420F3D,UNIT-7807,drill_rig,Epiroc,2014,processing_plant,zimbabwe,41570,2020-09-08,scheduled_maintenance,preventive,oil_change,routine,2.1,2016.84,76.0,preventive,True,18,False,False,False
EQP-71D447A7,UNIT-4103,crusher,FLSmidth,2020,underground,zambia,14213,2021-02-27,inspection,preventive,oil_change,minor,22.8,31353.01,6838.0,preventive,True,8,True,False,False
EQP-2EEE2E66,UNIT-8687,conveyor,Metso,2010,open_pit,zambia,54911,2024-07-12,scheduled_maintenance,preventive,filter_replace,routine,1.7,1604.07,658.0,preventive,True,93,True,False,False
EQP-57AF5259,UNIT-4791,drill_rig,Epiroc,2010,underground,zimbabwe,56144,2021-09-08,condition_based,rotation,general_component,minor,4.4,8581.43,185.0,predictive,False,13,False,False,False
EQP-795B2CEC,UNIT-7641,conveyor,Metso,2013,processing_plant,zambia,42381,2023-08-26,inspection,preventive,filter_replace,routine,1.6,2061.65,768.0,preventive,True,20,False,False,False
EQP-1D521669,UNIT-1902,grader,Komatsu,2013,open_pit,tanzania,44172,2022-05-23,breakdown,tires,rear_right,major,14.6,21504.66,167.0,corrective,False,8,False,False,False
EQP-B3DB9878,UNIT-1874,crusher,FLSmidth,2021,underground,zambia,12623,2022-02-23,condition_based,bearing,general_component,minor,32.3,30084.09,6489.0,predictive,False,5,False,False,True
EQP-CBDA0C40,UNIT-8044,conveyor,FLSmidth,2021,underground,drc,10718,2024-01-02,scheduled_maintenance,preventive,filter_replace,routine,1.9,1765.48,629.0,preventive,True,11,False,False,False
EQP-364893A8,UNIT-8505,crusher,Sandvik,2015,underground,zimbabwe,36132,2024-11-19,breakdown,hydraulics,valve,minor,16.7,46396.31,2798.0,corrective,False,1,False,False,True
EQP-4897EF87,UNIT-9480,conveyor,ThyssenKrupp,2016,open_pit,ghana,30787,2023-03-16,overhaul,motor,general_component,major,6.9,15919.64,2691.0,major_overhaul,True,4,False,False,False
EQP-17BC1362,UNIT-3921,drill_rig,Sandvik,2012,processing_plant,zimbabwe,49375,2024-03-09,breakdown,hydraulics,pump,major,15.5,42670.92,506.0,corrective,False,84,True,False,False
EQP-7CDE9599,UNIT-1200,conveyor,Metso,2016,open_pit,ghana,32206,2020-09-19,inspection,preventive,filter_replace,routine,1.6,2303.95,466.0,preventive,True,149,True,False,False
EQP-13184394,UNIT-9818,drill_rig,Sandvik,2019,open_pit,drc,19359,2024-06-09,inspection,preventive,oil_change,minor,6.7,7465.95,171.0,preventive,True,57,False,False,False
EQP-9D354F1B,UNIT-6411,loader,Volvo,2019,open_pit,zimbabwe,18761,2020-11-26,inspection,preventive,filter_replace,routine,3.5,5596.31,179.0,preventive,True,5,True,False,False
EQP-343C9662,UNIT-3223,pump,Weir,2023,open_pit,zambia,4389,2020-12-08,scheduled_maintenance,preventive,filter_replace,routine,1.0,1260.92,70.0,preventive,True,110,True,False,False
EQP-5335C536,UNIT-7873,pump,Weir,2017,open_pit,south_africa,29357,2024-03-04,scheduled_maintenance,preventive,oil_change,routine,1.7,1118.13,137.0,preventive,True,245,False,False,False
EQP-CDEDB237,UNIT-9134,loader,Caterpillar,2013,underground,drc,43228,2022-05-19,scheduled_maintenance,preventive,inspection,routine,2.5,5020.01,152.0,preventive,True,176,False,True,False
EQP-FBB7E12D,UNIT-3562,conveyor,ThyssenKrupp,2009,processing_plant,tanzania,59560,2021-03-25,scheduled_maintenance,preventive,inspection,routine,1.5,2068.15,716.0,preventive,True,20,False,False,False
EQP-A5544D8C,UNIT-7926,loader,Volvo,2019,open_pit,botswana,19247,2020-02-19,inspection,preventive,inspection,routine,3.0,4476.15,182.0,preventive,True,34,False,False,False
EQP-88675106,UNIT-8087,haul_truck,Belaz,2020,processing_plant,drc,17555,2021-01-28,scheduled_maintenance,preventive,filter_replace,minor,6.7,16691.37,638.0,preventive,True,31,False,True,False
EQP-DA85BBB1,UNIT-5514,drill_rig,Sandvik,2016,processing_plant,south_africa,30091,2024-01-23,scheduled_maintenance,preventive,inspection,minor,8.0,9009.02,261.0,preventive,True,152,False,False,False
EQP-5CE624F6,UNIT-6690,excavator,Komatsu,2022,open_pit,ghana,9285,2020-01-07,overhaul,undercarriage,general_component,major,26.2,61621.59,3033.0,major_overhaul,True,63,False,False,False
EQP-5936439B,UNIT-3425,haul_truck,Komatsu,2013,underground,drc,43622,2024-07-14,scheduled_maintenance,preventive,inspection,routine,2.8,4939.71,420.0,preventive,True,69,False,False,False
EQP-2370FD48,UNIT-9361,pump,Metso,2008,processing_plant,south_africa,63928,2023-10-25,inspection,preventive,filter_replace,routine,1.9,1302.36,163.0,preventive,True,28,False,False,False
EQP-FF5CEB3F,UNIT-9846,grader,Caterpillar,2018,underground,tanzania,23659,2021-01-03,breakdown,hydraulics,pump,critical,55.3,150873.66,719.0,corrective,False,10,False,True,True
EQP-91D17274,UNIT-9828,drill_rig,Epiroc,2009,underground,drc,60239,2023-08-22,breakdown,hydraulics,hose,major,16.2,33700.06,799.0,corrective,False,58,True,True,False
EQP-2E6CE109,UNIT-7633,excavator,Caterpillar,2009,processing_plant,drc,59270,2022-07-22,scheduled_maintenance,preventive,oil_change,routine,5.5,7333.08,899.0,preventive,True,137,False,False,False
EQP-5F70A68B,UNIT-1381,crusher,Metso,2019,underground,ghana,21058,2021-09-17,scheduled_maintenance,preventive,filter_replace,routine,9.8,10920.55,2601.0,preventive,True,86,False,False,False
EQP-E2EE6BB8,UNIT-4297,drill_rig,Sandvik,2014,open_pit,south_africa,41098,2022-06-28,condition_based,electrical,wiring,routine,1.5,3926.74,50.0,predictive,False,251,False,False,False
EQP-04780E7E,UNIT-5003,loader,Volvo,2017,open_pit,drc,27016,2020-01-14,breakdown,tires,rear_left,critical,38.3,238462.6,2330.0,corrective,False,49,False,False,False
EQP-3686874C,UNIT-9637,pump,KSB,2019,underground,drc,20667,2024-05-03,breakdown,motor,general_component,minor,3.7,6812.17,268.0,corrective,False,62,False,True,False
EQP-CA222AAE,UNIT-5922,excavator,Hitachi,2014,open_pit,ghana,39643,2023-11-15,inspection,preventive,inspection,routine,2.6,2317.21,368.0,preventive,True,31,False,False,True
EQP-80EC4D13,UNIT-5824,haul_truck,Komatsu,2017,open_pit,zambia,28051,2020-11-19,scheduled_maintenance,preventive,filter_replace,routine,2.3,6369.65,342.0,preventive,True,54,True,False,False
EQP-FA842DCA,UNIT-2320,excavator,Hitachi,2016,open_pit,drc,33525,2020-06-27,scheduled_maintenance,preventive,filter_replace,minor,8.5,39996.74,973.0,preventive,True,28,False,False,False
EQP-63F5595C,UNIT-8142,haul_truck,Hitachi,2017,processing_plant,zambia,27325,2022-02-01,breakdown,transmission,clutch,major,12.5,31706.32,1064.0,corrective,False,35,False,False,False
EQP-8E449F1E,UNIT-4026,excavator,Caterpillar,2019,underground,tanzania,20926,2022-04-08,overhaul,hydraulics,hose,major,25.2,75831.16,4085.0,major_overhaul,True,26,True,False,True
EQP-18ADA39B,UNIT-1826,haul_truck,Belaz,2014,open_pit,ghana,40457,2023-10-22,inspection,preventive,oil_change,routine,2.2,5096.44,258.0,preventive,True,219,False,False,False
EQP-675CA565,UNIT-9887,haul_truck,Belaz,2016,open_pit,ghana,31805,2024-02-21,scheduled_maintenance,preventive,adjustment,routine,1.8,4649.48,209.0,preventive,True,1,True,False,False
EQP-8FA2C03F,UNIT-2710,excavator,Caterpillar,2017,open_pit,tanzania,28367,2020-04-24,breakdown,engine,oil_pump,minor,14.8,36259.22,2090.0,corrective,False,1,True,False,False
EQP-54777B98,UNIT-1146,haul_truck,Caterpillar,2010,open_pit,ghana,56248,2021-03-15,overhaul,transmission,driveshaft,major,23.0,66644.47,2348.0,major_overhaul,True,1,True,False,False
EQP-95A35365,UNIT-1700,crusher,Metso,2011,underground,drc,50841,2022-11-21,inspection,preventive,adjustment,routine,9.3,5064.54,1517.0,preventive,True,112,False,False,False
EQP-7B7EE476,UNIT-5072,haul_truck,Hitachi,2009,open_pit,tanzania,59393,2021-11-14,scheduled_maintenance,preventive,filter_replace,routine,3.8,2118.0,511.0,preventive,True,19,False,False,False
EQP-87E1321C,UNIT-1926,grader,Caterpillar,2011,processing_plant,zambia,50954,2024-11-18,scheduled_maintenance,preventive,filter_replace,minor,5.3,5999.03,77.0,preventive,True,37,False,False,False
EQP-ED522D99,UNIT-8583,haul_truck,Caterpillar,2015,open_pit,botswana,35723,2023-04-04,scheduled_maintenance,preventive,adjustment,routine,3.4,6820.33,484.0,preventive,True,38,True,False,False
EQP-256D59A7,UNIT-5611,haul_truck,Hitachi,2023,open_pit,drc,5345,2021-08-03,breakdown,brakes,general_component,major,16.9,34428.43,1896.0,corrective,False,13,False,False,False
EQP-FFB546E9,UNIT-3914,haul_truck,Caterpillar,2022,processing_plant,drc,8581,2023-04-26,condition_based,transmission,driveshaft,minor,7.9,22038.89,1128.0,predictive,False,191,True,False,False
EQP-04144648,UNIT-1028,crusher,Metso,2020,open_pit,south_africa,14567,2022-02-13,condition_based,shaft,general_component,routine,9.6,11199.33,2771.0,predictive,False,25,False,False,False
EQP-459810CE,UNIT-5317,excavator,Caterpillar,2016,open_pit,south_africa,31726,2022-04-12,scheduled_maintenance,preventive,inspection,minor,15.4,16543.61,2401.0,preventive,True,43,False,False,False
EQP-40C4C6D3,UNIT-2361,drill_rig,Caterpillar,2011,open_pit,drc,52233,2023-07-10,inspection,preventive,adjustment,routine,1.3,1919.12,58.0,preventive,True,35,False,False,False
EQP-9F160B4B,UNIT-9801,haul_truck,Komatsu,2013,underground,south_africa,44744,2022-02-19,scheduled_maintenance,preventive,inspection,routine,2.5,6514.29,207.0,preventive,True,23,False,False,False
EQP-E7CBFD88,UNIT-3619,pump,Weir,2020,open_pit,drc,15349,2023-06-07,inspection,preventive,oil_change,minor,5.1,4520.48,285.0,preventive,True,70,False,False,True
EQP-9C31F570,UNIT-5273,haul_truck,Hitachi,2022,processing_plant,ghana,6762,2022-01-25,breakdown,electrical,wiring,minor,8.3,18738.15,1058.0,corrective,False,50,False,False,False
EQP-2BC83367,UNIT-1167,drill_rig,Sandvik,2023,underground,south_africa,3943,2022-12-05,overhaul,compressor,general_component,major,12.1,31914.63,318.0,major_overhaul,True,80,True,False,False
EQP-05208EDC,UNIT-2178,loader,Komatsu,2014,processing_plant,drc,40569,2022-05-24,breakdown,engine,turbo,major,15.6,30594.95,1335.0,corrective,False,51,False,False,False
EQP-E99D5CF9,UNIT-2867,haul_truck,Komatsu,2015,underground,zambia,36234,2022-10-29,breakdown,tires,front_left,major,12.1,49767.88,1117.0,corrective,False,5,False,False,True
EQP-0F43EBDF,UNIT-1465,excavator,Hitachi,2016,underground,ghana,31115,2021-09-15,scheduled_maintenance,preventive,inspection,routine,3.9,4154.55,482.0,preventive,True,64,False,False,False
EQP-C36A3974,UNIT-7533,loader,Komatsu,2008,underground,tanzania,65754,2020-08-03,breakdown,electrical,wiring,minor,9.8,11402.93,667.0,corrective,False,41,True,False,False
EQP-77B95EC3,UNIT-9507,excavator,Hitachi,2009,open_pit,south_africa,59901,2021-04-06,breakdown,bucket,general_component,major,22.1,52103.03,4253.0,corrective,False,2,True,False,False
EQP-0B40EDE1,UNIT-9867,haul_truck,Caterpillar,2008,underground,south_africa,64193,2021-10-03,condition_based,tires,rear_left,routine,3.5,5259.24,449.0,predictive,False,55,True,False,False
EQP-600058F2,UNIT-3392,drill_rig,Sandvik,2019,underground,botswana,19338,2021-07-22,scheduled_maintenance,preventive,adjustment,routine,2.5,2147.43,109.0,preventive,True,13,True,False,False
EQP-C8B10CAC,UNIT-8097,haul_truck,Hitachi,2011,open_pit,botswana,53106,2022-01-28,inspection,preventive,filter_replace,routine,2.1,2493.96,281.0,preventive,True,4,True,False,True
EQP-8961B120,UNIT-5536,grader,Caterpillar,2019,underground,drc,20571,2022-05-09,breakdown,blade,general_component,major,14.3,35402.18,262.0,corrective,False,73,False,False,False
EQP-428376FC,UNIT-1412,crusher,Sandvik,2014,open_pit,drc,40314,2021-03-29,scheduled_maintenance,preventive,adjustment,routine,11.0,9910.29,1931.0,preventive,True,42,True,False,False
EQP-61E9354A,UNIT-1816,conveyor,FLSmidth,2020,underground,tanzania,14848,2021-11-18,scheduled_maintenance,preventive,filter_replace,minor,5.7,8941.64,2767.0,preventive,True,97,True,False,False
EQP-092DDDCC,UNIT-5929,haul_truck,Belaz,2009,open_pit,drc,61094,2021-05-23,scheduled_maintenance,preventive,filter_replace,routine,4.0,6188.6,419.0,preventive,True,20,False,False,False
EQP-CEC26430,UNIT-4812,crusher,Sandvik,2013,open_pit,south_africa,44756,2022-11-19,scheduled_maintenance,preventive,oil_change,routine,9.7,7461.83,2272.0,preventive,True,46,False,False,False
EQP-F9297D50,UNIT-1075,crusher,FLSmidth,2011,open_pit,south_africa,53014,2022-05-07,scheduled_maintenance,preventive,adjustment,minor,34.3,40275.19,9314.0,preventive,True,103,True,False,False
EQP-DA63F6EC,UNIT-9370,haul_truck,Hitachi,2014,open_pit,south_africa,40037,2023-02-10,scheduled_maintenance,preventive,filter_replace,routine,2.0,7421.97,278.0,preventive,True,51,False,False,False
EQP-F8E4EDB3,UNIT-7572,grader,John Deere,2016,open_pit,tanzania,31925,2022-02-16,breakdown,tires,front_left,major,13.9,24592.58,209.0,corrective,False,53,False,False,False
EQP-F6DE33B6,UNIT-5521,conveyor,Metso,2010,open_pit,zambia,55817,2024-11-28,scheduled_maintenance,preventive,adjustment,minor,2.2,4296.28,850.0,preventive,True,60,False,False,False
EQP-1459E8F7,UNIT-9881,loader,Volvo,2018,underground,ghana,26278,2022-05-22,scheduled_maintenance,preventive,adjustment,minor,10.4,8937.07,733.0,preventive,True,31,False,False,False
EQP-B420E78D,UNIT-9739,excavator,Liebherr,2023,open_pit,south_africa,3457,2023-01-12,scheduled_maintenance,preventive,oil_change,routine,3.2,9519.41,336.0,preventive,True,24,False,False,False
EQP-6B35CF9B,UNIT-9764,haul_truck,Komatsu,2008,processing_plant,south_africa,62813,2022-03-06,breakdown,electrical,wiring,major,18.8,41231.08,2323.0,corrective,False,59,False,False,False
EQP-B13A85AF,UNIT-3329,crusher,Metso,2009,processing_plant,zimbabwe,59626,2023-08-15,inspection,preventive,adjustment,routine,4.9,14131.46,1233.0,preventive,True,117,False,False,False
EQP-8D09AE61,UNIT-8927,loader,Caterpillar,2023,open_pit,tanzania,3466,2022-10-02,breakdown,transmission,torque_converter,minor,10.3,16652.94,759.0,corrective,False,5,True,False,False
EQP-60DE0B49,UNIT-5540,excavator,Hitachi,2018,open_pit,drc,25259,2020-06-25,overhaul,engine,head_gasket,major,34.0,75404.61,3564.0,major_overhaul,True,38,True,False,True
EQP-09FDA1CD,UNIT-7533,haul_truck,Hitachi,2022,open_pit,tanzania,6644,2023-08-05,breakdown,electrical,wiring,critical,64.7,165050.21,7598.0,corrective,False,106,False,False,False
EQP-27F4A3F6,UNIT-8734,loader,Caterpillar,2019,open_pit,ghana,19438,2023-09-30,overhaul,electrical,starter,major,20.5,38254.16,1131.0,major_overhaul,True,167,False,True,False
EQP-0FB15761,UNIT-2469,haul_truck,Caterpillar,2019,open_pit,zambia,20190,2021-12-25,scheduled_maintenance,preventive,adjustment,routine,1.8,3424.59,196.0,preventive,True,140,False,False,False
EQP-722DCFDA,UNIT-5033,excavator,Hitachi,2010,underground,drc,57268,2022-07-05,scheduled_maintenance,preventive,inspection,routine,3.3,7835.38,593.0,preventive,True,1,False,True,False
EQP-A209A8C1,UNIT-2159,conveyor,FLSmidth,2016,underground,south_africa,32713,2020-01-20,breakdown,roller,general_component,minor,4.0,8040.67,1227.0,corrective,False,179,False,False,False
EQP-969B903D,UNIT-3515,haul_truck,Komatsu,2013,open_pit,drc,45619,2024-04-08,overhaul,engine,injector,major,15.1,53905.09,2173.0,major_overhaul,True,66,True,False,True
EQP-04F4BC54,UNIT-4721,haul_truck,Komatsu,2021,underground,tanzania,12345,2023-11-02,breakdown,tires,front_right,major,21.3,50202.14,2729.0,corrective,False,191,False,False,False
EQP-603EDC86,UNIT-8698,haul_truck,Hitachi,2008,open_pit,south_africa,63796,2024-10-13,condition_based,tires,front_right,minor,11.5,21801.61,1085.0,predictive,False,68,False,False,False
EQP-B698944A,UNIT-8763,grader,Komatsu,2008,processing_plant,drc,64855,2022-12-14,breakdown,electrical,battery,minor,5.4,9896.9,66.0,corrective,False,188,False,False,False
EQP-F4933014,UNIT-4508,excavator,Caterpillar,2016,processing_plant,tanzania,30632,2021-02-18,scheduled_maintenance,preventive,adjustment,minor,6.1,34725.03,656.0,preventive,True,180,False,False,False
EQP-0027EFEF,UNIT-3962,crusher,Metso,2023,open_pit,tanzania,2290,2021-06-05,condition_based,motor,general_component,routine,5.4,3781.8,1518.0,predictive,False,67,False,True,False
EQP-4CCA2B31,UNIT-5775,pump,Metso,2023,underground,drc,4976,2024-07-29,scheduled_maintenance,preventive,filter_replace,minor,5.2,7415.65,276.0,preventive,True,17,False,False,True
EQP-7239F70E,UNIT-9205,crusher,Sandvik,2017,processing_plant,south_africa,28210,2020-03-18,scheduled_maintenance,preventive,oil_change,routine,5.2,9293.96,1269.0,preventive,True,8,False,False,False
EQP-1E51BED3,UNIT-9787,conveyor,Metso,2014,open_pit,tanzania,40964,2023-04-23,condition_based,motor,general_component,routine,1.7,1518.43,744.0,predictive,False,31,False,True,False
EQP-3E8C97BF,UNIT-3040,conveyor,Metso,2012,open_pit,south_africa,47147,2020-05-02,scheduled_maintenance,preventive,oil_change,routine,1.3,1281.95,408.0,preventive,True,12,True,False,False
EQP-66B55855,UNIT-2678,excavator,Hitachi,2023,underground,ghana,5284,2023-08-23,breakdown,undercarriage,general_component,minor,11.1,25968.51,1532.0,corrective,False,12,False,False,False
EQP-87F474A9,UNIT-7360,conveyor,FLSmidth,2010,open_pit,south_africa,56670,2022-11-12,scheduled_maintenance,preventive,inspection,minor,4.9,4152.46,1585.0,preventive,True,5,False,False,False
EQP-8D7A7FDF,UNIT-3712,pump,Weir,2010,open_pit,drc,55968,2022-04-30,condition_based,casing,general_component,routine,1.2,1195.71,108.0,predictive,False,23,False,False,False
EQP-2604F159,UNIT-2797,loader,Komatsu,2016,underground,zambia,32207,2023-06-14,breakdown,electrical,wiring,minor,13.1,13168.06,1307.0,corrective,False,112,False,False,False
EQP-213040E3,UNIT-1279,drill_rig,Sandvik,2014,open_pit,tanzania,40346,2021-09-30,scheduled_maintenance,preventive,inspection,routine,1.4,2175.96,69.0,preventive,True,41,False,False,False
EQP-6CE492C5,UNIT-4628,excavator,Caterpillar,2015,open_pit,drc,35143,2022-10-29,breakdown,hydraulics,cylinder,critical,96.4,163658.12,10310.0,corrective,False,39,True,False,True
EQP-7D781868,UNIT-4526,grader,Komatsu,2022,processing_plant,botswana,7614,2023-12-11,overhaul,blade,general_component,major,22.8,36645.1,383.0,major_overhaul,True,39,False,False,False
EQP-4702C9AC,UNIT-6066,haul_truck,Caterpillar,2012,open_pit,zambia,48331,2022-04-05,scheduled_maintenance,preventive,adjustment,routine,2.0,6601.05,238.0,preventive,True,21,False,False,False
EQP-1F2479F9,UNIT-2801,loader,Caterpillar,2022,underground,zambia,7574,2020-02-09,scheduled_maintenance,preventive,inspection,minor,10.5,14732.13,1013.0,preventive,True,1,True,False,False
EQP-D18777A0,UNIT-7428,excavator,Liebherr,2011,underground,south_africa,50530,2024-11-24,inspection,preventive,adjustment,routine,4.7,3851.69,742.0,preventive,True,29,False,False,False
EQP-C585E532,UNIT-7119,crusher,Metso,2013,open_pit,south_africa,44294,2022-08-31,condition_based,liner,general_component,minor,15.2,35266.91,3323.0,predictive,False,1,False,False,False
EQP-B5854E00,UNIT-5160,loader,Komatsu,2008,underground,zambia,64836,2022-02-12,breakdown,electrical,alternator,minor,10.4,22661.53,753.0,corrective,False,18,True,False,False
EQP-274207DF,UNIT-2631,drill_rig,Caterpillar,2018,underground,zimbabwe,25068,2020-05-12,scheduled_maintenance,preventive,filter_replace,minor,4.5,16690.97,209.0,preventive,True,206,False,False,False
EQP-95A30270,UNIT-5562,haul_truck,Belaz,2021,open_pit,south_africa,12532,2020-06-11,scheduled_maintenance,preventive,inspection,minor,10.0,25670.11,1254.0,preventive,True,56,False,False,False
EQP-0062C737,UNIT-7072,loader,Volvo,2022,underground,drc,8818,2021-04-03,scheduled_maintenance,preventive,inspection,routine,3.7,4573.17,199.0,preventive,True,96,False,False,False
EQP-7ED180C3,UNIT-4354,excavator,Komatsu,2010,processing_plant,ghana,56987,2024-07-19,scheduled_maintenance,preventive,filter_replace,minor,10.9,31720.36,2108.0,preventive,True,16,False,False,False
EQP-F2FFFD19,UNIT-3371,excavator,Liebherr,2020,processing_plant,drc,16079,2023-07-29,scheduled_maintenance,preventive,inspection,routine,5.1,3197.02,856.0,preventive,True,7,False,False,False
EQP-6D45134D,UNIT-5558,drill_rig,Sandvik,2010,open_pit,south_africa,53881,2022-01-13,breakdown,rotation,general_component,major,15.6,30405.4,450.0,corrective,False,59,False,True,False
EQP-8DAD01C4,UNIT-4196,drill_rig,Sandvik,2018,open_pit,south_africa,25159,2023-09-20,breakdown,hydraulics,valve,major,10.9,44958.84,400.0,corrective,False,7,True,False,True
EQP-5DDBC577,UNIT-4604,crusher,Metso,2019,underground,ghana,19106,2021-12-06,breakdown,shaft,general_component,major,36.9,75954.62,6922.0,corrective,False,110,False,False,False
EQP-DC63F3EE,UNIT-4139,haul_truck,Hitachi,2010,processing_plant,tanzania,54869,2024-05-19,breakdown,electrical,sensors,minor,6.0,9191.1,716.0,corrective,False,86,True,False,False
EQP-30421602,UNIT-3730,drill_rig,Caterpillar,2009,processing_plant,tanzania,58896,2021-08-11,scheduled_maintenance,preventive,inspection,routine,2.8,4385.64,109.0,preventive,True,1,False,False,False
EQP-AF365A2D,UNIT-7450,grader,Komatsu,2009,open_pit,south_africa,62484,2023-07-11,breakdown,hydraulics,cylinder,major,16.8,34738.09,331.0,corrective,False,73,False,False,False
EQP-50A19A9D,UNIT-5141,haul_truck,Belaz,2019,processing_plant,south_africa,20440,2022-02-24,breakdown,tires,front_left,major,14.4,37115.88,1140.0,corrective,False,80,False,False,False
EQP-CAA2E0B7,UNIT-5198,drill_rig,Sandvik,2017,open_pit,drc,26958,2023-04-29,inspection,preventive,filter_replace,routine,1.9,3112.48,69.0,preventive,True,58,False,False,False
EQP-43BE6715,UNIT-6877,crusher,FLSmidth,2009,open_pit,ghana,59316,2020-12-01,scheduled_maintenance,preventive,oil_change,routine,7.6,3500.4,1348.0,preventive,True,26,False,False,False
EQP-68D4E053,UNIT-4251,grader,Komatsu,2016,underground,tanzania,31999,2024-08-28,inspection,preventive,inspection,minor,7.6,5782.24,78.0,preventive,True,205,False,False,False
EQP-74C3F979,UNIT-1909,conveyor,FLSmidth,2020,open_pit,drc,16542,2021-05-30,overhaul,belt,general_component,major,8.7,13858.96,3868.0,major_overhaul,True,77,False,False,False
EQP-4C94ECAA,UNIT-8672,loader,Caterpillar,2011,underground,tanzania,52279,2022-08-25,scheduled_maintenance,preventive,inspection,minor,8.0,18672.12,703.0,preventive,True,9,False,False,False
EQP-AE77270C,UNIT-1501,haul_truck,Caterpillar,2017,open_pit,south_africa,27071,2023-05-22,condition_based,engine,injector,routine,2.3,3329.64,334.0,predictive,False,42,False,False,True
EQP-3BA51226,UNIT-6146,excavator,Liebherr,2012,underground,botswana,48317,2023-03-22,breakdown,engine,cooling_system,major,32.4,88628.75,5146.0,corrective,False,28,True,True,False
EQP-3206C95B,UNIT-3392,pump,Weir,2012,processing_plant,zimbabwe,47388,2022-09-25,condition_based,bearing,general_component,routine,1.6,437.67,100.0,predictive,False,100,False,True,True
EQP-E2326194,UNIT-2924,grader,John Deere,2014,open_pit,zimbabwe,41046,2024-04-11,scheduled_maintenance,preventive,inspection,routine,3.2,813.84,44.0,preventive,True,88,False,False,False
EQP-E6A7D5E3,UNIT-1377,conveyor,ThyssenKrupp,2013,underground,botswana,44056,2024-10-11,condition_based,pulley,general_component,routine,1.0,1099.59,401.0,predictive,False,29,False,False,False
EQP-12260AC4,UNIT-9099,drill_rig,Epiroc,2015,underground,drc,35240,2023-10-06,breakdown,compressor,general_component,minor,9.0,15964.23,366.0,corrective,False,57,False,False,True
EQP-F1ABF094,UNIT-4862,drill_rig,Sandvik,2011,open_pit,south_africa,52688,2020-11-28,overhaul,compressor,general_component,major,9.8,48546.2,255.0,major_overhaul,True,12,True,False,False
EQP-A9C2B2E0,UNIT-4083,haul_truck,Komatsu,2014,underground,drc,40383,2023-10-17,scheduled_maintenance,preventive,filter_replace,routine,3.2,3392.65,459.0,preventive,True,61,False,False,False
EQP-FB543D47,UNIT-7670,grader,Caterpillar,2017,underground,tanzania,27525,2022-06-25,condition_based,transmission,clutch,minor,9.9,10682.95,191.0,predictive,False,14,False,False,False
EQP-FC26D231,UNIT-1350,loader,Caterpillar,2014,open_pit,tanzania,40730,2022-08-24,overhaul,hydraulics,pump,major,19.0,25488.57,1709.0,major_overhaul,True,93,True,False,True
EQP-960B36FF,UNIT-6080,drill_rig,Caterpillar,2018,processing_plant,drc,24629,2024-08-21,inspection,preventive,adjustment,routine,1.3,1005.05,41.0,preventive,True,188,True,False,False
EQP-16E43B5A,UNIT-5450,excavator,Komatsu,2009,open_pit,zimbabwe,61201,2022-08-08,scheduled_maintenance,preventive,oil_change,routine,5.1,2126.07,688.0,preventive,True,15,False,True,False
EQP-A4820A1A,UNIT-5980,excavator,Hitachi,2010,open_pit,south_africa,56710,2024-03-11,scheduled_maintenance,preventive,adjustment,routine,4.4,2778.62,749.0,preventive,True,10,False,False,False
EQP-6C393959,UNIT-2115,haul_truck,Hitachi,2021,open_pit,south_africa,11786,2023-03-13,scheduled_maintenance,preventive,inspection,routine,3.9,6746.09,382.0,preventive,True,63,False,False,False
EQP-79EA984C,UNIT-9571,crusher,Sandvik,2015,underground,zambia,34309,2020-06-06,scheduled_maintenance,preventive,inspection,routine,10.0,10696.72,2082.0,preventive,True,1,False,False,False
EQP-DB194B1D,UNIT-3145,conveyor,FLSmidth,2017,processing_plant,drc,28186,2023-06-14,scheduled_maintenance,preventive,adjustment,minor,5.7,9237.34,2377.0,preventive,True,94,False,False,False
EQP-C7DFA65A,UNIT-7105,haul_truck,Caterpillar,2019,open_pit,south_africa,20341,2022-06-09,condition_based,electrical,battery,minor,9.1,26285.2,706.0,predictive,False,205,False,False,False
EQP-6003149A,UNIT-7723,conveyor,FLSmidth,2010,open_pit,zimbabwe,56051,2022-09-09,inspection,preventive,filter_replace,minor,4.0,8238.19,1138.0,preventive,True,50,False,False,False
EQP-79D2BB17,UNIT-4095,pump,KSB,2023,open_pit,drc,989,2021-06-28,scheduled_maintenance,preventive,adjustment,minor,5.8,4122.23,300.0,preventive,True,255,False,False,False
EQP-D9996213,UNIT-2176,haul_truck,Caterpillar,2014,underground,drc,40678,2020-11-29,breakdown,tires,front_left,minor,10.6,10515.34,1006.0,corrective,False,16,True,False,False
EQP-4378B61C,UNIT-3669,drill_rig,Sandvik,2022,open_pit,south_africa,7087,2023-09-01,condition_based,compressor,general_component,minor,3.2,6550.46,118.0,predictive,False,52,False,False,False
EQP-59906DDC,UNIT-8261,drill_rig,Caterpillar,2014,open_pit,south_africa,40685,2021-03-23,scheduled_maintenance,preventive,adjustment,routine,2.2,1100.05,101.0,preventive,True,42,True,False,False
EQP-879A44CC,UNIT-9157,haul_truck,Belaz,2014,open_pit,zimbabwe,41700,2020-06-16,inspection,preventive,filter_replace,minor,5.2,11499.93,460.0,preventive,True,102,False,False,False
EQP-F1516F24,UNIT-9431,conveyor,FLSmidth,2017,open_pit,tanzania,27747,2022-06-06,condition_based,gearbox,general_component,routine,1.9,538.28,645.0,predictive,False,20,False,True,False
EQP-8B6891C6,UNIT-3036,conveyor,ThyssenKrupp,2011,underground,south_africa,52438,2023-07-05,scheduled_maintenance,preventive,inspection,routine,1.6,1875.61,404.0,preventive,True,34,False,True,False
EQP-690C5117,UNIT-6458,haul_truck,Caterpillar,2017,underground,tanzania,28032,2021-01-02,scheduled_maintenance,preventive,adjustment,routine,2.7,3833.07,296.0,preventive,True,14,False,False,True
EQP-53BB21C3,UNIT-2359,haul_truck,Hitachi,2023,open_pit,tanzania,4525,2021-10-13,inspection,preventive,filter_replace,routine,3.9,4668.94,300.0,preventive,True,13,False,False,False
EQP-7AE54AA7,UNIT-7392,loader,Volvo,2018,open_pit,tanzania,24103,2022-02-01,scheduled_maintenance,preventive,oil_change,routine,3.0,3498.47,198.0,preventive,True,46,False,False,False
EQP-552FF776,UNIT-4742,excavator,Komatsu,2009,open_pit,zambia,59483,2024-07-20,breakdown,engine,cooling_system,minor,11.3,18502.95,2069.0,corrective,False,82,False,False,True
EQP-F99B74C5,UNIT-7421,conveyor,FLSmidth,2019,underground,ghana,19095,2020-09-21,scheduled_maintenance,preventive,oil_change,routine,1.3,729.06,629.0,preventive,True,32,False,True,False
EQP-16FBCF9D,UNIT-7165,conveyor,Metso,2008,open_pit,tanzania,65590,2024-07-10,breakdown,pulley,general_component,major,6.8,18134.42,2324.0,corrective,False,17,False,False,False
EQP-D4F557D5,UNIT-9934,loader,Komatsu,2009,open_pit,drc,60438,2020-09-20,overhaul,hydraulics,hose,major,17.2,55094.81,1103.0,major_overhaul,True,24,False,False,True
EQP-A2F92B0B,UNIT-5397,crusher,Sandvik,2012,underground,south_africa,48830,2022-11-06,breakdown,liner,general_component,major,57.3,127473.28,15115.0,corrective,False,3,True,False,False
EQP-DB6F6966,UNIT-4073,loader,Volvo,2012,open_pit,drc,48399,2024-02-26,scheduled_maintenance,preventive,filter_replace,routine,2.2,5671.06,187.0,preventive,True,17,False,False,False
EQP-8F49B4DA,UNIT-5740,conveyor,Metso,2008,underground,drc,64975,2024-06-15,overhaul,pulley,general_component,major,11.6,15339.66,3997.0,major_overhaul,True,107,False,False,False
EQP-C7E72046,UNIT-2465,drill_rig,Epiroc,2008,open_pit,drc,63104,2022-09-03,breakdown,compressor,general_component,minor,5.0,17685.58,238.0,corrective,False,123,False,False,False
EQP-23C549C7,UNIT-2005,excavator,Hitachi,2020,open_pit,tanzania,16083,2022-06-06,breakdown,undercarriage,general_component,major,23.8,83353.95,3460.0,corrective,False,5,False,False,False
EQP-0374250D,UNIT-5671,excavator,Liebherr,2015,underground,drc,36505,2023-11-05,breakdown,bucket,general_component,major,20.5,96580.27,3969.0,corrective,False,2,False,False,False
EQP-05405425,UNIT-8427,drill_rig,Sandvik,2011,open_pit,ghana,53292,2024-06-25,overhaul,hydraulics,valve,major,12.2,28632.92,575.0,major_overhaul,True,12,True,False,False
EQP-07173C9C,UNIT-5798,haul_truck,Hitachi,2014,open_pit,botswana,42673,2020-01-21,overhaul,transmission,gearbox,major,20.3,66163.36,2966.0,major_overhaul,True,37,True,False,False
EQP-18599566,UNIT-8036,drill_rig,Caterpillar,2019,processing_plant,south_africa,20407,2021-04-16,scheduled_maintenance,preventive,inspection,minor,8.7,12622.37,241.0,preventive,True,14,False,False,False
EQP-7CD12C86,UNIT-2601,excavator,Hitachi,2019,open_pit,south_africa,19338,2021-05-29,condition_based,hydraulics,pump,routine,3.1,5493.92,393.0,predictive,False,27,False,False,True
EQP-070BC03C,UNIT-5044,haul_truck,Komatsu,2012,processing_plant,tanzania,46804,2024-02-09,condition_based,electrical,alternator,routine,2.0,4294.53,206.0,predictive,False,67,False,False,False
EQP-5B3C92E8,UNIT-6517,excavator,Caterpillar,2010,open_pit,botswana,55095,2020-02-01,breakdown,electrical,wiring,minor,7.7,22977.51,1342.0,corrective,False,113,False,False,False
EQP-D7BF3983,UNIT-4128,loader,Caterpillar,2023,processing_plant,zimbabwe,3225,2020-08-13,breakdown,electrical,sensors,major,23.6,55574.38,1527.0,corrective,False,343,False,False,False
EQP-95802EA0,UNIT-1127,conveyor,Metso,2018,processing_plant,drc,21098,2020-01-07,inspection,preventive,inspection,minor,2.5,9583.1,754.0,preventive,True,4,False,False,False
EQP-E89C1DB4,UNIT-1660,loader,Caterpillar,2023,open_pit,drc,3324,2024-09-11,breakdown,transmission,driveshaft,major,16.3,47867.7,1095.0,corrective,False,28,True,False,False
EQP-E48A4BA5,UNIT-9348,conveyor,FLSmidth,2012,underground,tanzania,48716,2020-02-27,scheduled_maintenance,preventive,filter_replace,minor,5.0,3945.84,1639.0,preventive,True,72,False,False,False
EQP-2A36376A,UNIT-6445,loader,Caterpillar,2009,underground,tanzania,60075,2021-04-22,breakdown,hydraulics,pump,major,26.9,39138.4,2441.0,corrective,False,14,True,False,True
EQP-63BD0FC1,UNIT-3380,loader,Caterpillar,2014,open_pit,south_africa,39741,2022-07-27,scheduled_maintenance,preventive,filter_replace,routine,2.9,2906.84,289.0,preventive,True,113,False,False,False
EQP-65D52DCA,UNIT-3329,haul_truck,Hitachi,2013,open_pit,tanzania,42378,2021-09-19,breakdown,transmission,clutch,major,19.0,60194.35,1858.0,corrective,False,113,False,False,False
EQP-062CEE4D,UNIT-1356,pump,Weir,2019,processing_plant,zambia,21050,2020-06-12,breakdown,seal,general_component,major,10.5,8844.14,552.0,corrective,False,67,False,True,False
EQP-F26C5A6E,UNIT-9502,haul_truck,Caterpillar,2019,underground,south_africa,20511,2022-01-13,breakdown,brakes,general_component,major,12.6,59435.78,1627.0,corrective,False,8,False,True,False
EQP-DE6486F6,UNIT-1974,conveyor,FLSmidth,2009,processing_plant,south_africa,59987,2023-12-08,overhaul,roller,general_component,major,9.8,17002.1,3627.0,major_overhaul,True,6,False,False,False
EQP-791E9128,UNIT-7834,loader,Volvo,2017,processing_plant,south_africa,25797,2021-06-03,breakdown,electrical,wiring,minor,7.9,10698.8,566.0,corrective,False,26,False,False,False
EQP-847F605A,UNIT-3162,excavator,Hitachi,2013,processing_plant,botswana,43509,2022-07-18,scheduled_maintenance,preventive,adjustment,minor,10.9,11905.72,1473.0,preventive,True,86,False,False,False
EQP-6EC5ABA7,UNIT-4020,conveyor,Metso,2017,underground,drc,28433,2022-04-25,scheduled_maintenance,preventive,filter_replace,routine,1.2,605.95,441.0,preventive,True,14,False,False,True
EQP-B02C237B,UNIT-3464,excavator,Caterpillar,2014,underground,zimbabwe,39971,2021-03-17,scheduled_maintenance,preventive,oil_change,routine,5.0,9137.43,568.0,preventive,True,47,False,False,False
EQP-BC73A64D,UNIT-8419,haul_truck,Hitachi,2016,processing_plant,south_africa,32191,2020-01-05,condition_based,brakes,general_component,routine,2.7,4960.36,326.0,predictive,False,63,False,False,False
EQP-D30B2D50,UNIT-1295,haul_truck,Hitachi,2019,underground,tanzania,20685,2024-02-18,scheduled_maintenance,preventive,inspection,minor,10.1,19910.54,1462.0,preventive,True,75,False,False,False
EQP-2679BDCB,UNIT-4170,haul_truck,Komatsu,2012,open_pit,drc,48154,2024-11-23,scheduled_maintenance,preventive,inspection,minor,6.5,7893.79,936.0,preventive,True,21,False,False,False
EQP-1A922F15,UNIT-3513,haul_truck,Belaz,2011,underground,botswana,52649,2022-07-06,scheduled_maintenance,preventive,adjustment,routine,2.9,6125.96,378.0,preventive,True,132,False,False,False
EQP-52D2F9E0,UNIT-3456,conveyor,ThyssenKrupp,2019,open_pit,drc,19156,2024-02-03,inspection,preventive,filter_replace,routine,1.9,921.25,660.0,preventive,True,1,True,True,False
EQP-B36E874B,UNIT-2736,conveyor,ThyssenKrupp,2023,processing_plant,tanzania,2777,2021-09-23,inspection,preventive,filter_replace,routine,1.3,1266.81,624.0,preventive,True,54,False,False,True
EQP-35BF379F,UNIT-9211,drill_rig,Caterpillar,2015,underground,zambia,36477,2024-08-24,breakdown,rotation,general_component,major,14.2,39398.11,589.0,corrective,False,25,False,True,False
EQP-75E8B2E9,UNIT-4407,crusher,FLSmidth,2023,underground,drc,4682,2022-10-19,condition_based,motor,general_component,routine,9.6,4614.35,2165.0,predictive,False,24,False,True,True
EQP-18086C95,UNIT-4763,haul_truck,Caterpillar,2010,open_pit,botswana,56518,2023-12-11,condition_based,electrical,wiring,routine,3.8,6280.17,366.0,predictive,False,140,False,False,False
EQP-E89FDC5D,UNIT-4466,excavator,Hitachi,2021,underground,drc,12131,2023-04-25,inspection,preventive,oil_change,routine,4.7,8682.3,825.0,preventive,True,1,False,False,False
EQP-A86DF234,UNIT-9820,loader,Volvo,2023,open_pit,tanzania,3675,2024-07-20,overhaul,hydraulics,pump,major,24.2,42701.77,2175.0,major_overhaul,True,120,True,False,True
EQP-095541BF,UNIT-4050,grader,Caterpillar,2012,underground,south_africa,48210,2022-10-02,condition_based,hydraulics,hose,minor,10.7,8385.0,167.0,predictive,False,44,False,False,False
EQP-50AC6F98,UNIT-4074,drill_rig,Sandvik,2010,underground,zambia,56379,2024-03-05,scheduled_maintenance,preventive,oil_change,routine,3.0,2007.58,96.0,preventive,True,85,False,False,False
EQP-1E065515,UNIT-3950,haul_truck,Komatsu,2018,open_pit,botswana,24439,2024-08-06,breakdown,transmission,torque_converter,minor,11.2,23789.14,1167.0,corrective,False,107,True,False,False
EQP-11CA4F2E,UNIT-3942,loader,Caterpillar,2021,open_pit,tanzania,14607,2023-09-30,inspection,preventive,inspection,minor,6.2,12130.14,503.0,preventive,True,14,True,False,False
EQP-CBFB5783,UNIT-1807,grader,Komatsu,2009,underground,drc,59079,2021-09-29,inspection,preventive,filter_replace,minor,9.4,13714.29,115.0,preventive,True,75,False,False,False
EQP-88F5A82E,UNIT-6437,drill_rig,Epiroc,2018,open_pit,drc,27225,2020-06-12,breakdown,drill_string,general_component,minor,5.0,15986.66,184.0,corrective,False,21,False,False,False
EQP-708EE9DA,UNIT-1226,haul_truck,Hitachi,2021,processing_plant,tanzania,10743,2022-01-07,scheduled_maintenance,preventive,filter_replace,routine,2.6,3617.57,203.0,preventive,True,241,False,False,False
EQP-BA994E70,UNIT-3033,haul_truck,Belaz,2008,processing_plant,ghana,64385,2023-05-31,breakdown,engine,cooling_system,major,19.7,40299.79,2667.0,corrective,False,75,True,False,False
EQP-7A7347AC,UNIT-2818,conveyor,ThyssenKrupp,2016,underground,botswana,30805,2024-03-25,breakdown,motor,general_component,major,6.9,15366.11,2383.0,corrective,False,58,False,True,False
EQP-169038EE,UNIT-3623,grader,Komatsu,2009,open_pit,ghana,60306,2023-10-16,scheduled_maintenance,preventive,adjustment,routine,3.3,1895.34,48.0,preventive,True,48,False,True,False
EQP-FDB220C6,UNIT-7809,crusher,FLSmidth,2010,open_pit,south_africa,56982,2023-02-21,scheduled_maintenance,preventive,oil_change,routine,6.9,14479.87,1951.0,preventive,True,14,False,False,True
EQP-3A8BFE72,UNIT-6394,excavator,Hitachi,2015,processing_plant,tanzania,36032,2022-08-23,condition_based,hydraulics,filter,minor,15.8,28819.48,2206.0,predictive,False,30,True,False,False
EQP-2246B1B0,UNIT-9916,crusher,Metso,2013,processing_plant,drc,44973,2024-10-05,breakdown,bearing,general_component,minor,20.9,44590.05,4625.0,corrective,False,66,True,False,True
EQP-E97C74D6,UNIT-4160,loader,Volvo,2009,open_pit,ghana,59576,2021-03-14,scheduled_maintenance,preventive,oil_change,routine,2.1,2561.09,136.0,preventive,True,104,False,False,False
EQP-A105C324,UNIT-9355,drill_rig,Sandvik,2020,underground,ghana,13950,2023-11-26,scheduled_maintenance,preventive,adjustment,minor,6.6,10464.32,298.0,preventive,True,106,False,False,False
EQP-16010B2F,UNIT-1404,loader,Caterpillar,2011,open_pit,botswana,52626,2022-09-19,condition_based,engine,head_gasket,minor,12.5,14390.98,898.0,predictive,False,74,False,False,False
EQP-7BF203FC,UNIT-5537,excavator,Hitachi,2021,open_pit,zambia,12030,2022-07-12,breakdown,engine,head_gasket,minor,13.4,39301.39,1986.0,corrective,False,26,True,False,True
EQP-A1E7A346,UNIT-8188,excavator,Komatsu,2010,processing_plant,botswana,55520,2021-12-19,scheduled_maintenance,preventive,inspection,minor,15.3,30027.44,2283.0,preventive,True,81,False,False,False
EQP-23DD4A37,UNIT-5785,conveyor,Metso,2016,processing_plant,ghana,31589,2023-02-16,condition_based,belt,general_component,minor,5.2,3655.4,2179.0,predictive,False,3,True,False,True
EQP-EC584D8C,UNIT-9398,drill_rig,Caterpillar,2019,processing_plant,drc,20406,2024-12-04,condition_based,compressor,general_component,routine,1.3,4963.79,50.0,predictive,False,63,False,False,False
EQP-483A96CF,UNIT-3830,pump,Metso,2015,open_pit,south_africa,35185,2021-12-31,scheduled_maintenance,preventive,filter_replace,routine,0.8,830.87,57.0,preventive,True,55,False,False,False
EQP-DF8666C6,UNIT-1299,drill_rig,Caterpillar,2014,open_pit,drc,40375,2020-07-22,scheduled_maintenance,preventive,oil_change,minor,4.3,14325.93,178.0,preventive,True,25,False,False,False
EQP-B6FDC796,UNIT-7964,excavator,Liebherr,2020,processing_plant,south_africa,17188,2020-08-17,overhaul,hydraulics,pump,major,22.0,92509.74,3602.0,major_overhaul,True,4,False,False,True
EQP-C474841B,UNIT-1611,excavator,Hitachi,2008,underground,south_africa,66060,2020-11-14,scheduled_maintenance,preventive,inspection,routine,4.4,6926.08,753.0,preventive,True,15,False,False,False
EQP-E16D62CB,UNIT-7882,conveyor,FLSmidth,2021,open_pit,drc,13404,2022-01-02,breakdown,roller,general_component,minor,2.9,9444.41,1065.0,corrective,False,68,False,False,False
EQP-7C59C8F6,UNIT-7600,excavator,Liebherr,2019,underground,zimbabwe,20161,2020-01-08,overhaul,bucket,general_component,major,24.6,90885.7,4872.0,major_overhaul,True,5,False,False,False
EQP-3F6983CA,UNIT-8597,crusher,Metso,2020,open_pit,drc,16257,2021-05-21,inspection,preventive,inspection,routine,8.1,3420.08,1914.0,preventive,True,164,False,False,False
EQP-8C23752E,UNIT-5309,excavator,Liebherr,2014,underground,drc,39599,2023-06-05,breakdown,electrical,alternator,minor,13.2,30604.45,2373.0,corrective,False,82,False,False,False
EQP-DBA37A5C,UNIT-9058,excavator,Hitachi,2014,processing_plant,drc,39534,2023-05-05,inspection,preventive,filter_replace,minor,18.0,31625.56,2638.0,preventive,True,225,False,False,False
EQP-0C68BFED,UNIT-2528,conveyor,Metso,2017,open_pit,drc,28872,2023-04-19,breakdown,belt,general_component,minor,4.8,5288.51,1604.0,corrective,False,60,False,False,False
EQP-FBA5B9AB,UNIT-4908,haul_truck,Caterpillar,2018,open_pit,tanzania,23692,2023-04-19,inspection,preventive,filter_replace,routine,2.2,6957.19,252.0,preventive,True,83,False,False,False
EQP-2D8C65FC,UNIT-2096,crusher,FLSmidth,2022,underground,tanzania,8366,2020-05-16,scheduled_maintenance,preventive,adjustment,routine,7.3,12611.05,1727.0,preventive,True,16,True,False,True
EQP-F9827DE9,UNIT-7901,drill_rig,Caterpillar,2021,underground,tanzania,11037,2024-08-14,scheduled_maintenance,preventive,oil_change,minor,3.3,10506.07,108.0,preventive,True,19,False,False,True
EQP-17594E77,UNIT-7427,drill_rig,Caterpillar,2008,open_pit,south_africa,65370,2021-06-19,overhaul,drill_string,general_component,major,12.8,26692.49,561.0,major_overhaul,True,4,False,False,False
EQP-42A26A10,UNIT-8256,crusher,Metso,2010,open_pit,drc,55677,2020-05-23,inspection,preventive,inspection,routine,9.0,5550.98,1927.0,preventive,True,2,False,False,False
EQP-0DCD0A7A,UNIT-7878,loader,Volvo,2023,underground,tanzania,5087,2024-01-01,breakdown,electrical,alternator,major,29.2,31939.41,2424.0,corrective,False,14,False,False,False
EQP-10F88FBD,UNIT-3775,loader,Volvo,2014,open_pit,botswana,39296,2022-04-21,condition_based,electrical,starter,routine,2.8,4028.27,180.0,predictive,False,3,False,True,True
EQP-715760D4,UNIT-1612,excavator,Liebherr,2017,underground,drc,27243,2021-09-15,condition_based,engine,injector,minor,8.9,29283.01,1321.0,predictive,False,74,True,False,True
EQP-28E63B38,UNIT-9362,excavator,Komatsu,2008,underground,drc,65328,2021-12-18,scheduled_maintenance,preventive,filter_replace,routine,2.5,3191.0,338.0,preventive,True,4,False,False,False
EQP-70713EF7,UNIT-5434,crusher,Sandvik,2009,open_pit,zimbabwe,59373,2022-11-15,breakdown,hydraulics,pump,critical,168.5,396838.58,35863.0,corrective,False,14,False,False,False
EQP-2033E227,UNIT-1848,conveyor,FLSmidth,2014,underground,botswana,38432,2022-08-07,breakdown,motor,general_component,major,12.0,13754.25,5028.0,corrective,False,43,True,True,True
EQP-3CC26B4F,UNIT-9342,conveyor,Metso,2019,underground,drc,18960,2020-01-25,overhaul,roller,general_component,major,8.2,23656.12,2371.0,major_overhaul,True,9,False,False,False
EQP-12C34054,UNIT-9947,conveyor,FLSmidth,2020,underground,south_africa,16856,2020-08-03,scheduled_maintenance,preventive,inspection,routine,1.4,2212.61,436.0,preventive,True,60,False,True,True
EQP-72FE01D1,UNIT-5009,loader,Caterpillar,2022,underground,tanzania,8760,2024-09-01,scheduled_maintenance,preventive,filter_replace,routine,2.2,1755.0,150.0,preventive,True,18,False,False,False
EQP-F299DE02,UNIT-7930,haul_truck,Caterpillar,2011,open_pit,zimbabwe,51237,2022-06-03,scheduled_maintenance,preventive,adjustment,routine,3.0,3013.72,286.0,preventive,True,146,True,False,False
EQP-5E0E88A4,UNIT-1326,conveyor,Metso,2011,open_pit,south_africa,51368,2024-11-14,breakdown,motor,general_component,major,7.3,24167.77,2143.0,corrective,False,16,False,False,False
EQP-F34DFF17,UNIT-1839,haul_truck,Komatsu,2016,open_pit,ghana,32673,2023-03-28,breakdown,brakes,general_component,minor,4.1,14227.13,559.0,corrective,False,46,False,False,False
EQP-11DD2954,UNIT-3488,drill_rig,Sandvik,2016,open_pit,zambia,33315,2023-08-20,breakdown,compressor,general_component,major,15.2,44474.79,442.0,corrective,False,87,False,False,True
EQP-A1EB0546,UNIT-6905,crusher,FLSmidth,2008,open_pit,zimbabwe,63931,2021-07-18,breakdown,liner,general_component,minor,15.5,17270.89,3817.0,corrective,False,56,True,False,False
EQP-9B09AAD0,UNIT-2200,drill_rig,Caterpillar,2015,open_pit,tanzania,36554,2024-02-17,inspection,preventive,oil_change,routine,1.4,2551.19,51.0,preventive,True,9,False,False,False
EQP-48F552C1,UNIT-1307,excavator,Liebherr,2022,underground,south_africa,8873,2023-03-16,breakdown,engine,turbo,major,22.1,76887.73,2571.0,corrective,False,72,True,True,False
EQP-34689D70,UNIT-7018,grader,Caterpillar,2010,open_pit,south_africa,58153,2023-09-15,breakdown,tires,front_right,minor,5.1,8794.54,66.0,corrective,False,19,False,False,False
EQP-48233C98,UNIT-7930,loader,Caterpillar,2021,processing_plant,zimbabwe,10844,2021-04-23,scheduled_maintenance,preventive,inspection,minor,11.2,20231.71,621.0,preventive,True,40,False,False,False
EQP-88DB73AB,UNIT-7652,conveyor,FLSmidth,2015,underground,south_africa,35331,2022-11-21,inspection,preventive,filter_replace,routine,1.1,2459.84,301.0,preventive,True,68,False,False,False
EQP-D02FFC8B,UNIT-8192,pump,KSB,2016,open_pit,drc,31493,2021-10-26,breakdown,seal,general_component,major,10.0,14162.39,679.0,corrective,False,41,False,False,False
EQP-B5904DA5,UNIT-8224,drill_rig,Sandvik,2018,underground,drc,24827,2024-06-24,breakdown,rotation,general_component,critical,40.9,119544.74,1795.0,corrective,False,56,False,False,True
EQP-F68D2522,UNIT-6421,loader,Volvo,2019,open_pit,ghana,19748,2024-06-21,condition_based,tires,front_left,routine,3.1,4581.65,217.0,predictive,False,37,False,False,False
EQP-E68D231B,UNIT-5674,haul_truck,Komatsu,2018,processing_plant,tanzania,24312,2021-09-27,scheduled_maintenance,preventive,filter_replace,minor,5.5,24458.36,647.0,preventive,True,89,False,False,False
EQP-2A7C2559,UNIT-8710,excavator,Liebherr,2009,processing_plant,south_africa,60121,2020-02-15,scheduled_maintenance,preventive,adjustment,routine,4.8,2478.38,542.0,preventive,True,85,False,False,False
EQP-BFAA38CA,UNIT-4131,excavator,Caterpillar,2012,processing_plant,tanzania,48001,2021-03-25,breakdown,bucket,general_component,minor,12.3,23127.68,2314.0,corrective,False,25,False,False,False
EQP-6059C2D5,UNIT-1880,haul_truck,Komatsu,2021,underground,zambia,12107,2021-05-06,inspection,preventive,adjustment,routine,3.3,4498.46,329.0,preventive,True,22,False,False,True
EQP-F4080B38,UNIT-7766,drill_rig,Epiroc,2008,processing_plant,drc,65029,2020-02-04,scheduled_maintenance,preventive,inspection,minor,6.0,9611.25,178.0,preventive,True,25,False,False,False
EQP-33C874FC,UNIT-3483,haul_truck,Caterpillar,2019,underground,tanzania,19029,2024-08-11,inspection,preventive,adjustment,routine,3.5,6054.52,355.0,preventive,True,121,False,False,False
EQP-5F916E79,UNIT-9808,conveyor,ThyssenKrupp,2016,processing_plant,south_africa,31851,2022-04-18,overhaul,belt,general_component,major,9.3,23304.69,4579.0,major_overhaul,True,176,False,False,False
EQP-37A07029,UNIT-4727,haul_truck,Belaz,2009,open_pit,tanzania,58784,2020-09-21,condition_based,hydraulics,hose,routine,3.6,6572.02,440.0,predictive,False,55,False,False,True
EQP-2F94B2DE,UNIT-8665,haul_truck,Hitachi,2009,processing_plant,south_africa,60226,2023-01-02,breakdown,brakes,general_component,minor,8.4,21760.09,706.0,corrective,False,4,False,False,False
EQP-DEF6F75A,UNIT-1382,pump,Metso,2023,underground,botswana,3804,2021-12-16,condition_based,impeller,general_component,routine,2.0,1670.72,116.0,predictive,False,204,False,False,False
EQP-5D629B9C,UNIT-6932,crusher,Sandvik,2008,open_pit,south_africa,65069,2020-11-10,scheduled_maintenance,preventive,adjustment,routine,10.9,5791.53,2882.0,preventive,True,304,False,False,False
EQP-55AE3AF2,UNIT-5033,grader,John Deere,2008,processing_plant,zambia,63995,2022-03-28,breakdown,blade,general_component,major,15.0,16616.31,277.0,corrective,False,11,True,False,False
EQP-C4EB3C6C,UNIT-5162,drill_rig,Epiroc,2008,underground,south_africa,63556,2022-12-13,breakdown,drill_string,general_component,minor,7.4,12701.83,200.0,corrective,False,12,False,False,False
EQP-6C7C0D18,UNIT-3386,haul_truck,Belaz,2018,processing_plant,drc,23753,2023-03-20,breakdown,engine,turbo,major,13.6,48449.45,1320.0,corrective,False,18,False,False,True
EQP-EE0BE928,UNIT-9739,conveyor,FLSmidth,2022,open_pit,south_africa,9723,2021-02-09,overhaul,gearbox,general_component,major,11.5,23225.71,3011.0,major_overhaul,True,3,False,False,False
EQP-5BD2E25D,UNIT-4534,conveyor,Metso,2010,underground,south_africa,54429,2023-01-06,condition_based,motor,general_component,minor,3.4,8418.29,956.0,predictive,False,20,True,True,False
EQP-83A7DD29,UNIT-8653,haul_truck,Komatsu,2020,underground,south_africa,15372,2023-11-27,condition_based,engine,head_gasket,minor,7.8,16091.67,666.0,predictive,False,39,False,True,True
EQP-2DD217D8,UNIT-4825,grader,Komatsu,2019,open_pit,south_africa,20036,2023-02-02,condition_based,electrical,battery,routine,1.6,855.78,23.0,predictive,False,12,False,False,False
EQP-2CCEFEAA,UNIT-1434,conveyor,FLSmidth,2011,underground,zimbabwe,51363,2024-09-08,scheduled_maintenance,preventive,adjustment,routine,1.8,1049.75,456.0,preventive,True,24,False,False,False
EQP-336F8210,UNIT-8913,loader,Caterpillar,2009,underground,drc,60490,2024-08-19,inspection,preventive,inspection,routine,4.8,2930.11,411.0,preventive,True,40,False,False,False
EQP-5FDB8D0B,UNIT-2665,drill_rig,Caterpillar,2015,open_pit,south_africa,35943,2022-06-10,breakdown,hydraulics,pump,minor,5.8,15137.54,203.0,corrective,False,84,False,False,False
EQP-9D57F77F,UNIT-3432,conveyor,ThyssenKrupp,2009,underground,botswana,60255,2021-12-08,breakdown,belt,general_component,critical,17.3,92745.79,6061.0,corrective,False,31,False,False,False
EQP-54A48A36,UNIT-8749,excavator,Komatsu,2009,open_pit,zambia,60117,2022-04-03,scheduled_maintenance,preventive,oil_change,minor,14.3,16628.61,2806.0,preventive,True,5,False,False,False
EQP-7B101A4B,UNIT-9042,pump,KSB,2015,processing_plant,ghana,35896,2022-05-31,inspection,preventive,filter_replace,routine,1.2,1657.46,80.0,preventive,True,18,False,True,False
EQP-338DEE0B,UNIT-9249,drill_rig,Caterpillar,2021,processing_plant,drc,10709,2020-11-08,inspection,preventive,inspection,routine,2.9,3914.31,75.0,preventive,True,10,False,False,True
EQP-3F05FC20,UNIT-4833,haul_truck,Belaz,2023,open_pit,drc,4176,2024-10-01,overhaul,brakes,general_component,major,15.7,45891.9,1654.0,major_overhaul,True,103,False,False,False
EQP-AF574B9A,UNIT-7811,haul_truck,Komatsu,2018,underground,zambia,22236,2022-10-19,condition_based,electrical,sensors,routine,3.0,1597.01,330.0,predictive,False,56,False,False,True
EQP-C04C9347,UNIT-3949,conveyor,ThyssenKrupp,2012,open_pit,tanzania,47328,2020-08-18,breakdown,roller,general_component,major,6.3,10490.56,2316.0,corrective,False,31,False,False,False
EQP-0E3BC418,UNIT-7662,pump,KSB,2013,open_pit,zambia,44489,2024-06-13,breakdown,casing,general_component,major,11.9,15430.94,871.0,corrective,False,63,False,True,False
EQP-409E903B,UNIT-5522,grader,Komatsu,2017,processing_plant,botswana,29189,2024-09-02,scheduled_maintenance,preventive,filter_replace,routine,3.0,3510.79,40.0,preventive,True,224,False,False,False
EQP-4D563FE9,UNIT-1467,crusher,Sandvik,2010,open_pit,zimbabwe,58349,2022-10-07,condition_based,motor,general_component,routine,11.8,10583.56,2737.0,predictive,False,12,False,False,True
EQP-874E7437,UNIT-4759,pump,Weir,2016,open_pit,botswana,31571,2024-09-02,scheduled_maintenance,preventive,adjustment,routine,1.2,1637.88,112.0,preventive,True,9,False,False,False
EQP-63326A1A,UNIT-5209,crusher,Metso,2020,open_pit,zambia,15134,2024-10-13,breakdown,hydraulics,filter,major,55.0,105257.93,11206.0,corrective,False,26,False,False,False
EQP-61E296D5,UNIT-3316,excavator,Liebherr,2021,underground,zimbabwe,12522,2024-09-12,scheduled_maintenance,preventive,oil_change,minor,6.2,17885.86,952.0,preventive,True,53,False,False,False
EQP-3ECDBD28,UNIT-4369,conveyor,FLSmidth,2008,processing_plant,zimbabwe,65869,2024-10-01,inspection,preventive,adjustment,minor,5.1,2798.2,2356.0,preventive,True,289,False,False,False
EQP-1F8F8DAF,UNIT-5523,haul_truck,Belaz,2012,open_pit,zimbabwe,49532,2020-04-30,breakdown,tires,front_left,minor,5.3,25890.27,556.0,corrective,False,337,False,False,False
EQP-B2D4BFFE,UNIT-1447,haul_truck,Hitachi,2012,open_pit,south_africa,46964,2020-02-25,scheduled_maintenance,preventive,filter_replace,routine,2.6,4345.39,222.0,preventive,True,24,False,False,False
EQP-73D9DA5B,UNIT-2366,drill_rig,Epiroc,2016,open_pit,south_africa,31859,2022-11-05,breakdown,drill_string,general_component,major,15.0,46294.05,537.0,corrective,False,80,False,False,False
EQP-8A4DC522,UNIT-7900,haul_truck,Caterpillar,2010,open_pit,south_africa,56850,2023-09-08,scheduled_maintenance,preventive,adjustment,routine,1.8,3721.13,203.0,preventive,True,20,False,False,False
EQP-1AAFFDB0,UNIT-4167,pump,Metso,2023,open_pit,ghana,4919,2024-02-17,condition_based,seal,general_component,minor,5.1,3655.87,476.0,predictive,False,1,False,False,False
EQP-55D345F1,UNIT-6474,pump,Metso,2022,underground,botswana,8591,2023-03-01,breakdown,impeller,general_component,critical,34.6,60022.88,3206.0,corrective,False,15,False,False,False
EQP-7B1B1734,UNIT-6091,excavator,Caterpillar,2013,underground,zimbabwe,43551,2021-07-18,condition_based,undercarriage,general_component,minor,12.4,28130.4,2193.0,predictive,False,98,True,False,False
EQP-DAB46675,UNIT-5960,crusher,Metso,2014,open_pit,south_africa,40582,2024-08-06,condition_based,bearing,general_component,minor,26.5,46690.84,5496.0,predictive,False,39,False,False,True
EQP-1DC2A2B3,UNIT-4720,drill_rig,Epiroc,2015,underground,drc,36929,2022-11-29,scheduled_maintenance,preventive,filter_replace,routine,1.4,1364.32,45.0,preventive,True,13,False,False,False
EQP-B1E83CC7,UNIT-5349,haul_truck,Caterpillar,2008,underground,south_africa,63067,2023-05-11,inspection,preventive,inspection,minor,7.6,9375.44,822.0,preventive,True,29,False,False,False
EQP-BCB45FE7,UNIT-8414,excavator,Hitachi,2022,open_pit,tanzania,9330,2021-04-06,condition_based,hydraulics,filter,minor,16.1,27127.74,2125.0,predictive,False,139,True,False,False
EQP-A2227ED8,UNIT-9684,haul_truck,Komatsu,2020,open_pit,botswana,16991,2023-09-27,scheduled_maintenance,preventive,filter_replace,routine,1.8,4789.64,267.0,preventive,True,69,False,False,False
EQP-8618F2B0,UNIT-3310,excavator,Komatsu,2013,underground,south_africa,43258,2020-08-21,breakdown,hydraulics,filter,major,35.8,45575.28,3882.0,corrective,False,32,False,False,True
EQP-BCB1F0B2,UNIT-7024,haul_truck,Caterpillar,2016,open_pit,drc,32924,2024-04-15,scheduled_maintenance,preventive,inspection,minor,7.9,17179.27,892.0,preventive,True,27,False,False,False
EQP-AC5AF851,UNIT-9726,haul_truck,Komatsu,2014,processing_plant,botswana,40813,2024-03-14,scheduled_maintenance,preventive,inspection,minor,4.1,21756.13,426.0,preventive,True,18,False,True,False
EQP-3CEABB24,UNIT-1068,haul_truck,Hitachi,2011,processing_plant,zambia,52851,2023-05-13,breakdown,hydraulics,pump,critical,43.0,196956.18,5716.0,corrective,False,70,True,False,True
EQP-0BC2ACE2,UNIT-8061,grader,John Deere,2012,processing_plant,tanzania,49575,2024-11-01,scheduled_maintenance,preventive,inspection,minor,8.0,6238.05,128.0,preventive,True,69,True,False,False
EQP-30309DAC,UNIT-5470,haul_truck,Komatsu,2009,open_pit,ghana,59989,2024-06-26,overhaul,hydraulics,cylinder,major,23.5,71751.56,1869.0,major_overhaul,True,57,False,True,False
EQP-38D949B4,UNIT-9707,excavator,Caterpillar,2020,open_pit,south_africa,16331,2020-05-05,breakdown,hydraulics,cylinder,minor,14.5,11030.88,2426.0,corrective,False,1,True,False,True
EQP-EE0CA463,UNIT-6203,conveyor,ThyssenKrupp,2018,processing_plant,zimbabwe,21361,2021-02-01,condition_based,gearbox,general_component,routine,1.5,1045.15,560.0,predictive,False,197,False,False,False
EQP-257FBFCF,UNIT-8542,excavator,Liebherr,2022,open_pit,south_africa,9115,2020-08-06,scheduled_maintenance,preventive,adjustment,minor,17.6,12026.36,2845.0,preventive,True,45,False,False,False
EQP-AFC86723,UNIT-2493,drill_rig,Caterpillar,2008,open_pit,tanzania,65019,2021-07-31,condition_based,electrical,alternator,routine,1.7,2133.48,46.0,predictive,False,155,False,False,False
EQP-8471A671,UNIT-2278,haul_truck,Komatsu,2018,underground,zimbabwe,25356,2022-11-25,inspection,preventive,filter_replace,minor,7.0,22919.23,793.0,preventive,True,168,False,False,False
EQP-F5A4C48A,UNIT-9338,crusher,Sandvik,2016,open_pit,ghana,31063,2020-09-15,scheduled_maintenance,preventive,adjustment,routine,10.3,3285.7,2361.0,preventive,True,135,False,False,False
EQP-7B3539D0,UNIT-5737,conveyor,Metso,2017,underground,drc,28962,2020-06-04,scheduled_maintenance,preventive,filter_replace,minor,4.4,2790.73,1261.0,preventive,True,102,False,False,False
EQP-509BD8FC,UNIT-6024,crusher,FLSmidth,2023,processing_plant,tanzania,5018,2023-03-05,breakdown,hydraulics,hose,critical,108.8,242635.81,26351.0,corrective,False,41,False,False,True
EQP-E8EA1F9C,UNIT-2529,conveyor,Metso,2014,underground,botswana,39349,2023-02-10,breakdown,motor,general_component,major,10.5,10415.24,5011.0,corrective,False,1,False,True,True
EQP-799C8C0F,UNIT-3040,drill_rig,Epiroc,2010,open_pit,ghana,57055,2021-10-21,scheduled_maintenance,preventive,inspection,minor,4.6,10850.84,118.0,preventive,True,29,True,False,False
EQP-9E2C9E94,UNIT-8363,excavator,Liebherr,2008,processing_plant,tanzania,64463,2023-07-19,breakdown,hydraulics,pump,critical,82.9,169044.44,10386.0,corrective,False,39,True,False,True
EQP-44AB80C9,UNIT-3729,haul_truck,Hitachi,2015,underground,south_africa,34301,2022-12-01,breakdown,transmission,torque_converter,major,22.3,44496.8,2223.0,corrective,False,8,True,False,False
EQP-322B2F0E,UNIT-6256,drill_rig,Caterpillar,2010,open_pit,botswana,56584,2022-01-16,breakdown,compressor,general_component,minor,4.7,17558.21,181.0,corrective,False,30,False,False,False
EQP-6BFB5F3F,UNIT-3848,haul_truck,Komatsu,2010,underground,zimbabwe,55232,2020-05-02,breakdown,brakes,general_component,major,21.1,49449.02,2754.0,corrective,False,6,False,False,False
EQP-65877831,UNIT-3370,excavator,Caterpillar,2010,open_pit,south_africa,54324,2023-09-23,scheduled_maintenance,preventive,filter_replace,minor,16.3,10451.46,2707.0,preventive,True,74,True,False,False
EQP-A2B8E0F6,UNIT-2494,crusher,Metso,2012,open_pit,zimbabwe,48366,2023-01-29,breakdown,liner,general_component,major,47.4,109213.38,10394.0,corrective,False,84,False,False,True
EQP-72327A1D,UNIT-9365,haul_truck,Caterpillar,2009,underground,zimbabwe,59934,2020-07-23,breakdown,tires,rear_left,major,14.4,34922.27,2117.0,corrective,False,106,False,False,False
EQP-7E0759F0,UNIT-9459,haul_truck,Caterpillar,2015,open_pit,zimbabwe,37403,2020-12-04,condition_based,electrical,alternator,minor,10.9,8835.17,1097.0,predictive,False,4,False,False,False
EQP-59914E4C,UNIT-2036,crusher,Sandvik,2018,open_pit,ghana,24181,2021-06-26,condition_based,hydraulics,cylinder,routine,8.2,6927.77,2194.0,predictive,False,39,True,False,False
EQP-55668566,UNIT-4178,excavator,Caterpillar,2012,underground,zimbabwe,48778,2020-11-18,overhaul,engine,turbo,major,23.6,56326.34,4310.0,major_overhaul,True,49,True,False,False
EQP-6D4834D2,UNIT-6074,loader,Caterpillar,2010,open_pit,tanzania,56508,2023-12-24,overhaul,electrical,wiring,major,15.2,28020.87,837.0,major_overhaul,True,7,False,False,False
EQP-74406592,UNIT-4449,grader,John Deere,2017,underground,ghana,29020,2024-08-07,inspection,preventive,adjustment,routine,2.1,1754.99,22.0,preventive,True,179,False,False,False
EQP-5C9B64F1,UNIT-7488,pump,KSB,2009,open_pit,south_africa,59113,2020-06-08,condition_based,impeller,general_component,routine,1.4,1174.5,139.0,predictive,False,45,False,False,False
EQP-BCCCB380,UNIT-3341,drill_rig,Caterpillar,2019,underground,tanzania,20198,2021-03-06,breakdown,hydraulics,valve,minor,8.0,8767.12,272.0,corrective,False,37,False,True,False
EQP-8E7940E8,UNIT-1529,excavator,Caterpillar,2014,processing_plant,zambia,39859,2021-05-28,breakdown,engine,injector,major,27.0,41937.95,4505.0,corrective,False,66,True,False,True
EQP-4CDDE9A6,UNIT-4032,conveyor,ThyssenKrupp,2014,open_pit,drc,40653,2024-11-20,overhaul,roller,general_component,major,7.7,23389.0,1981.0,major_overhaul,True,64,False,False,False
EQP-C5484B47,UNIT-6380,conveyor,FLSmidth,2011,underground,tanzania,52255,2023-01-23,overhaul,roller,general_component,major,11.6,19771.06,5115.0,major_overhaul,True,63,False,False,False
EQP-4B9ED7D2,UNIT-2625,conveyor,FLSmidth,2012,open_pit,south_africa,47385,2024-09-13,scheduled_maintenance,preventive,adjustment,routine,1.2,1913.31,406.0,preventive,True,39,False,False,False
EQP-8ADEB35C,UNIT-8342,excavator,Komatsu,2010,open_pit,tanzania,55662,2021-03-21,scheduled_maintenance,preventive,filter_replace,routine,3.0,5264.73,474.0,preventive,True,5,False,True,False
EQP-FC1B9039,UNIT-1110,haul_truck,Belaz,2016,open_pit,drc,33648,2020-05-01,breakdown,brakes,general_component,minor,11.6,20400.14,912.0,corrective,False,12,True,False,False
EQP-9EB53B2A,UNIT-1607,haul_truck,Komatsu,2010,open_pit,south_africa,54305,2022-05-15,breakdown,transmission,gearbox,major,16.8,61634.23,1396.0,corrective,False,104,True,False,False
EQP-C922D0B6,UNIT-5579,haul_truck,Caterpillar,2018,open_pit,botswana,24709,2024-01-10,scheduled_maintenance,preventive,adjustment,routine,2.8,3640.16,383.0,preventive,True,18,False,False,False
EQP-C3825AF4,UNIT-5609,haul_truck,Komatsu,2012,underground,tanzania,49241,2024-02-15,breakdown,electrical,starter,major,22.0,67407.56,2564.0,corrective,False,31,False,False,True
EQP-ED65A469,UNIT-3653,grader,Caterpillar,2017,underground,south_africa,28578,2022-04-30,scheduled_maintenance,preventive,oil_change,routine,2.3,3271.57,41.0,preventive,True,66,True,False,False
EQP-0CA2736C,UNIT-3326,haul_truck,Caterpillar,2016,processing_plant,botswana,33971,2021-04-30,condition_based,hydraulics,cylinder,routine,2.9,3222.51,253.0,predictive,False,48,True,False,False
EQP-62CC3FDE,UNIT-1628,conveyor,Metso,2018,processing_plant,botswana,24938,2020-03-25,inspection,preventive,filter_replace,routine,1.8,1165.59,598.0,preventive,True,270,False,True,False
EQP-2E06B754,UNIT-6965,pump,Weir,2020,open_pit,tanzania,16384,2022-02-23,inspection,preventive,adjustment,routine,1.1,694.27,102.0,preventive,True,60,True,False,False
EQP-DEFD9BA2,UNIT-4410,excavator,Komatsu,2016,open_pit,south_africa,31533,2022-08-22,breakdown,engine,oil_pump,critical,111.1,250786.05,17620.0,corrective,False,5,False,False,False
EQP-2F720A6A,UNIT-2067,conveyor,Metso,2021,open_pit,south_africa,12402,2020-02-02,scheduled_maintenance,preventive,adjustment,routine,1.0,2122.64,417.0,preventive,True,105,False,False,False
EQP-F19687D0,UNIT-4598,crusher,Sandvik,2012,underground,zimbabwe,48681,2024-08-09,scheduled_maintenance,preventive,filter_replace,minor,32.5,40380.66,5881.0,preventive,True,41,False,False,False
EQP-E7559298,UNIT-9432,excavator,Caterpillar,2020,processing_plant,botswana,16003,2023-06-29,scheduled_maintenance,preventive,filter_replace,minor,10.7,20640.53,1665.0,preventive,True,112,False,True,True
EQP-6ECC027B,UNIT-3350,drill_rig,Sandvik,2013,open_pit,south_africa,43257,2021-08-11,overhaul,drill_string,general_component,major,13.9,32307.07,603.0,major_overhaul,True,182,True,False,False
EQP-7B41BA44,UNIT-9051,loader,Volvo,2018,open_pit,drc,22795,2021-10-01,breakdown,electrical,wiring,major,23.3,48933.07,1366.0,corrective,False,45,False,False,False
EQP-B900AA93,UNIT-3328,loader,Caterpillar,2015,open_pit,south_africa,36185,2021-10-04,breakdown,engine,injector,major,18.1,42513.62,1176.0,corrective,False,1,False,False,True
EQP-D20BEB92,UNIT-2673,loader,Caterpillar,2022,processing_plant,drc,6519,2024-03-28,scheduled_maintenance,preventive,inspection,minor,6.7,15948.94,338.0,preventive,True,19,False,False,False
EQP-6B2118A1,UNIT-3345,pump,Metso,2012,open_pit,zambia,47528,2023-07-26,scheduled_maintenance,preventive,filter_replace,minor,4.8,5658.06,471.0,preventive,True,2,False,False,False
EQP-318A06A2,UNIT-3909,excavator,Komatsu,2016,underground,south_africa,29568,2020-06-08,scheduled_maintenance,preventive,adjustment,routine,5.4,7908.35,1024.0,preventive,True,39,True,False,False
EQP-0D97FF24,UNIT-2085,loader,Caterpillar,2010,open_pit,zambia,56833,2021-07-05,scheduled_maintenance,preventive,inspection,routine,2.4,4203.15,131.0,preventive,True,107,False,False,False
EQP-1F3005CD,UNIT-6288,conveyor,Metso,2018,open_pit,zambia,25154,2023-11-09,breakdown,belt,general_component,major,10.5,20264.91,4810.0,corrective,False,35,False,False,False
EQP-D642FCDC,UNIT-4000,crusher,Sandvik,2008,open_pit,drc,64078,2021-10-03,scheduled_maintenance,preventive,adjustment,routine,7.2,10993.53,1670.0,preventive,True,98,True,False,False
EQP-A9536DF1,UNIT-7461,crusher,FLSmidth,2014,underground,tanzania,41831,2024-01-04,condition_based,hydraulics,pump,routine,9.1,14117.58,2682.0,predictive,False,41,False,False,True
EQP-7D11F421,UNIT-5418,loader,Komatsu,2008,underground,south_africa,65347,2022-07-02,breakdown,hydraulics,pump,major,23.0,50512.16,1736.0,corrective,False,34,False,False,True
EQP-1BC64BE5,UNIT-4983,grader,Komatsu,2013,open_pit,south_africa,44479,2023-10-28,inspection,preventive,filter_replace,minor,9.9,10558.74,119.0,preventive,True,22,False,False,False
EQP-2EE6DD85,UNIT-5238,excavator,Hitachi,2015,open_pit,drc,35886,2022-08-07,scheduled_maintenance,preventive,inspection,routine,4.4,9183.66,817.0,preventive,True,167,False,False,False
EQP-29139968,UNIT-2406,crusher,FLSmidth,2013,open_pit,drc,43650,2023-08-14,breakdown,bearing,general_component,minor,14.2,55517.88,4128.0,corrective,False,69,False,True,False
EQP-3ECB4E79,UNIT-7415,excavator,Komatsu,2014,open_pit,ghana,40562,2022-02-15,breakdown,electrical,wiring,major,23.0,61090.88,3521.0,corrective,False,107,False,True,False
EQP-2442363F,UNIT-1937,conveyor,FLSmidth,2010,open_pit,botswana,55858,2021-03-04,breakdown,motor,general_component,major,8.4,22079.55,2956.0,corrective,False,60,False,False,True
EQP-EDB64830,UNIT-7493,loader,Komatsu,2019,open_pit,ghana,20548,2024-05-06,breakdown,hydraulics,hose,minor,10.7,23684.43,950.0,corrective,False,56,True,False,True
EQP-11601C55,UNIT-9996,loader,Volvo,2020,underground,ghana,16622,2022-01-20,scheduled_maintenance,preventive,adjustment,routine,2.5,2192.86,136.0,preventive,True,29,False,False,False
EQP-9CE77A06,UNIT-7875,drill_rig,Epiroc,2015,processing_plant,tanzania,35770,2020-01-17,overhaul,drill_string,general_component,major,12.0,31908.95,553.0,major_overhaul,True,27,False,False,False
EQP-F9335FF2,UNIT-5097,drill_rig,Epiroc,2008,underground,botswana,65095,2021-11-25,breakdown,drill_string,general_component,major,9.6,32463.53,447.0,corrective,False,31,False,False,False
EQP-67297BC4,UNIT-3829,excavator,Caterpillar,2008,underground,drc,63771,2022-01-09,breakdown,undercarriage,general_component,major,23.8,76634.47,3084.0,corrective,False,33,False,False,False
EQP-4A56221C,UNIT-8851,haul_truck,Belaz,2018,processing_plant,south_africa,24021,2021-03-09,inspection,preventive,filter_replace,routine,2.8,7276.02,212.0,preventive,True,20,False,True,False
EQP-CDF694CD,UNIT-3314,excavator,Komatsu,2022,processing_plant,ghana,7022,2024-04-28,scheduled_maintenance,preventive,filter_replace,routine,5.8,4444.87,586.0,preventive,True,3,False,False,False
EQP-0958EE7D,UNIT-5340,grader,Komatsu,2021,open_pit,south_africa,11729,2022-06-04,scheduled_maintenance,preventive,filter_replace,minor,5.4,13044.89,107.0,preventive,True,36,True,False,False
EQP-3F3C6F40,UNIT-7937,excavator,Hitachi,2014,open_pit,drc,42158,2021-10-28,scheduled_maintenance,preventive,filter_replace,routine,2.5,8228.5,445.0,preventive,True,42,False,False,False
EQP-7F3FB36B,UNIT-9300,pump,Weir,2015,open_pit,zimbabwe,35099,2023-06-09,breakdown,seal,general_component,minor,3.5,6176.98,238.0,corrective,False,2,False,False,False
EQP-370627BD,UNIT-9287,haul_truck,Hitachi,2010,processing_plant,ghana,56437,2023-02-25,breakdown,tires,rear_left,minor,8.9,20736.16,1261.0,corrective,False,3,False,False,False
EQP-33D062B2,UNIT-1789,crusher,Sandvik,2009,open_pit,drc,59545,2022-05-11,overhaul,motor,general_component,major,57.9,111454.84,16434.0,major_overhaul,True,88,True,True,False
EQP-CBBFC5B1,UNIT-9083,conveyor,Metso,2020,open_pit,zimbabwe,13786,2024-10-20,scheduled_maintenance,preventive,adjustment,routine,1.2,1064.1,572.0,preventive,True,162,False,False,False
EQP-AD73EA92,UNIT-2026,crusher,Metso,2014,underground,south_africa,40558,2024-10-20,breakdown,bearing,general_component,minor,12.9,21176.26,2906.0,corrective,False,6,False,True,False
EQP-61490FC8,UNIT-6259,crusher,Sandvik,2015,underground,south_africa,35443,2022-05-06,overhaul,hydraulics,valve,major,69.1,90065.4,18869.0,major_overhaul,True,33,True,False,False
EQP-227AFFC4,UNIT-9365,crusher,Metso,2013,underground,tanzania,44319,2023-06-29,scheduled_maintenance,preventive,filter_replace,minor,24.0,25331.55,3735.0,preventive,True,12,True,False,False
EQP-A6D7A6C1,UNIT-6892,grader,John Deere,2013,underground,south_africa,44989,2020-04-03,breakdown,transmission,driveshaft,minor,10.2,11831.49,118.0,corrective,False,43,True,False,False
EQP-76DB6FFE,UNIT-9526,conveyor,ThyssenKrupp,2023,underground,south_africa,4234,2022-03-07,overhaul,gearbox,general_component,major,8.4,22797.06,3428.0,major_overhaul,True,10,False,True,False
EQP-B8007DB8,UNIT-4098,haul_truck,Caterpillar,2021,processing_plant,south_africa,12328,2022-03-05,condition_based,electrical,alternator,routine,3.6,2452.16,298.0,predictive,False,303,False,False,True
EQP-E8448CC1,UNIT-3832,excavator,Caterpillar,2019,open_pit,zambia,19132,2021-12-28,condition_based,undercarriage,general_component,routine,5.2,7275.75,543.0,predictive,False,1,False,False,False
EQP-B61FFF3E,UNIT-3935,crusher,Metso,2014,processing_plant,zambia,40706,2024-02-22,breakdown,hydraulics,pump,major,39.4,70968.33,6550.0,corrective,False,102,True,False,True
EQP-04EB7EC6,UNIT-4196,drill_rig,Caterpillar,2019,underground,drc,19810,2022-11-16,breakdown,electrical,alternator,minor,3.3,10701.47,120.0,corrective,False,92,False,False,False
EQP-3549ACBF,UNIT-7144,conveyor,ThyssenKrupp,2013,open_pit,drc,42001,2022-04-28,overhaul,motor,general_component,major,6.9,12597.77,2567.0,major_overhaul,True,35,False,True,True
EQP-7B06C5E2,UNIT-5071,conveyor,ThyssenKrupp,2016,processing_plant,drc,32827,2022-02-16,breakdown,belt,general_component,major,10.9,14493.14,5248.0,corrective,False,11,False,True,False
EQP-EF9C606D,UNIT-7636,excavator,Caterpillar,2010,processing_plant,south_africa,57132,2023-01-18,inspection,preventive,oil_change,routine,3.4,8868.6,483.0,preventive,True,220,False,True,False
EQP-D084B1DE,UNIT-4745,loader,Komatsu,2019,processing_plant,tanzania,21481,2021-02-03,condition_based,transmission,gearbox,routine,3.2,3214.75,242.0,predictive,False,25,True,False,False
EQP-48CA8A59,UNIT-3769,crusher,Metso,2008,processing_plant,botswana,66170,2021-03-18,scheduled_maintenance,preventive,adjustment,routine,9.0,4303.19,2452.0,preventive,True,37,False,False,False
EQP-E7CFC066,UNIT-2710,crusher,Sandvik,2019,open_pit,drc,20773,2022-07-26,inspection,preventive,adjustment,routine,9.5,5387.4,2586.0,preventive,True,20,True,True,False
EQP-895ACA4D,UNIT-5958,crusher,Metso,2017,open_pit,ghana,28513,2021-07-28,overhaul,motor,general_component,major,51.3,135928.02,10208.0,major_overhaul,True,61,False,True,False
EQP-C234A33D,UNIT-9084,grader,John Deere,2009,open_pit,tanzania,61091,2023-04-25,inspection,preventive,adjustment,routine,2.7,2112.51,47.0,preventive,True,17,False,False,False
EQP-7639BF8A,UNIT-8729,conveyor,ThyssenKrupp,2016,processing_plant,south_africa,31113,2024-06-10,scheduled_maintenance,preventive,filter_replace,routine,1.2,2371.96,566.0,preventive,True,145,False,False,False
EQP-BE992B00,UNIT-3279,pump,KSB,2011,processing_plant,ghana,50328,2021-10-07,scheduled_maintenance,preventive,filter_replace,routine,0.9,1297.96,82.0,preventive,True,62,False,False,False
EQP-B10FE16F,UNIT-5298,haul_truck,Caterpillar,2015,processing_plant,botswana,35522,2022-11-05,scheduled_maintenance,preventive,adjustment,minor,5.2,18909.3,518.0,preventive,True,261,False,False,False
EQP-10956B82,UNIT-7346,conveyor,Metso,2008,processing_plant,south_africa,65277,2021-05-24,breakdown,pulley,general_component,minor,5.6,5921.32,2436.0,corrective,False,39,False,False,False
EQP-A2CBA844,UNIT-6511,crusher,Metso,2019,underground,south_africa,19338,2023-11-29,inspection,preventive,adjustment,minor,35.4,49805.53,9228.0,preventive,True,65,False,False,False
EQP-E0521565,UNIT-1604,drill_rig,Sandvik,2016,open_pit,drc,32465,2021-01-26,overhaul,rotation,general_component,major,16.4,45071.16,509.0,major_overhaul,True,108,False,True,False
EQP-4960B0CF,UNIT-6318,excavator,Komatsu,2013,open_pit,zambia,44573,2022-07-28,breakdown,engine,injector,critical,61.7,138114.78,10302.0,corrective,False,202,True,False,True
EQP-8E86D66A,UNIT-1348,conveyor,FLSmidth,2022,open_pit,zambia,8244,2021-10-15,condition_based,roller,general_component,minor,2.7,5563.11,734.0,predictive,False,61,True,False,False
EQP-742B2256,UNIT-2048,excavator,Hitachi,2018,underground,south_africa,22722,2023-10-08,overhaul,undercarriage,general_component,major,27.2,56966.13,3466.0,major_overhaul,True,23,False,False,False
EQP-E1D56ECA,UNIT-6882,grader,Komatsu,2017,open_pit,zimbabwe,28342,2021-03-15,scheduled_maintenance,preventive,adjustment,routine,1.8,3678.03,19.0,preventive,True,89,False,False,False
EQP-5F9A7FC8,UNIT-1922,excavator,Hitachi,2010,processing_plant,south_africa,55578,2020-12-28,breakdown,engine,injector,major,34.5,84082.53,3902.0,corrective,False,55,True,True,False
EQP-61D9AE8B,UNIT-4050,haul_truck,Komatsu,2016,underground,botswana,33702,2023-10-05,breakdown,engine,turbo,critical,67.0,140773.5,5560.0,corrective,False,4,True,False,True
EQP-3B70EBA1,UNIT-6295,conveyor,Metso,2019,open_pit,south_africa,21136,2022-09-29,scheduled_maintenance,preventive,inspection,routine,2.0,1316.75,973.0,preventive,True,77,False,False,False
EQP-CA4F4464,UNIT-6898,excavator,Komatsu,2022,processing_plant,south_africa,7613,2023-02-23,overhaul,bucket,general_component,major,33.4,65152.4,3887.0,major_overhaul,True,9,False,False,False
EQP-44D03F4E,UNIT-5011,haul_truck,Belaz,2017,underground,zambia,29765,2023-11-30,breakdown,electrical,sensors,minor,7.3,28465.8,587.0,corrective,False,53,False,False,False
EQP-BC822EA8,UNIT-1846,conveyor,ThyssenKrupp,2010,underground,south_africa,56343,2021-05-31,scheduled_maintenance,preventive,adjustment,routine,1.2,1447.37,525.0,preventive,True,115,False,True,True
EQP-86608D2E,UNIT-8191,conveyor,FLSmidth,2018,open_pit,zambia,22328,2021-03-10,condition_based,roller,general_component,routine,1.8,536.86,742.0,predictive,False,10,False,False,False
EQP-E5EE7E0C,UNIT-9547,haul_truck,Caterpillar,2009,open_pit,south_africa,59921,2024-11-20,inspection,preventive,inspection,minor,8.7,23926.92,1068.0,preventive,True,25,False,True,False
EQP-8823B5E2,UNIT-8997,conveyor,Metso,2013,open_pit,drc,45635,2020-07-19,overhaul,belt,general_component,major,11.3,11448.15,5345.0,major_overhaul,True,16,False,False,False
EQP-70E606F3,UNIT-7735,conveyor,Metso,2022,underground,south_africa,7180,2023-03-08,inspection,preventive,filter_replace,routine,1.2,1761.48,500.0,preventive,True,41,False,False,False
EQP-D83F2E38,UNIT-4619,loader,Komatsu,2020,underground,drc,15931,2021-11-30,scheduled_maintenance,preventive,filter_replace,routine,3.6,3664.8,300.0,preventive,True,2,True,False,False
EQP-B10C93CE,UNIT-8885,excavator,Hitachi,2022,processing_plant,south_africa,6640,2020-09-13,overhaul,undercarriage,general_component,major,26.3,85762.53,3832.0,major_overhaul,True,82,False,False,False
EQP-67BDC6B0,UNIT-5393,haul_truck,Hitachi,2013,processing_plant,ghana,42798,2024-09-11,scheduled_maintenance,preventive,inspection,routine,2.0,4800.87,235.0,preventive,True,4,False,True,False
EQP-1707FF2A,UNIT-2228,pump,Weir,2018,open_pit,south_africa,23165,2024-02-01,scheduled_maintenance,preventive,adjustment,routine,1.4,680.37,124.0,preventive,True,79,False,False,False
EQP-CEF86302,UNIT-8654,conveyor,FLSmidth,2019,processing_plant,tanzania,18772,2021-02-03,breakdown,motor,general_component,major,6.5,23409.42,2209.0,corrective,False,20,True,True,True
EQP-3DE993DB,UNIT-3881,haul_truck,Caterpillar,2011,open_pit,zimbabwe,51381,2023-09-18,scheduled_maintenance,preventive,adjustment,minor,7.0,27824.88,544.0,preventive,True,89,False,False,False
EQP-6469A3FB,UNIT-9447,loader,Komatsu,2023,open_pit,south_africa,5738,2023-10-13,breakdown,engine,cooling_system,minor,10.3,13572.31,735.0,corrective,False,12,True,False,True
EQP-2C7ABC26,UNIT-4314,haul_truck,Hitachi,2023,underground,south_africa,3963,2022-06-19,inspection,preventive,inspection,routine,1.9,5156.51,196.0,preventive,True,110,False,False,False
EQP-47E69AD9,UNIT-8823,loader,Caterpillar,2009,processing_plant,south_africa,60785,2024-09-17,breakdown,electrical,wiring,minor,12.5,15943.6,739.0,corrective,False,145,True,False,True
EQP-04DA8466,UNIT-5834,crusher,Sandvik,2020,processing_plant,south_africa,17091,2021-02-24,scheduled_maintenance,preventive,adjustment,routine,6.2,9410.85,1589.0,preventive,True,8,True,False,True
EQP-34C09B0F,UNIT-5206,pump,Weir,2015,processing_plant,drc,34891,2020-05-10,overhaul,bearing,general_component,major,10.4,9082.4,938.0,major_overhaul,True,9,False,False,True
EQP-604F2F04,UNIT-3671,pump,Metso,2018,open_pit,ghana,23168,2023-12-30,condition_based,seal,general_component,minor,2.1,4963.88,122.0,predictive,False,201,False,False,False
EQP-3CBAEE2F,UNIT-8520,excavator,Komatsu,2016,open_pit,botswana,32765,2021-10-05,condition_based,engine,injector,routine,4.9,3801.19,726.0,predictive,False,43,False,False,True
EQP-6641836A,UNIT-1545,loader,Komatsu,2011,open_pit,tanzania,51365,2020-08-12,condition_based,tires,rear_right,minor,9.0,20361.26,597.0,predictive,False,6,False,False,False
EQP-1CE1FF11,UNIT-5219,excavator,Caterpillar,2009,underground,south_africa,60699,2024-10-09,breakdown,electrical,battery,critical,102.4,354640.03,16056.0,corrective,False,50,False,False,False
EQP-0F33914D,UNIT-4319,conveyor,FLSmidth,2016,open_pit,south_africa,33677,2022-01-22,breakdown,pulley,general_component,minor,4.2,2640.15,1149.0,corrective,False,71,False,False,False
EQP-E333C90F,UNIT-5889,conveyor,ThyssenKrupp,2021,open_pit,south_africa,10544,2024-04-06,condition_based,gearbox,general_component,minor,3.5,8025.51,1692.0,predictive,False,7,True,False,True
EQP-B14161D3,UNIT-3290,haul_truck,Hitachi,2021,open_pit,south_africa,11643,2024-01-11,inspection,preventive,inspection,routine,3.2,2189.08,255.0,preventive,True,39,False,False,False
EQP-2B8E6960,UNIT-6980,haul_truck,Hitachi,2012,underground,drc,47801,2021-06-30,scheduled_maintenance,preventive,inspection,minor,7.1,7721.66,970.0,preventive,True,78,False,False,False
EQP-0D4C587F,UNIT-4472,haul_truck,Belaz,2021,underground,south_africa,11473,2023-12-13,breakdown,hydraulics,valve,critical,43.9,78077.92,3933.0,corrective,False,119,True,False,True
EQP-D170B3EA,UNIT-2692,haul_truck,Caterpillar,2013,open_pit,south_africa,43392,2022-04-25,breakdown,electrical,starter,major,17.1,50970.33,2271.0,corrective,False,15,False,False,False
EQP-1840FB7C,UNIT-2772,excavator,Liebherr,2016,open_pit,south_africa,31507,2023-02-07,scheduled_maintenance,preventive,oil_change,routine,5.0,8512.9,641.0,preventive,True,3,False,False,False
EQP-0754AD26,UNIT-7267,grader,Caterpillar,2013,underground,zambia,43984,2021-05-30,breakdown,hydraulics,hose,major,19.4,23473.69,347.0,corrective,False,23,True,False,False
EQP-E5AA2BE7,UNIT-3356,drill_rig,Epiroc,2016,underground,south_africa,32164,2020-01-14,breakdown,drill_string,general_component,major,17.2,47738.88,824.0,corrective,False,4,False,False,False
EQP-66973F3A,UNIT-3764,loader,Volvo,2016,open_pit,botswana,32953,2020-12-08,scheduled_maintenance,preventive,oil_change,routine,2.0,3221.44,194.0,preventive,True,58,False,False,False
EQP-C0443048,UNIT-6641,loader,Volvo,2019,open_pit,ghana,19974,2021-08-22,scheduled_maintenance,preventive,inspection,minor,6.6,9395.79,615.0,preventive,True,122,False,False,False
EQP-50079189,UNIT-3967,crusher,Sandvik,2015,processing_plant,ghana,37118,2022-09-11,scheduled_maintenance,preventive,filter_replace,routine,8.4,8508.94,1796.0,preventive,True,71,False,False,False
EQP-6532FCA4,UNIT-4492,excavator,Liebherr,2016,underground,drc,31408,2024-03-15,scheduled_maintenance,preventive,oil_change,minor,14.0,28808.8,2000.0,preventive,True,61,False,False,False
EQP-0B02F939,UNIT-3200,grader,John Deere,2018,open_pit,drc,22798,2020-11-14,scheduled_maintenance,preventive,inspection,routine,1.8,2418.26,35.0,preventive,True,71,True,False,False
EQP-C47CF404,UNIT-4108,loader,Caterpillar,2014,underground,drc,39695,2023-07-22,breakdown,hydraulics,cylinder,minor,7.9,13931.99,747.0,corrective,False,76,True,False,True
EQP-CBB228EF,UNIT-7234,loader,Caterpillar,2016,underground,drc,32462,2023-09-10,scheduled_maintenance,preventive,filter_replace,routine,5.0,2104.59,371.0,preventive,True,137,False,False,False
EQP-D642C4DE,UNIT-5804,grader,Komatsu,2009,open_pit,ghana,60860,2023-12-30,breakdown,blade,general_component,major,15.9,32784.17,222.0,corrective,False,58,True,False,True
EQP-FFBC6007,UNIT-9976,conveyor,ThyssenKrupp,2021,open_pit,ghana,13460,2024-01-06,inspection,preventive,adjustment,routine,1.3,1200.79,356.0,preventive,True,101,False,False,False
EQP-11974206,UNIT-7945,conveyor,ThyssenKrupp,2010,processing_plant,south_africa,56290,2020-04-23,breakdown,pulley,general_component,major,7.4,24558.67,2519.0,corrective,False,69,True,False,True
EQP-904E0DFD,UNIT-1151,grader,John Deere,2021,underground,zimbabwe,12753,2021-01-26,condition_based,tires,rear_left,routine,1.6,2082.03,24.0,predictive,False,94,False,False,True
EQP-58B76940,UNIT-4409,drill_rig,Sandvik,2020,open_pit,zambia,17368,2024-08-20,scheduled_maintenance,preventive,adjustment,minor,4.7,8323.38,215.0,preventive,True,9,False,True,False
EQP-9EA625C4,UNIT-3608,loader,Volvo,2023,underground,zambia,3220,2023-02-12,scheduled_maintenance,preventive,filter_replace,routine,2.5,5326.31,166.0,preventive,True,70,False,False,False
EQP-1D381F61,UNIT-6287,haul_truck,Caterpillar,2008,open_pit,botswana,63789,2021-02-16,condition_based,hydraulics,valve,routine,2.5,2752.13,244.0,predictive,False,235,True,False,True
EQP-FE95C19E,UNIT-3390,haul_truck,Belaz,2011,underground,drc,54770,2024-11-28,breakdown,brakes,general_component,minor,5.9,11282.6,454.0,corrective,False,187,False,False,False
EQP-B7E84EC8,UNIT-9694,conveyor,FLSmidth,2008,open_pit,tanzania,64856,2021-08-21,scheduled_maintenance,preventive,inspection,routine,1.3,1937.03,338.0,preventive,True,14,False,False,False
EQP-4FAE2CCC,UNIT-3694,haul_truck,Hitachi,2014,open_pit,drc,40510,2021-06-03,breakdown,tires,front_left,major,15.2,43416.73,2061.0,corrective,False,31,True,False,False
EQP-D6AADA90,UNIT-5697,pump,Metso,2022,open_pit,drc,8893,2024-02-22,scheduled_maintenance,preventive,adjustment,minor,5.7,4504.09,332.0,preventive,True,61,True,False,False
EQP-B3064610,UNIT-2106,haul_truck,Belaz,2020,processing_plant,zambia,14664,2024-09-25,inspection,preventive,filter_replace,routine,2.3,4206.31,339.0,preventive,True,28,False,False,False
EQP-3CB45F5B,UNIT-9187,crusher,FLSmidth,2019,underground,south_africa,19353,2022-01-01,scheduled_maintenance,preventive,filter_replace,routine,6.2,12402.6,986.0,preventive,True,15,False,True,False
EQP-9823300C,UNIT-9205,haul_truck,Caterpillar,2021,processing_plant,south_africa,10987,2023-03-07,condition_based,engine,head_gasket,minor,10.1,20421.61,1368.0,predictive,False,7,True,False,True
EQP-1C4F6155,UNIT-8142,pump,Metso,2008,open_pit,drc,64418,2023-03-03,breakdown,seal,general_component,minor,5.2,6448.32,290.0,corrective,False,72,False,False,True
EQP-CD8499ED,UNIT-4164,excavator,Liebherr,2020,underground,south_africa,15631,2021-02-10,scheduled_maintenance,preventive,oil_change,routine,4.4,9899.95,719.0,preventive,True,25,False,False,False
EQP-4093D154,UNIT-1528,haul_truck,Caterpillar,2012,open_pit,south_africa,48095,2022-09-21,condition_based,hydraulics,cylinder,routine,2.4,5765.78,316.0,predictive,False,32,False,False,True
EQP-6BE4502D,UNIT-7397,haul_truck,Hitachi,2019,underground,tanzania,19688,2020-04-10,breakdown,tires,front_left,critical,70.7,137742.11,6502.0,corrective,False,3,True,False,True
EQP-58C85451,UNIT-4861,conveyor,Metso,2020,open_pit,drc,14373,2024-04-07,breakdown,gearbox,general_component,minor,4.7,8252.12,1834.0,corrective,False,17,False,True,False
EQP-81016E37,UNIT-9912,pump,Metso,2018,underground,south_africa,24884,2024-01-30,breakdown,seal,general_component,critical,22.7,70995.32,2021.0,corrective,False,1,False,False,False
EQP-4937D717,UNIT-7284,pump,KSB,2014,open_pit,south_africa,38237,2020-10-08,breakdown,casing,general_component,minor,3.6,4584.77,211.0,corrective,False,49,False,False,False
EQP-A718587A,UNIT-5847,excavator,Komatsu,2017,open_pit,botswana,27272,2022-12-31,overhaul,engine,oil_pump,major,18.0,79572.17,2740.0,major_overhaul,True,75,False,False,True
EQP-C726D15C,UNIT-9879,drill_rig,Sandvik,2015,underground,botswana,34684,2020-06-25,breakdown,rotation,general_component,major,9.5,34711.89,364.0,corrective,False,115,True,True,False
EQP-69CD4EEE,UNIT-8203,haul_truck,Caterpillar,2018,open_pit,zambia,23120,2020-06-06,breakdown,tires,rear_left,major,13.6,35739.8,1803.0,corrective,False,7,False,False,False
EQP-BE6E2876,UNIT-5124,conveyor,ThyssenKrupp,2015,open_pit,south_africa,36201,2023-02-12,breakdown,gearbox,general_component,major,7.5,20932.07,2553.0,corrective,False,1,False,True,False
EQP-E8AC3F4B,UNIT-1169,conveyor,ThyssenKrupp,2014,processing_plant,ghana,41235,2023-12-05,breakdown,belt,general_component,minor,5.7,5827.35,2345.0,corrective,False,10,True,False,False
EQP-1576B0EB,UNIT-1834,excavator,Komatsu,2011,open_pit,ghana,50439,2024-02-29,scheduled_maintenance,preventive,oil_change,minor,15.9,20392.35,3101.0,preventive,True,242,False,False,False
EQP-B6EE5CE4,UNIT-4993,conveyor,ThyssenKrupp,2014,underground,tanzania,39442,2021-08-19,breakdown,belt,general_component,major,6.2,17016.04,2649.0,corrective,False,42,False,False,False
EQP-C9952F2A,UNIT-6057,grader,John Deere,2019,processing_plant,drc,18250,2024-07-19,breakdown,tires,front_left,major,12.2,29969.21,124.0,corrective,False,27,False,False,False
EQP-D9329135,UNIT-1271,haul_truck,Caterpillar,2021,underground,tanzania,11394,2022-08-29,breakdown,tires,rear_right,major,19.0,64059.08,1640.0,corrective,False,78,False,True,False
EQP-E93EF047,UNIT-2138,haul_truck,Hitachi,2009,open_pit,ghana,60071,2021-12-20,condition_based,transmission,gearbox,routine,2.5,6952.15,262.0,predictive,False,24,False,False,False
EQP-21DC5D8F,UNIT-7337,haul_truck,Belaz,2010,underground,tanzania,56767,2021-09-12,scheduled_maintenance,preventive,adjustment,minor,10.4,22895.69,1095.0,preventive,True,13,False,False,False
EQP-AC7F4BC7,UNIT-7762,haul_truck,Komatsu,2016,underground,drc,29881,2023-08-15,condition_based,brakes,general_component,minor,11.8,29871.58,1178.0,predictive,False,145,False,True,False
EQP-7EE0733B,UNIT-1268,haul_truck,Belaz,2019,open_pit,drc,20550,2021-10-29,breakdown,transmission,torque_converter,major,17.9,37086.96,1937.0,corrective,False,142,True,False,False
EQP-1771416F,UNIT-5568,conveyor,FLSmidth,2010,underground,drc,55027,2021-12-04,scheduled_maintenance,preventive,adjustment,minor,2.7,3657.52,1312.0,preventive,True,57,False,False,False
EQP-1E15896B,UNIT-1728,haul_truck,Komatsu,2013,processing_plant,zambia,42783,2021-11-29,overhaul,hydraulics,cylinder,major,22.7,65569.48,3072.0,major_overhaul,True,16,False,False,True
EQP-26CFAA98,UNIT-7510,crusher,FLSmidth,2008,open_pit,tanzania,64067,2021-07-27,breakdown,motor,general_component,major,51.2,117016.23,8747.0,corrective,False,38,False,True,True
EQP-37E43ECF,UNIT-8505,grader,John Deere,2008,open_pit,drc,64627,2021-12-16,scheduled_maintenance,preventive,filter_replace,minor,7.3,14345.38,105.0,preventive,True,49,True,False,False
EQP-74DBD6BC,UNIT-8823,grader,Caterpillar,2010,underground,botswana,55899,2020-02-13,breakdown,transmission,torque_converter,major,20.4,32294.66,343.0,corrective,False,6,False,False,False
EQP-17C66D2C,UNIT-6382,crusher,FLSmidth,2019,open_pit,ghana,18906,2024-04-23,breakdown,bearing,general_component,critical,134.1,155668.17,23409.0,corrective,False,1,False,True,True
EQP-99AEC3D7,UNIT-6659,haul_truck,Komatsu,2021,underground,ghana,11899,2021-03-26,scheduled_maintenance,preventive,inspection,routine,2.2,5536.17,173.0,preventive,True,101,False,False,False
EQP-1F31E93D,UNIT-9338,haul_truck,Hitachi,2015,open_pit,ghana,35274,2022-03-16,scheduled_maintenance,preventive,inspection,routine,3.4,2769.93,499.0,preventive,True,4,False,False,False
EQP-1F722319,UNIT-6511,haul_truck,Hitachi,2010,open_pit,south_africa,56604,2020-11-02,scheduled_maintenance,preventive,filter_replace,routine,2.0,4181.63,268.0,preventive,True,37,False,False,False
EQP-F92A5958,UNIT-5016,pump,Weir,2022,underground,tanzania,9075,2022-08-23,scheduled_maintenance,preventive,inspection,routine,0.8,1506.42,75.0,preventive,True,16,False,False,False
EQP-6BE75557,UNIT-7790,pump,KSB,2012,processing_plant,south_africa,49011,2021-04-28,scheduled_maintenance,preventive,filter_replace,minor,4.0,5937.73,356.0,preventive,True,19,False,False,False
EQP-31945B7C,UNIT-6316,excavator,Komatsu,2010,open_pit,ghana,55980,2020-11-01,scheduled_maintenance,preventive,adjustment,routine,2.5,5060.31,420.0,preventive,True,28,False,False,False
EQP-DD0A3D6B,UNIT-8581,excavator,Hitachi,2010,processing_plant,ghana,57122,2021-06-03,inspection,preventive,inspection,minor,15.5,31392.0,2736.0,preventive,True,180,True,False,False
EQP-C3F444DE,UNIT-5721,drill_rig,Epiroc,2013,open_pit,zimbabwe,42979,2024-06-16,condition_based,drill_string,general_component,routine,3.0,4776.63,114.0,predictive,False,66,False,False,False
EQP-412A10A2,UNIT-8820,excavator,Liebherr,2019,open_pit,botswana,21782,2024-03-26,breakdown,bucket,general_component,minor,17.4,16923.17,2187.0,corrective,False,155,False,False,False
EQP-6756F903,UNIT-1403,pump,Weir,2014,underground,tanzania,38973,2023-11-22,breakdown,seal,general_component,major,6.9,9433.23,378.0,corrective,False,28,False,False,False
EQP-D7D6F19A,UNIT-1327,haul_truck,Caterpillar,2015,open_pit,ghana,33969,2021-01-01,condition_based,brakes,general_component,routine,3.8,2310.11,455.0,predictive,False,52,False,False,False
EQP-53154CE3,UNIT-1891,excavator,Komatsu,2013,underground,drc,45365,2023-03-15,breakdown,bucket,general_component,major,20.0,67456.66,2439.0,corrective,False,3,True,False,False
EQP-C18309A9,UNIT-6005,drill_rig,Sandvik,2023,open_pit,south_africa,3289,2024-01-14,inspection,preventive,filter_replace,minor,5.1,9473.58,232.0,preventive,True,49,False,False,True
EQP-B0E950B8,UNIT-7380,haul_truck,Caterpillar,2018,open_pit,botswana,24116,2023-03-15,inspection,preventive,adjustment,minor,4.7,18018.2,541.0,preventive,True,135,False,False,False
EQP-54488D3B,UNIT-2946,excavator,Hitachi,2018,open_pit,south_africa,22969,2024-03-26,breakdown,undercarriage,general_component,critical,105.1,125302.92,20971.0,corrective,False,6,True,False,False
EQP-4ABB7809,UNIT-2401,loader,Volvo,2015,processing_plant,botswana,38363,2020-12-27,inspection,preventive,oil_change,minor,7.2,10444.78,499.0,preventive,True,12,False,False,True
EQP-E04068B5,UNIT-8742,haul_truck,Hitachi,2016,processing_plant,tanzania,33821,2022-04-14,breakdown,engine,cooling_system,minor,9.3,15311.2,990.0,corrective,False,12,True,False,True
EQP-E7D7415C,UNIT-7754,conveyor,Metso,2022,open_pit,zimbabwe,9546,2021-08-17,breakdown,roller,general_component,major,10.6,24007.64,3364.0,corrective,False,31,True,False,False
EQP-B8685B07,UNIT-6834,drill_rig,Caterpillar,2018,open_pit,tanzania,24088,2023-07-28,overhaul,electrical,wiring,major,12.4,28911.14,399.0,major_overhaul,True,29,True,False,False
EQP-2CD4B7EF,UNIT-5394,haul_truck,Komatsu,2021,processing_plant,ghana,12980,2020-08-18,condition_based,brakes,general_component,routine,3.5,1789.21,388.0,predictive,False,46,False,False,True
EQP-5AED71A6,UNIT-4781,haul_truck,Caterpillar,2008,open_pit,ghana,63946,2021-07-27,scheduled_maintenance,preventive,oil_change,routine,2.4,3366.19,192.0,preventive,True,53,True,False,False
EQP-3D3FE135,UNIT-1184,excavator,Liebherr,2021,processing_plant,ghana,13122,2023-06-18,inspection,preventive,adjustment,routine,2.9,9495.07,532.0,preventive,True,212,False,False,False
EQP-9C473E5A,UNIT-2692,haul_truck,Hitachi,2023,underground,south_africa,3589,2020-02-01,breakdown,engine,oil_pump,minor,7.7,17112.83,634.0,corrective,False,50,False,False,False
EQP-071ACA1F,UNIT-9072,excavator,Komatsu,2018,processing_plant,zimbabwe,25584,2021-04-05,condition_based,electrical,starter,minor,14.5,34557.07,2765.0,predictive,False,1,False,False,False
EQP-873B69E9,UNIT-4050,loader,Komatsu,2023,open_pit,drc,3539,2023-07-01,overhaul,engine,turbo,major,15.6,33621.43,1091.0,major_overhaul,True,1,True,False,False
EQP-1F05A59D,UNIT-7340,crusher,FLSmidth,2017,open_pit,tanzania,27652,2021-03-06,inspection,preventive,filter_replace,routine,10.6,4629.34,2321.0,preventive,True,39,False,False,False
EQP-3F0E7139,UNIT-7333,pump,Weir,2012,open_pit,tanzania,47533,2022-12-27,scheduled_maintenance,preventive,inspection,routine,1.1,1194.65,108.0,preventive,True,365,True,False,False
EQP-0D8E3EF7,UNIT-3784,drill_rig,Sandvik,2017,open_pit,south_africa,28192,2021-12-21,scheduled_maintenance,preventive,adjustment,routine,2.4,3807.04,104.0,preventive,True,21,False,False,False
EQP-8AC9A7C2,UNIT-2839,crusher,Sandvik,2018,open_pit,south_africa,23611,2022-04-10,inspection,preventive,filter_replace,routine,5.6,13142.44,1074.0,preventive,True,20,False,False,False
EQP-E98720BA,UNIT-7224,crusher,Metso,2010,processing_plant,drc,56487,2021-10-06,breakdown,bearing,general_component,minor,21.3,25846.77,4171.0,corrective,False,6,False,False,True
EQP-1F0F134D,UNIT-1842,haul_truck,Hitachi,2011,open_pit,south_africa,51519,2024-06-05,overhaul,electrical,battery,major,17.6,74399.35,1518.0,major_overhaul,True,21,False,True,False
EQP-7755E6B2,UNIT-5452,excavator,Komatsu,2012,open_pit,zimbabwe,48790,2023-07-21,scheduled_maintenance,preventive,adjustment,routine,4.1,5913.93,672.0,preventive,True,10,False,False,False
EQP-CE7F4F5B,UNIT-8991,conveyor,Metso,2016,open_pit,zimbabwe,33518,2023-08-02,breakdown,pulley,general_component,major,7.6,17534.31,3156.0,corrective,False,95,False,False,False
EQP-6C2BDE1B,UNIT-7401,loader,Komatsu,2010,open_pit,zimbabwe,56077,2023-11-25,breakdown,hydraulics,cylinder,critical,67.0,214538.08,6329.0,corrective,False,67,True,True,True
EQP-203D0178,UNIT-7877,drill_rig,Epiroc,2020,underground,drc,18218,2022-02-05,scheduled_maintenance,preventive,adjustment,minor,4.7,11109.59,151.0,preventive,True,10,False,False,False
EQP-C4373C57,UNIT-1749,haul_truck,Komatsu,2009,open_pit,tanzania,61127,2020-07-04,breakdown,electrical,battery,minor,5.3,24541.06,424.0,corrective,False,2,False,False,False
EQP-DB3D0181,UNIT-2797,pump,Weir,2023,underground,zambia,6138,2020-04-06,scheduled_maintenance,preventive,filter_replace,minor,2.5,5405.92,152.0,preventive,True,4,False,False,False
EQP-68803710,UNIT-3475,haul_truck,Hitachi,2018,processing_plant,botswana,23938,2022-05-17,inspection,preventive,inspection,routine,3.7,2312.43,545.0,preventive,True,5,False,True,False
EQP-FF26A739,UNIT-3630,pump,KSB,2013,open_pit,tanzania,42338,2024-04-25,breakdown,bearing,general_component,major,6.8,8395.2,676.0,corrective,False,196,False,False,False
EQP-FCE22B4E,UNIT-2746,loader,Komatsu,2013,underground,zimbabwe,43293,2022-05-19,scheduled_maintenance,preventive,adjustment,routine,3.2,5684.18,217.0,preventive,True,8,False,False,True
EQP-28BD4182,UNIT-9747,loader,Caterpillar,2019,open_pit,south_africa,19395,2024-11-07,scheduled_maintenance,preventive,inspection,routine,2.8,5359.16,209.0,preventive,True,10,False,False,False
EQP-BDFDDCDA,UNIT-2484,loader,Volvo,2009,open_pit,tanzania,59046,2022-07-31,scheduled_maintenance,preventive,inspection,routine,3.8,5921.03,351.0,preventive,True,6,False,False,False
EQP-BAAD0508,UNIT-7372,haul_truck,Caterpillar,2019,processing_plant,ghana,17804,2023-02-16,scheduled_maintenance,preventive,adjustment,routine,2.4,5545.12,266.0,preventive,True,7,True,False,False
EQP-EFD0425F,UNIT-6280,conveyor,Metso,2016,processing_plant,drc,33024,2020-05-19,inspection,preventive,inspection,routine,1.1,1791.45,539.0,preventive,True,17,True,False,False
EQP-85F72DAA,UNIT-6494,loader,Caterpillar,2011,open_pit,drc,50139,2023-10-14,scheduled_maintenance,preventive,filter_replace,minor,14.7,9753.6,1351.0,preventive,True,34,False,False,False
EQP-BE09AE0A,UNIT-2931,loader,Volvo,2022,open_pit,ghana,8928,2024-05-19,scheduled_maintenance,preventive,inspection,routine,5.0,4283.04,435.0,preventive,True,6,False,False,False
EQP-2071B298,UNIT-3768,excavator,Caterpillar,2018,open_pit,south_africa,26185,2022-06-29,breakdown,engine,cooling_system,minor,7.6,24652.17,1238.0,corrective,False,40,True,False,True
EQP-13A51E6F,UNIT-6457,haul_truck,Hitachi,2010,underground,south_africa,55221,2024-06-16,scheduled_maintenance,preventive,filter_replace,routine,3.3,3764.0,299.0,preventive,True,50,True,False,False
EQP-D0D0F293,UNIT-3691,excavator,Caterpillar,2018,underground,tanzania,24387,2021-03-01,breakdown,engine,cooling_system,minor,16.7,30473.59,1975.0,corrective,False,103,True,False,True
EQP-9205F885,UNIT-7246,drill_rig,Sandvik,2014,open_pit,zambia,39601,2022-05-30,scheduled_maintenance,preventive,oil_change,routine,2.9,1339.98,135.0,preventive,True,69,False,False,True
EQP-EA34EBE3,UNIT-1355,conveyor,FLSmidth,2020,processing_plant,botswana,16827,2024-06-29,scheduled_maintenance,preventive,filter_replace,routine,1.2,1507.78,372.0,preventive,True,24,False,False,True
EQP-4EFAC1C5,UNIT-1655,loader,Volvo,2015,underground,tanzania,34805,2022-12-22,condition_based,engine,injector,routine,4.4,4838.95,274.0,predictive,False,117,True,True,False
EQP-106122C6,UNIT-7555,loader,Caterpillar,2023,open_pit,drc,3868,2023-05-24,scheduled_maintenance,preventive,adjustment,routine,3.0,5183.91,277.0,preventive,True,48,False,False,False
EQP-E103697A,UNIT-6550,crusher,Metso,2022,processing_plant,tanzania,9121,2021-12-26,scheduled_maintenance,preventive,inspection,routine,9.3,8880.18,1460.0,preventive,True,93,False,False,False
EQP-69C28F04,UNIT-1388,excavator,Komatsu,2008,underground,zambia,63951,2022-09-14,breakdown,electrical,starter,minor,12.2,20577.56,2096.0,corrective,False,15,True,False,False
EQP-486E1E01,UNIT-9090,drill_rig,Caterpillar,2014,open_pit,ghana,38371,2021-10-30,condition_based,hydraulics,cylinder,minor,7.2,13585.55,291.0,predictive,False,1,True,False,True
EQP-77A77198,UNIT-1043,excavator,Caterpillar,2011,underground,botswana,53241,2023-05-12,overhaul,bucket,general_component,major,34.4,47694.95,3571.0,major_overhaul,True,46,True,False,False
EQP-566CD439,UNIT-9599,haul_truck,Caterpillar,2015,processing_plant,botswana,34704,2020-04-10,scheduled_maintenance,preventive,inspection,minor,4.9,9558.27,434.0,preventive,True,14,False,False,True
EQP-36CAA380,UNIT-7564,haul_truck,Komatsu,2010,processing_plant,south_africa,56078,2022-07-10,breakdown,transmission,gearbox,minor,5.8,25930.59,565.0,corrective,False,48,True,False,False
EQP-CED285A7,UNIT-9892,excavator,Komatsu,2016,open_pit,tanzania,32582,2024-07-31,scheduled_maintenance,preventive,oil_change,routine,4.5,3012.01,552.0,preventive,True,89,False,False,False
EQP-D1F622C4,UNIT-9538,excavator,Caterpillar,2010,underground,south_africa,56119,2020-04-15,breakdown,undercarriage,general_component,minor,10.3,22518.05,1204.0,corrective,False,56,False,False,False
EQP-CB1DBE84,UNIT-3817,conveyor,FLSmidth,2017,processing_plant,botswana,30537,2022-03-23,scheduled_maintenance,preventive,adjustment,routine,1.5,1323.49,695.0,preventive,True,14,False,False,False
EQP-03C08D15,UNIT-7807,haul_truck,Hitachi,2015,processing_plant,zambia,36733,2023-04-03,breakdown,brakes,general_component,major,21.4,74237.85,3089.0,corrective,False,143,True,False,False
EQP-DF84697C,UNIT-2898,excavator,Caterpillar,2023,open_pit,south_africa,3797,2020-06-01,scheduled_maintenance,preventive,filter_replace,routine,4.9,7641.44,576.0,preventive,True,21,False,False,False
EQP-B358FFE3,UNIT-5244,haul_truck,Hitachi,2022,underground,tanzania,8602,2020-01-10,inspection,preventive,inspection,routine,3.4,6099.25,402.0,preventive,True,18,False,False,False
EQP-4B703FE8,UNIT-3160,crusher,Metso,2017,processing_plant,drc,28209,2020-10-24,breakdown,liner,general_component,major,41.8,120292.35,8986.0,corrective,False,41,True,False,False
EQP-EB82CE9E,UNIT-5373,conveyor,ThyssenKrupp,2015,open_pit,south_africa,36044,2021-01-31,scheduled_maintenance,preventive,adjustment,routine,0.8,1045.03,275.0,preventive,True,58,False,False,False
EQP-D6AC657C,UNIT-8850,excavator,Komatsu,2019,open_pit,tanzania,20243,2024-04-30,breakdown,engine,injector,major,33.7,61667.49,6582.0,corrective,False,5,False,False,True
EQP-D1763D31,UNIT-4924,haul_truck,Caterpillar,2018,underground,tanzania,23565,2020-10-07,breakdown,brakes,general_component,major,17.4,38245.9,1365.0,corrective,False,36,False,False,False
EQP-14151EFB,UNIT-1831,pump,Weir,2010,underground,drc,56212,2023-02-26,scheduled_maintenance,preventive,filter_replace,routine,1.6,1267.42,158.0,preventive,True,33,True,False,False
EQP-543DC48E,UNIT-3921,conveyor,ThyssenKrupp,2014,underground,zimbabwe,39494,2021-09-04,condition_based,motor,general_component,minor,2.3,3084.33,758.0,predictive,False,60,False,False,False
EQP-9BC5A22F,UNIT-8077,crusher,Sandvik,2023,open_pit,south_africa,2103,2022-08-22,inspection,preventive,inspection,routine,9.9,13846.39,2331.0,preventive,True,241,False,False,False
EQP-873C0BC4,UNIT-5694,conveyor,ThyssenKrupp,2013,underground,ghana,45140,2024-06-22,breakdown,motor,general_component,minor,2.4,3973.37,1159.0,corrective,False,141,True,True,False
EQP-22185AD7,UNIT-6041,loader,Caterpillar,2008,open_pit,zimbabwe,63434,2024-03-24,breakdown,hydraulics,hose,minor,12.9,9843.0,1061.0,corrective,False,89,True,False,False
EQP-D6E59E51,UNIT-4879,grader,Caterpillar,2021,processing_plant,south_africa,12141,2020-05-23,scheduled_maintenance,preventive,oil_change,routine,1.7,2350.65,30.0,preventive,True,98,False,False,False
EQP-65A938F2,UNIT-3634,excavator,Caterpillar,2022,open_pit,drc,7239,2020-06-09,scheduled_maintenance,preventive,filter_replace,routine,2.7,4558.22,296.0,preventive,True,145,False,False,False
EQP-20A73494,UNIT-6382,crusher,Sandvik,2018,open_pit,botswana,23269,2021-10-05,condition_based,liner,general_component,routine,7.3,4998.51,1719.0,predictive,False,17,False,False,False
EQP-2ADC0977,UNIT-6697,haul_truck,Komatsu,2018,processing_plant,tanzania,22961,2023-12-26,condition_based,transmission,driveshaft,routine,2.1,7413.96,206.0,predictive,False,17,True,False,False
EQP-B179BAC2,UNIT-9082,crusher,FLSmidth,2013,underground,zambia,44948,2023-09-29,inspection,preventive,filter_replace,routine,11.9,6355.76,2534.0,preventive,True,51,False,False,False
EQP-5206BF4F,UNIT-6559,excavator,Liebherr,2013,open_pit,zambia,45189,2023-01-18,breakdown,bucket,general_component,major,26.1,84371.41,3230.0,corrective,False,29,False,False,False
EQP-E3B745CF,UNIT-9954,haul_truck,Komatsu,2022,open_pit,tanzania,8025,2024-04-02,overhaul,electrical,starter,major,17.6,62673.64,2133.0,major_overhaul,True,6,False,True,False
EQP-371DF413,UNIT-8438,pump,Metso,2021,underground,tanzania,11463,2020-11-24,overhaul,seal,general_component,major,6.3,10934.93,484.0,major_overhaul,True,19,False,False,False
EQP-FA1D3656,UNIT-1708,grader,John Deere,2015,processing_plant,south_africa,34306,2023-08-18,breakdown,tires,front_right,critical,51.5,73322.54,581.0,corrective,False,1,False,False,False
EQP-726689E1,UNIT-4529,excavator,Hitachi,2013,open_pit,drc,44795,2024-10-10,scheduled_maintenance,preventive,oil_change,routine,2.6,6277.46,450.0,preventive,True,18,True,False,False
EQP-76B10C61,UNIT-4461,pump,Metso,2011,processing_plant,south_africa,51323,2024-10-03,condition_based,bearing,general_component,minor,4.5,7166.17,289.0,predictive,False,60,False,False,True
EQP-77A97F45,UNIT-1027,excavator,Hitachi,2008,open_pit,south_africa,62882,2023-07-04,scheduled_maintenance,preventive,inspection,minor,17.8,32186.04,2824.0,preventive,True,80,False,True,False
EQP-CD342F03,UNIT-2626,drill_rig,Sandvik,2015,underground,ghana,36029,2023-06-06,breakdown,hydraulics,filter,major,12.0,29091.55,561.0,corrective,False,58,True,False,False
EQP-9C6CB144,UNIT-7858,loader,Komatsu,2016,open_pit,zambia,31665,2021-02-06,scheduled_maintenance,preventive,oil_change,routine,4.4,1407.31,307.0,preventive,True,45,False,False,False
EQP-AC88F63D,UNIT-4168,excavator,Liebherr,2018,open_pit,tanzania,22481,2023-09-02,scheduled_maintenance,preventive,filter_replace,routine,5.9,6859.23,967.0,preventive,True,3,False,True,False
EQP-1998DD49,UNIT-2330,drill_rig,Epiroc,2020,processing_plant,botswana,14619,2021-03-21,inspection,preventive,inspection,routine,2.9,2902.93,135.0,preventive,True,59,True,False,False
EQP-D10D4CF6,UNIT-3586,crusher,Metso,2013,open_pit,drc,44336,2022-01-29,inspection,preventive,oil_change,routine,10.2,7126.7,2482.0,preventive,True,113,False,False,False
EQP-6077A2E3,UNIT-3472,haul_truck,Caterpillar,2010,processing_plant,drc,55344,2020-07-29,overhaul,transmission,torque_converter,major,22.4,59079.5,3331.0,major_overhaul,True,145,True,False,True
EQP-BF7870EC,UNIT-2570,drill_rig,Sandvik,2021,open_pit,south_africa,12510,2021-06-27,scheduled_maintenance,preventive,oil_change,minor,5.1,19275.29,138.0,preventive,True,12,False,True,True
EQP-CB57EC70,UNIT-1910,excavator,Liebherr,2020,open_pit,south_africa,16146,2020-05-16,condition_based,engine,oil_pump,minor,13.0,37104.76,1772.0,predictive,False,42,True,False,True
EQP-CE10D12B,UNIT-7875,crusher,Metso,2016,processing_plant,south_africa,33047,2022-04-11,breakdown,bearing,general_component,critical,183.4,449551.14,46838.0,corrective,False,63,False,True,True
EQP-C435057B,UNIT-8419,haul_truck,Hitachi,2008,underground,botswana,63167,2020-05-10,scheduled_maintenance,preventive,filter_replace,routine,2.1,7255.7,234.0,preventive,True,118,False,False,False
EQP-05B7D959,UNIT-5466,haul_truck,Komatsu,2015,open_pit,south_africa,36232,2023-10-14,inspection,preventive,adjustment,routine,2.4,3873.74,227.0,preventive,True,24,True,False,False
EQP-C786E2E0,UNIT-6538,crusher,Metso,2017,underground,zimbabwe,28638,2023-03-26,inspection,preventive,adjustment,routine,7.4,4212.67,1482.0,preventive,True,73,True,False,False
EQP-D44E1739,UNIT-9272,haul_truck,Belaz,2021,open_pit,ghana,11373,2023-03-16,condition_based,tires,rear_right,minor,4.5,17676.03,582.0,predictive,False,43,False,False,False
EQP-51822E54,UNIT-8583,drill_rig,Caterpillar,2016,processing_plant,drc,33127,2023-06-19,breakdown,electrical,starter,major,13.1,39811.74,585.0,corrective,False,141,False,False,False
EQP-A7446855,UNIT-1293,crusher,FLSmidth,2015,open_pit,tanzania,34333,2023-10-21,breakdown,hydraulics,filter,critical,203.6,510639.33,49924.0,corrective,False,156,True,True,False
EQP-5682DB22,UNIT-9575,loader,Volvo,2014,underground,botswana,39167,2023-05-01,condition_based,transmission,clutch,routine,3.9,5702.36,368.0,predictive,False,5,True,True,False
EQP-65CBDE47,UNIT-1602,haul_truck,Belaz,2014,open_pit,south_africa,38296,2023-02-03,scheduled_maintenance,preventive,oil_change,routine,3.1,4602.91,354.0,preventive,True,79,False,False,False
EQP-F9E6DB5F,UNIT-1239,loader,Volvo,2008,underground,botswana,63264,2020-11-24,scheduled_maintenance,preventive,adjustment,routine,3.8,2990.71,346.0,preventive,True,9,False,False,False
EQP-6DCAF1B9,UNIT-4629,crusher,Sandvik,2009,processing_plant,ghana,59845,2023-08-12,inspection,preventive,adjustment,routine,5.0,6379.99,830.0,preventive,True,205,False,False,False
EQP-D642F3E3,UNIT-7711,excavator,Hitachi,2020,processing_plant,tanzania,16831,2022-05-26,breakdown,bucket,general_component,major,18.1,76410.94,3594.0,corrective,False,24,False,False,False
EQP-9E0EA227,UNIT-1722,loader,Komatsu,2013,open_pit,south_africa,43844,2020-10-07,scheduled_maintenance,preventive,filter_replace,minor,6.7,18469.76,628.0,preventive,True,70,False,False,True
EQP-D49F6717,UNIT-3636,crusher,Metso,2021,open_pit,drc,11404,2022-05-15,breakdown,hydraulics,filter,major,68.9,116915.97,19569.0,corrective,False,64,False,False,False
EQP-E3BBD4C8,UNIT-3364,conveyor,FLSmidth,2014,open_pit,zimbabwe,38450,2021-08-05,breakdown,gearbox,general_component,minor,5.4,3963.52,2538.0,corrective,False,183,False,True,False
EQP-A67170FA,UNIT-4576,conveyor,FLSmidth,2023,processing_plant,tanzania,2785,2020-12-24,breakdown,motor,general_component,minor,4.3,5846.53,1980.0,corrective,False,43,False,True,False
EQP-A0E050A5,UNIT-9873,crusher,Metso,2010,open_pit,tanzania,56310,2022-10-07,breakdown,hydraulics,pump,major,49.9,66684.74,8122.0,corrective,False,43,False,False,True
EQP-418C7932,UNIT-3982,pump,KSB,2011,underground,ghana,52881,2024-05-29,scheduled_maintenance,preventive,filter_replace,minor,5.9,5122.31,564.0,preventive,True,71,False,True,False
EQP-FFDA3F27,UNIT-2880,conveyor,ThyssenKrupp,2017,open_pit,tanzania,27580,2020-01-30,scheduled_maintenance,preventive,oil_change,routine,0.9,928.4,263.0,preventive,True,12,False,False,False
EQP-06CA6B22,UNIT-2100,loader,Komatsu,2020,processing_plant,ghana,17211,2020-08-30,scheduled_maintenance,preventive,inspection,minor,6.0,22005.14,560.0,preventive,True,103,False,False,False
EQP-761E1DBD,UNIT-2782,loader,Komatsu,2010,underground,south_africa,55050,2024-06-30,inspection,preventive,adjustment,routine,3.9,5079.46,304.0,preventive,True,4,False,False,False
EQP-12B9D48B,UNIT-2198,loader,Volvo,2016,underground,south_africa,31609,2023-05-28,scheduled_maintenance,preventive,inspection,minor,10.5,19166.17,674.0,preventive,True,22,False,False,False
EQP-64934F1F,UNIT-6162,pump,Metso,2011,processing_plant,south_africa,51693,2021-03-07,scheduled_maintenance,preventive,inspection,minor,5.9,2674.47,388.0,preventive,True,190,True,False,False
EQP-D3B1B271,UNIT-4784,haul_truck,Hitachi,2019,processing_plant,south_africa,21529,2021-10-26,scheduled_maintenance,preventive,oil_change,minor,10.4,17552.97,990.0,preventive,True,24,True,False,True
EQP-9CCB8611,UNIT-5481,haul_truck,Hitachi,2016,underground,zimbabwe,32133,2020-06-08,scheduled_maintenance,preventive,inspection,routine,3.9,2581.24,505.0,preventive,True,3,True,True,False
EQP-4C692873,UNIT-8488,conveyor,Metso,2018,underground,south_africa,22201,2024-02-27,scheduled_maintenance,preventive,filter_replace,routine,1.7,587.55,738.0,preventive,True,24,False,True,False
EQP-0FA27158,UNIT-6223,drill_rig,Caterpillar,2012,underground,zambia,48951,2023-04-10,inspection,preventive,inspection,minor,8.6,11037.04,307.0,preventive,True,275,False,False,False
EQP-3A7F6968,UNIT-2396,conveyor,Metso,2012,open_pit,south_africa,49845,2021-02-21,scheduled_maintenance,preventive,oil_change,routine,1.6,1127.46,571.0,preventive,True,8,False,False,False
EQP-42957942,UNIT-4390,loader,Caterpillar,2018,open_pit,zimbabwe,23750,2020-12-14,scheduled_maintenance,preventive,inspection,minor,10.3,22527.84,625.0,preventive,True,26,False,False,False
EQP-18244D13,UNIT-3812,grader,Komatsu,2013,underground,ghana,43102,2023-05-29,scheduled_maintenance,preventive,filter_replace,minor,8.6,15112.85,120.0,preventive,True,129,False,False,False
EQP-794707D7,UNIT-8440,drill_rig,Caterpillar,2019,underground,ghana,20864,2022-10-08,inspection,preventive,adjustment,routine,2.8,4739.3,116.0,preventive,True,25,False,False,False
EQP-A21225B7,UNIT-3762,crusher,FLSmidth,2010,open_pit,zambia,57964,2023-09-10,scheduled_maintenance,preventive,adjustment,routine,5.6,3171.99,1365.0,preventive,True,232,False,False,True
EQP-B8517902,UNIT-2247,haul_truck,Hitachi,2012,open_pit,botswana,48848,2021-03-24,scheduled_maintenance,preventive,adjustment,routine,3.0,4613.32,254.0,preventive,True,105,False,False,False
EQP-9D92CD37,UNIT-7623,conveyor,Metso,2009,underground,botswana,58376,2024-11-24,scheduled_maintenance,preventive,filter_replace,routine,1.3,536.48,563.0,preventive,True,14,False,False,False
EQP-09A899A7,UNIT-4855,haul_truck,Belaz,2009,open_pit,ghana,60754,2020-10-25,condition_based,engine,oil_pump,routine,3.2,5126.84,478.0,predictive,False,127,True,False,False
EQP-A4FF4780,UNIT-1862,drill_rig,Epiroc,2012,underground,botswana,48404,2020-11-17,scheduled_maintenance,preventive,inspection,routine,2.3,3033.68,104.0,preventive,True,76,False,False,False
EQP-24F57A4E,UNIT-7207,conveyor,Metso,2015,underground,zambia,35045,2023-08-15,overhaul,roller,general_component,major,8.4,16455.69,2117.0,major_overhaul,True,21,False,False,False
EQP-84ABE4A9,UNIT-2894,crusher,Sandvik,2010,open_pit,botswana,57288,2022-10-13,inspection,preventive,adjustment,minor,28.5,17367.78,7790.0,preventive,True,20,False,False,True
EQP-3979AE2A,UNIT-8813,crusher,Metso,2009,open_pit,south_africa,60438,2021-11-30,breakdown,shaft,general_component,minor,24.9,19719.14,3847.0,corrective,False,67,False,False,False
EQP-993A01E0,UNIT-8491,excavator,Komatsu,2022,open_pit,south_africa,9314,2023-08-18,scheduled_maintenance,preventive,adjustment,routine,3.1,4504.26,352.0,preventive,True,3,False,True,False
EQP-D1170941,UNIT-4325,haul_truck,Komatsu,2016,open_pit,south_africa,30938,2022-10-30,inspection,preventive,oil_change,routine,3.1,2952.05,289.0,preventive,True,3,False,True,False
EQP-4914FAD6,UNIT-5999,haul_truck,Caterpillar,2019,underground,tanzania,20398,2021-12-26,breakdown,tires,rear_right,major,12.3,38047.49,1376.0,corrective,False,50,False,False,False
EQP-AF8BB4D7,UNIT-6109,pump,KSB,2019,underground,south_africa,19104,2021-01-24,scheduled_maintenance,preventive,filter_replace,routine,1.8,1762.06,166.0,preventive,True,45,False,False,False
EQP-AB5C6EB1,UNIT-6880,grader,John Deere,2009,processing_plant,south_africa,60247,2023-07-15,breakdown,tires,rear_right,minor,11.3,4341.84,205.0,corrective,False,82,False,False,True
EQP-4BAAE3DA,UNIT-1622,excavator,Liebherr,2017,open_pit,zambia,29477,2022-09-21,breakdown,engine,oil_pump,critical,42.5,165362.58,5833.0,corrective,False,43,True,False,False
EQP-A2B29B3A,UNIT-3923,excavator,Komatsu,2021,underground,botswana,10573,2024-05-28,scheduled_maintenance,preventive,filter_replace,minor,9.1,37511.01,1341.0,preventive,True,78,False,False,False
EQP-A18DD128,UNIT-2532,drill_rig,Epiroc,2015,open_pit,zambia,34630,2022-01-28,condition_based,electrical,alternator,routine,1.4,4486.83,41.0,predictive,False,7,False,False,False
EQP-217F62A0,UNIT-7276,crusher,FLSmidth,2021,processing_plant,zimbabwe,12955,2021-04-22,condition_based,bearing,general_component,routine,10.4,7262.91,3045.0,predictive,False,19,False,True,False
EQP-F8FC114C,UNIT-1622,excavator,Caterpillar,2023,open_pit,south_africa,3985,2020-04-02,breakdown,electrical,battery,major,19.3,88264.78,2457.0,corrective,False,22,False,False,False
EQP-B5A5E0AD,UNIT-5652,haul_truck,Belaz,2016,underground,botswana,33171,2021-05-02,scheduled_maintenance,preventive,oil_change,routine,2.9,2413.4,262.0,preventive,True,18,False,True,False
EQP-C376667E,UNIT-7550,drill_rig,Sandvik,2009,underground,south_africa,59192,2023-08-01,scheduled_maintenance,preventive,oil_change,routine,1.9,3561.71,94.0,preventive,True,99,False,False,False
EQP-B2364578,UNIT-9534,excavator,Liebherr,2017,open_pit,ghana,28051,2021-05-31,scheduled_maintenance,preventive,oil_change,minor,15.0,36495.54,1818.0,preventive,True,104,False,False,False
EQP-912421E4,UNIT-3592,excavator,Hitachi,2022,processing_plant,drc,8688,2022-09-21,scheduled_maintenance,preventive,inspection,minor,13.7,24159.04,1619.0,preventive,True,58,False,False,False
EQP-593D9907,UNIT-1071,haul_truck,Hitachi,2017,open_pit,south_africa,28210,2021-01-21,overhaul,tires,front_right,major,18.5,37509.6,2751.0,major_overhaul,True,18,True,False,False
EQP-C2FFFEBC,UNIT-7512,crusher,Metso,2020,open_pit,zambia,14211,2024-07-27,inspection,preventive,inspection,minor,24.1,41046.05,3892.0,preventive,True,187,False,False,False
EQP-A6DC8D02,UNIT-1013,conveyor,FLSmidth,2016,underground,zimbabwe,34822,2024-06-11,condition_based,roller,general_component,routine,1.7,1996.35,439.0,predictive,False,8,False,False,False
EQP-E4D28B01,UNIT-1597,excavator,Hitachi,2014,underground,south_africa,40212,2023-12-25,scheduled_maintenance,preventive,adjustment,routine,4.1,8924.97,597.0,preventive,True,28,False,False,False
EQP-EBF4B3BD,UNIT-9913,conveyor,ThyssenKrupp,2023,open_pit,south_africa,2659,2023-08-12,scheduled_maintenance,preventive,filter_replace,routine,1.3,1258.27,421.0,preventive,True,28,True,True,False
EQP-0E802476,UNIT-8762,drill_rig,Caterpillar,2010,open_pit,south_africa,56314,2022-10-25,scheduled_maintenance,preventive,oil_change,routine,1.2,2136.32,56.0,preventive,True,1,True,False,False
EQP-9B93AF53,UNIT-7367,loader,Komatsu,2015,open_pit,south_africa,36429,2020-01-15,condition_based,engine,turbo,routine,2.8,4490.76,243.0,predictive,False,133,True,False,False
EQP-85B227C0,UNIT-8518,pump,Metso,2010,processing_plant,botswana,56993,2020-03-18,inspection,preventive,inspection,minor,3.5,3499.17,270.0,preventive,True,4,True,False,False
EQP-859C7C90,UNIT-1678,haul_truck,Komatsu,2018,underground,zambia,24927,2022-03-09,overhaul,electrical,sensors,major,18.9,40924.95,1432.0,major_overhaul,True,10,True,False,False
EQP-49E1813C,UNIT-1800,grader,John Deere,2022,open_pit,south_africa,7786,2023-09-15,scheduled_maintenance,preventive,oil_change,minor,9.4,6188.38,119.0,preventive,True,159,True,False,True
EQP-9B5D00C6,UNIT-3707,crusher,Metso,2023,open_pit,south_africa,2277,2020-08-22,condition_based,motor,general_component,routine,11.7,7409.89,3318.0,predictive,False,91,True,True,True
EQP-2843A1B7,UNIT-1213,crusher,Metso,2011,processing_plant,tanzania,52461,2022-09-15,scheduled_maintenance,preventive,adjustment,routine,6.8,8271.01,1273.0,preventive,True,141,True,False,False
EQP-3F798E65,UNIT-8993,excavator,Liebherr,2019,processing_plant,tanzania,18357,2024-09-14,breakdown,electrical,wiring,minor,12.5,31745.8,1285.0,corrective,False,46,False,False,False
EQP-FD88EA6D,UNIT-1506,excavator,Komatsu,2021,open_pit,botswana,13215,2024-02-12,condition_based,bucket,general_component,routine,5.1,2861.95,628.0,predictive,False,179,False,False,False
EQP-5A71C6B5,UNIT-5895,haul_truck,Komatsu,2021,underground,south_africa,11267,2022-09-20,overhaul,engine,head_gasket,major,15.7,49167.82,2068.0,major_overhaul,True,64,True,False,True
EQP-9948E86A,UNIT-8681,pump,KSB,2016,open_pit,drc,32634,2022-11-05,inspection,preventive,filter_replace,routine,1.5,1452.54,139.0,preventive,True,36,False,False,False
EQP-42BF2560,UNIT-7614,conveyor,FLSmidth,2010,open_pit,south_africa,55343,2020-04-22,inspection,preventive,adjustment,routine,1.3,1589.9,418.0,preventive,True,23,False,False,False
EQP-D7C91923,UNIT-3112,drill_rig,Epiroc,2015,processing_plant,tanzania,35507,2020-01-04,scheduled_maintenance,preventive,oil_change,minor,5.4,16819.46,166.0,preventive,True,108,False,False,False
EQP-0829C0DE,UNIT-5232,conveyor,ThyssenKrupp,2020,processing_plant,drc,15199,2021-07-22,condition_based,gearbox,general_component,routine,0.9,2284.63,413.0,predictive,False,16,False,True,False
EQP-7DA558C7,UNIT-5933,haul_truck,Caterpillar,2017,open_pit,zimbabwe,28716,2024-01-06,scheduled_maintenance,preventive,filter_replace,routine,1.7,2776.45,153.0,preventive,True,121,False,False,False
EQP-B5FD4469,UNIT-7910,haul_truck,Komatsu,2014,processing_plant,south_africa,39378,2020-01-11,scheduled_maintenance,preventive,filter_replace,routine,2.3,6951.87,235.0,preventive,True,16,False,False,True
EQP-4068D139,UNIT-4835,conveyor,Metso,2011,underground,tanzania,52768,2023-12-09,breakdown,roller,general_component,major,11.5,23280.5,3969.0,corrective,False,104,False,False,True
EQP-03973286,UNIT-3565,drill_rig,Epiroc,2018,underground,south_africa,23404,2021-04-08,scheduled_maintenance,preventive,inspection,routine,1.5,2455.37,52.0,preventive,True,214,False,False,False
EQP-307AC22F,UNIT-8158,loader,Caterpillar,2014,underground,tanzania,39768,2020-06-27,breakdown,hydraulics,cylinder,minor,5.6,20639.77,301.0,corrective,False,30,True,False,False
EQP-FF555EC3,UNIT-8977,crusher,FLSmidth,2015,underground,south_africa,36035,2020-06-21,condition_based,motor,general_component,routine,9.3,9182.75,2572.0,predictive,False,39,False,False,True
EQP-306229D8,UNIT-5399,conveyor,FLSmidth,2023,processing_plant,tanzania,4153,2023-05-15,overhaul,pulley,general_component,major,11.8,22162.56,3584.0,major_overhaul,True,3,False,False,False
EQP-5490ED9D,UNIT-1252,loader,Caterpillar,2008,open_pit,south_africa,63075,2020-03-21,condition_based,engine,cooling_system,routine,2.2,4790.48,150.0,predictive,False,76,False,False,True
EQP-F8067509,UNIT-5505,haul_truck,Hitachi,2011,underground,zambia,52703,2022-08-04,breakdown,engine,turbo,major,20.9,73308.12,2566.0,corrective,False,16,True,False,False
EQP-EE972863,UNIT-9002,crusher,Sandvik,2022,open_pit,tanzania,7728,2024-08-09,scheduled_maintenance,preventive,inspection,routine,5.6,5653.24,1515.0,preventive,True,2,False,False,False
EQP-E22F4E45,UNIT-9900,crusher,Sandvik,2022,processing_plant,ghana,8543,2022-11-27,scheduled_maintenance,preventive,inspection,routine,5.8,11832.79,1381.0,preventive,True,54,True,False,False
EQP-66797D51,UNIT-4608,excavator,Caterpillar,2012,open_pit,south_africa,47983,2021-08-24,condition_based,electrical,alternator,routine,5.8,2111.17,790.0,predictive,False,34,False,False,False
EQP-0B056048,UNIT-2351,haul_truck,Hitachi,2023,open_pit,ghana,4586,2024-05-19,breakdown,transmission,driveshaft,major,20.4,71478.5,1538.0,corrective,False,93,True,False,False
EQP-0F93AB80,UNIT-6148,haul_truck,Caterpillar,2011,underground,ghana,51588,2020-05-11,scheduled_maintenance,preventive,filter_replace,minor,8.5,11975.47,953.0,preventive,True,95,False,False,False
EQP-BAD717BC,UNIT-8475,haul_truck,Caterpillar,2008,open_pit,zambia,63210,2021-03-25,inspection,preventive,inspection,routine,2.0,3740.59,234.0,preventive,True,75,False,False,True
EQP-012AFD83,UNIT-9504,conveyor,FLSmidth,2012,open_pit,south_africa,48426,2020-11-04,breakdown,motor,general_component,major,9.4,22646.21,3195.0,corrective,False,20,False,True,False
EQP-4793A282,UNIT-1465,haul_truck,Hitachi,2016,open_pit,south_africa,31506,2020-01-24,condition_based,transmission,torque_converter,minor,4.5,18247.19,550.0,predictive,False,97,True,False,False
EQP-BC512062,UNIT-3614,crusher,Metso,2008,underground,ghana,65458,2024-09-14,inspection,preventive,inspection,routine,7.6,10965.36,2038.0,preventive,True,13,False,False,False
EQP-1040F92C,UNIT-5298,haul_truck,Caterpillar,2010,open_pit,ghana,56067,2021-01-10,condition_based,tires,rear_left,routine,3.3,3668.65,256.0,predictive,False,23,True,True,False
EQP-0BB2DFBA,UNIT-1884,haul_truck,Komatsu,2020,open_pit,south_africa,14626,2020-05-11,overhaul,brakes,general_component,major,18.8,54993.33,2554.0,major_overhaul,True,43,False,False,False
EQP-4CBFDAFD,UNIT-8976,excavator,Liebherr,2017,underground,zimbabwe,27414,2024-07-05,condition_based,bucket,general_component,minor,14.1,35363.68,2243.0,predictive,False,80,False,False,False
EQP-81281F46,UNIT-2009,haul_truck,Hitachi,2017,processing_plant,south_africa,27000,2024-09-27,scheduled_maintenance,preventive,inspection,routine,1.9,6855.16,189.0,preventive,True,12,True,False,True
EQP-BB1014B8,UNIT-6986,pump,Weir,2023,underground,botswana,5072,2021-01-15,scheduled_maintenance,preventive,inspection,routine,1.7,1130.07,144.0,preventive,True,13,False,False,False
EQP-E573B0C2,UNIT-9266,excavator,Liebherr,2011,open_pit,zimbabwe,52773,2021-12-24,breakdown,hydraulics,valve,minor,17.5,31604.45,2982.0,corrective,False,39,True,False,False
EQP-F7390D8B,UNIT-7166,haul_truck,Komatsu,2022,processing_plant,drc,7938,2023-04-29,breakdown,brakes,general_component,critical,74.8,180124.52,9862.0,corrective,False,53,False,False,False
EQP-34CC1A30,UNIT-7868,haul_truck,Hitachi,2013,processing_plant,tanzania,44290,2022-02-08,scheduled_maintenance,preventive,adjustment,minor,4.7,28642.07,498.0,preventive,True,5,True,True,False
EQP-1B91BABB,UNIT-3369,excavator,Caterpillar,2022,underground,zambia,7912,2023-11-22,breakdown,electrical,wiring,minor,7.2,31826.79,1135.0,corrective,False,14,True,False,False
EQP-5E0A03F6,UNIT-8446,conveyor,Metso,2020,underground,zambia,16860,2021-03-23,scheduled_maintenance,preventive,adjustment,minor,4.1,5734.61,1513.0,preventive,True,30,False,False,False
EQP-359FDDA9,UNIT-4766,loader,Volvo,2011,open_pit,ghana,52519,2024-01-03,inspection,preventive,inspection,minor,10.2,14966.07,696.0,preventive,True,6,False,False,False
EQP-18A1041B,UNIT-1551,excavator,Komatsu,2011,underground,zambia,52699,2022-10-02,breakdown,bucket,general_component,minor,16.3,15493.91,1841.0,corrective,False,71,False,False,False
EQP-EF5E85E7,UNIT-4298,conveyor,Metso,2016,underground,south_africa,31808,2020-01-19,breakdown,belt,general_component,major,8.2,24115.05,3934.0,corrective,False,16,True,False,False
EQP-6232D055,UNIT-4148,drill_rig,Sandvik,2016,open_pit,drc,31368,2023-01-22,condition_based,rotation,general_component,routine,2.1,2020.22,59.0,predictive,False,108,False,False,True
EQP-B34CE66D,UNIT-5692,loader,Volvo,2011,open_pit,south_africa,52665,2020-01-17,breakdown,engine,head_gasket,major,18.1,30528.69,1492.0,corrective,False,22,False,False,False
EQP-C6F5357A,UNIT-3383,conveyor,ThyssenKrupp,2012,open_pit,drc,49551,2024-03-02,scheduled_maintenance,preventive,filter_replace,routine,1.9,1404.23,665.0,preventive,True,30,True,False,False
EQP-AD48655B,UNIT-5159,excavator,Caterpillar,2022,underground,zambia,9106,2024-11-15,breakdown,engine,turbo,major,20.2,83569.7,3679.0,corrective,False,159,True,True,False
EQP-BEA05832,UNIT-4851,crusher,FLSmidth,2020,open_pit,south_africa,17581,2020-10-04,condition_based,shaft,general_component,routine,11.3,11192.47,2494.0,predictive,False,49,True,False,False
EQP-5F8A11FF,UNIT-3941,loader,Volvo,2011,underground,south_africa,52162,2022-08-07,scheduled_maintenance,preventive,adjustment,routine,4.7,2421.96,279.0,preventive,True,26,False,False,False
EQP-866372D7,UNIT-7265,drill_rig,Epiroc,2019,processing_plant,tanzania,19030,2021-08-29,scheduled_maintenance,preventive,inspection,minor,3.3,8974.26,95.0,preventive,True,41,False,False,False
EQP-54A8DA37,UNIT-3749,pump,Metso,2010,open_pit,ghana,55118,2020-04-24,breakdown,bearing,general_component,major,10.7,10827.64,744.0,corrective,False,53,True,False,False
EQP-F7481F43,UNIT-7891,grader,Caterpillar,2015,open_pit,south_africa,37379,2023-05-04,condition_based,transmission,gearbox,routine,2.4,2730.33,37.0,predictive,False,195,True,False,True
EQP-4F16E534,UNIT-3257,haul_truck,Caterpillar,2008,open_pit,ghana,62138,2020-02-18,scheduled_maintenance,preventive,adjustment,routine,2.1,7242.61,257.0,preventive,True,37,False,False,False
EQP-AB44D16E,UNIT-8783,loader,Volvo,2018,open_pit,botswana,25504,2020-02-13,scheduled_maintenance,preventive,oil_change,routine,3.2,5469.18,296.0,preventive,True,11,False,False,True
EQP-459C9DE0,UNIT-4285,conveyor,Metso,2010,processing_plant,zimbabwe,55212,2023-12-30,breakdown,gearbox,general_component,minor,5.7,6283.8,1958.0,corrective,False,67,False,False,False
EQP-2E112A19,UNIT-1366,conveyor,FLSmidth,2011,underground,zambia,53923,2021-05-22,breakdown,motor,general_component,major,8.4,15667.53,3741.0,corrective,False,13,False,False,False
EQP-BA194806,UNIT-2349,drill_rig,Epiroc,2011,processing_plant,tanzania,51929,2024-06-16,breakdown,rotation,general_component,major,11.2,31871.98,343.0,corrective,False,96,True,True,False
EQP-53D93BD9,UNIT-8255,loader,Caterpillar,2010,processing_plant,zambia,56722,2022-12-05,breakdown,hydraulics,pump,minor,10.2,20511.88,958.0,corrective,False,1,True,False,False
EQP-0F3FE23E,UNIT-8848,conveyor,ThyssenKrupp,2009,open_pit,tanzania,62385,2022-08-02,breakdown,roller,general_component,major,8.5,19758.93,2332.0,corrective,False,19,False,False,False
EQP-3518B4CC,UNIT-2907,conveyor,ThyssenKrupp,2016,underground,zambia,31669,2022-01-06,breakdown,belt,general_component,minor,2.1,2809.48,947.0,corrective,False,29,False,False,False
EQP-369196D9,UNIT-6418,haul_truck,Belaz,2021,open_pit,tanzania,11653,2021-10-31,inspection,preventive,inspection,routine,2.0,1953.87,190.0,preventive,True,43,False,False,False
EQP-6BF90869,UNIT-6168,drill_rig,Epiroc,2012,open_pit,zambia,47305,2021-02-08,scheduled_maintenance,preventive,filter_replace,routine,1.2,2925.42,50.0,preventive,True,54,False,False,False
EQP-BD81ADB8,UNIT-2203,grader,Caterpillar,2020,open_pit,ghana,14998,2023-06-18,scheduled_maintenance,preventive,adjustment,routine,2.9,2503.43,45.0,preventive,True,72,False,False,False
EQP-05C49FAE,UNIT-5067,crusher,Metso,2016,open_pit,south_africa,31670,2022-12-27,breakdown,hydraulics,hose,minor,27.4,58227.37,6486.0,corrective,False,187,False,False,True
EQP-CC7AAEE2,UNIT-7244,haul_truck,Komatsu,2012,underground,south_africa,47445,2020-02-10,breakdown,electrical,sensors,major,20.6,36348.28,3060.0,corrective,False,56,False,False,False
EQP-D8504B01,UNIT-9703,grader,Komatsu,2008,underground,drc,62749,2021-08-05,overhaul,tires,front_right,major,14.5,35384.47,232.0,major_overhaul,True,1,False,False,False
EQP-7E2285A5,UNIT-8628,loader,Caterpillar,2020,open_pit,botswana,15789,2024-06-06,breakdown,electrical,alternator,major,27.1,56237.82,1647.0,corrective,False,18,False,True,False
EQP-337E95D7,UNIT-1880,conveyor,ThyssenKrupp,2008,open_pit,zimbabwe,64449,2022-06-05,inspection,preventive,filter_replace,routine,1.3,1255.25,458.0,preventive,True,126,False,False,False
EQP-C32CDF94,UNIT-3137,haul_truck,Caterpillar,2014,underground,tanzania,39104,2021-04-05,condition_based,tires,rear_left,routine,1.7,2470.8,140.0,predictive,False,75,False,False,False
EQP-C7D75BD1,UNIT-4929,conveyor,ThyssenKrupp,2008,underground,zambia,63837,2021-02-17,scheduled_maintenance,preventive,inspection,routine,1.9,992.63,634.0,preventive,True,18,False,False,False
EQP-89E3AABF,UNIT-2355,haul_truck,Hitachi,2020,underground,botswana,17406,2020-12-09,condition_based,brakes,general_component,routine,3.3,5476.7,320.0,predictive,False,81,True,False,False
EQP-3CB75C71,UNIT-6135,excavator,Komatsu,2023,open_pit,zimbabwe,2580,2024-03-29,condition_based,hydraulics,filter,minor,12.8,12093.71,2104.0,predictive,False,99,True,False,False
EQP-A41E8B05,UNIT-1077,conveyor,FLSmidth,2013,open_pit,ghana,45931,2021-07-13,inspection,preventive,oil_change,routine,0.8,2271.2,383.0,preventive,True,19,False,False,False
EQP-763116E1,UNIT-2021,grader,John Deere,2013,underground,drc,43325,2021-06-19,scheduled_maintenance,preventive,oil_change,minor,4.1,13079.34,53.0,preventive,True,135,True,False,False
EQP-6C944DA7,UNIT-1425,excavator,Caterpillar,2017,underground,drc,28200,2020-04-24,breakdown,undercarriage,general_component,minor,12.8,33833.49,2365.0,corrective,False,19,False,False,False
EQP-AE7AE083,UNIT-3659,grader,John Deere,2016,open_pit,south_africa,33279,2024-05-20,scheduled_maintenance,preventive,adjustment,minor,11.0,12883.88,206.0,preventive,True,51,False,False,False
EQP-4D00A1F9,UNIT-7859,grader,Komatsu,2014,open_pit,south_africa,41584,2021-12-02,breakdown,transmission,torque_converter,major,19.8,19088.8,323.0,corrective,False,38,False,True,False
EQP-B8F18F18,UNIT-2595,haul_truck,Caterpillar,2013,open_pit,ghana,44469,2023-06-22,scheduled_maintenance,preventive,filter_replace,minor,4.0,23945.07,510.0,preventive,True,31,False,False,False
EQP-45CE95C0,UNIT-9883,haul_truck,Hitachi,2011,underground,south_africa,51305,2023-07-10,scheduled_maintenance,preventive,filter_replace,routine,3.1,5095.14,418.0,preventive,True,137,False,False,False
EQP-F19AF63F,UNIT-3425,crusher,Sandvik,2012,open_pit,south_africa,47217,2021-09-22,breakdown,liner,general_component,major,48.5,64586.91,9983.0,corrective,False,182,True,False,False
EQP-C32A2F4D,UNIT-1403,loader,Volvo,2017,underground,botswana,27425,2022-06-15,inspection,preventive,adjustment,routine,2.4,2566.26,238.0,preventive,True,60,True,False,False
EQP-7E4F92EC,UNIT-4019,excavator,Liebherr,2019,processing_plant,ghana,21889,2020-07-01,overhaul,undercarriage,general_component,major,32.6,65386.02,4505.0,major_overhaul,True,158,False,False,True
EQP-B1E14892,UNIT-7731,crusher,Metso,2020,open_pit,tanzania,15616,2023-04-17,breakdown,liner,general_component,major,56.8,108861.72,9243.0,corrective,False,66,True,False,True
EQP-1EBD1072,UNIT-1959,conveyor,Metso,2016,open_pit,south_africa,32323,2023-04-27,breakdown,gearbox,general_component,minor,4.9,3853.96,2123.0,corrective,False,117,False,False,True
EQP-B2B198D2,UNIT-1646,crusher,FLSmidth,2020,open_pit,botswana,14956,2021-01-19,scheduled_maintenance,preventive,adjustment,minor,16.0,38725.16,3204.0,preventive,True,11,False,False,False
EQP-790C446C,UNIT-8643,crusher,Metso,2017,open_pit,zimbabwe,26843,2020-12-17,breakdown,motor,general_component,major,40.2,146183.97,6197.0,corrective,False,41,False,True,True
EQP-B22C26C5,UNIT-6328,haul_truck,Hitachi,2013,processing_plant,botswana,44026,2021-12-17,breakdown,brakes,general_component,major,18.2,45958.07,1609.0,corrective,False,86,True,False,False
EQP-8706C9A6,UNIT-4088,haul_truck,Belaz,2013,processing_plant,drc,43675,2023-05-31,inspection,preventive,oil_change,routine,2.9,2408.86,298.0,preventive,True,82,False,False,False
EQP-40816B1D,UNIT-7803,haul_truck,Hitachi,2016,open_pit,zambia,31748,2022-07-24,breakdown,transmission,gearbox,major,19.0,51092.34,1728.0,corrective,False,6,False,False,False
EQP-FF40817D,UNIT-8598,grader,Caterpillar,2012,processing_plant,ghana,46520,2020-04-21,breakdown,electrical,battery,major,20.9,26813.95,238.0,corrective,False,10,False,False,False
EQP-D7106FA9,UNIT-4232,grader,Caterpillar,2020,open_pit,drc,15926,2022-10-27,scheduled_maintenance,preventive,inspection,routine,3.2,3735.02,37.0,preventive,True,70,False,False,False
EQP-E848F96B,UNIT-6050,loader,Volvo,2010,underground,zimbabwe,57549,2023-06-26,breakdown,tires,rear_right,major,25.1,40644.83,2041.0,corrective,False,9,False,False,False
EQP-A4FF8470,UNIT-1098,haul_truck,Belaz,2008,underground,south_africa,63146,2020-12-01,inspection,preventive,oil_change,routine,2.0,2959.96,169.0,preventive,True,10,False,True,False
EQP-8C21F0AD,UNIT-3754,conveyor,FLSmidth,2015,open_pit,south_africa,36897,2022-03-11,inspection,preventive,inspection,minor,3.7,4183.62,1650.0,preventive,True,25,False,False,True
EQP-C7499837,UNIT-6356,haul_truck,Hitachi,2009,underground,tanzania,56535,2023-12-24,scheduled_maintenance,preventive,oil_change,minor,8.8,8277.41,1216.0,preventive,True,10,True,False,False
EQP-6F5DFA2E,UNIT-2773,excavator,Liebherr,2011,underground,south_africa,51197,2021-08-07,breakdown,bucket,general_component,major,27.3,84483.42,4705.0,corrective,False,22,False,False,False
EQP-AFBE0D4D,UNIT-9920,excavator,Liebherr,2014,open_pit,zimbabwe,38089,2020-06-11,inspection,preventive,filter_replace,minor,9.7,18034.48,1208.0,preventive,True,17,False,False,False
EQP-68CCBB4B,UNIT-9739,loader,Komatsu,2008,processing_plant,south_africa,65236,2024-07-23,condition_based,engine,injector,routine,4.8,4982.15,378.0,predictive,False,59,True,False,True
EQP-05C6BD06,UNIT-3318,haul_truck,Hitachi,2011,open_pit,ghana,52878,2020-06-25,scheduled_maintenance,preventive,filter_replace,minor,5.1,19882.27,406.0,preventive,True,23,False,False,False
EQP-A12D3C5F,UNIT-4566,crusher,FLSmidth,2016,open_pit,ghana,30965,2020-04-20,scheduled_maintenance,preventive,filter_replace,routine,11.8,11539.76,3439.0,preventive,True,138,False,False,False
EQP-04F188C0,UNIT-2705,pump,KSB,2013,processing_plant,drc,44289,2021-03-25,scheduled_maintenance,preventive,oil_change,routine,1.7,725.09,86.0,preventive,True,53,True,False,True
EQP-38004625,UNIT-5535,crusher,Sandvik,2022,open_pit,tanzania,9201,2023-09-14,breakdown,motor,general_component,minor,26.3,21974.96,4819.0,corrective,False,18,True,True,False
EQP-8E09F50C,UNIT-2115,haul_truck,Hitachi,2009,open_pit,tanzania,61357,2023-03-23,scheduled_maintenance,preventive,adjustment,routine,1.9,4008.91,154.0,preventive,True,154,True,False,False
EQP-32333E5C,UNIT-4518,grader,Caterpillar,2019,open_pit,south_africa,19594,2021-02-27,condition_based,electrical,alternator,minor,8.5,8281.4,170.0,predictive,False,87,True,True,False
EQP-31B0ECA2,UNIT-5996,crusher,FLSmidth,2017,open_pit,ghana,25791,2020-05-18,scheduled_maintenance,preventive,oil_change,routine,5.4,9073.76,843.0,preventive,True,6,False,False,False
EQP-A3C0200A,UNIT-6505,drill_rig,Sandvik,2018,open_pit,tanzania,23101,2024-09-13,condition_based,drill_string,general_component,routine,2.9,3993.19,73.0,predictive,False,148,False,False,False
EQP-288FC346,UNIT-6367,crusher,Metso,2018,open_pit,south_africa,24766,2020-01-14,condition_based,hydraulics,filter,routine,6.9,13906.19,1139.0,predictive,False,5,True,False,True
EQP-040ABAE6,UNIT-2992,grader,John Deere,2008,underground,south_africa,66098,2024-07-22,condition_based,hydraulics,pump,routine,2.6,2701.79,49.0,predictive,False,13,True,False,True
EQP-E7309BD0,UNIT-8129,drill_rig,Sandvik,2020,open_pit,drc,15945,2022-04-29,scheduled_maintenance,preventive,oil_change,routine,2.3,1903.45,81.0,preventive,True,175,True,False,False
EQP-5BD235B6,UNIT-7225,conveyor,FLSmidth,2013,processing_plant,tanzania,43393,2020-12-15,breakdown,pulley,general_component,major,6.1,14431.19,2966.0,corrective,False,9,False,False,True
EQP-1D9FBE1E,UNIT-7776,drill_rig,Caterpillar,2018,processing_plant,ghana,26399,2021-09-15,condition_based,compressor,general_component,routine,2.2,4622.61,108.0,predictive,False,92,True,False,False
EQP-66ABF88C,UNIT-5210,haul_truck,Belaz,2012,open_pit,south_africa,48405,2021-07-12,inspection,preventive,adjustment,routine,3.3,2757.82,427.0,preventive,True,7,False,False,False
EQP-CE4B68D7,UNIT-9031,loader,Komatsu,2014,processing_plant,botswana,38772,2020-10-09,breakdown,tires,front_right,minor,7.1,7708.67,415.0,corrective,False,16,True,False,False
EQP-AA828175,UNIT-4508,haul_truck,Hitachi,2019,processing_plant,botswana,19881,2022-02-16,inspection,preventive,filter_replace,routine,2.0,7026.96,296.0,preventive,True,54,True,False,False
EQP-4B6E2EA1,UNIT-8251,excavator,Hitachi,2022,processing_plant,zambia,8999,2023-03-26,overhaul,bucket,general_component,major,26.8,41599.89,3854.0,major_overhaul,True,28,False,False,False
EQP-B9654D85,UNIT-2831,excavator,Caterpillar,2022,underground,zimbabwe,7929,2022-04-30,condition_based,hydraulics,cylinder,routine,4.3,7991.26,630.0,predictive,False,115,True,True,True
EQP-5826669C,UNIT-3225,excavator,Hitachi,2019,open_pit,botswana,20794,2023-02-28,breakdown,electrical,wiring,minor,11.3,14368.18,1850.0,corrective,False,20,False,False,False
EQP-98C39131,UNIT-5740,drill_rig,Sandvik,2016,open_pit,zambia,30394,2024-10-12,condition_based,electrical,alternator,routine,1.7,3665.49,73.0,predictive,False,1,False,False,False
EQP-31002DDC,UNIT-6002,conveyor,FLSmidth,2016,processing_plant,tanzania,30565,2020-08-07,scheduled_maintenance,preventive,oil_change,routine,1.3,872.87,638.0,preventive,True,37,True,False,False
EQP-6699EDB4,UNIT-7715,excavator,Liebherr,2023,underground,drc,3265,2023-08-22,scheduled_maintenance,preventive,adjustment,routine,3.5,9177.19,690.0,preventive,True,47,False,True,False
EQP-7B0FB72F,UNIT-3676,haul_truck,Belaz,2011,processing_plant,south_africa,51717,2021-02-17,breakdown,hydraulics,filter,major,15.0,32244.01,1590.0,corrective,False,75,False,False,True
EQP-1CFE8F1F,UNIT-8852,grader,John Deere,2023,underground,tanzania,4333,2020-02-04,condition_based,blade,general_component,routine,2.7,1774.38,31.0,predictive,False,30,False,False,True
EQP-88815E19,UNIT-3967,pump,Weir,2018,open_pit,zimbabwe,24636,2021-10-18,scheduled_maintenance,preventive,oil_change,routine,1.3,1652.86,125.0,preventive,True,18,False,False,False
EQP-F3EDE9A7,UNIT-5807,drill_rig,Caterpillar,2017,open_pit,ghana,30466,2021-12-09,scheduled_maintenance,preventive,inspection,routine,2.0,3269.27,56.0,preventive,True,11,False,False,False
EQP-AB16B3DC,UNIT-9386,excavator,Liebherr,2017,processing_plant,zambia,27261,2024-11-17,scheduled_maintenance,preventive,filter_replace,routine,2.4,5374.99,373.0,preventive,True,54,False,False,True
EQP-A2FACEBB,UNIT-5854,haul_truck,Komatsu,2020,open_pit,tanzania,15686,2021-09-11,scheduled_maintenance,preventive,oil_change,routine,3.3,4113.23,289.0,preventive,True,319,False,False,False
EQP-D30A21F1,UNIT-7136,haul_truck,Caterpillar,2018,underground,ghana,23289,2023-10-15,scheduled_maintenance,preventive,filter_replace,routine,1.7,4513.91,173.0,preventive,True,65,False,False,False
EQP-2534AB1A,UNIT-9176,excavator,Hitachi,2009,processing_plant,zimbabwe,61079,2024-08-10,scheduled_maintenance,preventive,inspection,routine,3.1,9958.99,474.0,preventive,True,2,False,False,False
EQP-6E9C9836,UNIT-9770,grader,John Deere,2020,open_pit,south_africa,17133,2021-08-29,breakdown,transmission,clutch,critical,69.0,120837.98,1176.0,corrective,False,34,True,True,False
EQP-8A205767,UNIT-5494,crusher,FLSmidth,2019,open_pit,zambia,19552,2020-11-18,scheduled_maintenance,preventive,filter_replace,minor,35.6,36917.71,10548.0,preventive,True,7,False,False,False
EQP-8C51B738,UNIT-4751,excavator,Liebherr,2022,underground,botswana,10065,2024-10-03,breakdown,hydraulics,cylinder,major,35.8,59310.99,6869.0,corrective,False,16,True,False,False
EQP-23B0C435,UNIT-2772,pump,Weir,2022,processing_plant,tanzania,7291,2022-04-04,condition_based,casing,general_component,routine,1.5,1206.09,114.0,predictive,False,44,True,False,False
EQP-B39F7D13,UNIT-5836,drill_rig,Sandvik,2023,underground,tanzania,5029,2022-03-29,scheduled_maintenance,preventive,filter_replace,minor,4.6,18839.24,151.0,preventive,True,51,False,False,False
EQP-047D5E08,UNIT-9264,excavator,Liebherr,2008,open_pit,zimbabwe,65454,2023-08-04,condition_based,hydraulics,hose,routine,5.4,3751.78,830.0,predictive,False,46,False,False,True
EQP-4960613D,UNIT-5383,drill_rig,Sandvik,2018,open_pit,drc,22638,2021-11-15,scheduled_maintenance,preventive,filter_replace,minor,6.9,10182.19,236.0,preventive,True,86,False,False,False
EQP-9E69A430,UNIT-4135,haul_truck,Komatsu,2022,open_pit,zimbabwe,8577,2022-09-01,breakdown,engine,oil_pump,critical,79.2,89624.08,8669.0,corrective,False,50,False,False,False
EQP-16EB34B6,UNIT-1965,grader,Caterpillar,2023,open_pit,ghana,1274,2024-08-26,breakdown,blade,general_component,major,18.6,31101.54,356.0,corrective,False,73,False,False,False
EQP-66F9C4CB,UNIT-4507,excavator,Komatsu,2016,open_pit,zambia,32824,2020-03-28,breakdown,engine,head_gasket,critical,80.2,330105.11,12144.0,corrective,False,123,True,False,False
EQP-F4B40616,UNIT-3130,crusher,Sandvik,2022,processing_plant,drc,6898,2023-08-18,scheduled_maintenance,preventive,inspection,routine,5.1,10584.31,797.0,preventive,True,18,True,False,False
EQP-B9D8EDC7,UNIT-9789,excavator,Komatsu,2022,open_pit,drc,8567,2021-12-15,condition_based,hydraulics,hose,routine,3.1,8494.69,522.0,predictive,False,26,True,False,True
EQP-1A02D5D7,UNIT-5748,grader,John Deere,2008,processing_plant,drc,64754,2022-09-13,breakdown,electrical,battery,major,20.0,34497.96,256.0,corrective,False,90,True,False,False
EQP-B21F05FC,UNIT-2232,crusher,Sandvik,2022,processing_plant,ghana,9120,2024-06-26,scheduled_maintenance,preventive,oil_change,routine,12.0,14669.59,2185.0,preventive,True,116,True,False,False
EQP-3DC590FC,UNIT-1606,drill_rig,Sandvik,2018,underground,ghana,24890,2022-12-17,breakdown,drill_string,general_component,minor,5.9,11786.6,261.0,corrective,False,57,False,False,False
EQP-609AD67F,UNIT-8655,haul_truck,Belaz,2017,underground,south_africa,28055,2022-01-24,scheduled_maintenance,preventive,adjustment,routine,1.7,2004.42,149.0,preventive,True,27,False,True,False
EQP-41E7EC70,UNIT-9382,grader,Komatsu,2010,open_pit,drc,55619,2024-10-17,scheduled_maintenance,preventive,adjustment,minor,7.2,10424.76,116.0,preventive,True,25,False,False,False
EQP-9CFCD0FF,UNIT-7866,conveyor,FLSmidth,2022,underground,south_africa,7925,2022-12-25,breakdown,gearbox,general_component,major,6.8,21565.18,3089.0,corrective,False,68,True,True,False
EQP-F501B501,UNIT-2114,excavator,Caterpillar,2012,open_pit,botswana,46883,2020-10-02,breakdown,undercarriage,general_component,major,35.3,64417.15,4591.0,corrective,False,70,False,False,False
EQP-724B6E8F,UNIT-1884,grader,John Deere,2014,open_pit,south_africa,39788,2020-06-09,condition_based,hydraulics,pump,routine,1.9,2237.54,28.0,predictive,False,143,False,False,False
EQP-54048973,UNIT-2781,haul_truck,Hitachi,2012,underground,tanzania,47709,2021-09-16,scheduled_maintenance,preventive,oil_change,routine,1.9,5924.15,225.0,preventive,True,5,False,False,False
EQP-1566B9A8,UNIT-7759,excavator,Hitachi,2023,open_pit,south_africa,3211,2023-07-16,scheduled_maintenance,preventive,oil_change,routine,4.0,2134.72,656.0,preventive,True,24,False,False,False
EQP-4DE3279A,UNIT-7887,conveyor,FLSmidth,2015,open_pit,tanzania,34258,2022-01-27,condition_based,roller,general_component,routine,1.5,1814.56,739.0,predictive,False,42,False,False,False
EQP-DF8DB412,UNIT-8539,excavator,Hitachi,2009,underground,zimbabwe,58723,2020-10-30,breakdown,hydraulics,hose,major,30.9,82432.59,5836.0,corrective,False,27,False,False,True
EQP-6EC0A517,UNIT-1872,drill_rig,Sandvik,2008,open_pit,botswana,60849,2024-11-07,inspection,preventive,filter_replace,routine,1.9,4882.68,57.0,preventive,True,63,False,False,True
EQP-BCA7E8BB,UNIT-2378,excavator,Caterpillar,2023,open_pit,tanzania,3692,2020-12-22,condition_based,undercarriage,general_component,routine,5.6,7839.59,866.0,predictive,False,162,False,False,False
EQP-B210AED4,UNIT-9101,haul_truck,Caterpillar,2011,open_pit,zimbabwe,52360,2020-05-31,scheduled_maintenance,preventive,oil_change,minor,8.8,10444.96,764.0,preventive,True,60,True,True,False
EQP-C6156A9B,UNIT-9357,haul_truck,Caterpillar,2020,open_pit,south_africa,13317,2021-11-17,scheduled_maintenance,preventive,filter_replace,minor,4.4,18711.82,350.0,preventive,True,47,False,False,False
EQP-CBD92839,UNIT-7530,haul_truck,Belaz,2008,underground,drc,64236,2020-07-19,scheduled_maintenance,preventive,filter_replace,routine,1.7,3935.67,174.0,preventive,True,62,False,False,False
EQP-DEB23D9E,UNIT-1954,pump,KSB,2022,underground,ghana,7877,2022-12-02,condition_based,motor,general_component,routine,1.4,1041.49,92.0,predictive,False,46,False,False,False
EQP-B8C75F3D,UNIT-1617,conveyor,FLSmidth,2018,open_pit,tanzania,22823,2022-02-22,breakdown,gearbox,general_component,critical,24.3,83881.79,9541.0,corrective,False,5,True,True,False
EQP-8D30A4B0,UNIT-1500,drill_rig,Caterpillar,2011,underground,tanzania,51568,2024-07-25,condition_based,drill_string,general_component,routine,2.0,3324.42,82.0,predictive,False,32,False,False,False
EQP-1A62E16C,UNIT-7225,excavator,Caterpillar,2022,processing_plant,ghana,9050,2020-10-31,scheduled_maintenance,preventive,oil_change,routine,2.6,7847.0,360.0,preventive,True,38,False,False,False
EQP-3DD0CDD4,UNIT-8612,crusher,Metso,2012,underground,zimbabwe,47025,2021-04-28,condition_based,liner,general_component,minor,13.3,48560.86,3725.0,predictive,False,63,True,False,False
EQP-0D4F54E2,UNIT-6684,haul_truck,Belaz,2023,underground,ghana,4078,2023-05-17,overhaul,engine,head_gasket,major,12.7,60975.18,1754.0,major_overhaul,True,356,False,False,True
EQP-6DFD960D,UNIT-3358,excavator,Komatsu,2017,underground,zimbabwe,28346,2023-06-10,breakdown,bucket,general_component,minor,14.8,32733.11,2547.0,corrective,False,2,True,False,False
EQP-127A7339,UNIT-7815,crusher,Sandvik,2015,processing_plant,zambia,35177,2021-10-11,scheduled_maintenance,preventive,oil_change,routine,9.1,5622.73,1844.0,preventive,True,29,False,False,False
EQP-ABC00385,UNIT-1532,drill_rig,Caterpillar,2008,processing_plant,drc,65008,2024-07-17,scheduled_maintenance,preventive,inspection,minor,3.8,6480.68,118.0,preventive,True,107,False,False,False
EQP-4BC08A74,UNIT-8452,loader,Caterpillar,2012,open_pit,tanzania,48403,2024-03-03,scheduled_maintenance,preventive,oil_change,routine,3.3,1974.04,184.0,preventive,True,42,False,False,False
EQP-84D4D4BE,UNIT-9026,grader,Komatsu,2008,open_pit,south_africa,63748,2023-01-06,breakdown,hydraulics,hose,major,23.3,35410.03,291.0,corrective,False,9,True,False,True
EQP-03634A00,UNIT-7464,loader,Volvo,2021,open_pit,tanzania,14363,2023-09-09,scheduled_maintenance,preventive,filter_replace,routine,2.2,5789.1,216.0,preventive,True,61,True,True,False
EQP-748C8DE7,UNIT-8912,haul_truck,Komatsu,2009,underground,zimbabwe,61012,2022-08-22,condition_based,transmission,torque_converter,minor,5.5,28578.63,585.0,predictive,False,77,True,True,False
EQP-7B53F17D,UNIT-6275,haul_truck,Komatsu,2009,open_pit,ghana,58313,2022-04-27,overhaul,engine,turbo,major,16.7,30577.64,1773.0,major_overhaul,True,50,True,False,True
EQP-014DC857,UNIT-5214,haul_truck,Caterpillar,2009,processing_plant,drc,59610,2022-09-09,condition_based,transmission,driveshaft,routine,2.2,7470.43,243.0,predictive,False,1,True,False,False
EQP-8084DC5B,UNIT-3901,loader,Caterpillar,2023,open_pit,south_africa,6466,2024-02-29,scheduled_maintenance,preventive,adjustment,routine,2.5,5455.34,206.0,preventive,True,50,False,False,False
EQP-577CD90B,UNIT-9294,grader,Caterpillar,2023,underground,zambia,3017,2020-01-30,breakdown,transmission,driveshaft,minor,11.8,6386.19,227.0,corrective,False,39,True,False,False
EQP-A86D54E3,UNIT-7274,grader,Komatsu,2019,open_pit,tanzania,20066,2020-06-30,breakdown,tires,rear_left,minor,10.1,10688.82,113.0,corrective,False,176,True,False,True
EQP-13238F01,UNIT-2714,excavator,Caterpillar,2009,open_pit,south_africa,61230,2022-05-04,scheduled_maintenance,preventive,adjustment,routine,5.0,9876.89,910.0,preventive,True,40,False,False,True
EQP-4936787A,UNIT-9611,loader,Caterpillar,2016,open_pit,south_africa,32652,2022-11-11,scheduled_maintenance,preventive,oil_change,routine,4.8,3460.77,348.0,preventive,True,9,True,False,False
EQP-B8308CB6,UNIT-1532,conveyor,Metso,2023,underground,drc,4796,2020-11-19,inspection,preventive,filter_replace,minor,2.7,9650.81,860.0,preventive,True,41,False,False,False
EQP-48D03DD1,UNIT-6287,loader,Caterpillar,2009,open_pit,ghana,60737,2022-12-25,scheduled_maintenance,preventive,adjustment,routine,4.7,3810.3,363.0,preventive,True,6,False,True,False
EQP-B3DD34FB,UNIT-2714,conveyor,Metso,2020,open_pit,ghana,16025,2020-02-14,breakdown,gearbox,general_component,major,11.9,15165.45,4583.0,corrective,False,48,False,False,False
EQP-900AE9CA,UNIT-6978,haul_truck,Komatsu,2008,underground,zambia,63207,2021-03-18,breakdown,brakes,general_component,major,19.0,37223.82,1615.0,corrective,False,54,False,False,False
EQP-5B3F66C9,UNIT-4713,haul_truck,Hitachi,2020,processing_plant,drc,16434,2022-04-07,scheduled_maintenance,preventive,oil_change,minor,11.2,9841.7,921.0,preventive,True,12,True,False,False
EQP-81567446,UNIT-4933,pump,KSB,2016,underground,tanzania,31597,2020-03-30,scheduled_maintenance,preventive,oil_change,minor,5.3,6240.11,431.0,preventive,True,8,False,False,False
EQP-4BA6DC74,UNIT-7043,drill_rig,Epiroc,2022,underground,drc,7518,2023-02-14,breakdown,drill_string,general_component,critical,31.4,99136.67,1362.0,corrective,False,35,False,False,False
EQP-DCF490B5,UNIT-7804,excavator,Hitachi,2014,open_pit,zambia,41482,2022-08-21,breakdown,undercarriage,general_component,major,24.0,64463.95,3876.0,corrective,False,53,True,False,False
EQP-8F2AC388,UNIT-4420,excavator,Hitachi,2020,processing_plant,ghana,15619,2022-10-14,scheduled_maintenance,preventive,inspection,minor,14.1,38116.26,1908.0,preventive,True,34,False,False,False
EQP-BE073944,UNIT-9978,excavator,Liebherr,2021,open_pit,ghana,13706,2022-07-13,scheduled_maintenance,preventive,filter_replace,routine,4.4,3598.77,685.0,preventive,True,55,False,False,False
EQP-D5DB1751,UNIT-5485,pump,KSB,2013,processing_plant,drc,44256,2023-05-29,overhaul,motor,general_component,major,8.3,12479.3,791.0,major_overhaul,True,28,False,False,True
EQP-1AEB3FC6,UNIT-2443,haul_truck,Caterpillar,2018,processing_plant,zimbabwe,23840,2023-03-22,inspection,preventive,filter_replace,routine,1.7,6957.39,245.0,preventive,True,108,False,True,False
EQP-FC3BE9E9,UNIT-1057,haul_truck,Hitachi,2015,open_pit,botswana,34182,2023-04-03,breakdown,transmission,gearbox,critical,25.3,286633.89,2338.0,corrective,False,3,False,False,False
EQP-53A00D03,UNIT-2821,loader,Volvo,2014,open_pit,south_africa,42119,2021-01-18,condition_based,transmission,driveshaft,routine,2.3,5053.21,126.0,predictive,False,365,True,False,False
EQP-D52CDAB9,UNIT-7219,conveyor,Metso,2020,underground,drc,15994,2023-05-22,scheduled_maintenance,preventive,filter_replace,minor,3.6,5373.59,1488.0,preventive,True,34,False,False,True
EQP-BFFDBE38,UNIT-5854,haul_truck,Hitachi,2011,underground,zambia,49729,2020-11-19,overhaul,electrical,starter,major,12.3,35645.63,1083.0,major_overhaul,True,92,False,True,False
EQP-3AE0783F,UNIT-4040,haul_truck,Komatsu,2009,underground,south_africa,60987,2020-02-08,scheduled_maintenance,preventive,inspection,routine,2.0,6236.46,270.0,preventive,True,1,False,False,False
EQP-034640F7,UNIT-5331,haul_truck,Komatsu,2015,processing_plant,tanzania,35949,2024-10-26,breakdown,engine,oil_pump,minor,11.7,26378.36,1124.0,corrective,False,6,True,False,True
EQP-C1BAE1CD,UNIT-8542,excavator,Caterpillar,2021,underground,ghana,11068,2020-11-17,breakdown,bucket,general_component,minor,11.4,31445.33,1312.0,corrective,False,172,False,False,False
EQP-412848B9,UNIT-6143,haul_truck,Caterpillar,2010,open_pit,tanzania,56931,2020-07-23,overhaul,tires,front_left,major,23.2,45182.61,3160.0,major_overhaul,True,6,False,False,False
EQP-7773A21D,UNIT-1522,haul_truck,Hitachi,2013,underground,zambia,41451,2021-06-29,inspection,preventive,oil_change,routine,2.1,5414.56,190.0,preventive,True,16,False,False,False
EQP-92FCDB33,UNIT-1441,crusher,FLSmidth,2018,open_pit,south_africa,23285,2024-12-03,scheduled_maintenance,preventive,inspection,routine,7.4,11427.26,1120.0,preventive,True,45,False,False,False
EQP-35E5BD6B,UNIT-5337,loader,Komatsu,2015,underground,zimbabwe,35700,2024-04-04,scheduled_maintenance,preventive,adjustment,minor,11.7,21973.75,1066.0,preventive,True,61,True,False,False
EQP-8BDE45F0,UNIT-4638,grader,Caterpillar,2017,processing_plant,south_africa,28852,2023-07-19,scheduled_maintenance,preventive,oil_change,routine,4.0,1245.29,44.0,preventive,True,49,False,False,True
EQP-7200E0EA,UNIT-8653,excavator,Caterpillar,2016,open_pit,zimbabwe,34240,2020-12-04,condition_based,bucket,general_component,routine,4.9,4110.6,696.0,predictive,False,38,False,False,True
EQP-7D200FC0,UNIT-6246,excavator,Hitachi,2020,processing_plant,tanzania,15755,2023-02-06,scheduled_maintenance,preventive,inspection,routine,5.6,5229.59,782.0,preventive,True,98,False,False,False
EQP-37ACF3AC,UNIT-7811,pump,Weir,2022,processing_plant,zambia,8459,2024-02-08,breakdown,impeller,general_component,minor,2.2,6869.9,126.0,corrective,False,142,False,False,False
EQP-29E464B8,UNIT-6266,loader,Komatsu,2015,open_pit,ghana,38748,2021-09-03,scheduled_maintenance,preventive,adjustment,routine,2.9,5489.77,150.0,preventive,True,118,False,False,False
EQP-714E92AF,UNIT-4107,conveyor,ThyssenKrupp,2014,processing_plant,drc,40004,2021-04-11,scheduled_maintenance,preventive,oil_change,routine,1.9,1056.83,515.0,preventive,True,59,True,False,False
EQP-321B6FC0,UNIT-6915,excavator,Caterpillar,2012,underground,drc,48468,2024-04-11,scheduled_maintenance,preventive,filter_replace,routine,4.3,6033.15,614.0,preventive,True,200,False,False,False
EQP-6654DADA,UNIT-6592,excavator,Hitachi,2015,open_pit,zambia,34762,2020-08-24,inspection,preventive,inspection,routine,3.0,6861.7,587.0,preventive,True,87,False,False,False
EQP-71F81128,UNIT-7481,drill_rig,Caterpillar,2021,open_pit,zambia,13959,2024-06-26,overhaul,drill_string,general_component,major,10.5,24964.03,453.0,major_overhaul,True,23,False,False,False
EQP-DC4F8819,UNIT-2702,conveyor,FLSmidth,2016,open_pit,drc,31287,2022-05-12,breakdown,pulley,general_component,major,10.6,21885.63,4544.0,corrective,False,22,False,False,False
EQP-934DFFBC,UNIT-6773,haul_truck,Belaz,2019,underground,zimbabwe,20268,2023-07-23,inspection,preventive,inspection,routine,2.0,4325.41,250.0,preventive,True,10,False,False,False
EQP-0C30E4CB,UNIT-3568,pump,KSB,2014,open_pit,tanzania,40240,2021-10-31,condition_based,casing,general_component,routine,1.4,1831.49,124.0,predictive,False,59,False,False,False
EQP-4EDDB227,UNIT-8111,conveyor,FLSmidth,2019,open_pit,zimbabwe,20085,2023-07-01,scheduled_maintenance,preventive,inspection,routine,1.0,1596.69,382.0,preventive,True,14,False,True,False
EQP-BF2CF1A0,UNIT-8185,conveyor,Metso,2019,processing_plant,ghana,19565,2024-07-22,breakdown,gearbox,general_component,critical,17.8,87479.71,8836.0,corrective,False,120,False,True,False
EQP-52A2CE06,UNIT-6622,haul_truck,Hitachi,2016,underground,drc,32241,2022-06-06,scheduled_maintenance,preventive,oil_change,routine,2.6,1794.54,314.0,preventive,True,66,False,False,False
EQP-08D5457B,UNIT-9519,loader,Komatsu,2022,underground,drc,9757,2021-01-16,overhaul,engine,cooling_system,major,16.8,39798.97,1370.0,major_overhaul,True,84,False,False,True
EQP-53B7C47D,UNIT-5837,crusher,Sandvik,2022,processing_plant,tanzania,10280,2020-05-20,scheduled_maintenance,preventive,filter_replace,routine,9.5,8029.68,1455.0,preventive,True,15,False,False,False
EQP-0F3EA9E4,UNIT-1226,haul_truck,Caterpillar,2010,open_pit,tanzania,55824,2024-07-24,scheduled_maintenance,preventive,inspection,minor,5.3,11863.6,697.0,preventive,True,74,False,False,False
EQP-443CF93D,UNIT-6455,conveyor,ThyssenKrupp,2011,open_pit,tanzania,51550,2024-12-03,breakdown,motor,general_component,major,10.5,18424.56,3559.0,corrective,False,8,True,True,True
EQP-4727AC9D,UNIT-7998,crusher,Metso,2023,underground,south_africa,3191,2023-03-18,scheduled_maintenance,preventive,inspection,routine,8.6,12006.03,2288.0,preventive,True,35,False,False,False
EQP-81B54CC1,UNIT-1910,loader,Caterpillar,2014,open_pit,zimbabwe,42686,2020-01-28,scheduled_maintenance,preventive,inspection,routine,3.0,3567.92,277.0,preventive,True,3,False,False,False
EQP-AA0B9D63,UNIT-1941,haul_truck,Caterpillar,2012,open_pit,tanzania,48128,2024-05-11,scheduled_maintenance,preventive,filter_replace,minor,8.9,26218.99,682.0,preventive,True,66,False,False,True
EQP-604AE2EA,UNIT-3458,grader,John Deere,2020,underground,south_africa,17115,2022-06-10,inspection,preventive,filter_replace,minor,7.3,7515.76,101.0,preventive,True,3,False,False,False
EQP-4BE85668,UNIT-8597,drill_rig,Sandvik,2017,open_pit,south_africa,28696,2021-02-24,scheduled_maintenance,preventive,oil_change,routine,1.3,2193.41,62.0,preventive,True,32,True,False,False
EQP-5D210B77,UNIT-5746,haul_truck,Komatsu,2010,underground,south_africa,58208,2021-10-22,breakdown,tires,rear_left,major,15.7,37507.31,1328.0,corrective,False,24,False,False,False
EQP-E6AC11BD,UNIT-9786,haul_truck,Caterpillar,2009,underground,zambia,59752,2024-08-22,breakdown,brakes,general_component,critical,53.4,251430.53,6986.0,corrective,False,150,False,False,False
EQP-7D5CA587,UNIT-8856,haul_truck,Komatsu,2020,underground,drc,14892,2023-10-29,breakdown,tires,front_right,critical,29.8,108299.12,2957.0,corrective,False,33,False,False,False
EQP-3C190890,UNIT-5992,excavator,Liebherr,2020,open_pit,south_africa,17859,2022-12-10,breakdown,undercarriage,general_component,major,31.2,48986.02,4709.0,corrective,False,111,True,False,False
EQP-F70D0E1B,UNIT-7110,drill_rig,Epiroc,2013,open_pit,drc,44903,2023-08-17,scheduled_maintenance,preventive,oil_change,minor,5.1,5105.42,243.0,preventive,True,149,False,False,False
EQP-BACAD826,UNIT-3978,loader,Komatsu,2021,processing_plant,tanzania,12456,2024-03-05,condition_based,electrical,starter,minor,7.0,12988.83,572.0,predictive,False,24,True,False,False
EQP-15F75343,UNIT-1813,haul_truck,Caterpillar,2010,processing_plant,tanzania,57535,2023-02-04,scheduled_maintenance,preventive,adjustment,routine,1.6,4121.42,172.0,preventive,True,6,False,False,False
EQP-367BE198,UNIT-4588,pump,Weir,2021,open_pit,zimbabwe,12513,2021-07-18,inspection,preventive,filter_replace,routine,0.9,1121.78,76.0,preventive,True,12,True,False,False
EQP-10D7CA95,UNIT-6329,haul_truck,Belaz,2009,open_pit,tanzania,61569,2020-05-14,overhaul,transmission,torque_converter,major,14.8,64477.65,1357.0,major_overhaul,True,41,False,False,False
EQP-37065781,UNIT-2639,conveyor,FLSmidth,2018,underground,zambia,24246,2020-08-09,breakdown,belt,general_component,minor,3.5,5610.22,886.0,corrective,False,11,False,False,False
EQP-D4D40BA0,UNIT-2995,grader,Caterpillar,2021,open_pit,tanzania,12901,2021-03-02,condition_based,hydraulics,valve,minor,5.2,4051.14,84.0,predictive,False,34,True,False,True
EQP-E3E12D1E,UNIT-1134,loader,Komatsu,2017,open_pit,drc,28526,2023-10-15,breakdown,transmission,driveshaft,major,23.2,45940.08,2159.0,corrective,False,36,False,False,False
EQP-90D04D04,UNIT-7605,crusher,Metso,2020,open_pit,tanzania,15674,2020-06-18,breakdown,bearing,general_component,major,43.0,75410.64,10962.0,corrective,False,51,False,False,True
EQP-D226D225,UNIT-9093,crusher,Metso,2013,open_pit,tanzania,43794,2020-08-16,breakdown,bearing,general_component,minor,34.9,16126.6,7954.0,corrective,False,33,False,True,False
EQP-CF81951D,UNIT-8446,haul_truck,Komatsu,2012,open_pit,zimbabwe,47607,2024-10-28,breakdown,tires,rear_right,minor,8.5,24990.91,729.0,corrective,False,68,False,False,False
EQP-46FDAF32,UNIT-4419,haul_truck,Hitachi,2012,open_pit,drc,48265,2021-12-21,condition_based,transmission,driveshaft,routine,3.5,2975.01,285.0,predictive,False,55,False,False,False
EQP-A39B7D9C,UNIT-6340,drill_rig,Epiroc,2009,processing_plant,ghana,59544,2020-08-18,condition_based,electrical,battery,routine,2.0,4021.16,64.0,predictive,False,42,False,False,False
EQP-59575D94,UNIT-9646,haul_truck,Belaz,2012,open_pit,ghana,48435,2024-04-19,scheduled_maintenance,preventive,oil_change,routine,2.1,5350.35,309.0,preventive,True,175,False,True,False
EQP-9AABDFC6,UNIT-6321,excavator,Caterpillar,2011,open_pit,south_africa,52401,2024-10-06,scheduled_maintenance,preventive,filter_replace,routine,4.0,9066.49,585.0,preventive,True,37,False,False,False
EQP-F977587C,UNIT-3662,haul_truck,Caterpillar,2020,open_pit,south_africa,16205,2022-06-26,condition_based,engine,turbo,minor,7.3,15558.57,988.0,predictive,False,101,False,False,False
EQP-B5E8517F,UNIT-4046,grader,John Deere,2011,processing_plant,drc,52222,2020-07-21,condition_based,tires,rear_right,routine,3.1,2880.25,31.0,predictive,False,89,True,False,True
EQP-223351BE,UNIT-7543,grader,Komatsu,2010,open_pit,south_africa,55433,2023-02-03,inspection,preventive,filter_replace,routine,3.8,2618.32,56.0,preventive,True,101,False,False,False
EQP-85AEEA75,UNIT-5015,loader,Volvo,2019,open_pit,tanzania,19718,2024-04-01,condition_based,transmission,driveshaft,minor,7.4,20090.2,461.0,predictive,False,4,False,False,False
EQP-D825F118,UNIT-8534,crusher,FLSmidth,2016,underground,zambia,30329,2024-10-03,scheduled_maintenance,preventive,oil_change,routine,5.5,6952.02,1611.0,preventive,True,5,False,False,False
EQP-8EE21164,UNIT-8776,haul_truck,Caterpillar,2011,underground,tanzania,51880,2022-10-31,scheduled_maintenance,preventive,inspection,routine,3.3,5096.94,297.0,preventive,True,134,False,False,False
EQP-CC7E013E,UNIT-1322,haul_truck,Belaz,2019,processing_plant,drc,19014,2024-08-26,scheduled_maintenance,preventive,oil_change,routine,1.6,4745.24,126.0,preventive,True,57,True,False,False
EQP-E45EE412,UNIT-7509,crusher,FLSmidth,2011,open_pit,south_africa,52099,2024-02-06,breakdown,shaft,general_component,minor,31.1,16961.28,5421.0,corrective,False,30,False,True,False
EQP-44BFB646,UNIT-4329,crusher,Sandvik,2020,open_pit,ghana,15285,2020-10-17,inspection,preventive,adjustment,minor,29.5,16530.23,4704.0,preventive,True,19,False,False,False
EQP-30A01E50,UNIT-5677,excavator,Komatsu,2008,open_pit,tanzania,61949,2023-02-15,inspection,preventive,adjustment,routine,5.4,9224.03,710.0,preventive,True,4,False,False,False
EQP-696DC7C4,UNIT-3382,drill_rig,Epiroc,2017,underground,south_africa,30252,2023-04-13,overhaul,rotation,general_component,major,9.8,39222.87,489.0,major_overhaul,True,141,True,True,False
EQP-381BF89D,UNIT-4313,drill_rig,Epiroc,2017,open_pit,zimbabwe,27768,2023-10-15,breakdown,drill_string,general_component,major,10.8,38393.85,521.0,corrective,False,164,True,False,False
EQP-55551F00,UNIT-3973,haul_truck,Belaz,2013,open_pit,south_africa,45447,2022-08-14,breakdown,engine,head_gasket,minor,8.4,24219.77,990.0,corrective,False,7,True,False,True
EQP-603F80E4,UNIT-1453,excavator,Caterpillar,2019,open_pit,ghana,19473,2023-08-08,breakdown,bucket,general_component,major,23.9,40939.35,4376.0,corrective,False,2,False,False,False
EQP-0909707E,UNIT-8044,drill_rig,Epiroc,2014,processing_plant,south_africa,41698,2022-11-17,inspection,preventive,inspection,routine,2.7,1928.31,94.0,preventive,True,192,True,True,False
EQP-1BFE7099,UNIT-2286,conveyor,ThyssenKrupp,2018,open_pit,drc,22848,2021-04-13,scheduled_maintenance,preventive,filter_replace,routine,1.4,1800.25,662.0,preventive,True,159,False,True,False
EQP-D618BCA8,UNIT-4381,pump,Metso,2011,open_pit,south_africa,52176,2022-05-21,condition_based,motor,general_component,minor,3.7,6310.32,224.0,predictive,False,92,False,False,True
EQP-4613C18F,UNIT-2737,conveyor,ThyssenKrupp,2017,processing_plant,tanzania,26907,2024-08-10,inspection,preventive,inspection,routine,1.0,1759.23,351.0,preventive,True,12,False,False,False
EQP-67631091,UNIT-2445,crusher,Metso,2020,underground,south_africa,18600,2024-02-25,breakdown,liner,general_component,major,56.2,96991.36,9447.0,corrective,False,28,False,False,False
EQP-38D160B4,UNIT-4360,loader,Caterpillar,2023,underground,ghana,3750,2023-03-04,scheduled_maintenance,preventive,inspection,routine,3.0,4026.57,290.0,preventive,True,56,False,False,False
EQP-EEDF43BC,UNIT-9267,haul_truck,Belaz,2013,underground,south_africa,44828,2021-08-02,condition_based,electrical,wiring,routine,2.7,5699.35,271.0,predictive,False,44,False,True,False
EQP-CD8DF539,UNIT-9496,crusher,Metso,2015,open_pit,botswana,36450,2020-12-29,breakdown,shaft,general_component,major,45.8,96575.58,8560.0,corrective,False,122,False,True,False
EQP-28C724D7,UNIT-4434,drill_rig,Epiroc,2015,processing_plant,zambia,35974,2021-05-29,scheduled_maintenance,preventive,inspection,routine,2.3,3255.98,70.0,preventive,True,43,False,True,True
EQP-08BD0BD5,UNIT-5545,conveyor,Metso,2021,open_pit,zambia,12517,2021-07-04,scheduled_maintenance,preventive,oil_change,minor,5.4,3092.39,1990.0,preventive,True,75,True,False,False
EQP-F9F624CB,UNIT-9870,haul_truck,Hitachi,2023,processing_plant,drc,5359,2024-09-26,scheduled_maintenance,preventive,filter_replace,routine,1.6,2517.32,180.0,preventive,True,7,False,False,False
EQP-AD3397E0,UNIT-3113,grader,Caterpillar,2018,open_pit,tanzania,24668,2022-08-17,overhaul,electrical,wiring,major,14.8,34541.78,248.0,major_overhaul,True,73,False,False,False
EQP-8A169DFD,UNIT-9501,pump,Metso,2021,underground,south_africa,12162,2021-12-04,breakdown,seal,general_component,major,10.1,12560.06,914.0,corrective,False,128,False,False,False
EQP-72141077,UNIT-1951,haul_truck,Belaz,2009,underground,tanzania,60519,2024-05-06,scheduled_maintenance,preventive,adjustment,minor,9.7,25005.82,1239.0,preventive,True,10,False,False,False
EQP-52A8E7B1,UNIT-3032,haul_truck,Komatsu,2020,open_pit,tanzania,17915,2021-10-26,overhaul,hydraulics,cylinder,major,15.5,60342.83,1735.0,major_overhaul,True,46,True,True,True
EQP-57041B6A,UNIT-4044,haul_truck,Hitachi,2020,open_pit,south_africa,15583,2023-12-05,scheduled_maintenance,preventive,adjustment,minor,6.3,15658.68,726.0,preventive,True,64,False,False,False
EQP-185BF17F,UNIT-1333,loader,Volvo,2019,underground,south_africa,18146,2023-02-28,condition_based,engine,cooling_system,routine,4.2,4900.09,415.0,predictive,False,24,False,True,False
EQP-4C4413BA,UNIT-8340,conveyor,FLSmidth,2017,open_pit,drc,26903,2021-06-27,overhaul,roller,general_component,major,9.4,11895.37,3401.0,major_overhaul,True,134,False,False,False
EQP-D5CC9514,UNIT-8697,haul_truck,Belaz,2022,processing_plant,south_africa,6977,2024-09-25,breakdown,hydraulics,hose,critical,45.8,111132.48,4539.0,corrective,False,137,False,False,True
EQP-97506D1E,UNIT-4449,loader,Volvo,2018,open_pit,ghana,23118,2023-05-24,breakdown,engine,oil_pump,major,15.8,38729.52,1300.0,corrective,False,91,False,False,True
EQP-353F6044,UNIT-8526,excavator,Hitachi,2021,underground,drc,11153,2024-11-16,breakdown,hydraulics,cylinder,minor,13.8,29673.98,2308.0,corrective,False,22,False,False,True
EQP-4C6B476C,UNIT-7951,drill_rig,Caterpillar,2010,underground,south_africa,55976,2020-01-03,breakdown,drill_string,general_component,critical,30.3,94664.68,1468.0,corrective,False,43,False,False,False
EQP-7D06B970,UNIT-8211,excavator,Hitachi,2018,open_pit,zimbabwe,24247,2021-05-20,scheduled_maintenance,preventive,oil_change,routine,4.5,4585.79,608.0,preventive,True,101,False,False,False
EQP-7E737BF6,UNIT-8223,conveyor,ThyssenKrupp,2014,underground,drc,40236,2021-08-21,breakdown,pulley,general_component,minor,4.9,8962.89,1849.0,corrective,False,147,True,False,False
EQP-A92A64B6,UNIT-6160,drill_rig,Epiroc,2021,underground,zambia,11269,2023-04-28,scheduled_maintenance,preventive,adjustment,routine,2.0,4599.54,81.0,preventive,True,56,False,False,False
EQP-3B57D38C,UNIT-1997,excavator,Komatsu,2022,underground,drc,8993,2024-02-20,condition_based,bucket,general_component,minor,9.0,37376.11,1538.0,predictive,False,14,False,False,False
EQP-F0BABAD0,UNIT-9310,drill_rig,Epiroc,2021,underground,drc,12534,2020-08-06,breakdown,drill_string,general_component,minor,4.3,5329.69,112.0,corrective,False,148,False,False,False
EQP-F2D64E7E,UNIT-6477,grader,John Deere,2011,underground,drc,53581,2020-09-29,scheduled_maintenance,preventive,inspection,minor,9.6,13580.92,182.0,preventive,True,1,False,False,False
EQP-0DF6FC5B,UNIT-9110,drill_rig,Epiroc,2015,open_pit,tanzania,36846,2023-04-29,breakdown,hydraulics,filter,minor,8.3,16427.22,244.0,corrective,False,124,False,False,True
EQP-453B77FB,UNIT-9630,grader,Caterpillar,2008,open_pit,ghana,63650,2021-09-28,condition_based,transmission,torque_converter,routine,4.0,1626.07,49.0,predictive,False,108,False,False,False
EQP-7096AC31,UNIT-2684,conveyor,FLSmidth,2023,open_pit,zambia,5305,2023-06-11,scheduled_maintenance,preventive,adjustment,minor,5.2,4199.73,2203.0,preventive,True,33,False,False,True
EQP-35B11C9B,UNIT-4618,loader,Komatsu,2012,underground,tanzania,48273,2020-01-02,breakdown,transmission,clutch,major,24.0,25254.83,1439.0,corrective,False,96,False,False,False
EQP-7EA3298F,UNIT-2732,excavator,Hitachi,2017,processing_plant,zambia,28797,2022-07-31,overhaul,bucket,general_component,major,33.6,89324.13,3809.0,major_overhaul,True,127,True,False,False
EQP-47254C6A,UNIT-1458,loader,Komatsu,2015,open_pit,south_africa,36720,2020-02-11,condition_based,tires,front_left,minor,8.9,16935.52,867.0,predictive,False,90,False,False,False
EQP-37305DD2,UNIT-9696,excavator,Komatsu,2022,underground,south_africa,7875,2024-09-08,condition_based,electrical,starter,routine,5.6,2126.74,920.0,predictive,False,24,False,True,False
EQP-F9AD615E,UNIT-9308,haul_truck,Caterpillar,2021,open_pit,zambia,12103,2020-09-19,condition_based,tires,front_right,routine,2.6,2851.56,380.0,predictive,False,181,False,False,True
EQP-8D51CC87,UNIT-9384,haul_truck,Komatsu,2020,underground,zimbabwe,15868,2020-11-16,scheduled_maintenance,preventive,oil_change,routine,3.0,6484.64,239.0,preventive,True,111,True,False,False
EQP-E25A8D98,UNIT-8952,haul_truck,Komatsu,2018,underground,zimbabwe,23147,2020-07-02,breakdown,electrical,starter,major,14.0,57095.44,1087.0,corrective,False,18,False,False,False
EQP-1FE12450,UNIT-6838,pump,KSB,2009,underground,zimbabwe,57855,2021-01-31,scheduled_maintenance,preventive,adjustment,routine,1.4,1769.25,90.0,preventive,True,12,False,False,True
EQP-1C981274,UNIT-5698,pump,Metso,2022,underground,south_africa,7306,2022-05-31,inspection,preventive,oil_change,minor,3.4,2880.23,177.0,preventive,True,2,True,True,False
EQP-368BD290,UNIT-9922,loader,Caterpillar,2009,underground,tanzania,60199,2023-01-16,overhaul,electrical,battery,major,20.5,58293.4,1475.0,major_overhaul,True,29,False,False,False
EQP-B0D70143,UNIT-5969,haul_truck,Komatsu,2015,open_pit,zambia,37085,2024-06-08,scheduled_maintenance,preventive,inspection,routine,3.0,2744.6,441.0,preventive,True,81,True,False,False
EQP-BF6701B3,UNIT-6781,grader,Komatsu,2014,underground,botswana,40795,2024-04-29,scheduled_maintenance,preventive,inspection,routine,3.7,1771.26,50.0,preventive,True,1,False,True,False
EQP-95AB9B17,UNIT-2905,loader,Caterpillar,2014,open_pit,zimbabwe,39720,2020-06-01,condition_based,electrical,starter,minor,13.3,22669.52,1152.0,predictive,False,7,False,False,False
EQP-220B8BBD,UNIT-7719,excavator,Caterpillar,2023,processing_plant,drc,3319,2022-02-08,condition_based,undercarriage,general_component,routine,3.7,4503.26,609.0,predictive,False,40,False,False,True
EQP-FE82EBC5,UNIT-8374,drill_rig,Epiroc,2011,underground,zimbabwe,51820,2024-04-14,breakdown,drill_string,general_component,major,15.6,37855.88,403.0,corrective,False,2,False,False,False
EQP-394791AA,UNIT-7106,crusher,Sandvik,2017,open_pit,zambia,27024,2020-10-24,scheduled_maintenance,preventive,oil_change,minor,25.1,30484.3,4639.0,preventive,True,85,False,False,False
EQP-7EF49B87,UNIT-5486,haul_truck,Komatsu,2011,open_pit,ghana,49884,2023-04-17,breakdown,brakes,general_component,major,16.2,63285.84,1981.0,corrective,False,26,False,False,False
