Date,Year,Month,Mine,Latitude,Longitude,Planned_Production_Tonnes,Actual_Production_Tonnes,Production_Shortfall_Tonnes,Shortfall_Percentage,Operational_Efficiency,Equipment_Availability,Weather_Impact,Shortfall_Risk,Reference_Basis
2020-01-01,2020,1,Balaghat,21.84995,80.22672,14583.94,12661.6,1922.34,13.18,0.99,0.933,0.94,Medium,MOIL official/public historical production trends
2020-01-01,2020,1,Beldongri,21.45,79.85,6239.27,3885.28,2354.0,37.73,0.831,0.765,0.98,High,MOIL official/public historical production trends
2020-01-01,2020,1,Chikla,21.65,79.7,8391.7,5940.04,2451.66,29.22,0.942,0.755,0.995,High,MOIL official/public historical production trends
2020-01-01,2020,1,Dongri Buzurg,21.95,80.15,11445.17,6730.45,4714.72,41.19,0.842,0.795,0.878,High,MOIL official/public historical production trends
2020-01-01,2020,1,Gumgaon,21.3,79.1,7240.06,5023.79,2216.26,30.61,0.905,0.858,0.894,High,MOIL official/public historical production trends
2020-01-01,2020,1,Kandri,21.35,79.05,7467.21,4604.49,2862.73,38.34,0.828,0.823,0.905,High,MOIL official/public historical production trends
2020-01-01,2020,1,Munsar,21.4,79.2,6433.15,4566.05,1867.1,29.02,0.957,0.8,0.927,High,MOIL official/public historical production trends
2020-01-01,2020,1,Sitapatore,21.5,79.3,7452.86,4762.93,2689.93,36.09,0.809,0.902,0.876,High,MOIL official/public historical production trends
2020-01-01,2020,1,Tirodi,21.7,80.0,10595.13,10097.91,497.22,4.69,0.99,0.991,0.971,Low,MOIL official/public historical production trends
2020-01-01,2020,1,Ukwa,21.8,80.1,11765.54,8135.28,3630.26,30.86,0.82,0.921,0.916,High,MOIL official/public historical production trends
2020-02-01,2020,2,Balaghat,21.84995,80.22672,14211.01,9560.16,4650.85,32.73,0.899,0.759,0.986,High,MOIL official/public historical production trends
2020-02-01,2020,2,Beldongri,21.45,79.85,6305.67,4517.81,1787.87,28.35,0.933,0.828,0.928,High,MOIL official/public historical production trends
2020-02-01,2020,2,Chikla,21.65,79.7,8346.5,6698.82,1647.68,19.74,0.837,0.992,0.966,Medium,MOIL official/public historical production trends
2020-02-01,2020,2,Dongri Buzurg,21.95,80.15,11563.75,10063.19,1500.56,12.98,0.979,0.899,0.988,Medium,MOIL official/public historical production trends
2020-02-01,2020,2,Gumgaon,21.3,79.1,7080.73,4065.97,3014.76,42.58,0.839,0.761,0.899,High,MOIL official/public historical production trends
2020-02-01,2020,2,Kandri,21.35,79.05,7302.41,5395.0,1907.41,26.12,0.854,0.957,0.904,High,MOIL official/public historical production trends
2020-02-01,2020,2,Munsar,21.4,79.2,6319.99,4374.99,1945.0,30.78,0.909,0.785,0.97,High,MOIL official/public historical production trends
2020-02-01,2020,2,Sitapatore,21.5,79.3,7070.44,5851.04,1219.39,17.25,0.997,0.943,0.88,Medium,MOIL official/public historical production trends
2020-02-01,2020,2,Tirodi,21.7,80.0,10529.19,9015.43,1513.76,14.38,0.963,0.927,0.959,Medium,MOIL official/public historical production trends
2020-02-01,2020,2,Ukwa,21.8,80.1,12325.52,7313.95,5011.58,40.66,0.815,0.84,0.867,High,MOIL official/public historical production trends
2020-03-01,2020,3,Balaghat,21.84995,80.22672,17346.24,11480.26,5865.99,33.82,0.925,0.833,0.86,High,MOIL official/public historical production trends
2020-03-01,2020,3,Beldongri,21.45,79.85,7184.66,5479.82,1704.84,23.73,0.865,0.932,0.946,Medium,MOIL official/public historical production trends
2020-03-01,2020,3,Chikla,21.65,79.7,9779.96,6528.81,3251.15,33.24,0.894,0.78,0.957,High,MOIL official/public historical production trends
2020-03-01,2020,3,Dongri Buzurg,21.95,80.15,12881.23,10236.96,2644.27,20.53,0.912,0.943,0.924,Medium,MOIL official/public historical production trends
2020-03-01,2020,3,Gumgaon,21.3,79.1,8388.26,4866.31,3521.95,41.99,0.886,0.756,0.866,High,MOIL official/public historical production trends
2020-03-01,2020,3,Kandri,21.35,79.05,7977.07,5677.27,2299.8,28.83,0.927,0.829,0.926,High,MOIL official/public historical production trends
2020-03-01,2020,3,Munsar,21.4,79.2,7621.54,5319.97,2301.58,30.2,0.85,0.853,0.963,High,MOIL official/public historical production trends
2020-03-01,2020,3,Sitapatore,21.5,79.3,8142.26,4773.3,3368.95,41.38,0.815,0.822,0.874,High,MOIL official/public historical production trends
2020-03-01,2020,3,Tirodi,21.7,80.0,13093.28,11216.37,1876.92,14.33,0.962,0.908,0.981,Medium,MOIL official/public historical production trends
2020-03-01,2020,3,Ukwa,21.8,80.1,14012.99,10629.14,3383.85,24.15,0.837,0.973,0.931,Medium,MOIL official/public historical production trends
2020-04-01,2020,4,Balaghat,21.84995,80.22672,16238.18,11428.95,4809.24,29.62,0.979,0.83,0.867,High,MOIL official/public historical production trends
2020-04-01,2020,4,Beldongri,21.45,79.85,6704.79,5548.1,1156.69,17.25,0.885,0.955,0.979,Medium,MOIL official/public historical production trends
2020-04-01,2020,4,Chikla,21.65,79.7,8424.62,5735.65,2688.98,31.92,0.902,0.854,0.883,High,MOIL official/public historical production trends
2020-04-01,2020,4,Dongri Buzurg,21.95,80.15,11366.24,8733.0,2633.24,23.17,0.868,0.986,0.898,Medium,MOIL official/public historical production trends
2020-04-01,2020,4,Gumgaon,21.3,79.1,7891.72,6215.62,1676.1,21.24,0.941,0.841,0.996,Medium,MOIL official/public historical production trends
2020-04-01,2020,4,Kandri,21.35,79.05,8241.19,5484.59,2756.6,33.45,0.85,0.874,0.895,High,MOIL official/public historical production trends
2020-04-01,2020,4,Munsar,21.4,79.2,6744.01,4546.95,2197.06,32.58,0.807,0.902,0.925,High,MOIL official/public historical production trends
2020-04-01,2020,4,Sitapatore,21.5,79.3,7523.63,5573.0,1950.62,25.93,0.856,0.977,0.886,High,MOIL official/public historical production trends
2020-04-01,2020,4,Tirodi,21.7,80.0,11395.81,9036.34,2359.47,20.7,0.898,0.996,0.886,Medium,MOIL official/public historical production trends
2020-04-01,2020,4,Ukwa,21.8,80.1,13020.33,9627.18,3393.16,26.06,0.952,0.809,0.959,High,MOIL official/public historical production trends
2020-05-01,2020,5,Balaghat,21.84995,80.22672,16517.15,12932.57,3584.58,21.7,0.926,0.908,0.93,Medium,MOIL official/public historical production trends
2020-05-01,2020,5,Beldongri,21.45,79.85,7023.04,4950.43,2072.62,29.51,0.967,0.83,0.878,High,MOIL official/public historical production trends
2020-05-01,2020,5,Chikla,21.65,79.7,8983.01,6464.54,2518.47,28.04,0.918,0.919,0.852,High,MOIL official/public historical production trends
2020-05-01,2020,5,Dongri Buzurg,21.95,80.15,12569.03,8483.03,4085.99,32.51,0.845,0.911,0.876,High,MOIL official/public historical production trends
2020-05-01,2020,5,Gumgaon,21.3,79.1,8529.03,6411.79,2117.24,24.82,0.877,0.984,0.871,Medium,MOIL official/public historical production trends
2020-05-01,2020,5,Kandri,21.35,79.05,8236.22,6526.0,1710.21,20.76,0.823,0.981,0.982,Medium,MOIL official/public historical production trends
2020-05-01,2020,5,Munsar,21.4,79.2,7145.82,5931.52,1214.3,16.99,0.932,0.954,0.933,Medium,MOIL official/public historical production trends
2020-05-01,2020,5,Sitapatore,21.5,79.3,8394.05,5421.8,2972.25,35.41,0.848,0.773,0.985,High,MOIL official/public historical production trends
2020-05-01,2020,5,Tirodi,21.7,80.0,13056.52,9113.39,3943.14,30.2,0.927,0.835,0.902,High,MOIL official/public historical production trends
2020-05-01,2020,5,Ukwa,21.8,80.1,13907.3,12799.56,1107.74,7.97,0.979,0.972,0.967,Low,MOIL official/public historical production trends
2020-06-01,2020,6,Balaghat,21.84995,80.22672,14979.0,7869.51,7109.49,47.46,0.817,0.79,0.814,High,MOIL official/public historical production trends
2020-06-01,2020,6,Beldongri,21.45,79.85,6144.4,3200.97,2943.44,47.9,0.82,0.916,0.693,High,MOIL official/public historical production trends
2020-06-01,2020,6,Chikla,21.65,79.7,8348.18,6024.17,2324.01,27.84,0.938,0.913,0.842,High,MOIL official/public historical production trends
2020-06-01,2020,6,Dongri Buzurg,21.95,80.15,10785.88,7684.38,3101.5,28.76,0.865,0.937,0.879,High,MOIL official/public historical production trends
2020-06-01,2020,6,Gumgaon,21.3,79.1,7501.01,3824.89,3676.12,49.01,0.914,0.773,0.722,High,MOIL official/public historical production trends
2020-06-01,2020,6,Kandri,21.35,79.05,7195.56,4980.58,2214.98,30.78,0.995,0.848,0.82,High,MOIL official/public historical production trends
2020-06-01,2020,6,Munsar,21.4,79.2,6652.03,3764.25,2887.78,43.41,0.901,0.894,0.703,High,MOIL official/public historical production trends
2020-06-01,2020,6,Sitapatore,21.5,79.3,7548.89,3409.93,4138.96,54.83,0.856,0.756,0.698,High,MOIL official/public historical production trends
2020-06-01,2020,6,Tirodi,21.7,80.0,11564.82,7336.15,4228.67,36.56,0.991,0.979,0.654,High,MOIL official/public historical production trends
2020-06-01,2020,6,Ukwa,21.8,80.1,12513.98,9675.03,2838.95,22.69,0.886,0.992,0.88,Medium,MOIL official/public historical production trends
2020-07-01,2020,7,Balaghat,21.84995,80.22672,12536.89,7365.28,5171.61,41.25,0.877,0.963,0.696,High,MOIL official/public historical production trends
2020-07-01,2020,7,Beldongri,21.45,79.85,5631.81,3474.09,2157.72,38.31,0.987,0.924,0.676,High,MOIL official/public historical production trends
2020-07-01,2020,7,Chikla,21.65,79.7,7282.81,5060.41,2222.4,30.52,0.998,0.785,0.887,High,MOIL official/public historical production trends
2020-07-01,2020,7,Dongri Buzurg,21.95,80.15,9831.14,6234.15,3596.99,36.59,0.939,0.926,0.729,High,MOIL official/public historical production trends
2020-07-01,2020,7,Gumgaon,21.3,79.1,6597.99,4835.93,1762.06,26.71,0.962,0.967,0.788,High,MOIL official/public historical production trends
2020-07-01,2020,7,Kandri,21.35,79.05,6400.97,4847.74,1553.23,24.27,0.96,0.912,0.865,Medium,MOIL official/public historical production trends
2020-07-01,2020,7,Munsar,21.4,79.2,5818.4,3434.15,2384.25,40.98,0.868,0.844,0.806,High,MOIL official/public historical production trends
2020-07-01,2020,7,Sitapatore,21.5,79.3,6103.0,3907.97,2195.03,35.97,0.893,0.886,0.81,High,MOIL official/public historical production trends
2020-07-01,2020,7,Tirodi,21.7,80.0,9149.28,4831.28,4318.0,47.19,0.807,0.956,0.684,High,MOIL official/public historical production trends
2020-07-01,2020,7,Ukwa,21.8,80.1,10423.13,5380.48,5042.65,48.38,0.954,0.804,0.673,High,MOIL official/public historical production trends
2020-08-01,2020,8,Balaghat,21.84995,80.22672,12226.15,8297.79,3928.36,32.13,0.906,0.885,0.846,High,MOIL official/public historical production trends
2020-08-01,2020,8,Beldongri,21.45,79.85,5866.48,3183.23,2683.25,45.74,0.903,0.831,0.723,High,MOIL official/public historical production trends
2020-08-01,2020,8,Chikla,21.65,79.7,7156.06,3866.14,3289.91,45.97,0.816,0.756,0.876,High,MOIL official/public historical production trends
2020-08-01,2020,8,Dongri Buzurg,21.95,80.15,9788.14,4913.35,4874.79,49.8,0.882,0.793,0.718,High,MOIL official/public historical production trends
2020-08-01,2020,8,Gumgaon,21.3,79.1,6431.51,5037.65,1393.85,21.67,0.943,0.915,0.908,Medium,MOIL official/public historical production trends
2020-08-01,2020,8,Kandri,21.35,79.05,6552.25,3863.25,2689.01,41.04,0.911,0.903,0.717,High,MOIL official/public historical production trends
2020-08-01,2020,8,Munsar,21.4,79.2,5519.34,2621.81,2897.53,52.5,0.952,0.754,0.662,High,MOIL official/public historical production trends
2020-08-01,2020,8,Sitapatore,21.5,79.3,6106.07,3713.69,2392.37,39.18,0.971,0.926,0.676,High,MOIL official/public historical production trends
2020-08-01,2020,8,Tirodi,21.7,80.0,9591.95,5157.71,4434.24,46.23,0.895,0.793,0.758,High,MOIL official/public historical production trends
2020-08-01,2020,8,Ukwa,21.8,80.1,10520.48,6080.92,4439.56,42.2,0.927,0.761,0.819,High,MOIL official/public historical production trends
2020-09-01,2020,9,Balaghat,21.84995,80.22672,14773.86,8781.6,5992.27,40.56,0.971,0.915,0.669,High,MOIL official/public historical production trends
2020-09-01,2020,9,Beldongri,21.45,79.85,6553.56,3810.3,2743.26,41.86,0.805,0.896,0.805,High,MOIL official/public historical production trends
2020-09-01,2020,9,Chikla,21.65,79.7,8214.79,5963.64,2251.15,27.4,0.929,0.865,0.904,High,MOIL official/public historical production trends
2020-09-01,2020,9,Dongri Buzurg,21.95,80.15,10950.76,7094.3,3856.46,35.22,0.992,0.976,0.669,High,MOIL official/public historical production trends
2020-09-01,2020,9,Gumgaon,21.3,79.1,7089.81,2949.78,4140.02,58.39,0.804,0.774,0.669,High,MOIL official/public historical production trends
2020-09-01,2020,9,Kandri,21.35,79.05,7250.94,3855.86,3395.08,46.82,0.969,0.756,0.726,High,MOIL official/public historical production trends
2020-09-01,2020,9,Munsar,21.4,79.2,6214.81,4493.77,1721.05,27.69,0.939,0.907,0.848,High,MOIL official/public historical production trends
2020-09-01,2020,9,Sitapatore,21.5,79.3,7608.72,4492.12,3116.6,40.96,0.856,0.794,0.868,High,MOIL official/public historical production trends
2020-09-01,2020,9,Tirodi,21.7,80.0,11620.25,6414.84,5205.42,44.8,0.883,0.843,0.742,High,MOIL official/public historical production trends
2020-09-01,2020,9,Ukwa,21.8,80.1,12516.91,8901.17,3615.74,28.89,0.972,0.857,0.854,High,MOIL official/public historical production trends
2020-10-01,2020,10,Balaghat,21.84995,80.22672,16074.15,13451.93,2622.22,16.31,0.981,0.876,0.974,Medium,MOIL official/public historical production trends
2020-10-01,2020,10,Beldongri,21.45,79.85,7191.3,5080.69,2110.61,29.35,0.979,0.847,0.852,High,MOIL official/public historical production trends
2020-10-01,2020,10,Chikla,21.65,79.7,9797.07,6602.51,3194.56,32.61,0.818,0.83,0.993,High,MOIL official/public historical production trends
2020-10-01,2020,10,Dongri Buzurg,21.95,80.15,13119.53,9994.32,3125.21,23.82,0.915,0.908,0.917,Medium,MOIL official/public historical production trends
2020-10-01,2020,10,Gumgaon,21.3,79.1,8196.16,6272.78,1923.39,23.47,0.866,0.918,0.963,Medium,MOIL official/public historical production trends
2020-10-01,2020,10,Kandri,21.35,79.05,8613.26,5892.71,2720.55,31.59,0.958,0.773,0.924,High,MOIL official/public historical production trends
2020-10-01,2020,10,Munsar,21.4,79.2,6999.07,5387.05,1612.03,23.03,0.91,0.86,0.983,Medium,MOIL official/public historical production trends
2020-10-01,2020,10,Sitapatore,21.5,79.3,8244.46,5143.31,3101.15,37.61,0.823,0.786,0.964,High,MOIL official/public historical production trends
2020-10-01,2020,10,Tirodi,21.7,80.0,12702.26,7672.78,5029.48,39.6,0.82,0.771,0.955,High,MOIL official/public historical production trends
2020-10-01,2020,10,Ukwa,21.8,80.1,13018.96,10030.07,2988.89,22.96,0.964,0.927,0.862,Medium,MOIL official/public historical production trends
2020-11-01,2020,11,Balaghat,21.84995,80.22672,17931.02,13661.47,4269.55,23.81,0.997,0.844,0.906,Medium,MOIL official/public historical production trends
2020-11-01,2020,11,Beldongri,21.45,79.85,8440.63,8014.48,426.15,5.05,0.989,0.997,0.963,Low,MOIL official/public historical production trends
2020-11-01,2020,11,Chikla,21.65,79.7,10392.86,7484.06,2908.8,27.99,0.817,0.944,0.934,High,MOIL official/public historical production trends
2020-11-01,2020,11,Dongri Buzurg,21.95,80.15,13924.45,9818.76,4105.69,29.49,0.981,0.778,0.924,High,MOIL official/public historical production trends
2020-11-01,2020,11,Gumgaon,21.3,79.1,8896.77,5272.39,3624.39,40.74,0.894,0.764,0.868,High,MOIL official/public historical production trends
2020-11-01,2020,11,Kandri,21.35,79.05,8996.09,7344.28,1651.8,18.36,0.93,0.937,0.938,Medium,MOIL official/public historical production trends
2020-11-01,2020,11,Munsar,21.4,79.2,8562.89,6033.08,2529.8,29.54,0.875,0.821,0.98,High,MOIL official/public historical production trends
2020-11-01,2020,11,Sitapatore,21.5,79.3,9095.3,6768.02,2327.28,25.59,0.993,0.753,0.995,High,MOIL official/public historical production trends
2020-11-01,2020,11,Tirodi,21.7,80.0,13389.79,11539.51,1850.28,13.82,0.978,0.882,0.999,Medium,MOIL official/public historical production trends
2020-11-01,2020,11,Ukwa,21.8,80.1,14552.17,12211.15,2341.02,16.09,0.911,0.992,0.928,Medium,MOIL official/public historical production trends
2020-12-01,2020,12,Balaghat,21.84995,80.22672,22939.19,17566.16,5373.03,23.42,0.939,0.864,0.944,Medium,MOIL official/public historical production trends
2020-12-01,2020,12,Beldongri,21.45,79.85,9991.23,6652.33,3338.9,33.42,0.98,0.761,0.892,High,MOIL official/public historical production trends
2020-12-01,2020,12,Chikla,21.65,79.7,13312.22,10607.28,2704.93,20.32,0.978,0.864,0.943,Medium,MOIL official/public historical production trends
2020-12-01,2020,12,Dongri Buzurg,21.95,80.15,16606.51,10876.69,5729.82,34.5,0.838,0.866,0.903,High,MOIL official/public historical production trends
2020-12-01,2020,12,Gumgaon,21.3,79.1,11417.8,9233.01,2184.79,19.13,0.816,0.994,0.998,Medium,MOIL official/public historical production trends
2020-12-01,2020,12,Kandri,21.35,79.05,11547.46,8425.62,3121.84,27.03,0.907,0.827,0.972,High,MOIL official/public historical production trends
2020-12-01,2020,12,Munsar,21.4,79.2,10090.72,7995.05,2095.67,20.77,0.833,0.978,0.973,Medium,MOIL official/public historical production trends
2020-12-01,2020,12,Sitapatore,21.5,79.3,11832.39,9220.91,2611.48,22.07,0.945,0.903,0.913,Medium,MOIL official/public historical production trends
2020-12-01,2020,12,Tirodi,21.7,80.0,17719.59,11211.27,6508.32,36.73,0.973,0.761,0.854,High,MOIL official/public historical production trends
2020-12-01,2020,12,Ukwa,21.8,80.1,18172.69,15207.48,2965.21,16.32,0.962,0.997,0.873,Medium,MOIL official/public historical production trends
2021-01-01,2021,1,Balaghat,21.84995,80.22672,15529.43,13184.4,2345.03,15.1,0.876,0.992,0.976,Medium,MOIL official/public historical production trends
2021-01-01,2021,1,Beldongri,21.45,79.85,6958.49,4730.6,2227.89,32.02,0.894,0.854,0.891,High,MOIL official/public historical production trends
2021-01-01,2021,1,Chikla,21.65,79.7,8269.94,7669.51,600.43,7.26,0.973,0.953,1.0,Low,MOIL official/public historical production trends
2021-01-01,2021,1,Dongri Buzurg,21.95,80.15,12111.5,10311.2,1800.31,14.86,0.911,0.942,0.992,Medium,MOIL official/public historical production trends
2021-01-01,2021,1,Gumgaon,21.3,79.1,7961.27,5071.82,2889.44,36.29,0.849,0.863,0.869,High,MOIL official/public historical production trends
2021-01-01,2021,1,Kandri,21.35,79.05,8041.58,5685.13,2356.45,29.3,0.921,0.807,0.951,High,MOIL official/public historical production trends
2021-01-01,2021,1,Munsar,21.4,79.2,6810.28,4392.94,2417.34,35.5,0.872,0.778,0.951,High,MOIL official/public historical production trends
2021-01-01,2021,1,Sitapatore,21.5,79.3,7707.93,6330.85,1377.08,17.87,0.954,0.88,0.978,Medium,MOIL official/public historical production trends
2021-01-01,2021,1,Tirodi,21.7,80.0,11598.35,9336.16,2262.2,19.5,0.912,0.969,0.911,Medium,MOIL official/public historical production trends
2021-01-01,2021,1,Ukwa,21.8,80.1,12042.52,8590.53,3451.99,28.66,0.806,0.939,0.943,High,MOIL official/public historical production trends
2021-02-01,2021,2,Balaghat,21.84995,80.22672,15698.58,8838.49,6860.1,43.7,0.843,0.784,0.852,High,MOIL official/public historical production trends
2021-02-01,2021,2,Beldongri,21.45,79.85,6630.2,4726.12,1904.08,28.72,0.918,0.848,0.916,High,MOIL official/public historical production trends
2021-02-01,2021,2,Chikla,21.65,79.7,9003.6,6655.4,2348.2,26.08,0.87,0.878,0.968,High,MOIL official/public historical production trends
2021-02-01,2021,2,Dongri Buzurg,21.95,80.15,11419.09,10115.6,1303.49,11.41,0.924,0.966,0.992,Medium,MOIL official/public historical production trends
2021-02-01,2021,2,Gumgaon,21.3,79.1,7420.83,5673.23,1747.6,23.55,0.985,0.873,0.889,Medium,MOIL official/public historical production trends
2021-02-01,2021,2,Kandri,21.35,79.05,7660.87,5991.59,1669.28,21.79,0.996,0.873,0.899,Medium,MOIL official/public historical production trends
2021-02-01,2021,2,Munsar,21.4,79.2,6820.56,3866.55,2954.01,43.31,0.848,0.769,0.869,High,MOIL official/public historical production trends
2021-02-01,2021,2,Sitapatore,21.5,79.3,7406.19,4565.95,2840.24,38.35,0.83,0.785,0.946,High,MOIL official/public historical production trends
2021-02-01,2021,2,Tirodi,21.7,80.0,11171.4,8712.54,2458.86,22.01,0.869,0.974,0.921,Medium,MOIL official/public historical production trends
2021-02-01,2021,2,Ukwa,21.8,80.1,12709.45,7246.3,5463.15,42.98,0.834,0.798,0.856,High,MOIL official/public historical production trends
2021-03-01,2021,3,Balaghat,21.84995,80.22672,16858.66,9891.83,6966.82,41.32,0.856,0.794,0.863,High,MOIL official/public historical production trends
2021-03-01,2021,3,Beldongri,21.45,79.85,7338.82,4747.79,2591.03,35.31,0.892,0.802,0.905,High,MOIL official/public historical production trends
2021-03-01,2021,3,Chikla,21.65,79.7,9811.04,6782.69,3028.35,30.87,0.938,0.76,0.97,High,MOIL official/public historical production trends
2021-03-01,2021,3,Dongri Buzurg,21.95,80.15,13244.18,10345.92,2898.26,21.88,0.816,0.968,0.988,Medium,MOIL official/public historical production trends
2021-03-01,2021,3,Gumgaon,21.3,79.1,8335.3,6528.19,1807.11,21.68,0.855,0.952,0.962,Medium,MOIL official/public historical production trends
2021-03-01,2021,3,Kandri,21.35,79.05,8442.92,5526.1,2916.82,34.55,0.842,0.843,0.923,High,MOIL official/public historical production trends
2021-03-01,2021,3,Munsar,21.4,79.2,7718.41,5616.88,2101.53,27.23,0.874,0.866,0.962,High,MOIL official/public historical production trends
2021-03-01,2021,3,Sitapatore,21.5,79.3,8314.03,6461.07,1852.96,22.29,0.85,0.928,0.984,Medium,MOIL official/public historical production trends
2021-03-01,2021,3,Tirodi,21.7,80.0,13092.19,8454.17,4638.03,35.43,0.906,0.777,0.917,High,MOIL official/public historical production trends
2021-03-01,2021,3,Ukwa,21.8,80.1,14212.87,8935.73,5277.14,37.13,0.848,0.817,0.907,High,MOIL official/public historical production trends
2021-04-01,2021,4,Balaghat,21.84995,80.22672,15622.68,9748.53,5874.15,37.6,0.864,0.803,0.899,High,MOIL official/public historical production trends
2021-04-01,2021,4,Beldongri,21.45,79.85,6906.5,5776.81,1129.69,16.36,0.978,0.898,0.952,Medium,MOIL official/public historical production trends
2021-04-01,2021,4,Chikla,21.65,79.7,9497.7,6136.53,3361.16,35.39,0.9,0.772,0.931,High,MOIL official/public historical production trends
2021-04-01,2021,4,Dongri Buzurg,21.95,80.15,12414.57,8785.59,3628.99,29.23,0.949,0.858,0.869,High,MOIL official/public historical production trends
2021-04-01,2021,4,Gumgaon,21.3,79.1,8027.71,5973.93,2053.78,25.58,0.873,0.911,0.936,High,MOIL official/public historical production trends
2021-04-01,2021,4,Kandri,21.35,79.05,8087.05,6438.52,1648.54,20.38,0.997,0.901,0.886,Medium,MOIL official/public historical production trends
2021-04-01,2021,4,Munsar,21.4,79.2,6893.59,4061.32,2832.26,41.09,0.831,0.811,0.874,High,MOIL official/public historical production trends
2021-04-01,2021,4,Sitapatore,21.5,79.3,7947.95,5320.22,2627.74,33.06,0.857,0.793,0.985,High,MOIL official/public historical production trends
2021-04-01,2021,4,Tirodi,21.7,80.0,11791.06,9072.98,2718.08,23.05,0.905,0.853,0.997,Medium,MOIL official/public historical production trends
2021-04-01,2021,4,Ukwa,21.8,80.1,12816.05,10960.91,1855.14,14.48,0.88,0.992,0.98,Medium,MOIL official/public historical production trends
2021-05-01,2021,5,Balaghat,21.84995,80.22672,17988.74,11540.02,6448.72,35.85,0.852,0.793,0.95,High,MOIL official/public historical production trends
2021-05-01,2021,5,Beldongri,21.45,79.85,7955.74,5774.77,2180.97,27.41,0.911,0.893,0.892,High,MOIL official/public historical production trends
2021-05-01,2021,5,Chikla,21.65,79.7,10072.0,6404.29,3667.71,36.41,0.837,0.831,0.914,High,MOIL official/public historical production trends
2021-05-01,2021,5,Dongri Buzurg,21.95,80.15,13086.88,8141.74,4945.14,37.79,0.848,0.779,0.942,High,MOIL official/public historical production trends
2021-05-01,2021,5,Gumgaon,21.3,79.1,8533.68,5686.07,2847.61,33.37,0.916,0.789,0.922,High,MOIL official/public historical production trends
2021-05-01,2021,5,Kandri,21.35,79.05,8746.36,5144.61,3601.75,41.18,0.81,0.834,0.87,High,MOIL official/public historical production trends
2021-05-01,2021,5,Munsar,21.4,79.2,7295.14,5874.64,1420.5,19.47,0.998,0.831,0.971,Medium,MOIL official/public historical production trends
2021-05-01,2021,5,Sitapatore,21.5,79.3,8504.05,7031.06,1472.99,17.32,0.936,0.94,0.939,Medium,MOIL official/public historical production trends
2021-05-01,2021,5,Tirodi,21.7,80.0,13039.75,9531.08,3508.67,26.91,0.882,0.837,0.989,High,MOIL official/public historical production trends
2021-05-01,2021,5,Ukwa,21.8,80.1,14635.04,10892.86,3742.19,25.57,0.993,0.781,0.96,High,MOIL official/public historical production trends
2021-06-01,2021,6,Balaghat,21.84995,80.22672,16058.99,8288.75,7770.24,48.39,0.836,0.767,0.805,High,MOIL official/public historical production trends
2021-06-01,2021,6,Beldongri,21.45,79.85,6960.85,3796.01,3164.84,45.47,0.828,0.949,0.694,High,MOIL official/public historical production trends
2021-06-01,2021,6,Chikla,21.65,79.7,8363.31,5511.33,2851.97,34.1,0.963,0.916,0.747,High,MOIL official/public historical production trends
2021-06-01,2021,6,Dongri Buzurg,21.95,80.15,11973.69,7545.17,4428.52,36.99,0.878,0.954,0.752,High,MOIL official/public historical production trends
2021-06-01,2021,6,Gumgaon,21.3,79.1,7663.6,4402.2,3261.4,42.56,0.86,0.937,0.713,High,MOIL official/public historical production trends
2021-06-01,2021,6,Kandri,21.35,79.05,7999.67,5086.08,2913.59,36.42,0.877,0.886,0.819,High,MOIL official/public historical production trends
2021-06-01,2021,6,Munsar,21.4,79.2,6472.91,3987.97,2484.94,38.39,0.988,0.907,0.688,High,MOIL official/public historical production trends
2021-06-01,2021,6,Sitapatore,21.5,79.3,7918.48,5577.4,2341.08,29.56,0.924,0.883,0.863,High,MOIL official/public historical production trends
2021-06-01,2021,6,Tirodi,21.7,80.0,11136.55,5140.12,5996.42,53.84,0.862,0.812,0.659,High,MOIL official/public historical production trends
2021-06-01,2021,6,Ukwa,21.8,80.1,12587.36,10129.6,2457.76,19.53,0.952,0.969,0.872,Medium,MOIL official/public historical production trends
2021-07-01,2021,7,Balaghat,21.84995,80.22672,12814.18,8402.95,4411.22,34.42,0.969,0.782,0.865,High,MOIL official/public historical production trends
2021-07-01,2021,7,Beldongri,21.45,79.85,5629.12,3647.01,1982.1,35.21,0.846,0.931,0.823,High,MOIL official/public historical production trends
2021-07-01,2021,7,Chikla,21.65,79.7,7645.46,3947.39,3698.07,48.37,0.909,0.813,0.699,High,MOIL official/public historical production trends
2021-07-01,2021,7,Dongri Buzurg,21.95,80.15,10408.45,7347.63,3060.83,29.41,0.917,0.85,0.906,High,MOIL official/public historical production trends
2021-07-01,2021,7,Gumgaon,21.3,79.1,6435.57,3388.28,3047.29,47.35,0.917,0.876,0.655,High,MOIL official/public historical production trends
2021-07-01,2021,7,Kandri,21.35,79.05,6914.75,5465.77,1448.98,20.95,0.986,0.891,0.899,Medium,MOIL official/public historical production trends
2021-07-01,2021,7,Munsar,21.4,79.2,5954.22,3380.08,2574.14,43.23,0.831,0.894,0.765,High,MOIL official/public historical production trends
2021-07-01,2021,7,Sitapatore,21.5,79.3,6824.3,4498.19,2326.11,34.09,0.987,0.981,0.681,High,MOIL official/public historical production trends
2021-07-01,2021,7,Tirodi,21.7,80.0,10484.84,7013.94,3470.9,33.1,0.968,0.781,0.885,High,MOIL official/public historical production trends
2021-07-01,2021,7,Ukwa,21.8,80.1,10853.74,6271.35,4582.39,42.22,0.918,0.85,0.741,High,MOIL official/public historical production trends
2021-08-01,2021,8,Balaghat,21.84995,80.22672,13737.14,7290.36,6446.77,46.93,0.801,0.833,0.795,High,MOIL official/public historical production trends
2021-08-01,2021,8,Beldongri,21.45,79.85,6078.25,3413.46,2664.79,43.84,0.869,0.837,0.772,High,MOIL official/public historical production trends
2021-08-01,2021,8,Chikla,21.65,79.7,7293.45,4001.06,3292.39,45.14,0.89,0.785,0.785,High,MOIL official/public historical production trends
2021-08-01,2021,8,Dongri Buzurg,21.95,80.15,9918.93,6726.41,3192.51,32.19,0.983,0.841,0.821,High,MOIL official/public historical production trends
2021-08-01,2021,8,Gumgaon,21.3,79.1,6342.06,3243.48,3098.58,48.86,0.933,0.795,0.69,High,MOIL official/public historical production trends
2021-08-01,2021,8,Kandri,21.35,79.05,6609.75,4375.16,2234.59,33.81,0.817,0.999,0.811,High,MOIL official/public historical production trends
2021-08-01,2021,8,Munsar,21.4,79.2,5580.79,3001.07,2579.72,46.23,0.95,0.802,0.705,High,MOIL official/public historical production trends
2021-08-01,2021,8,Sitapatore,21.5,79.3,6460.46,3023.01,3437.45,53.21,0.807,0.868,0.668,High,MOIL official/public historical production trends
2021-08-01,2021,8,Tirodi,21.7,80.0,10275.53,6114.01,4161.52,40.5,0.891,0.881,0.758,High,MOIL official/public historical production trends
2021-08-01,2021,8,Ukwa,21.8,80.1,10897.94,6523.28,4374.66,40.14,0.831,0.795,0.905,High,MOIL official/public historical production trends
2021-09-01,2021,9,Balaghat,21.84995,80.22672,15189.71,7763.73,7425.98,48.89,0.854,0.911,0.657,High,MOIL official/public historical production trends
2021-09-01,2021,9,Beldongri,21.45,79.85,6499.33,3980.89,2518.44,38.75,0.943,0.915,0.71,High,MOIL official/public historical production trends
2021-09-01,2021,9,Chikla,21.65,79.7,8421.12,5144.04,3277.08,38.91,0.934,0.755,0.866,High,MOIL official/public historical production trends
2021-09-01,2021,9,Dongri Buzurg,21.95,80.15,11167.55,6020.65,5146.9,46.09,0.931,0.81,0.716,High,MOIL official/public historical production trends
2021-09-01,2021,9,Gumgaon,21.3,79.1,7863.28,6071.94,1791.34,22.78,0.971,0.958,0.83,Medium,MOIL official/public historical production trends
2021-09-01,2021,9,Kandri,21.35,79.05,7465.37,4202.67,3262.7,43.7,0.859,0.974,0.673,High,MOIL official/public historical production trends
2021-09-01,2021,9,Munsar,21.4,79.2,6534.15,3196.57,3337.58,51.08,0.805,0.795,0.764,High,MOIL official/public historical production trends
2021-09-01,2021,9,Sitapatore,21.5,79.3,7994.36,4842.5,3151.86,39.43,0.963,0.835,0.753,High,MOIL official/public historical production trends
2021-09-01,2021,9,Tirodi,21.7,80.0,11642.65,7195.06,4447.59,38.2,0.854,0.906,0.799,High,MOIL official/public historical production trends
2021-09-01,2021,9,Ukwa,21.8,80.1,12420.16,7242.94,5177.22,41.68,0.859,0.987,0.688,High,MOIL official/public historical production trends
2021-10-01,2021,10,Balaghat,21.84995,80.22672,18078.35,15323.09,2755.27,15.24,0.897,0.974,0.97,Medium,MOIL official/public historical production trends
2021-10-01,2021,10,Beldongri,21.45,79.85,7571.16,4635.12,2936.04,38.78,0.804,0.817,0.931,High,MOIL official/public historical production trends
2021-10-01,2021,10,Chikla,21.65,79.7,9938.6,6478.01,3460.6,34.82,0.852,0.785,0.975,High,MOIL official/public historical production trends
2021-10-01,2021,10,Dongri Buzurg,21.95,80.15,13710.37,8765.89,4944.48,36.06,0.905,0.793,0.891,High,MOIL official/public historical production trends
2021-10-01,2021,10,Gumgaon,21.3,79.1,8298.08,5953.17,2344.92,28.26,0.983,0.779,0.936,High,MOIL official/public historical production trends
2021-10-01,2021,10,Kandri,21.35,79.05,8520.97,6903.92,1617.05,18.98,0.911,0.913,0.974,Medium,MOIL official/public historical production trends
2021-10-01,2021,10,Munsar,21.4,79.2,7404.26,4588.17,2816.08,38.03,0.802,0.784,0.985,High,MOIL official/public historical production trends
2021-10-01,2021,10,Sitapatore,21.5,79.3,9043.9,7109.13,1934.78,21.39,0.919,0.9,0.95,Medium,MOIL official/public historical production trends
2021-10-01,2021,10,Tirodi,21.7,80.0,12652.41,9645.34,3007.07,23.77,0.983,0.855,0.907,Medium,MOIL official/public historical production trends
2021-10-01,2021,10,Ukwa,21.8,80.1,14193.47,8736.31,5457.16,38.45,0.809,0.792,0.961,High,MOIL official/public historical production trends
2021-11-01,2021,11,Balaghat,21.84995,80.22672,18674.17,12670.76,6003.42,32.15,0.921,0.811,0.908,High,MOIL official/public historical production trends
2021-11-01,2021,11,Beldongri,21.45,79.85,8345.49,6046.75,2298.74,27.54,0.871,0.93,0.895,High,MOIL official/public historical production trends
2021-11-01,2021,11,Chikla,21.65,79.7,11034.33,8961.74,2072.58,18.78,0.895,0.916,0.991,Medium,MOIL official/public historical production trends
2021-11-01,2021,11,Dongri Buzurg,21.95,80.15,14955.3,8496.43,6458.87,43.19,0.843,0.758,0.889,High,MOIL official/public historical production trends
2021-11-01,2021,11,Gumgaon,21.3,79.1,9836.23,6545.34,3290.89,33.46,0.81,0.874,0.94,High,MOIL official/public historical production trends
2021-11-01,2021,11,Kandri,21.35,79.05,9582.08,6115.84,3466.24,36.17,0.954,0.777,0.861,High,MOIL official/public historical production trends
2021-11-01,2021,11,Munsar,21.4,79.2,8720.19,6616.66,2103.53,24.12,0.899,0.922,0.915,Medium,MOIL official/public historical production trends
2021-11-01,2021,11,Sitapatore,21.5,79.3,9496.49,8295.79,1200.7,12.64,0.964,0.95,0.954,Medium,MOIL official/public historical production trends
2021-11-01,2021,11,Tirodi,21.7,80.0,14282.37,9515.94,4766.43,33.37,0.918,0.84,0.864,High,MOIL official/public historical production trends
2021-11-01,2021,11,Ukwa,21.8,80.1,16494.08,12356.92,4137.16,25.08,0.827,0.988,0.917,High,MOIL official/public historical production trends
2021-12-01,2021,12,Balaghat,21.84995,80.22672,22846.98,19287.41,3559.57,15.58,0.908,0.968,0.96,Medium,MOIL official/public historical production trends
2021-12-01,2021,12,Beldongri,21.45,79.85,10636.9,8941.59,1695.31,15.94,0.932,0.923,0.977,Medium,MOIL official/public historical production trends
2021-12-01,2021,12,Chikla,21.65,79.7,12937.06,9337.08,3599.98,27.83,0.898,0.805,0.998,High,MOIL official/public historical production trends
2021-12-01,2021,12,Dongri Buzurg,21.95,80.15,18477.95,13674.2,4803.75,26.0,0.808,0.926,0.989,High,MOIL official/public historical production trends
2021-12-01,2021,12,Gumgaon,21.3,79.1,11418.11,8731.4,2686.71,23.53,0.914,0.979,0.855,Medium,MOIL official/public historical production trends
2021-12-01,2021,12,Kandri,21.35,79.05,12027.73,10098.05,1929.68,16.04,0.859,0.981,0.996,Medium,MOIL official/public historical production trends
2021-12-01,2021,12,Munsar,21.4,79.2,10779.02,9095.71,1683.31,15.62,0.895,0.966,0.977,Medium,MOIL official/public historical production trends
2021-12-01,2021,12,Sitapatore,21.5,79.3,11581.5,7978.1,3603.4,31.11,0.966,0.759,0.939,High,MOIL official/public historical production trends
2021-12-01,2021,12,Tirodi,21.7,80.0,17214.63,10415.87,6798.76,39.49,0.824,0.769,0.954,High,MOIL official/public historical production trends
2021-12-01,2021,12,Ukwa,21.8,80.1,18859.76,12254.68,6605.08,35.02,0.945,0.766,0.897,High,MOIL official/public historical production trends
2022-01-01,2022,1,Balaghat,21.84995,80.22672,16087.9,12071.57,4016.33,24.96,0.958,0.83,0.944,Medium,MOIL official/public historical production trends
2022-01-01,2022,1,Beldongri,21.45,79.85,7281.37,4637.9,2643.47,36.3,0.923,0.808,0.854,High,MOIL official/public historical production trends
2022-01-01,2022,1,Chikla,21.65,79.7,9347.45,6767.67,2579.77,27.6,0.804,0.969,0.929,High,MOIL official/public historical production trends
2022-01-01,2022,1,Dongri Buzurg,21.95,80.15,12546.15,10862.9,1683.25,13.42,0.96,0.999,0.903,Medium,MOIL official/public historical production trends
2022-01-01,2022,1,Gumgaon,21.3,79.1,8226.39,5948.62,2277.77,27.69,0.88,0.87,0.944,High,MOIL official/public historical production trends
2022-01-01,2022,1,Kandri,21.35,79.05,8311.71,7123.6,1188.11,14.29,0.997,0.942,0.913,Medium,MOIL official/public historical production trends
2022-01-01,2022,1,Munsar,21.4,79.2,6955.63,4624.33,2331.3,33.52,0.948,0.81,0.867,High,MOIL official/public historical production trends
2022-01-01,2022,1,Sitapatore,21.5,79.3,7895.83,4937.83,2957.99,37.46,0.857,0.824,0.885,High,MOIL official/public historical production trends
2022-01-01,2022,1,Tirodi,21.7,80.0,11468.13,8398.64,3069.49,26.77,0.804,0.997,0.914,High,MOIL official/public historical production trends
2022-01-01,2022,1,Ukwa,21.8,80.1,12869.39,9618.1,3251.29,25.26,0.936,0.805,0.992,High,MOIL official/public historical production trends
2022-02-01,2022,2,Balaghat,21.84995,80.22672,16483.47,11309.7,5173.77,31.39,0.818,0.854,0.982,High,MOIL official/public historical production trends
2022-02-01,2022,2,Beldongri,21.45,79.85,7322.56,5171.79,2150.77,29.37,0.893,0.903,0.875,High,MOIL official/public historical production trends
2022-02-01,2022,2,Chikla,21.65,79.7,9456.58,7474.26,1982.32,20.96,0.846,0.986,0.947,Medium,MOIL official/public historical production trends
2022-02-01,2022,2,Dongri Buzurg,21.95,80.15,12147.94,7761.44,4386.5,36.11,0.903,0.808,0.876,High,MOIL official/public historical production trends
2022-02-01,2022,2,Gumgaon,21.3,79.1,7788.35,5561.1,2227.25,28.6,0.837,0.945,0.903,High,MOIL official/public historical production trends
2022-02-01,2022,2,Kandri,21.35,79.05,7658.04,7309.51,348.52,4.55,0.994,0.971,0.989,Low,MOIL official/public historical production trends
2022-02-01,2022,2,Munsar,21.4,79.2,7357.74,5025.88,2331.85,31.69,0.835,0.849,0.964,High,MOIL official/public historical production trends
2022-02-01,2022,2,Sitapatore,21.5,79.3,8169.37,5721.26,2448.11,29.97,0.831,0.954,0.884,High,MOIL official/public historical production trends
2022-02-01,2022,2,Tirodi,21.7,80.0,11686.53,8925.19,2761.34,23.63,0.907,0.898,0.937,Medium,MOIL official/public historical production trends
2022-02-01,2022,2,Ukwa,21.8,80.1,12488.12,8646.83,3841.29,30.76,0.975,0.816,0.869,High,MOIL official/public historical production trends
2022-03-01,2022,3,Balaghat,21.84995,80.22672,18867.25,17539.46,1327.78,7.04,0.991,0.966,0.971,Low,MOIL official/public historical production trends
2022-03-01,2022,3,Beldongri,21.45,79.85,8068.89,5164.85,2904.04,35.99,0.91,0.772,0.911,High,MOIL official/public historical production trends
2022-03-01,2022,3,Chikla,21.65,79.7,10085.63,7393.52,2692.12,26.69,0.852,0.931,0.924,High,MOIL official/public historical production trends
2022-03-01,2022,3,Dongri Buzurg,21.95,80.15,13050.27,8737.11,4313.16,33.05,0.844,0.921,0.861,High,MOIL official/public historical production trends
2022-03-01,2022,3,Gumgaon,21.3,79.1,9399.53,6903.57,2495.96,26.55,0.899,0.87,0.939,High,MOIL official/public historical production trends
2022-03-01,2022,3,Kandri,21.35,79.05,9375.45,7007.97,2367.47,25.25,0.87,0.92,0.935,High,MOIL official/public historical production trends
2022-03-01,2022,3,Munsar,21.4,79.2,7760.43,6820.29,940.14,12.11,0.976,0.949,0.949,Medium,MOIL official/public historical production trends
2022-03-01,2022,3,Sitapatore,21.5,79.3,9398.97,8275.04,1123.92,11.96,0.973,0.927,0.976,Medium,MOIL official/public historical production trends
2022-03-01,2022,3,Tirodi,21.7,80.0,13889.9,11325.42,2564.47,18.46,0.936,0.905,0.963,Medium,MOIL official/public historical production trends
2022-03-01,2022,3,Ukwa,21.8,80.1,14252.24,11505.96,2746.28,19.27,0.976,0.968,0.854,Medium,MOIL official/public historical production trends
2022-04-01,2022,4,Balaghat,21.84995,80.22672,17649.84,11684.61,5965.22,33.8,0.826,0.834,0.962,High,MOIL official/public historical production trends
2022-04-01,2022,4,Beldongri,21.45,79.85,7224.46,6176.57,1047.89,14.5,0.964,0.958,0.926,Medium,MOIL official/public historical production trends
2022-04-01,2022,4,Chikla,21.65,79.7,9140.17,7066.33,2073.84,22.69,0.857,0.904,0.997,Medium,MOIL official/public historical production trends
2022-04-01,2022,4,Dongri Buzurg,21.95,80.15,12988.67,9359.63,3629.04,27.94,0.852,0.909,0.931,High,MOIL official/public historical production trends
2022-04-01,2022,4,Gumgaon,21.3,79.1,8785.63,6318.45,2467.18,28.08,0.821,0.94,0.931,High,MOIL official/public historical production trends
2022-04-01,2022,4,Kandri,21.35,79.05,8942.16,6980.05,1962.1,21.94,0.868,0.908,0.99,Medium,MOIL official/public historical production trends
2022-04-01,2022,4,Munsar,21.4,79.2,7180.9,5623.37,1557.53,21.69,0.987,0.922,0.86,Medium,MOIL official/public historical production trends
2022-04-01,2022,4,Sitapatore,21.5,79.3,8376.36,5669.32,2707.03,32.32,0.942,0.767,0.937,High,MOIL official/public historical production trends
2022-04-01,2022,4,Tirodi,21.7,80.0,12622.12,8711.1,3911.02,30.99,0.924,0.761,0.981,High,MOIL official/public historical production trends
2022-04-01,2022,4,Ukwa,21.8,80.1,14545.58,11782.2,2763.38,19.0,0.994,0.937,0.87,Medium,MOIL official/public historical production trends
2022-05-01,2022,5,Balaghat,21.84995,80.22672,18630.27,10180.31,8449.96,45.36,0.805,0.756,0.899,High,MOIL official/public historical production trends
2022-05-01,2022,5,Beldongri,21.45,79.85,7936.51,6393.03,1543.48,19.45,0.954,0.921,0.917,Medium,MOIL official/public historical production trends
2022-05-01,2022,5,Chikla,21.65,79.7,9984.44,7843.84,2140.6,21.44,0.999,0.857,0.918,Medium,MOIL official/public historical production trends
2022-05-01,2022,5,Dongri Buzurg,21.95,80.15,13162.75,10293.54,2869.2,21.8,0.959,0.923,0.883,Medium,MOIL official/public historical production trends
2022-05-01,2022,5,Gumgaon,21.3,79.1,8701.39,6630.6,2070.8,23.8,0.936,0.914,0.891,Medium,MOIL official/public historical production trends
2022-05-01,2022,5,Kandri,21.35,79.05,9490.03,6703.43,2786.6,29.36,0.83,0.858,0.992,High,MOIL official/public historical production trends
2022-05-01,2022,5,Munsar,21.4,79.2,7881.76,5534.61,2347.15,29.78,0.928,0.849,0.891,High,MOIL official/public historical production trends
2022-05-01,2022,5,Sitapatore,21.5,79.3,9520.1,7229.13,2290.97,24.06,0.882,0.974,0.884,Medium,MOIL official/public historical production trends
2022-05-01,2022,5,Tirodi,21.7,80.0,13230.15,8815.27,4414.88,33.37,0.806,0.913,0.905,High,MOIL official/public historical production trends
2022-05-01,2022,5,Ukwa,21.8,80.1,15293.65,11915.25,3378.4,22.09,0.895,0.992,0.878,Medium,MOIL official/public historical production trends
2022-06-01,2022,6,Balaghat,21.84995,80.22672,16615.32,12801.27,3814.05,22.96,0.955,0.943,0.855,Medium,MOIL official/public historical production trends
2022-06-01,2022,6,Beldongri,21.45,79.85,7099.26,3630.97,3468.29,48.85,0.826,0.758,0.816,High,MOIL official/public historical production trends
2022-06-01,2022,6,Chikla,21.65,79.7,9281.14,5413.98,3867.16,41.67,0.896,0.779,0.835,High,MOIL official/public historical production trends
2022-06-01,2022,6,Dongri Buzurg,21.95,80.15,11934.7,7064.05,4870.65,40.81,0.84,0.873,0.807,High,MOIL official/public historical production trends
2022-06-01,2022,6,Gumgaon,21.3,79.1,7827.22,4059.55,3767.67,48.14,0.96,0.828,0.653,High,MOIL official/public historical production trends
2022-06-01,2022,6,Kandri,21.35,79.05,7669.74,4271.8,3397.94,44.3,0.878,0.87,0.729,High,MOIL official/public historical production trends
2022-06-01,2022,6,Munsar,21.4,79.2,7147.47,5119.08,2028.38,28.38,0.972,0.945,0.78,High,MOIL official/public historical production trends
2022-06-01,2022,6,Sitapatore,21.5,79.3,7695.77,5106.34,2589.42,33.65,0.848,0.997,0.785,High,MOIL official/public historical production trends
2022-06-01,2022,6,Tirodi,21.7,80.0,12160.47,7512.67,4647.8,38.22,0.94,0.89,0.738,High,MOIL official/public historical production trends
2022-06-01,2022,6,Ukwa,21.8,80.1,13043.06,5995.63,7047.43,54.03,0.818,0.838,0.671,High,MOIL official/public historical production trends
2022-07-01,2022,7,Balaghat,21.84995,80.22672,13744.85,8776.31,4968.54,36.15,0.827,0.892,0.866,High,MOIL official/public historical production trends
2022-07-01,2022,7,Beldongri,21.45,79.85,5893.81,3205.58,2688.23,45.61,0.833,0.776,0.841,High,MOIL official/public historical production trends
2022-07-01,2022,7,Chikla,21.65,79.7,7446.08,4719.52,2726.55,36.62,0.987,0.763,0.841,High,MOIL official/public historical production trends
2022-07-01,2022,7,Dongri Buzurg,21.95,80.15,10802.4,8421.5,2380.9,22.04,0.943,0.95,0.87,Medium,MOIL official/public historical production trends
2022-07-01,2022,7,Gumgaon,21.3,79.1,6652.43,4459.73,2192.7,32.96,0.979,0.887,0.772,High,MOIL official/public historical production trends
2022-07-01,2022,7,Kandri,21.35,79.05,7043.7,3963.55,3080.15,43.73,0.905,0.933,0.666,High,MOIL official/public historical production trends
2022-07-01,2022,7,Munsar,21.4,79.2,5922.34,4356.33,1566.01,26.44,0.832,0.968,0.913,High,MOIL official/public historical production trends
2022-07-01,2022,7,Sitapatore,21.5,79.3,6830.74,4246.57,2584.17,37.83,0.836,0.947,0.785,High,MOIL official/public historical production trends
2022-07-01,2022,7,Tirodi,21.7,80.0,10473.67,7286.1,3187.57,30.43,0.944,0.807,0.913,High,MOIL official/public historical production trends
2022-07-01,2022,7,Ukwa,21.8,80.1,11453.63,5826.37,5627.26,49.13,0.84,0.92,0.658,High,MOIL official/public historical production trends
2022-08-01,2022,8,Balaghat,21.84995,80.22672,13551.47,9948.41,3603.06,26.59,0.893,0.967,0.851,High,MOIL official/public historical production trends
2022-08-01,2022,8,Beldongri,21.45,79.85,6030.73,2919.28,3111.45,51.59,0.869,0.843,0.661,High,MOIL official/public historical production trends
2022-08-01,2022,8,Chikla,21.65,79.7,8098.73,4981.77,3116.95,38.49,0.916,0.86,0.781,High,MOIL official/public historical production trends
2022-08-01,2022,8,Dongri Buzurg,21.95,80.15,10804.96,7337.46,3467.5,32.09,0.98,0.855,0.81,High,MOIL official/public historical production trends
2022-08-01,2022,8,Gumgaon,21.3,79.1,7230.35,4676.37,2553.97,35.32,0.842,0.906,0.848,High,MOIL official/public historical production trends
2022-08-01,2022,8,Kandri,21.35,79.05,6688.16,4402.35,2285.81,34.18,0.943,0.977,0.714,High,MOIL official/public historical production trends
2022-08-01,2022,8,Munsar,21.4,79.2,6362.42,3674.47,2687.95,42.25,0.836,0.964,0.717,High,MOIL official/public historical production trends
2022-08-01,2022,8,Sitapatore,21.5,79.3,7201.45,4557.55,2643.9,36.71,0.889,0.879,0.81,High,MOIL official/public historical production trends
2022-08-01,2022,8,Tirodi,21.7,80.0,10065.53,7257.33,2808.19,27.9,0.878,0.992,0.827,High,MOIL official/public historical production trends
2022-08-01,2022,8,Ukwa,21.8,80.1,11086.74,6400.08,4686.66,42.27,0.955,0.783,0.773,High,MOIL official/public historical production trends
2022-09-01,2022,9,Balaghat,21.84995,80.22672,15601.65,7463.57,8138.07,52.16,0.815,0.792,0.741,High,MOIL official/public historical production trends
2022-09-01,2022,9,Beldongri,21.45,79.85,7241.34,4382.27,2859.07,39.48,0.886,0.812,0.841,High,MOIL official/public historical production trends
2022-09-01,2022,9,Chikla,21.65,79.7,8713.72,4572.28,4141.44,47.53,0.834,0.759,0.829,High,MOIL official/public historical production trends
2022-09-01,2022,9,Dongri Buzurg,21.95,80.15,11987.97,9773.08,2214.89,18.48,0.969,0.951,0.884,Medium,MOIL official/public historical production trends
2022-09-01,2022,9,Gumgaon,21.3,79.1,7776.62,4147.83,3628.79,46.66,0.822,0.817,0.793,High,MOIL official/public historical production trends
2022-09-01,2022,9,Kandri,21.35,79.05,8362.13,4756.89,3605.24,43.11,0.808,0.781,0.902,High,MOIL official/public historical production trends
2022-09-01,2022,9,Munsar,21.4,79.2,6881.88,4322.81,2559.07,37.19,0.901,0.76,0.916,High,MOIL official/public historical production trends
2022-09-01,2022,9,Sitapatore,21.5,79.3,8384.98,5867.89,2517.08,30.02,0.801,0.988,0.884,High,MOIL official/public historical production trends
2022-09-01,2022,9,Tirodi,21.7,80.0,11964.07,6481.1,5482.97,45.83,0.903,0.872,0.688,High,MOIL official/public historical production trends
2022-09-01,2022,9,Ukwa,21.8,80.1,12408.03,8236.16,4171.86,33.62,0.862,0.926,0.832,High,MOIL official/public historical production trends
2022-10-01,2022,10,Balaghat,21.84995,80.22672,19014.65,13101.82,5912.83,31.1,0.819,0.918,0.917,High,MOIL official/public historical production trends
2022-10-01,2022,10,Beldongri,21.45,79.85,8238.05,6199.17,2038.88,24.75,0.835,0.923,0.976,Medium,MOIL official/public historical production trends
2022-10-01,2022,10,Chikla,21.65,79.7,10669.9,8236.78,2433.11,22.8,0.937,0.874,0.943,Medium,MOIL official/public historical production trends
2022-10-01,2022,10,Dongri Buzurg,21.95,80.15,14123.41,9679.66,4443.75,31.46,0.914,0.758,0.99,High,MOIL official/public historical production trends
2022-10-01,2022,10,Gumgaon,21.3,79.1,9252.72,6601.21,2651.51,28.66,0.935,0.804,0.949,High,MOIL official/public historical production trends
2022-10-01,2022,10,Kandri,21.35,79.05,8984.24,6157.75,2826.49,31.46,0.93,0.777,0.949,High,MOIL official/public historical production trends
2022-10-01,2022,10,Munsar,21.4,79.2,8342.35,6118.32,2224.03,26.66,0.81,0.994,0.911,High,MOIL official/public historical production trends
2022-10-01,2022,10,Sitapatore,21.5,79.3,9417.28,7717.27,1700.02,18.05,0.956,0.892,0.961,Medium,MOIL official/public historical production trends
2022-10-01,2022,10,Tirodi,21.7,80.0,14136.5,9840.5,4296.0,30.39,0.881,0.832,0.95,High,MOIL official/public historical production trends
2022-10-01,2022,10,Ukwa,21.8,80.1,15210.26,12590.32,2619.93,17.22,0.952,0.949,0.915,Medium,MOIL official/public historical production trends
2022-11-01,2022,11,Balaghat,21.84995,80.22672,20942.98,13011.92,7931.06,37.87,0.824,0.886,0.851,High,MOIL official/public historical production trends
2022-11-01,2022,11,Beldongri,21.45,79.85,8724.53,6173.42,2551.12,29.24,0.873,0.849,0.954,High,MOIL official/public historical production trends
2022-11-01,2022,11,Chikla,21.65,79.7,11290.3,7366.24,3924.06,34.76,0.89,0.809,0.906,High,MOIL official/public historical production trends
2022-11-01,2022,11,Dongri Buzurg,21.95,80.15,14808.2,10326.55,4481.64,30.26,0.815,0.901,0.95,High,MOIL official/public historical production trends
2022-11-01,2022,11,Gumgaon,21.3,79.1,10270.19,7587.82,2682.37,26.12,0.893,0.845,0.98,High,MOIL official/public historical production trends
2022-11-01,2022,11,Kandri,21.35,79.05,10168.29,6209.39,3958.9,38.93,0.896,0.756,0.901,High,MOIL official/public historical production trends
2022-11-01,2022,11,Munsar,21.4,79.2,8773.92,6425.48,2348.43,26.77,0.88,0.895,0.93,High,MOIL official/public historical production trends
2022-11-01,2022,11,Sitapatore,21.5,79.3,10258.44,8924.96,1333.47,13.0,0.953,0.953,0.958,Medium,MOIL official/public historical production trends
2022-11-01,2022,11,Tirodi,21.7,80.0,15916.85,8698.35,7218.5,45.35,0.804,0.799,0.851,High,MOIL official/public historical production trends
2022-11-01,2022,11,Ukwa,21.8,80.1,16735.22,13147.85,3587.36,21.44,0.98,0.811,0.989,Medium,MOIL official/public historical production trends
2022-12-01,2022,12,Balaghat,21.84995,80.22672,23490.61,16806.6,6684.0,28.45,0.987,0.838,0.865,High,MOIL official/public historical production trends
2022-12-01,2022,12,Beldongri,21.45,79.85,10734.66,6725.29,4009.37,37.35,0.851,0.821,0.896,High,MOIL official/public historical production trends
2022-12-01,2022,12,Chikla,21.65,79.7,14240.05,10076.28,4163.77,29.24,0.908,0.828,0.942,High,MOIL official/public historical production trends
2022-12-01,2022,12,Dongri Buzurg,21.95,80.15,18826.64,11920.78,6905.85,36.68,0.855,0.853,0.868,High,MOIL official/public historical production trends
2022-12-01,2022,12,Gumgaon,21.3,79.1,11893.81,8225.73,3668.08,30.84,0.936,0.795,0.929,High,MOIL official/public historical production trends
2022-12-01,2022,12,Kandri,21.35,79.05,12542.36,8163.04,4379.32,34.92,0.821,0.892,0.888,High,MOIL official/public historical production trends
2022-12-01,2022,12,Munsar,21.4,79.2,11247.49,8949.11,2298.38,20.43,0.897,0.951,0.933,Medium,MOIL official/public historical production trends
2022-12-01,2022,12,Sitapatore,21.5,79.3,11724.6,10091.03,1633.57,13.93,0.927,0.988,0.94,Medium,MOIL official/public historical production trends
2022-12-01,2022,12,Tirodi,21.7,80.0,19016.52,13219.43,5797.09,30.48,0.977,0.807,0.882,High,MOIL official/public historical production trends
2022-12-01,2022,12,Ukwa,21.8,80.1,20185.56,16838.52,3347.04,16.58,0.882,0.96,0.985,Medium,MOIL official/public historical production trends
2023-01-01,2023,1,Balaghat,21.84995,80.22672,21295.52,15199.91,6095.61,28.62,0.847,0.945,0.891,High,MOIL official/public historical production trends
2023-01-01,2023,1,Beldongri,21.45,79.85,9760.43,6843.59,2916.84,29.88,0.885,0.917,0.864,High,MOIL official/public historical production trends
2023-01-01,2023,1,Chikla,21.65,79.7,12307.5,8599.33,3708.17,30.13,0.89,0.897,0.875,High,MOIL official/public historical production trends
2023-01-01,2023,1,Dongri Buzurg,21.95,80.15,16593.18,11217.47,5375.71,32.4,0.973,0.804,0.864,High,MOIL official/public historical production trends
2023-01-01,2023,1,Gumgaon,21.3,79.1,10291.39,8030.12,2261.27,21.97,0.928,0.902,0.932,Medium,MOIL official/public historical production trends
2023-01-01,2023,1,Kandri,21.35,79.05,10516.49,7672.64,2843.86,27.04,0.878,0.899,0.925,High,MOIL official/public historical production trends
2023-01-01,2023,1,Munsar,21.4,79.2,9916.6,6901.47,3015.13,30.4,0.827,0.924,0.911,High,MOIL official/public historical production trends
2023-01-01,2023,1,Sitapatore,21.5,79.3,10728.57,9332.02,1396.55,13.02,0.944,0.923,0.999,Medium,MOIL official/public historical production trends
2023-01-01,2023,1,Tirodi,21.7,80.0,15606.89,11173.31,4433.58,28.41,0.821,0.931,0.937,High,MOIL official/public historical production trends
2023-01-01,2023,1,Ukwa,21.8,80.1,17163.43,10630.95,6532.48,38.06,0.816,0.771,0.984,High,MOIL official/public historical production trends
2023-02-01,2023,2,Balaghat,21.84995,80.22672,20946.36,13196.59,7749.78,37.0,0.865,0.807,0.903,High,MOIL official/public historical production trends
2023-02-01,2023,2,Beldongri,21.45,79.85,9048.26,6083.86,2964.4,32.76,0.904,0.767,0.97,High,MOIL official/public historical production trends
2023-02-01,2023,2,Chikla,21.65,79.7,11833.2,9876.64,1956.56,16.53,0.908,0.97,0.948,Medium,MOIL official/public historical production trends
2023-02-01,2023,2,Dongri Buzurg,21.95,80.15,16262.65,11138.66,5123.99,31.51,0.865,0.833,0.95,High,MOIL official/public historical production trends
2023-02-01,2023,2,Gumgaon,21.3,79.1,11340.13,9024.31,2315.82,20.42,0.932,0.889,0.96,Medium,MOIL official/public historical production trends
2023-02-01,2023,2,Kandri,21.35,79.05,10768.55,7738.01,3030.54,28.14,0.812,0.891,0.994,High,MOIL official/public historical production trends
2023-02-01,2023,2,Munsar,21.4,79.2,9148.37,6388.83,2759.54,30.16,0.938,0.8,0.93,High,MOIL official/public historical production trends
2023-02-01,2023,2,Sitapatore,21.5,79.3,10370.32,7819.42,2550.9,24.6,0.89,0.939,0.902,Medium,MOIL official/public historical production trends
2023-02-01,2023,2,Tirodi,21.7,80.0,16476.54,13733.64,2742.9,16.65,0.959,0.982,0.885,Medium,MOIL official/public historical production trends
2023-02-01,2023,2,Ukwa,21.8,80.1,17383.2,14251.55,3131.65,18.02,0.83,0.998,0.989,Medium,MOIL official/public historical production trends
2023-03-01,2023,3,Balaghat,21.84995,80.22672,24591.82,19779.19,4812.62,19.57,0.968,0.88,0.944,Medium,MOIL official/public historical production trends
2023-03-01,2023,3,Beldongri,21.45,79.85,10275.8,7442.3,2833.51,27.57,0.951,0.782,0.974,High,MOIL official/public historical production trends
2023-03-01,2023,3,Chikla,21.65,79.7,14166.42,9067.98,5098.44,35.99,0.942,0.759,0.895,High,MOIL official/public historical production trends
2023-03-01,2023,3,Dongri Buzurg,21.95,80.15,17935.29,11958.57,5976.72,33.32,0.872,0.772,0.991,High,MOIL official/public historical production trends
2023-03-01,2023,3,Gumgaon,21.3,79.1,12312.87,8257.64,4055.23,32.93,0.861,0.849,0.917,High,MOIL official/public historical production trends
2023-03-01,2023,3,Kandri,21.35,79.05,12370.17,10120.81,2249.36,18.18,0.903,0.98,0.925,Medium,MOIL official/public historical production trends
2023-03-01,2023,3,Munsar,21.4,79.2,11243.5,8659.63,2583.87,22.98,0.97,0.802,0.99,Medium,MOIL official/public historical production trends
2023-03-01,2023,3,Sitapatore,21.5,79.3,11777.14,9414.58,2362.56,20.06,0.963,0.845,0.982,Medium,MOIL official/public historical production trends
2023-03-01,2023,3,Tirodi,21.7,80.0,19046.6,15537.12,3509.47,18.43,0.961,0.948,0.896,Medium,MOIL official/public historical production trends
2023-03-01,2023,3,Ukwa,21.8,80.1,19067.31,12711.79,6355.51,33.33,0.881,0.793,0.954,High,MOIL official/public historical production trends
2023-04-01,2023,4,Balaghat,21.84995,80.22672,22698.34,20012.75,2685.59,11.83,0.995,0.91,0.973,Medium,MOIL official/public historical production trends
2023-04-01,2023,4,Beldongri,21.45,79.85,9715.12,8551.76,1163.36,11.97,0.972,0.981,0.923,Medium,MOIL official/public historical production trends
2023-04-01,2023,4,Chikla,21.65,79.7,13105.17,9172.81,3932.36,30.01,0.953,0.794,0.925,High,MOIL official/public historical production trends
2023-04-01,2023,4,Dongri Buzurg,21.95,80.15,17114.64,10278.52,6836.11,39.94,0.829,0.842,0.86,High,MOIL official/public historical production trends
2023-04-01,2023,4,Gumgaon,21.3,79.1,10979.99,8389.14,2590.85,23.6,0.827,0.991,0.932,Medium,MOIL official/public historical production trends
2023-04-01,2023,4,Kandri,21.35,79.05,12063.5,8198.46,3865.04,32.04,0.886,0.828,0.926,High,MOIL official/public historical production trends
2023-04-01,2023,4,Munsar,21.4,79.2,10024.74,6611.42,3413.32,34.05,0.821,0.91,0.882,High,MOIL official/public historical production trends
2023-04-01,2023,4,Sitapatore,21.5,79.3,11664.41,7344.96,4319.45,37.03,0.93,0.788,0.859,High,MOIL official/public historical production trends
2023-04-01,2023,4,Tirodi,21.7,80.0,17775.28,12112.34,5662.94,31.86,0.892,0.765,0.999,High,MOIL official/public historical production trends
2023-04-01,2023,4,Ukwa,21.8,80.1,17902.36,14831.22,3071.14,17.15,0.939,0.996,0.886,Medium,MOIL official/public historical production trends
2023-05-01,2023,5,Balaghat,21.84995,80.22672,23617.68,13908.81,9708.87,41.11,0.824,0.826,0.865,High,MOIL official/public historical production trends
2023-05-01,2023,5,Beldongri,21.45,79.85,10922.02,7781.52,3140.5,28.75,0.812,0.877,1.0,High,MOIL official/public historical production trends
2023-05-01,2023,5,Chikla,21.65,79.7,14210.43,10230.26,3980.17,28.01,0.923,0.827,0.944,High,MOIL official/public historical production trends
2023-05-01,2023,5,Dongri Buzurg,21.95,80.15,18420.14,12545.12,5875.02,31.89,0.885,0.783,0.983,High,MOIL official/public historical production trends
2023-05-01,2023,5,Gumgaon,21.3,79.1,12185.48,7850.52,4334.96,35.57,0.839,0.842,0.912,High,MOIL official/public historical production trends
2023-05-01,2023,5,Kandri,21.35,79.05,12648.11,9609.78,3038.33,24.02,0.947,0.942,0.852,Medium,MOIL official/public historical production trends
2023-05-01,2023,5,Munsar,21.4,79.2,10626.25,6390.54,4235.72,39.86,0.896,0.755,0.889,High,MOIL official/public historical production trends
2023-05-01,2023,5,Sitapatore,21.5,79.3,12565.75,8107.55,4458.2,35.48,0.827,0.884,0.882,High,MOIL official/public historical production trends
2023-05-01,2023,5,Tirodi,21.7,80.0,17474.2,14294.33,3179.87,18.2,0.848,0.994,0.97,Medium,MOIL official/public historical production trends
2023-05-01,2023,5,Ukwa,21.8,80.1,20815.95,13540.5,7275.45,34.95,0.898,0.777,0.932,High,MOIL official/public historical production trends
2023-06-01,2023,6,Balaghat,21.84995,80.22672,21513.71,11147.73,10365.98,48.18,0.969,0.775,0.691,High,MOIL official/public historical production trends
2023-06-01,2023,6,Beldongri,21.45,79.85,9289.61,5786.28,3503.33,37.71,0.947,0.869,0.757,High,MOIL official/public historical production trends
2023-06-01,2023,6,Chikla,21.65,79.7,12107.62,9723.79,2383.83,19.69,0.957,0.973,0.862,Medium,MOIL official/public historical production trends
2023-06-01,2023,6,Dongri Buzurg,21.95,80.15,15910.02,11243.81,4666.21,29.33,0.938,0.859,0.877,High,MOIL official/public historical production trends
2023-06-01,2023,6,Gumgaon,21.3,79.1,10307.37,7240.61,3066.76,29.75,0.98,0.865,0.828,High,MOIL official/public historical production trends
2023-06-01,2023,6,Kandri,21.35,79.05,11233.12,7434.77,3798.35,33.81,0.927,0.903,0.79,High,MOIL official/public historical production trends
2023-06-01,2023,6,Munsar,21.4,79.2,9124.61,5019.68,4104.93,44.99,0.947,0.878,0.661,High,MOIL official/public historical production trends
2023-06-01,2023,6,Sitapatore,21.5,79.3,10357.47,4901.77,5455.71,52.67,0.943,0.768,0.653,High,MOIL official/public historical production trends
2023-06-01,2023,6,Tirodi,21.7,80.0,16949.18,10021.96,6927.22,40.87,0.948,0.838,0.744,High,MOIL official/public historical production trends
2023-06-01,2023,6,Ukwa,21.8,80.1,18042.29,9061.96,8980.33,49.77,0.932,0.796,0.677,High,MOIL official/public historical production trends
2023-07-01,2023,7,Balaghat,21.84995,80.22672,19030.92,9949.81,9081.12,47.72,0.953,0.816,0.672,High,MOIL official/public historical production trends
2023-07-01,2023,7,Beldongri,21.45,79.85,8578.06,5229.81,3348.26,39.03,0.859,0.942,0.753,High,MOIL official/public historical production trends
2023-07-01,2023,7,Chikla,21.65,79.7,10225.91,6275.89,3950.02,38.63,0.824,0.904,0.824,High,MOIL official/public historical production trends
2023-07-01,2023,7,Dongri Buzurg,21.95,80.15,14090.57,8239.09,5851.48,41.53,0.808,0.992,0.729,High,MOIL official/public historical production trends
2023-07-01,2023,7,Gumgaon,21.3,79.1,9814.84,7031.92,2782.92,28.35,0.92,0.896,0.869,High,MOIL official/public historical production trends
2023-07-01,2023,7,Kandri,21.35,79.05,9511.88,4657.58,4854.3,51.03,0.826,0.835,0.711,High,MOIL official/public historical production trends
2023-07-01,2023,7,Munsar,21.4,79.2,8089.91,5577.96,2511.95,31.05,0.886,0.86,0.905,High,MOIL official/public historical production trends
2023-07-01,2023,7,Sitapatore,21.5,79.3,9122.48,4955.26,4167.22,45.68,0.824,0.799,0.824,High,MOIL official/public historical production trends
2023-07-01,2023,7,Tirodi,21.7,80.0,13747.24,11479.91,2267.34,16.49,0.963,0.965,0.898,Medium,MOIL official/public historical production trends
2023-07-01,2023,7,Ukwa,21.8,80.1,14841.61,10338.91,4502.7,30.34,0.951,0.865,0.847,High,MOIL official/public historical production trends
2023-08-01,2023,8,Balaghat,21.84995,80.22672,19248.47,13040.66,6207.81,32.25,0.931,0.794,0.916,High,MOIL official/public historical production trends
2023-08-01,2023,8,Beldongri,21.45,79.85,8553.09,4629.58,3923.51,45.87,0.809,0.791,0.846,High,MOIL official/public historical production trends
2023-08-01,2023,8,Chikla,21.65,79.7,10870.82,6807.57,4063.24,37.38,0.843,0.876,0.848,High,MOIL official/public historical production trends
2023-08-01,2023,8,Dongri Buzurg,21.95,80.15,14107.33,9116.75,4990.58,35.38,0.918,0.877,0.803,High,MOIL official/public historical production trends
2023-08-01,2023,8,Gumgaon,21.3,79.1,9542.23,5861.04,3681.19,38.58,0.975,0.909,0.693,High,MOIL official/public historical production trends
2023-08-01,2023,8,Kandri,21.35,79.05,9329.33,5572.81,3756.52,40.27,0.802,0.812,0.918,High,MOIL official/public historical production trends
2023-08-01,2023,8,Munsar,21.4,79.2,7866.21,5261.97,2604.24,33.11,0.88,0.95,0.8,High,MOIL official/public historical production trends
2023-08-01,2023,8,Sitapatore,21.5,79.3,9583.61,6075.79,3507.82,36.6,0.923,0.797,0.862,High,MOIL official/public historical production trends
2023-08-01,2023,8,Tirodi,21.7,80.0,14124.18,9056.7,5067.48,35.88,0.801,0.94,0.851,High,MOIL official/public historical production trends
2023-08-01,2023,8,Ukwa,21.8,80.1,14765.88,8509.06,6256.82,42.37,0.992,0.842,0.69,High,MOIL official/public historical production trends
2023-09-01,2023,9,Balaghat,21.84995,80.22672,21192.17,15924.06,5268.12,24.86,0.975,0.999,0.771,Medium,MOIL official/public historical production trends
2023-09-01,2023,9,Beldongri,21.45,79.85,9665.36,6460.1,3205.27,33.16,0.977,0.898,0.761,High,MOIL official/public historical production trends
2023-09-01,2023,9,Chikla,21.65,79.7,12394.73,7762.6,4632.13,37.37,0.801,0.905,0.864,High,MOIL official/public historical production trends
2023-09-01,2023,9,Dongri Buzurg,21.95,80.15,15549.5,8288.72,7260.78,46.69,0.918,0.87,0.668,High,MOIL official/public historical production trends
2023-09-01,2023,9,Gumgaon,21.3,79.1,10892.59,7365.43,3527.15,32.38,0.912,0.89,0.833,High,MOIL official/public historical production trends
2023-09-01,2023,9,Kandri,21.35,79.05,11135.73,6100.03,5035.7,45.22,0.854,0.956,0.671,High,MOIL official/public historical production trends
2023-09-01,2023,9,Munsar,21.4,79.2,9037.98,6397.08,2640.9,29.22,0.867,0.946,0.863,High,MOIL official/public historical production trends
2023-09-01,2023,9,Sitapatore,21.5,79.3,10824.82,5803.0,5021.82,46.39,0.888,0.787,0.767,High,MOIL official/public historical production trends
2023-09-01,2023,9,Tirodi,21.7,80.0,15542.38,10852.47,4689.91,30.18,0.844,0.9,0.92,High,MOIL official/public historical production trends
2023-09-01,2023,9,Ukwa,21.8,80.1,18320.55,12543.59,5776.96,31.53,0.929,0.855,0.862,High,MOIL official/public historical production trends
2023-10-01,2023,10,Balaghat,21.84995,80.22672,23559.1,18102.95,5456.15,23.16,0.882,0.96,0.908,Medium,MOIL official/public historical production trends
2023-10-01,2023,10,Beldongri,21.45,79.85,10793.12,7129.94,3663.18,33.94,0.918,0.796,0.904,High,MOIL official/public historical production trends
2023-10-01,2023,10,Chikla,21.65,79.7,13549.84,8040.88,5508.96,40.66,0.805,0.756,0.975,High,MOIL official/public historical production trends
2023-10-01,2023,10,Dongri Buzurg,21.95,80.15,17953.58,13259.87,4693.71,26.14,0.904,0.825,0.991,High,MOIL official/public historical production trends
2023-10-01,2023,10,Gumgaon,21.3,79.1,11952.19,10008.83,1943.35,16.26,0.886,0.968,0.976,Medium,MOIL official/public historical production trends
2023-10-01,2023,10,Kandri,21.35,79.05,11862.54,9086.93,2775.61,23.4,0.961,0.865,0.922,Medium,MOIL official/public historical production trends
2023-10-01,2023,10,Munsar,21.4,79.2,10323.34,7258.98,3064.36,29.68,0.816,0.932,0.924,High,MOIL official/public historical production trends
2023-10-01,2023,10,Sitapatore,21.5,79.3,12169.64,9469.3,2700.34,22.19,0.946,0.941,0.874,Medium,MOIL official/public historical production trends
2023-10-01,2023,10,Tirodi,21.7,80.0,18572.95,13665.05,4907.9,26.42,0.827,0.938,0.949,High,MOIL official/public historical production trends
2023-10-01,2023,10,Ukwa,21.8,80.1,20810.06,11549.26,9260.79,44.5,0.814,0.764,0.892,High,MOIL official/public historical production trends
2023-11-01,2023,11,Balaghat,21.84995,80.22672,26723.24,19671.38,7051.86,26.39,0.849,0.977,0.887,High,MOIL official/public historical production trends
2023-11-01,2023,11,Beldongri,21.45,79.85,11703.69,9286.16,2417.53,20.66,0.952,0.862,0.967,Medium,MOIL official/public historical production trends
2023-11-01,2023,11,Chikla,21.65,79.7,14729.49,8616.35,6113.13,41.5,0.898,0.758,0.859,High,MOIL official/public historical production trends
2023-11-01,2023,11,Dongri Buzurg,21.95,80.15,21366.18,14240.5,7125.67,33.35,0.828,0.883,0.912,High,MOIL official/public historical production trends
2023-11-01,2023,11,Gumgaon,21.3,79.1,13478.84,9475.44,4003.4,29.7,0.98,0.755,0.95,High,MOIL official/public historical production trends
2023-11-01,2023,11,Kandri,21.35,79.05,14322.08,11028.3,3293.78,23.0,0.912,0.984,0.858,Medium,MOIL official/public historical production trends
2023-11-01,2023,11,Munsar,21.4,79.2,11879.56,9414.13,2465.43,20.75,0.852,0.933,0.997,Medium,MOIL official/public historical production trends
2023-11-01,2023,11,Sitapatore,21.5,79.3,13354.54,9290.77,4063.77,30.43,0.931,0.8,0.935,High,MOIL official/public historical production trends
2023-11-01,2023,11,Tirodi,21.7,80.0,20457.64,16561.46,3896.18,19.05,0.994,0.902,0.902,Medium,MOIL official/public historical production trends
2023-11-01,2023,11,Ukwa,21.8,80.1,21384.31,12707.37,8676.95,40.58,0.83,0.806,0.888,High,MOIL official/public historical production trends
2023-12-01,2023,12,Balaghat,21.84995,80.22672,34300.77,23902.48,10398.29,30.32,0.912,0.881,0.867,High,MOIL official/public historical production trends
2023-12-01,2023,12,Beldongri,21.45,79.85,15020.4,10403.95,4616.45,30.73,0.945,0.767,0.956,High,MOIL official/public historical production trends
2023-12-01,2023,12,Chikla,21.65,79.7,18721.77,12192.31,6529.46,34.88,0.816,0.865,0.923,High,MOIL official/public historical production trends
2023-12-01,2023,12,Dongri Buzurg,21.95,80.15,24023.46,21735.83,2287.63,9.52,0.989,0.962,0.95,Low,MOIL official/public historical production trends
2023-12-01,2023,12,Gumgaon,21.3,79.1,16506.96,12387.62,4119.34,24.96,0.882,0.913,0.932,Medium,MOIL official/public historical production trends
2023-12-01,2023,12,Kandri,21.35,79.05,15844.15,12503.53,3340.61,21.08,0.903,0.952,0.919,Medium,MOIL official/public historical production trends
2023-12-01,2023,12,Munsar,21.4,79.2,13848.67,9430.0,4418.67,31.91,0.957,0.8,0.889,High,MOIL official/public historical production trends
2023-12-01,2023,12,Sitapatore,21.5,79.3,16013.87,12086.29,3927.58,24.53,0.866,0.939,0.928,Medium,MOIL official/public historical production trends
2023-12-01,2023,12,Tirodi,21.7,80.0,24120.66,22379.83,1740.83,7.22,0.976,0.97,0.981,Low,MOIL official/public historical production trends
2023-12-01,2023,12,Ukwa,21.8,80.1,26222.03,22461.18,3760.85,14.34,0.89,0.996,0.966,Medium,MOIL official/public historical production trends
2024-01-01,2024,1,Balaghat,21.84995,80.22672,21129.79,14674.47,6455.32,30.55,0.813,0.866,0.986,High,MOIL official/public historical production trends
2024-01-01,2024,1,Beldongri,21.45,79.85,9740.63,6452.55,3288.08,33.76,0.9,0.776,0.949,High,MOIL official/public historical production trends
2024-01-01,2024,1,Chikla,21.65,79.7,12877.22,10591.93,2285.3,17.75,0.876,0.944,0.995,Medium,MOIL official/public historical production trends
2024-01-01,2024,1,Dongri Buzurg,21.95,80.15,16141.1,11627.08,4514.01,27.97,0.905,0.822,0.969,High,MOIL official/public historical production trends
2024-01-01,2024,1,Gumgaon,21.3,79.1,11175.28,8944.1,2231.17,19.97,0.927,0.949,0.909,Medium,MOIL official/public historical production trends
2024-01-01,2024,1,Kandri,21.35,79.05,11549.53,7889.55,3659.98,31.69,0.907,0.789,0.954,High,MOIL official/public historical production trends
2024-01-01,2024,1,Munsar,21.4,79.2,9987.63,8197.9,1789.73,17.92,0.863,0.964,0.986,Medium,MOIL official/public historical production trends
2024-01-01,2024,1,Sitapatore,21.5,79.3,10841.84,7469.11,3372.72,31.11,0.997,0.785,0.88,High,MOIL official/public historical production trends
2024-01-01,2024,1,Tirodi,21.7,80.0,16108.59,12572.35,3536.24,21.95,0.979,0.914,0.873,Medium,MOIL official/public historical production trends
2024-01-01,2024,1,Ukwa,21.8,80.1,17912.46,12520.9,5391.56,30.1,0.923,0.771,0.982,High,MOIL official/public historical production trends
2024-02-01,2024,2,Balaghat,21.84995,80.22672,22851.81,18637.7,4214.11,18.44,0.901,0.992,0.913,Medium,MOIL official/public historical production trends
2024-02-01,2024,2,Beldongri,21.45,79.85,10172.81,7550.13,2622.68,25.78,0.934,0.909,0.875,High,MOIL official/public historical production trends
2024-02-01,2024,2,Chikla,21.65,79.7,12951.85,7723.92,5227.94,40.36,0.885,0.791,0.852,High,MOIL official/public historical production trends
2024-02-01,2024,2,Dongri Buzurg,21.95,80.15,16733.24,13856.64,2876.6,17.19,0.905,0.93,0.984,Medium,MOIL official/public historical production trends
2024-02-01,2024,2,Gumgaon,21.3,79.1,10622.83,7839.86,2782.97,26.2,0.946,0.797,0.979,High,MOIL official/public historical production trends
2024-02-01,2024,2,Kandri,21.35,79.05,11443.05,8647.93,2795.12,24.43,0.908,0.928,0.897,Medium,MOIL official/public historical production trends
2024-02-01,2024,2,Munsar,21.4,79.2,9675.1,7291.45,2383.66,24.64,0.964,0.865,0.904,Medium,MOIL official/public historical production trends
2024-02-01,2024,2,Sitapatore,21.5,79.3,11082.81,7817.51,3265.3,29.46,0.966,0.834,0.876,High,MOIL official/public historical production trends
2024-02-01,2024,2,Tirodi,21.7,80.0,16986.51,11259.91,5726.6,33.71,0.965,0.775,0.886,High,MOIL official/public historical production trends
2024-02-01,2024,2,Ukwa,21.8,80.1,17374.83,12541.77,4833.06,27.82,0.87,0.863,0.962,High,MOIL official/public historical production trends
2024-03-01,2024,3,Balaghat,21.84995,80.22672,25515.51,19293.12,6222.39,24.39,0.924,0.838,0.976,Medium,MOIL official/public historical production trends
2024-03-01,2024,3,Beldongri,21.45,79.85,10965.25,8620.48,2344.77,21.38,0.996,0.909,0.869,Medium,MOIL official/public historical production trends
2024-03-01,2024,3,Chikla,21.65,79.7,14387.86,9869.17,4518.7,31.41,0.865,0.922,0.86,High,MOIL official/public historical production trends
2024-03-01,2024,3,Dongri Buzurg,21.95,80.15,18238.79,13941.09,4297.7,23.56,0.971,0.807,0.976,Medium,MOIL official/public historical production trends
2024-03-01,2024,3,Gumgaon,21.3,79.1,12290.39,9769.45,2520.94,20.51,0.929,0.924,0.927,Medium,MOIL official/public historical production trends
2024-03-01,2024,3,Kandri,21.35,79.05,12323.11,7051.07,5272.04,42.78,0.843,0.758,0.896,High,MOIL official/public historical production trends
2024-03-01,2024,3,Munsar,21.4,79.2,11165.25,10297.91,867.34,7.77,0.988,0.968,0.965,Low,MOIL official/public historical production trends
2024-03-01,2024,3,Sitapatore,21.5,79.3,12930.31,9696.09,3234.22,25.01,0.933,0.815,0.986,High,MOIL official/public historical production trends
2024-03-01,2024,3,Tirodi,21.7,80.0,19173.55,12473.11,6700.44,34.95,0.912,0.778,0.917,High,MOIL official/public historical production trends
2024-03-01,2024,3,Ukwa,21.8,80.1,20341.71,15916.79,4424.92,21.75,0.973,0.887,0.907,Medium,MOIL official/public historical production trends
2024-04-01,2024,4,Balaghat,21.84995,80.22672,24784.99,14929.81,9855.19,39.76,0.822,0.856,0.856,High,MOIL official/public historical production trends
2024-04-01,2024,4,Beldongri,21.45,79.85,10598.25,8366.63,2231.62,21.06,0.984,0.82,0.979,Medium,MOIL official/public historical production trends
2024-04-01,2024,4,Chikla,21.65,79.7,13030.58,11659.35,1371.23,10.52,0.982,0.938,0.971,Medium,MOIL official/public historical production trends
2024-04-01,2024,4,Dongri Buzurg,21.95,80.15,16887.58,13987.98,2899.6,17.17,0.993,0.932,0.896,Medium,MOIL official/public historical production trends
2024-04-01,2024,4,Gumgaon,21.3,79.1,12218.14,8781.23,3436.9,28.13,0.856,0.968,0.867,High,MOIL official/public historical production trends
2024-04-01,2024,4,Kandri,21.35,79.05,12069.44,7520.19,4549.25,37.69,0.908,0.774,0.886,High,MOIL official/public historical production trends
2024-04-01,2024,4,Munsar,21.4,79.2,9845.29,6824.66,3020.63,30.68,0.894,0.825,0.94,High,MOIL official/public historical production trends
2024-04-01,2024,4,Sitapatore,21.5,79.3,11588.68,7994.65,3594.03,31.01,0.86,0.936,0.857,High,MOIL official/public historical production trends
2024-04-01,2024,4,Tirodi,21.7,80.0,18457.62,15422.47,3035.14,16.44,0.97,0.917,0.939,Medium,MOIL official/public historical production trends
2024-04-01,2024,4,Ukwa,21.8,80.1,19975.39,11402.45,8572.94,42.92,0.837,0.77,0.886,High,MOIL official/public historical production trends
2024-05-01,2024,5,Balaghat,21.84995,80.22672,25876.03,18689.68,7186.35,27.77,0.807,0.896,0.999,High,MOIL official/public historical production trends
2024-05-01,2024,5,Beldongri,21.45,79.85,11387.97,7687.86,3700.12,32.49,0.904,0.766,0.975,High,MOIL official/public historical production trends
2024-05-01,2024,5,Chikla,21.65,79.7,14278.71,8965.91,5312.8,37.21,0.823,0.773,0.986,High,MOIL official/public historical production trends
2024-05-01,2024,5,Dongri Buzurg,21.95,80.15,19170.66,16802.53,2368.13,12.35,0.966,0.97,0.936,Medium,MOIL official/public historical production trends
2024-05-01,2024,5,Gumgaon,21.3,79.1,12589.72,8466.06,4123.66,32.75,0.886,0.829,0.915,High,MOIL official/public historical production trends
2024-05-01,2024,5,Kandri,21.35,79.05,12912.0,10599.12,2312.88,17.91,0.92,0.973,0.917,Medium,MOIL official/public historical production trends
2024-05-01,2024,5,Munsar,21.4,79.2,11114.59,8831.81,2282.78,20.54,0.926,0.898,0.955,Medium,MOIL official/public historical production trends
2024-05-01,2024,5,Sitapatore,21.5,79.3,12237.81,7779.69,4458.12,36.43,0.902,0.776,0.908,High,MOIL official/public historical production trends
2024-05-01,2024,5,Tirodi,21.7,80.0,18828.44,16265.73,2562.71,13.61,0.93,0.988,0.94,Medium,MOIL official/public historical production trends
2024-05-01,2024,5,Ukwa,21.8,80.1,20920.15,14742.48,6177.67,29.53,0.901,0.909,0.861,High,MOIL official/public historical production trends
2024-06-01,2024,6,Balaghat,21.84995,80.22672,21633.74,11268.87,10364.87,47.91,0.872,0.868,0.688,High,MOIL official/public historical production trends
2024-06-01,2024,6,Beldongri,21.45,79.85,9486.52,5522.16,3964.36,41.79,0.994,0.833,0.703,High,MOIL official/public historical production trends
2024-06-01,2024,6,Chikla,21.65,79.7,12613.59,5640.6,6972.99,55.28,0.856,0.802,0.651,High,MOIL official/public historical production trends
2024-06-01,2024,6,Dongri Buzurg,21.95,80.15,15814.9,7512.16,8302.74,52.5,0.844,0.759,0.741,High,MOIL official/public historical production trends
2024-06-01,2024,6,Gumgaon,21.3,79.1,11424.78,8271.17,3153.61,27.6,0.914,0.878,0.902,High,MOIL official/public historical production trends
2024-06-01,2024,6,Kandri,21.35,79.05,10975.03,6029.18,4945.85,45.06,0.817,0.904,0.743,High,MOIL official/public historical production trends
2024-06-01,2024,6,Munsar,21.4,79.2,9710.27,7590.05,2120.22,21.83,0.975,0.873,0.918,Medium,MOIL official/public historical production trends
2024-06-01,2024,6,Sitapatore,21.5,79.3,10680.58,5896.99,4783.6,44.79,0.855,0.849,0.761,High,MOIL official/public historical production trends
2024-06-01,2024,6,Tirodi,21.7,80.0,17311.86,12843.66,4468.2,25.81,0.943,0.902,0.872,High,MOIL official/public historical production trends
2024-06-01,2024,6,Ukwa,21.8,80.1,18840.02,9048.9,9791.12,51.97,0.964,0.75,0.664,High,MOIL official/public historical production trends
2024-07-01,2024,7,Balaghat,21.84995,80.22672,18755.42,9341.64,9413.79,50.19,0.812,0.901,0.681,High,MOIL official/public historical production trends
2024-07-01,2024,7,Beldongri,21.45,79.85,8311.65,4761.28,3550.37,42.72,0.891,0.842,0.763,High,MOIL official/public historical production trends
2024-07-01,2024,7,Chikla,21.65,79.7,11083.57,6283.82,4799.75,43.31,0.814,0.77,0.904,High,MOIL official/public historical production trends
2024-07-01,2024,7,Dongri Buzurg,21.95,80.15,14659.01,7525.26,7133.75,48.66,0.936,0.84,0.653,High,MOIL official/public historical production trends
2024-07-01,2024,7,Gumgaon,21.3,79.1,9741.46,7309.42,2432.05,24.97,0.983,0.903,0.845,Medium,MOIL official/public historical production trends
2024-07-01,2024,7,Kandri,21.35,79.05,9246.0,4784.08,4461.92,48.26,0.98,0.767,0.688,High,MOIL official/public historical production trends
2024-07-01,2024,7,Munsar,21.4,79.2,7998.71,4695.95,3302.76,41.29,0.884,0.824,0.806,High,MOIL official/public historical production trends
2024-07-01,2024,7,Sitapatore,21.5,79.3,9172.17,5698.5,3473.67,37.87,0.825,0.89,0.847,High,MOIL official/public historical production trends
2024-07-01,2024,7,Tirodi,21.7,80.0,14635.54,10889.64,3745.9,25.59,0.969,0.923,0.832,High,MOIL official/public historical production trends
2024-07-01,2024,7,Ukwa,21.8,80.1,15266.54,10780.47,4486.07,29.38,0.861,0.947,0.866,High,MOIL official/public historical production trends
2024-08-01,2024,8,Balaghat,21.84995,80.22672,19841.07,13893.13,5947.95,29.98,0.972,0.979,0.736,High,MOIL official/public historical production trends
2024-08-01,2024,8,Beldongri,21.45,79.85,8478.46,5577.7,2900.76,34.21,0.874,0.9,0.836,High,MOIL official/public historical production trends
2024-08-01,2024,8,Chikla,21.65,79.7,10676.37,6793.8,3882.57,36.37,0.833,0.858,0.89,High,MOIL official/public historical production trends
2024-08-01,2024,8,Dongri Buzurg,21.95,80.15,14193.82,7332.06,6861.76,48.34,0.831,0.756,0.822,High,MOIL official/public historical production trends
2024-08-01,2024,8,Gumgaon,21.3,79.1,9457.48,5467.41,3990.06,42.19,0.814,0.852,0.833,High,MOIL official/public historical production trends
2024-08-01,2024,8,Kandri,21.35,79.05,9712.33,5269.29,4443.03,45.75,0.873,0.804,0.773,High,MOIL official/public historical production trends
2024-08-01,2024,8,Munsar,21.4,79.2,8567.66,4862.4,3705.26,43.25,0.828,0.871,0.786,High,MOIL official/public historical production trends
2024-08-01,2024,8,Sitapatore,21.5,79.3,10056.62,5056.5,5000.12,49.72,0.877,0.76,0.755,High,MOIL official/public historical production trends
2024-08-01,2024,8,Tirodi,21.7,80.0,13925.89,7661.61,6264.28,44.98,0.805,0.939,0.728,High,MOIL official/public historical production trends
2024-08-01,2024,8,Ukwa,21.8,80.1,16242.16,11767.31,4474.85,27.55,0.823,0.989,0.89,High,MOIL official/public historical production trends
2024-09-01,2024,9,Balaghat,21.84995,80.22672,22406.77,19594.17,2812.6,12.55,0.965,0.996,0.91,Medium,MOIL official/public historical production trends
2024-09-01,2024,9,Beldongri,21.45,79.85,9595.84,4861.13,4734.71,49.34,0.877,0.835,0.692,High,MOIL official/public historical production trends
2024-09-01,2024,9,Chikla,21.65,79.7,12542.39,8238.68,4303.72,34.31,0.908,0.94,0.769,High,MOIL official/public historical production trends
2024-09-01,2024,9,Dongri Buzurg,21.95,80.15,16305.05,8236.21,8068.84,49.49,0.852,0.799,0.742,High,MOIL official/public historical production trends
2024-09-01,2024,9,Gumgaon,21.3,79.1,10834.45,7721.77,3112.68,28.73,0.993,0.889,0.807,High,MOIL official/public historical production trends
2024-09-01,2024,9,Kandri,21.35,79.05,10689.13,6532.67,4156.46,38.88,0.889,0.907,0.758,High,MOIL official/public historical production trends
2024-09-01,2024,9,Munsar,21.4,79.2,10182.26,7360.52,2821.74,27.71,0.976,0.906,0.818,High,MOIL official/public historical production trends
2024-09-01,2024,9,Sitapatore,21.5,79.3,10758.01,5724.27,5033.74,46.79,0.879,0.76,0.797,High,MOIL official/public historical production trends
2024-09-01,2024,9,Tirodi,21.7,80.0,16180.99,12466.77,3714.22,22.95,0.993,0.977,0.794,Medium,MOIL official/public historical production trends
2024-09-01,2024,9,Ukwa,21.8,80.1,18686.68,12645.96,6040.72,32.33,0.826,0.948,0.864,High,MOIL official/public historical production trends
2024-10-01,2024,10,Balaghat,21.84995,80.22672,24571.97,20615.21,3956.75,16.1,0.975,0.986,0.872,Medium,MOIL official/public historical production trends
2024-10-01,2024,10,Beldongri,21.45,79.85,10955.78,9310.04,1645.74,15.02,0.996,0.871,0.98,Medium,MOIL official/public historical production trends
2024-10-01,2024,10,Chikla,21.65,79.7,14264.22,9027.95,5236.27,36.71,0.875,0.821,0.88,High,MOIL official/public historical production trends
2024-10-01,2024,10,Dongri Buzurg,21.95,80.15,19345.23,13763.59,5581.63,28.85,0.877,0.878,0.924,High,MOIL official/public historical production trends
2024-10-01,2024,10,Gumgaon,21.3,79.1,12664.92,11175.18,1489.74,11.76,0.973,0.995,0.911,Medium,MOIL official/public historical production trends
2024-10-01,2024,10,Kandri,21.35,79.05,12979.41,10976.64,2002.77,15.43,0.953,0.893,0.993,Medium,MOIL official/public historical production trends
2024-10-01,2024,10,Munsar,21.4,79.2,10667.44,7736.36,2931.08,27.48,0.822,0.963,0.916,High,MOIL official/public historical production trends
2024-10-01,2024,10,Sitapatore,21.5,79.3,13003.86,9572.75,3431.11,26.39,0.979,0.766,0.983,High,MOIL official/public historical production trends
2024-10-01,2024,10,Tirodi,21.7,80.0,18754.26,15169.27,3585.0,19.12,0.902,0.907,0.989,Medium,MOIL official/public historical production trends
2024-10-01,2024,10,Ukwa,21.8,80.1,19440.57,15380.08,4060.49,20.89,0.895,0.922,0.958,Medium,MOIL official/public historical production trends
2024-11-01,2024,11,Balaghat,21.84995,80.22672,28633.59,17651.12,10982.47,38.36,0.827,0.825,0.904,High,MOIL official/public historical production trends
2024-11-01,2024,11,Beldongri,21.45,79.85,12664.73,8643.78,4020.96,31.75,0.856,0.803,0.994,High,MOIL official/public historical production trends
2024-11-01,2024,11,Chikla,21.65,79.7,15026.05,13450.78,1575.27,10.48,1.0,0.919,0.974,Medium,MOIL official/public historical production trends
2024-11-01,2024,11,Dongri Buzurg,21.95,80.15,20636.81,15097.57,5539.24,26.84,0.803,0.934,0.975,High,MOIL official/public historical production trends
2024-11-01,2024,11,Gumgaon,21.3,79.1,14384.14,10795.95,3588.19,24.95,0.829,0.938,0.965,Medium,MOIL official/public historical production trends
2024-11-01,2024,11,Kandri,21.35,79.05,14269.05,12319.69,1949.36,13.66,0.953,0.961,0.942,Medium,MOIL official/public historical production trends
2024-11-01,2024,11,Munsar,21.4,79.2,11784.94,7415.05,4369.88,37.08,0.898,0.769,0.911,High,MOIL official/public historical production trends
2024-11-01,2024,11,Sitapatore,21.5,79.3,13915.88,8210.78,5705.1,41.0,0.813,0.837,0.867,High,MOIL official/public historical production trends
2024-11-01,2024,11,Tirodi,21.7,80.0,21718.98,16396.22,5322.76,24.51,0.99,0.768,0.993,Medium,MOIL official/public historical production trends
2024-11-01,2024,11,Ukwa,21.8,80.1,22876.87,13998.61,8878.26,38.81,0.86,0.769,0.925,High,MOIL official/public historical production trends
2024-12-01,2024,12,Balaghat,21.84995,80.22672,35008.53,21637.08,13371.45,38.19,0.941,0.763,0.861,High,MOIL official/public historical production trends
2024-12-01,2024,12,Beldongri,21.45,79.85,14733.55,9124.96,5608.58,38.07,0.859,0.808,0.892,High,MOIL official/public historical production trends
2024-12-01,2024,12,Chikla,21.65,79.7,19709.45,16307.74,3401.71,17.26,0.986,0.851,0.986,Medium,MOIL official/public historical production trends
2024-12-01,2024,12,Dongri Buzurg,21.95,80.15,25049.95,17112.03,7937.92,31.69,0.895,0.807,0.946,High,MOIL official/public historical production trends
2024-12-01,2024,12,Gumgaon,21.3,79.1,17817.92,13043.69,4774.24,26.79,0.921,0.839,0.947,High,MOIL official/public historical production trends
2024-12-01,2024,12,Kandri,21.35,79.05,16362.32,12853.31,3509.01,21.45,0.978,0.876,0.917,Medium,MOIL official/public historical production trends
2024-12-01,2024,12,Munsar,21.4,79.2,15005.8,10151.41,4854.4,32.35,0.925,0.768,0.952,High,MOIL official/public historical production trends
2024-12-01,2024,12,Sitapatore,21.5,79.3,16564.68,14485.29,2079.39,12.55,0.943,0.956,0.971,Medium,MOIL official/public historical production trends
2024-12-01,2024,12,Tirodi,21.7,80.0,25639.14,17598.2,8040.94,31.36,0.904,0.786,0.966,High,MOIL official/public historical production trends
2024-12-01,2024,12,Ukwa,21.8,80.1,26999.06,17346.34,9652.72,35.75,0.899,0.821,0.87,High,MOIL official/public historical production trends
2025-01-01,2025,1,Balaghat,21.84995,80.22672,23687.58,16157.93,7529.66,31.79,0.811,0.937,0.898,High,MOIL official/public historical production trends
2025-01-01,2025,1,Beldongri,21.45,79.85,9719.37,5954.29,3765.08,38.74,0.902,0.762,0.891,High,MOIL official/public historical production trends
2025-01-01,2025,1,Chikla,21.65,79.7,13426.1,8906.39,4519.71,33.66,0.813,0.96,0.851,High,MOIL official/public historical production trends
2025-01-01,2025,1,Dongri Buzurg,21.95,80.15,17094.43,11627.71,5466.72,31.98,0.948,0.829,0.865,High,MOIL official/public historical production trends
2025-01-01,2025,1,Gumgaon,21.3,79.1,11528.89,8485.09,3043.79,26.4,0.854,0.961,0.897,High,MOIL official/public historical production trends
2025-01-01,2025,1,Kandri,21.35,79.05,12030.14,9967.5,2062.64,17.15,0.978,0.858,0.986,Medium,MOIL official/public historical production trends
2025-01-01,2025,1,Munsar,21.4,79.2,10105.26,7384.68,2720.58,26.92,0.993,0.772,0.953,High,MOIL official/public historical production trends
2025-01-01,2025,1,Sitapatore,21.5,79.3,11685.07,8898.79,2786.29,23.84,0.878,0.908,0.956,Medium,MOIL official/public historical production trends
2025-01-01,2025,1,Tirodi,21.7,80.0,16669.19,12250.05,4419.14,26.51,0.833,0.928,0.95,High,MOIL official/public historical production trends
2025-01-01,2025,1,Ukwa,21.8,80.1,19885.49,17867.62,2017.87,10.15,0.952,0.988,0.955,Medium,MOIL official/public historical production trends
2025-02-01,2025,2,Balaghat,21.84995,80.22672,22912.37,16837.2,6075.17,26.51,0.821,0.945,0.947,High,MOIL official/public historical production trends
2025-02-01,2025,2,Beldongri,21.45,79.85,9768.53,7794.8,1973.73,20.21,0.872,0.989,0.925,Medium,MOIL official/public historical production trends
2025-02-01,2025,2,Chikla,21.65,79.7,13065.36,8459.63,4605.73,35.25,0.892,0.802,0.905,High,MOIL official/public historical production trends
2025-02-01,2025,2,Dongri Buzurg,21.95,80.15,17310.13,12057.58,5252.55,30.34,0.81,0.942,0.912,High,MOIL official/public historical production trends
2025-02-01,2025,2,Gumgaon,21.3,79.1,12069.01,8918.13,3150.88,26.11,0.97,0.803,0.949,High,MOIL official/public historical production trends
2025-02-01,2025,2,Kandri,21.35,79.05,11659.9,8706.97,2952.93,25.33,0.976,0.804,0.952,High,MOIL official/public historical production trends
2025-02-01,2025,2,Munsar,21.4,79.2,10341.01,6602.03,3738.97,36.16,0.859,0.784,0.948,High,MOIL official/public historical production trends
2025-02-01,2025,2,Sitapatore,21.5,79.3,11971.28,8561.01,3410.27,28.49,0.863,0.911,0.909,High,MOIL official/public historical production trends
2025-02-01,2025,2,Tirodi,21.7,80.0,17912.39,13066.85,4845.54,27.05,0.84,0.973,0.893,High,MOIL official/public historical production trends
2025-02-01,2025,2,Ukwa,21.8,80.1,18748.79,10977.26,7771.53,41.45,0.812,0.778,0.927,High,MOIL official/public historical production trends
2025-03-01,2025,3,Balaghat,21.84995,80.22672,25886.63,17110.8,8775.82,33.9,0.967,0.754,0.907,High,MOIL official/public historical production trends
2025-03-01,2025,3,Beldongri,21.45,79.85,11406.28,6532.0,4874.27,42.73,0.804,0.781,0.912,High,MOIL official/public historical production trends
2025-03-01,2025,3,Chikla,21.65,79.7,14897.06,10879.94,4017.11,26.97,0.881,0.883,0.939,High,MOIL official/public historical production trends
2025-03-01,2025,3,Dongri Buzurg,21.95,80.15,18902.8,15516.31,3386.49,17.92,0.893,0.991,0.928,Medium,MOIL official/public historical production trends
2025-03-01,2025,3,Gumgaon,21.3,79.1,13486.55,10599.52,2887.03,21.41,0.862,0.943,0.966,Medium,MOIL official/public historical production trends
2025-03-01,2025,3,Kandri,21.35,79.05,13279.5,8803.91,4475.59,33.7,0.995,0.781,0.853,High,MOIL official/public historical production trends
2025-03-01,2025,3,Munsar,21.4,79.2,11908.12,7946.86,3961.26,33.27,0.961,0.78,0.89,High,MOIL official/public historical production trends
2025-03-01,2025,3,Sitapatore,21.5,79.3,12611.98,9476.61,3135.36,24.86,0.859,0.943,0.928,Medium,MOIL official/public historical production trends
2025-03-01,2025,3,Tirodi,21.7,80.0,19574.98,11493.48,8081.51,41.28,0.874,0.75,0.895,High,MOIL official/public historical production trends
2025-03-01,2025,3,Ukwa,21.8,80.1,21848.71,17843.13,4005.58,18.33,0.995,0.962,0.854,Medium,MOIL official/public historical production trends
2025-04-01,2025,4,Balaghat,21.84995,80.22672,25937.74,21544.13,4393.61,16.94,0.957,0.945,0.919,Medium,MOIL official/public historical production trends
2025-04-01,2025,4,Beldongri,21.45,79.85,10801.52,6299.62,4501.9,41.68,0.861,0.766,0.884,High,MOIL official/public historical production trends
2025-04-01,2025,4,Chikla,21.65,79.7,13675.23,10582.94,3092.29,22.61,0.897,0.937,0.921,Medium,MOIL official/public historical production trends
2025-04-01,2025,4,Dongri Buzurg,21.95,80.15,17880.52,16912.61,967.91,5.41,0.992,0.986,0.968,Low,MOIL official/public historical production trends
2025-04-01,2025,4,Gumgaon,21.3,79.1,13084.57,10148.17,2936.4,22.44,0.909,0.991,0.861,Medium,MOIL official/public historical production trends
2025-04-01,2025,4,Kandri,21.35,79.05,12304.27,7236.93,5067.35,41.18,0.845,0.799,0.871,High,MOIL official/public historical production trends
2025-04-01,2025,4,Munsar,21.4,79.2,11046.41,8240.51,2805.9,25.4,0.956,0.895,0.872,High,MOIL official/public historical production trends
2025-04-01,2025,4,Sitapatore,21.5,79.3,12859.82,9606.03,3253.79,25.3,0.927,0.847,0.951,High,MOIL official/public historical production trends
2025-04-01,2025,4,Tirodi,21.7,80.0,18258.53,13886.21,4372.32,23.95,0.869,0.979,0.894,Medium,MOIL official/public historical production trends
2025-04-01,2025,4,Ukwa,21.8,80.1,20205.84,15741.12,4464.72,22.1,0.978,0.927,0.859,Medium,MOIL official/public historical production trends
2025-05-01,2025,5,Balaghat,21.84995,80.22672,25567.83,17062.09,8505.74,33.27,0.802,0.908,0.917,High,MOIL official/public historical production trends
2025-05-01,2025,5,Beldongri,21.45,79.85,11170.82,8662.86,2507.95,22.45,0.992,0.882,0.886,Medium,MOIL official/public historical production trends
2025-05-01,2025,5,Chikla,21.65,79.7,14908.59,9563.46,5345.13,35.85,0.936,0.769,0.891,High,MOIL official/public historical production trends
2025-05-01,2025,5,Dongri Buzurg,21.95,80.15,20487.08,14823.33,5663.74,27.65,0.892,0.887,0.915,High,MOIL official/public historical production trends
2025-05-01,2025,5,Gumgaon,21.3,79.1,12646.89,7999.57,4647.32,36.75,0.833,0.861,0.881,High,MOIL official/public historical production trends
2025-05-01,2025,5,Kandri,21.35,79.05,12654.95,11822.99,831.96,6.57,0.969,0.995,0.969,Low,MOIL official/public historical production trends
2025-05-01,2025,5,Munsar,21.4,79.2,12005.08,8869.97,3135.11,26.11,0.848,0.99,0.88,High,MOIL official/public historical production trends
2025-05-01,2025,5,Sitapatore,21.5,79.3,13849.48,12801.73,1047.75,7.57,0.999,0.928,0.997,Low,MOIL official/public historical production trends
2025-05-01,2025,5,Tirodi,21.7,80.0,20015.15,13757.9,6257.25,31.26,0.852,0.859,0.939,High,MOIL official/public historical production trends
2025-05-01,2025,5,Ukwa,21.8,80.1,20614.04,16663.13,3950.91,19.17,0.924,0.995,0.879,Medium,MOIL official/public historical production trends
2025-06-01,2025,6,Balaghat,21.84995,80.22672,24068.84,18419.94,5648.9,23.47,0.982,0.986,0.791,Medium,MOIL official/public historical production trends
2025-06-01,2025,6,Beldongri,21.45,79.85,10719.09,6803.35,3915.74,36.53,0.951,0.79,0.844,High,MOIL official/public historical production trends
2025-06-01,2025,6,Chikla,21.65,79.7,12821.5,8754.53,4066.98,31.72,0.928,0.917,0.803,High,MOIL official/public historical production trends
2025-06-01,2025,6,Dongri Buzurg,21.95,80.15,18014.85,9110.6,8904.25,49.43,0.9,0.753,0.746,High,MOIL official/public historical production trends
2025-06-01,2025,6,Gumgaon,21.3,79.1,12190.63,6902.53,5288.09,43.38,0.846,0.909,0.737,High,MOIL official/public historical production trends
2025-06-01,2025,6,Kandri,21.35,79.05,12099.25,5825.67,6273.58,51.85,0.946,0.774,0.658,High,MOIL official/public historical production trends
2025-06-01,2025,6,Munsar,21.4,79.2,10211.22,5622.65,4588.57,44.94,0.932,0.78,0.757,High,MOIL official/public historical production trends
2025-06-01,2025,6,Sitapatore,21.5,79.3,12182.84,6949.44,5233.4,42.96,0.999,0.761,0.75,High,MOIL official/public historical production trends
2025-06-01,2025,6,Tirodi,21.7,80.0,17349.85,13022.68,4327.17,24.94,0.951,0.98,0.806,Medium,MOIL official/public historical production trends
2025-06-01,2025,6,Ukwa,21.8,80.1,18728.53,10884.73,7843.8,41.88,0.958,0.813,0.747,High,MOIL official/public historical production trends
2025-07-01,2025,7,Balaghat,21.84995,80.22672,20584.11,9436.64,11147.47,54.16,0.848,0.798,0.677,High,MOIL official/public historical production trends
2025-07-01,2025,7,Beldongri,21.45,79.85,8871.95,3967.67,4904.28,55.28,0.844,0.76,0.697,High,MOIL official/public historical production trends
2025-07-01,2025,7,Chikla,21.65,79.7,11818.12,7676.4,4141.71,35.05,0.856,0.988,0.768,High,MOIL official/public historical production trends
2025-07-01,2025,7,Dongri Buzurg,21.95,80.15,15321.74,9693.72,5628.02,36.73,0.903,0.94,0.745,High,MOIL official/public historical production trends
2025-07-01,2025,7,Gumgaon,21.3,79.1,10532.68,8727.49,1805.19,17.14,0.989,0.973,0.861,Medium,MOIL official/public historical production trends
2025-07-01,2025,7,Kandri,21.35,79.05,10109.35,5101.65,5007.71,49.54,0.9,0.801,0.7,High,MOIL official/public historical production trends
2025-07-01,2025,7,Munsar,21.4,79.2,8717.32,4537.76,4179.56,47.95,0.971,0.802,0.669,High,MOIL official/public historical production trends
2025-07-01,2025,7,Sitapatore,21.5,79.3,10579.99,7117.98,3462.01,32.72,0.901,0.852,0.876,High,MOIL official/public historical production trends
2025-07-01,2025,7,Tirodi,21.7,80.0,14944.93,9138.54,5806.39,38.85,0.939,0.943,0.691,High,MOIL official/public historical production trends
2025-07-01,2025,7,Ukwa,21.8,80.1,17085.62,8402.53,8683.09,50.82,0.908,0.821,0.66,High,MOIL official/public historical production trends
2025-08-01,2025,8,Balaghat,21.84995,80.22672,19512.48,11034.11,8478.37,43.45,0.953,0.75,0.791,High,MOIL official/public historical production trends
2025-08-01,2025,8,Beldongri,21.45,79.85,8471.78,4975.08,3496.69,41.27,0.995,0.807,0.732,High,MOIL official/public historical production trends
2025-08-01,2025,8,Chikla,21.65,79.7,11092.67,5881.11,5211.57,46.98,0.8,0.932,0.711,High,MOIL official/public historical production trends
2025-08-01,2025,8,Dongri Buzurg,21.95,80.15,15447.83,10314.78,5133.05,33.23,0.948,0.962,0.732,High,MOIL official/public historical production trends
2025-08-01,2025,8,Gumgaon,21.3,79.1,9956.3,6717.04,3239.26,32.53,0.943,0.954,0.75,High,MOIL official/public historical production trends
2025-08-01,2025,8,Kandri,21.35,79.05,10540.63,7633.28,2907.35,27.58,0.961,0.996,0.756,High,MOIL official/public historical production trends
2025-08-01,2025,8,Munsar,21.4,79.2,8947.03,5401.63,3545.4,39.63,0.932,0.77,0.842,High,MOIL official/public historical production trends
2025-08-01,2025,8,Sitapatore,21.5,79.3,9796.22,5550.78,4245.44,43.34,0.956,0.896,0.661,High,MOIL official/public historical production trends
2025-08-01,2025,8,Tirodi,21.7,80.0,14843.3,9624.92,5218.38,35.16,0.92,0.824,0.855,High,MOIL official/public historical production trends
2025-08-01,2025,8,Ukwa,21.8,80.1,15812.14,11293.58,4518.57,28.58,0.903,0.877,0.902,High,MOIL official/public historical production trends
2025-09-01,2025,9,Balaghat,21.84995,80.22672,24150.48,18932.82,5217.66,21.6,0.939,0.929,0.899,Medium,MOIL official/public historical production trends
2025-09-01,2025,9,Beldongri,21.45,79.85,10429.86,8265.47,2164.38,20.75,0.946,0.965,0.868,Medium,MOIL official/public historical production trends
2025-09-01,2025,9,Chikla,21.65,79.7,12752.97,8144.93,4608.04,36.13,0.869,0.834,0.881,High,MOIL official/public historical production trends
2025-09-01,2025,9,Dongri Buzurg,21.95,80.15,17891.28,11809.07,6082.22,34.0,0.945,0.891,0.784,High,MOIL official/public historical production trends
2025-09-01,2025,9,Gumgaon,21.3,79.1,11552.61,6862.88,4689.72,40.59,0.833,0.947,0.754,High,MOIL official/public historical production trends
2025-09-01,2025,9,Kandri,21.35,79.05,11137.15,7400.32,3736.83,33.55,0.968,0.753,0.912,High,MOIL official/public historical production trends
2025-09-01,2025,9,Munsar,21.4,79.2,10166.99,6361.17,3805.83,37.43,0.847,0.926,0.798,High,MOIL official/public historical production trends
2025-09-01,2025,9,Sitapatore,21.5,79.3,12238.38,7672.0,4566.38,37.31,0.81,0.876,0.883,High,MOIL official/public historical production trends
2025-09-01,2025,9,Tirodi,21.7,80.0,16975.93,9923.2,7052.72,41.55,0.96,0.888,0.686,High,MOIL official/public historical production trends
2025-09-01,2025,9,Ukwa,21.8,80.1,19694.06,11994.87,7699.19,39.09,0.831,0.827,0.885,High,MOIL official/public historical production trends
2025-10-01,2025,10,Balaghat,21.84995,80.22672,26960.27,19834.87,7125.4,26.43,0.959,0.813,0.944,High,MOIL official/public historical production trends
2025-10-01,2025,10,Beldongri,21.45,79.85,11678.06,9389.31,2288.75,19.6,0.967,0.977,0.852,Medium,MOIL official/public historical production trends
2025-10-01,2025,10,Chikla,21.65,79.7,15167.12,9739.47,5427.64,35.79,0.81,0.887,0.893,High,MOIL official/public historical production trends
2025-10-01,2025,10,Dongri Buzurg,21.95,80.15,19492.85,13828.91,5663.94,29.06,0.871,0.905,0.9,High,MOIL official/public historical production trends
2025-10-01,2025,10,Gumgaon,21.3,79.1,13559.64,8865.48,4694.15,34.62,0.881,0.767,0.968,High,MOIL official/public historical production trends
2025-10-01,2025,10,Kandri,21.35,79.05,12967.38,9531.61,3435.78,26.5,0.887,0.921,0.9,High,MOIL official/public historical production trends
2025-10-01,2025,10,Munsar,21.4,79.2,11080.74,9044.96,2035.78,18.37,0.875,0.986,0.946,Medium,MOIL official/public historical production trends
2025-10-01,2025,10,Sitapatore,21.5,79.3,13478.51,9115.32,4363.19,32.37,0.926,0.8,0.913,High,MOIL official/public historical production trends
2025-10-01,2025,10,Tirodi,21.7,80.0,20375.71,12209.49,8166.22,40.08,0.82,0.819,0.891,High,MOIL official/public historical production trends
2025-10-01,2025,10,Ukwa,21.8,80.1,21386.95,15157.31,6229.64,29.13,0.996,0.767,0.928,High,MOIL official/public historical production trends
2025-11-01,2025,11,Balaghat,21.84995,80.22672,28670.77,20199.73,8471.05,29.55,0.994,0.778,0.911,High,MOIL official/public historical production trends
2025-11-01,2025,11,Beldongri,21.45,79.85,13267.25,9634.7,3632.55,27.38,0.941,0.856,0.902,High,MOIL official/public historical production trends
2025-11-01,2025,11,Chikla,21.65,79.7,16490.94,10396.32,6094.62,36.96,0.853,0.801,0.922,High,MOIL official/public historical production trends
2025-11-01,2025,11,Dongri Buzurg,21.95,80.15,21701.17,16931.48,4769.69,21.98,0.857,0.914,0.995,Medium,MOIL official/public historical production trends
2025-11-01,2025,11,Gumgaon,21.3,79.1,14963.75,9313.23,5650.52,37.76,0.815,0.769,0.993,High,MOIL official/public historical production trends
2025-11-01,2025,11,Kandri,21.35,79.05,14510.04,10081.66,4428.37,30.52,0.818,0.9,0.944,High,MOIL official/public historical production trends
2025-11-01,2025,11,Munsar,21.4,79.2,13151.42,8416.36,4735.06,36.0,0.853,0.754,0.995,High,MOIL official/public historical production trends
2025-11-01,2025,11,Sitapatore,21.5,79.3,14441.32,11782.95,2658.37,18.41,0.935,0.927,0.942,Medium,MOIL official/public historical production trends
2025-11-01,2025,11,Tirodi,21.7,80.0,21799.75,16412.33,5387.43,24.71,0.854,0.899,0.98,Medium,MOIL official/public historical production trends
2025-11-01,2025,11,Ukwa,21.8,80.1,25141.81,16148.65,8993.16,35.77,0.821,0.789,0.992,High,MOIL official/public historical production trends
2025-12-01,2025,12,Balaghat,21.84995,80.22672,36704.54,26924.63,9779.91,26.64,0.977,0.801,0.938,High,MOIL official/public historical production trends
2025-12-01,2025,12,Beldongri,21.45,79.85,16002.71,10877.67,5125.04,32.03,0.936,0.852,0.852,High,MOIL official/public historical production trends
2025-12-01,2025,12,Chikla,21.65,79.7,20336.49,14826.23,5510.26,27.1,0.851,0.863,0.994,High,MOIL official/public historical production trends
2025-12-01,2025,12,Dongri Buzurg,21.95,80.15,26620.79,19531.3,7089.49,26.63,0.968,0.797,0.951,High,MOIL official/public historical production trends
2025-12-01,2025,12,Gumgaon,21.3,79.1,18783.39,10604.53,8178.87,43.54,0.82,0.752,0.915,High,MOIL official/public historical production trends
2025-12-01,2025,12,Kandri,21.35,79.05,17197.86,14626.55,2571.31,14.95,0.95,0.979,0.915,Medium,MOIL official/public historical production trends
2025-12-01,2025,12,Munsar,21.4,79.2,15308.67,10759.7,4548.97,29.71,0.887,0.931,0.851,High,MOIL official/public historical production trends
2025-12-01,2025,12,Sitapatore,21.5,79.3,18088.58,13452.2,4636.38,25.63,0.923,0.909,0.886,High,MOIL official/public historical production trends
2025-12-01,2025,12,Tirodi,21.7,80.0,27467.94,17646.63,9821.32,35.76,0.818,0.8,0.982,High,MOIL official/public historical production trends
2025-12-01,2025,12,Ukwa,21.8,80.1,29828.81,17154.18,12674.63,42.49,0.803,0.812,0.882,High,MOIL official/public historical production trends
