Mine,Latitude,Longitude,Date,Temperature_C,Wind_Speed_m_s,Relative_Humidity_percent,Precipitation_mm,Soil_Moisture_0_7cm,Soil_Moisture_7_28cm,Soil_Moisture_28_100cm,Soil_Moisture_0_100cm
Balaghat,21.84995,80.22672,2025-01-01,15.58,2.23,52.14,0.0,0.304,0.351,0.437,0.41
Balaghat,21.84995,80.22672,2025-01-02,15.64,2.34,47.84,0.0,0.296,0.353,0.435,0.408
Balaghat,21.84995,80.22672,2025-01-03,16.44,2.29,49.56,0.0,0.281,0.347,0.433,0.405
Balaghat,21.84995,80.22672,2025-01-04,16.54,1.81,54.88,0.0,0.266,0.336,0.431,0.399
Balaghat,21.84995,80.22672,2025-01-05,17.81,1.22,50.06,0.0,0.249,0.326,0.427,0.393
Balaghat,21.84995,80.22672,2025-01-06,18.61,1.11,51.73,0.0,0.242,0.319,0.425,0.39
Balaghat,21.84995,80.22672,2025-01-07,16.12,2.41,57.66,0.0,0.242,0.319,0.423,0.389
Balaghat,21.84995,80.22672,2025-01-08,13.55,1.59,54.87,0.0,0.23,0.309,0.421,0.384
Balaghat,21.84995,80.22672,2025-01-09,15.65,1.29,46.2,0.0,0.219,0.304,0.419,0.381
Balaghat,21.84995,80.22672,2025-01-10,16.48,1.49,46.93,0.0,0.228,0.305,0.417,0.381
Balaghat,21.84995,80.22672,2025-01-11,17.6,1.75,54.49,0.0,0.242,0.308,0.415,0.38
Balaghat,21.84995,80.22672,2025-01-12,18.88,2.0,62.76,0.05,0.256,0.314,0.41,0.379
Balaghat,21.84995,80.22672,2025-01-13,18.02,1.96,69.26,0.02,0.258,0.319,0.409,0.38
Balaghat,21.84995,80.22672,2025-01-14,17.64,1.16,60.47,0.0,0.259,0.325,0.408,0.38
Balaghat,21.84995,80.22672,2025-01-15,18.79,1.27,58.17,0.0,0.267,0.328,0.406,0.38
Balaghat,21.84995,80.22672,2025-01-16,19.18,1.33,60.78,0.0,0.28,0.33,0.405,0.381
Balaghat,21.84995,80.22672,2025-01-17,19.21,2.2,58.87,0.0,0.279,0.331,0.404,0.38
Balaghat,21.84995,80.22672,2025-01-18,18.7,1.65,59.86,0.0,0.277,0.333,0.403,0.379
Balaghat,21.84995,80.22672,2025-01-19,18.96,1.83,46.94,0.0,0.268,0.331,0.402,0.377
Balaghat,21.84995,80.22672,2025-01-20,19.18,2.04,48.01,0.0,0.261,0.329,0.4,0.375
Balaghat,21.84995,80.22672,2025-01-21,20.59,1.3,52.82,0.0,0.255,0.327,0.398,0.373
Balaghat,21.84995,80.22672,2025-01-22,21.91,1.25,39.26,0.0,0.25,0.325,0.397,0.372
Balaghat,21.84995,80.22672,2025-01-23,21.38,1.78,40.64,0.0,0.247,0.322,0.396,0.37
Balaghat,21.84995,80.22672,2025-01-24,21.46,1.81,50.16,0.0,0.241,0.318,0.394,0.367
Balaghat,21.84995,80.22672,2025-01-25,20.6,2.03,51.54,0.0,0.242,0.319,0.393,0.367
Balaghat,21.84995,80.22672,2025-01-26,20.3,1.95,34.94,0.0,0.24,0.318,0.391,0.365
Balaghat,21.84995,80.22672,2025-01-27,19.8,1.85,27.85,0.0,0.239,0.316,0.39,0.364
Balaghat,21.84995,80.22672,2025-01-28,20.77,1.46,25.47,0.0,0.239,0.314,0.388,0.362
Balaghat,21.84995,80.22672,2025-01-29,21.91,1.44,32.32,0.0,0.238,0.312,0.387,0.361
Balaghat,21.84995,80.22672,2025-01-30,22.9,2.1,37.23,0.0,0.238,0.311,0.386,0.36
Balaghat,21.84995,80.22672,2025-01-31,22.9,1.6,33.62,0.0,0.238,0.309,0.384,0.358
Balaghat,21.84995,80.22672,2025-02-01,23.89,1.79,39.1,0.0,0.238,0.308,0.382,0.357
Balaghat,21.84995,80.22672,2025-02-02,24.2,1.64,40.21,0.0,0.238,0.306,0.381,0.355
Balaghat,21.84995,80.22672,2025-02-03,25.46,1.31,35.01,0.0,0.238,0.305,0.38,0.354
Balaghat,21.84995,80.22672,2025-02-04,25.82,1.42,34.54,0.0,0.238,0.303,0.378,0.352
Balaghat,21.84995,80.22672,2025-02-05,25.59,1.85,35.78,0.0,0.237,0.302,0.376,0.351
Balaghat,21.84995,80.22672,2025-02-06,22.01,3.34,34.99,0.0,0.237,0.301,0.375,0.349
Balaghat,21.84995,80.22672,2025-02-07,21.04,2.74,27.72,0.0,0.237,0.299,0.374,0.348
Balaghat,21.84995,80.22672,2025-02-08,21.6,2.12,21.34,0.0,0.237,0.298,0.372,0.347
Balaghat,21.84995,80.22672,2025-02-09,23.15,1.42,20.79,0.0,0.237,0.297,0.37,0.346
Balaghat,21.84995,80.22672,2025-02-10,24.51,1.54,29.9,0.0,0.237,0.296,0.369,0.344
Balaghat,21.84995,80.22672,2025-02-11,25.32,1.46,35.14,0.0,0.237,0.295,0.367,0.343
Balaghat,21.84995,80.22672,2025-02-12,23.92,2.42,22.29,0.0,0.237,0.294,0.366,0.341
Balaghat,21.84995,80.22672,2025-02-13,21.97,3.01,24.01,0.0,0.237,0.293,0.364,0.34
Balaghat,21.84995,80.22672,2025-02-14,21.36,2.4,20.35,0.0,0.237,0.292,0.363,0.339
Balaghat,21.84995,80.22672,2025-02-15,23.71,1.54,22.4,0.0,0.237,0.291,0.362,0.338
Balaghat,21.84995,80.22672,2025-02-16,24.85,1.59,22.93,0.0,0.237,0.29,0.36,0.337
Balaghat,21.84995,80.22672,2025-02-17,25.07,1.3,27.24,0.0,0.237,0.289,0.358,0.335
Balaghat,21.84995,80.22672,2025-02-18,25.23,1.47,26.47,0.0,0.237,0.289,0.357,0.334
Balaghat,21.84995,80.22672,2025-02-19,25.33,1.44,29.99,0.0,0.237,0.288,0.355,0.333
Balaghat,21.84995,80.22672,2025-02-20,24.95,1.65,30.56,0.0,0.237,0.287,0.354,0.332
Balaghat,21.84995,80.22672,2025-02-21,24.88,1.54,26.06,0.0,0.237,0.287,0.353,0.331
Balaghat,21.84995,80.22672,2025-02-22,23.82,2.58,28.39,0.0,0.237,0.286,0.351,0.329
Balaghat,21.84995,80.22672,2025-02-23,23.28,2.01,23.66,0.0,0.237,0.285,0.35,0.328
Balaghat,21.84995,80.22672,2025-02-24,23.54,1.58,25.23,0.0,0.237,0.285,0.349,0.327
Balaghat,21.84995,80.22672,2025-02-25,23.63,2.04,26.37,0.0,0.237,0.284,0.347,0.326
Balaghat,21.84995,80.22672,2025-02-26,23.9,2.23,22.28,0.0,0.237,0.284,0.346,0.325
Balaghat,21.84995,80.22672,2025-02-27,25.56,1.22,21.98,0.0,0.237,0.284,0.344,0.324
Balaghat,21.84995,80.22672,2025-02-28,26.0,2.04,22.66,0.0,0.237,0.283,0.343,0.323
Balaghat,21.84995,80.22672,2025-03-01,26.55,1.98,26.55,0.0,0.237,0.283,0.342,0.322
Balaghat,21.84995,80.22672,2025-03-02,27.43,2.07,27.23,0.0,0.237,0.282,0.341,0.321
Balaghat,21.84995,80.22672,2025-03-03,26.29,2.31,26.75,0.0,0.25,0.282,0.339,0.321
Balaghat,21.84995,80.22672,2025-03-04,27.21,2.56,22.89,0.0,0.237,0.282,0.338,0.319
Balaghat,21.84995,80.22672,2025-03-05,22.03,4.03,15.18,0.0,0.236,0.282,0.337,0.318
Balaghat,21.84995,80.22672,2025-03-06,21.66,2.69,10.56,0.0,0.236,0.281,0.336,0.317
Balaghat,21.84995,80.22672,2025-03-07,23.74,1.97,11.4,0.0,0.236,0.281,0.335,0.316
Balaghat,21.84995,80.22672,2025-03-08,25.66,1.98,15.02,0.0,0.236,0.281,0.333,0.315
Balaghat,21.84995,80.22672,2025-03-09,26.33,1.5,16.73,0.0,0.236,0.281,0.332,0.314
Balaghat,21.84995,80.22672,2025-03-10,26.46,2.18,17.64,0.0,0.236,0.28,0.33,0.313
Balaghat,21.84995,80.22672,2025-03-11,27.3,1.89,17.27,0.0,0.236,0.28,0.329,0.313
Balaghat,21.84995,80.22672,2025-03-12,29.26,1.9,17.84,0.0,0.236,0.28,0.328,0.311
Balaghat,21.84995,80.22672,2025-03-13,30.1,2.24,17.41,0.0,0.236,0.28,0.327,0.31
Balaghat,21.84995,80.22672,2025-03-14,29.91,2.58,14.22,0.0,0.235,0.28,0.325,0.31
Balaghat,21.84995,80.22672,2025-03-15,30.45,1.5,16.5,0.0,0.235,0.28,0.324,0.309
Balaghat,21.84995,80.22672,2025-03-16,30.83,2.08,22.08,0.0,0.235,0.279,0.323,0.307
Balaghat,21.84995,80.22672,2025-03-17,29.94,2.13,23.68,0.0,0.235,0.279,0.322,0.307
Balaghat,21.84995,80.22672,2025-03-18,28.62,2.13,23.81,0.0,0.235,0.279,0.321,0.306
Balaghat,21.84995,80.22672,2025-03-19,29.47,2.43,24.15,0.0,0.234,0.279,0.32,0.305
Balaghat,21.84995,80.22672,2025-03-20,29.68,2.81,30.76,0.44,0.234,0.279,0.319,0.304
Balaghat,21.84995,80.22672,2025-03-21,29.22,1.69,23.59,0.35,0.234,0.279,0.318,0.304
Balaghat,21.84995,80.22672,2025-03-22,27.92,1.68,19.73,0.0,0.236,0.279,0.317,0.304
Balaghat,21.84995,80.22672,2025-03-23,27.86,1.9,18.37,0.01,0.262,0.279,0.315,0.304
Balaghat,21.84995,80.22672,2025-03-24,26.89,2.09,15.43,0.0,0.263,0.279,0.302,0.294
Balaghat,21.84995,80.22672,2025-03-25,27.68,1.87,16.07,0.0,0.27,0.279,0.292,0.288
Balaghat,21.84995,80.22672,2025-03-26,30.09,1.05,14.28,0.0,0.258,0.279,0.29,0.285
Balaghat,21.84995,80.22672,2025-03-27,31.26,1.45,14.48,0.0,0.24,0.279,0.28,0.277
Balaghat,21.84995,80.22672,2025-03-28,30.39,3.0,19.32,0.0,0.231,0.279,0.275,0.273
Balaghat,21.84995,80.22672,2025-03-29,29.6,2.92,14.61,0.0,0.229,0.279,0.275,0.273
Balaghat,21.84995,80.22672,2025-03-30,30.0,2.24,9.58,0.0,0.229,0.279,0.275,0.273
Balaghat,21.84995,80.22672,2025-03-31,30.72,1.62,11.33,0.0,0.228,0.279,0.276,0.273
Balaghat,21.84995,80.22672,2025-04-01,30.71,1.71,15.59,0.0,0.228,0.278,0.276,0.273
Balaghat,21.84995,80.22672,2025-04-02,29.64,1.24,20.62,0.74,0.228,0.278,0.276,0.273
Balaghat,21.84995,80.22672,2025-04-03,29.92,1.57,27.21,0.76,0.246,0.278,0.277,0.275
Balaghat,21.84995,80.22672,2025-04-04,30.09,1.39,30.49,0.47,0.263,0.278,0.277,0.276
Balaghat,21.84995,80.22672,2025-04-05,30.67,1.96,19.67,0.0,0.274,0.278,0.277,0.277
Balaghat,21.84995,80.22672,2025-04-06,31.02,1.96,15.48,0.0,0.27,0.278,0.278,0.277
Balaghat,21.84995,80.22672,2025-04-07,32.17,1.36,16.31,0.0,0.266,0.278,0.278,0.277
Balaghat,21.84995,80.22672,2025-04-08,32.08,1.57,19.64,0.0,0.257,0.278,0.278,0.277
Balaghat,21.84995,80.22672,2025-04-09,31.6,2.02,28.99,2.19,0.226,0.278,0.279,0.275
Balaghat,21.84995,80.22672,2025-04-10,32.49,1.98,26.89,1.06,0.228,0.278,0.279,0.275
Balaghat,21.84995,80.22672,2025-04-11,32.04,1.96,22.13,0.0,0.226,0.278,0.28,0.276
Balaghat,21.84995,80.22672,2025-04-12,31.84,2.78,20.08,0.0,0.227,0.278,0.279,0.275
Balaghat,21.84995,80.22672,2025-04-13,32.12,1.48,22.83,0.25,0.227,0.278,0.28,0.276
Balaghat,21.84995,80.22672,2025-04-14,32.3,1.53,24.2,1.35,0.227,0.278,0.28,0.276
Balaghat,21.84995,80.22672,2025-04-15,31.93,1.99,25.08,0.0,0.227,0.278,0.28,0.276
Balaghat,21.84995,80.22672,2025-04-16,31.61,1.88,31.82,0.0,0.227,0.278,0.283,0.278
Balaghat,21.84995,80.22672,2025-04-17,32.94,1.68,27.58,0.0,0.201,0.278,0.293,0.284
Balaghat,21.84995,80.22672,2025-04-18,34.5,2.19,22.04,0.0,0.207,0.277,0.294,0.284
Balaghat,21.84995,80.22672,2025-04-19,34.5,2.05,20.09,0.21,0.203,0.277,0.293,0.284
Balaghat,21.84995,80.22672,2025-04-20,34.24,2.51,17.3,0.0,0.203,0.277,0.293,0.283
Balaghat,21.84995,80.22672,2025-04-21,34.1,2.54,16.26,0.0,0.207,0.277,0.293,0.283
Balaghat,21.84995,80.22672,2025-04-22,34.03,2.38,10.81,0.0,0.207,0.277,0.292,0.283
Balaghat,21.84995,80.22672,2025-04-23,34.07,2.24,11.49,0.0,0.206,0.277,0.292,0.283
Balaghat,21.84995,80.22672,2025-04-24,34.05,2.82,10.05,0.0,0.206,0.277,0.291,0.282
Balaghat,21.84995,80.22672,2025-04-25,34.33,2.99,12.82,0.0,0.206,0.277,0.291,0.282
Balaghat,21.84995,80.22672,2025-04-26,34.5,2.35,18.48,0.0,0.206,0.277,0.291,0.282
Balaghat,21.84995,80.22672,2025-04-27,32.67,2.76,26.47,3.8,0.212,0.277,0.289,0.281
Balaghat,21.84995,80.22672,2025-04-28,31.92,2.47,28.41,1.42,0.234,0.277,0.275,0.272
Balaghat,21.84995,80.22672,2025-04-29,32.1,2.69,33.67,1.56,0.267,0.277,0.272,0.273
Balaghat,21.84995,80.22672,2025-04-30,32.03,2.05,35.26,1.01,0.307,0.277,0.273,0.276
Balaghat,21.84995,80.22672,2025-05-01,31.5,3.23,41.57,0.81,0.306,0.277,0.273,0.276
Balaghat,21.84995,80.22672,2025-05-02,32.05,2.15,38.39,0.01,0.269,0.277,0.273,0.274
Balaghat,21.84995,80.22672,2025-05-03,32.3,2.33,39.87,1.63,0.277,0.277,0.273,0.274
Balaghat,21.84995,80.22672,2025-05-04,30.4,2.3,50.42,9.44,0.295,0.277,0.274,0.276
Balaghat,21.84995,80.22672,2025-05-05,29.32,1.46,54.03,2.57,0.304,0.277,0.274,0.277
Balaghat,21.84995,80.22672,2025-05-06,30.27,1.87,44.23,0.09,0.294,0.277,0.274,0.276
Balaghat,21.84995,80.22672,2025-05-07,29.73,1.98,44.29,0.0,0.296,0.277,0.274,0.276
Balaghat,21.84995,80.22672,2025-05-08,29.46,1.95,42.73,0.25,0.269,0.277,0.275,0.275
Balaghat,21.84995,80.22672,2025-05-09,30.75,1.64,41.98,0.11,0.252,0.277,0.275,0.274
Balaghat,21.84995,80.22672,2025-05-10,32.05,1.54,41.36,2.1,0.246,0.277,0.275,0.273
Balaghat,21.84995,80.22672,2025-05-11,33.04,1.81,40.47,0.03,0.245,0.277,0.275,0.273
Balaghat,21.84995,80.22672,2025-05-12,34.07,2.19,35.38,0.0,0.252,0.277,0.275,0.274
Balaghat,21.84995,80.22672,2025-05-13,34.16,1.84,37.92,5.33,0.258,0.277,0.276,0.275
Balaghat,21.84995,80.22672,2025-05-14,33.64,1.23,39.37,0.72,0.261,0.277,0.276,0.275
Balaghat,21.84995,80.22672,2025-05-15,32.5,1.49,48.6,8.24,0.243,0.275,0.275,0.273
Balaghat,21.84995,80.22672,2025-05-16,32.73,0.94,49.67,0.14,0.24,0.274,0.275,0.272
Balaghat,21.84995,80.22672,2025-05-17,32.95,1.51,47.78,4.52,0.235,0.274,0.276,0.273
Balaghat,21.84995,80.22672,2025-05-18,32.56,1.39,51.43,3.83,0.244,0.274,0.276,0.273
Balaghat,21.84995,80.22672,2025-05-19,33.24,2.22,48.07,0.0,0.252,0.274,0.276,0.274
Balaghat,21.84995,80.22672,2025-05-20,34.43,1.23,43.65,0.53,0.251,0.273,0.276,0.274
Balaghat,21.84995,80.22672,2025-05-21,33.19,1.77,47.51,5.43,0.253,0.273,0.277,0.274
Balaghat,21.84995,80.22672,2025-05-22,31.63,2.08,53.76,0.0,0.269,0.273,0.277,0.276
Balaghat,21.84995,80.22672,2025-05-23,31.21,1.92,50.75,0.18,0.268,0.273,0.277,0.276
Balaghat,21.84995,80.22672,2025-05-24,28.23,1.78,66.57,4.89,0.281,0.273,0.277,0.276
Balaghat,21.84995,80.22672,2025-05-25,27.54,2.22,72.43,6.88,0.406,0.288,0.277,0.288
Balaghat,21.84995,80.22672,2025-05-26,30.29,1.51,62.84,1.8,0.428,0.324,0.278,0.298
Balaghat,21.84995,80.22672,2025-05-27,31.36,1.56,59.76,2.8,0.414,0.321,0.278,0.297
Balaghat,21.84995,80.22672,2025-05-28,31.35,1.97,63.37,8.82,0.426,0.327,0.278,0.299
Balaghat,21.84995,80.22672,2025-05-29,31.4,1.98,62.06,8.75,0.418,0.337,0.278,0.3
Balaghat,21.84995,80.22672,2025-05-30,31.87,2.71,59.33,1.23,0.41,0.337,0.278,0.3
Balaghat,21.84995,80.22672,2025-05-31,30.08,2.63,60.77,2.31,0.397,0.342,0.28,0.302
Balaghat,21.84995,80.22672,2025-06-01,31.56,4.08,47.16,0.0,0.393,0.364,0.284,0.309
Balaghat,21.84995,80.22672,2025-06-02,29.9,2.99,60.22,5.12,0.369,0.366,0.282,0.305
Balaghat,21.84995,80.22672,2025-06-03,30.32,3.51,53.26,0.18,0.342,0.359,0.275,0.297
Balaghat,21.84995,80.22672,2025-06-04,30.21,1.7,53.59,0.73,0.321,0.353,0.274,0.294
Balaghat,21.84995,80.22672,2025-06-05,30.78,1.3,48.56,9.43,0.307,0.353,0.274,0.293
Balaghat,21.84995,80.22672,2025-06-06,31.9,1.82,40.47,0.0,0.29,0.35,0.275,0.292
Balaghat,21.84995,80.22672,2025-06-07,32.52,2.5,43.21,0.0,0.27,0.343,0.275,0.289
Balaghat,21.84995,80.22672,2025-06-08,34.47,3.05,40.3,0.01,0.27,0.347,0.275,0.29
Balaghat,21.84995,80.22672,2025-06-09,34.83,2.63,37.51,0.0,0.265,0.348,0.275,0.289
Balaghat,21.84995,80.22672,2025-06-10,34.93,3.12,36.99,0.02,0.263,0.346,0.274,0.288
Balaghat,21.84995,80.22672,2025-06-11,31.55,3.02,54.25,3.52,0.258,0.344,0.274,0.288
Balaghat,21.84995,80.22672,2025-06-12,31.64,2.8,53.2,0.12,0.246,0.338,0.275,0.286
Balaghat,21.84995,80.22672,2025-06-13,32.77,3.03,51.17,0.09,0.231,0.323,0.275,0.282
Balaghat,21.84995,80.22672,2025-06-14,32.52,2.22,54.48,4.98,0.218,0.315,0.276,0.28
Balaghat,21.84995,80.22672,2025-06-15,31.3,2.35,61.61,7.59,0.236,0.327,0.276,0.284
Balaghat,21.84995,80.22672,2025-06-16,29.88,3.36,67.53,4.51,0.293,0.336,0.276,0.29
Balaghat,21.84995,80.22672,2025-06-17,28.91,2.75,68.41,4.69,0.394,0.336,0.277,0.298
Balaghat,21.84995,80.22672,2025-06-18,30.49,3.35,59.25,0.28,0.407,0.332,0.277,0.298
Balaghat,21.84995,80.22672,2025-06-19,27.25,4.16,78.56,10.14,0.454,0.346,0.277,0.304
Balaghat,21.84995,80.22672,2025-06-20,26.23,3.74,82.32,13.92,0.489,0.374,0.278,0.313
Balaghat,21.84995,80.22672,2025-06-21,28.35,3.2,71.4,6.72,0.463,0.429,0.279,0.323
Balaghat,21.84995,80.22672,2025-06-22,27.17,3.92,73.3,5.49,0.473,0.431,0.274,0.321
Balaghat,21.84995,80.22672,2025-06-23,26.04,4.45,80.1,16.93,0.482,0.446,0.272,0.324
Balaghat,21.84995,80.22672,2025-06-24,26.31,2.89,85.42,33.22,0.51,0.499,0.277,0.34
Balaghat,21.84995,80.22672,2025-06-25,26.29,1.6,85.08,20.53,0.496,0.488,0.291,0.347
Balaghat,21.84995,80.22672,2025-06-26,26.66,1.71,84.17,10.21,0.508,0.499,0.31,0.363
Balaghat,21.84995,80.22672,2025-06-27,27.11,3.07,80.84,17.87,0.503,0.495,0.325,0.373
Balaghat,21.84995,80.22672,2025-06-28,25.93,2.91,83.89,20.89,0.502,0.502,0.354,0.395
Balaghat,21.84995,80.22672,2025-06-29,25.44,3.56,83.4,13.59,0.503,0.49,0.362,0.399
Balaghat,21.84995,80.22672,2025-06-30,25.69,4.38,87.32,19.15,0.511,0.508,0.373,0.411
Balaghat,21.84995,80.22672,2025-07-01,25.76,2.9,88.65,44.26,0.507,0.514,0.401,0.432
Balaghat,21.84995,80.22672,2025-07-02,25.29,3.44,87.67,8.32,0.503,0.509,0.43,0.451
Balaghat,21.84995,80.22672,2025-07-03,26.01,2.62,88.23,14.38,0.506,0.508,0.437,0.457
Balaghat,21.84995,80.22672,2025-07-04,25.44,3.94,89.14,15.37,0.508,0.514,0.484,0.492
Balaghat,21.84995,80.22672,2025-07-05,25.2,4.17,92.01,24.24,0.505,0.508,0.496,0.499
Balaghat,21.84995,80.22672,2025-07-06,25.6,3.6,90.34,59.12,0.508,0.507,0.498,0.5
Balaghat,21.84995,80.22672,2025-07-07,25.31,4.07,93.26,80.83,0.507,0.506,0.499,0.501
Balaghat,21.84995,80.22672,2025-07-08,25.77,3.63,92.71,48.12,0.506,0.506,0.5,0.501
Balaghat,21.84995,80.22672,2025-07-09,26.66,2.67,88.52,4.05,0.505,0.506,0.5,0.501
Balaghat,21.84995,80.22672,2025-07-10,26.52,3.01,88.0,7.36,0.491,0.499,0.498,0.498
Balaghat,21.84995,80.22672,2025-07-11,25.35,3.31,91.01,9.68,0.5,0.501,0.497,0.498
Balaghat,21.84995,80.22672,2025-07-12,26.23,2.91,88.19,13.11,0.498,0.504,0.497,0.499
Balaghat,21.84995,80.22672,2025-07-13,26.0,3.09,88.99,8.01,0.494,0.5,0.496,0.497
Balaghat,21.84995,80.22672,2025-07-14,25.68,2.47,88.86,8.59,0.487,0.498,0.496,0.496
Balaghat,21.84995,80.22672,2025-07-15,26.1,1.38,87.63,10.73,0.492,0.498,0.495,0.495
Balaghat,21.84995,80.22672,2025-07-16,26.52,1.88,87.43,7.75,0.502,0.506,0.497,0.499
Balaghat,21.84995,80.22672,2025-07-17,24.48,1.36,86.86,11.46,0.501,0.506,0.498,0.5
Balaghat,21.84995,80.22672,2025-07-18,26.15,1.28,86.75,2.97,0.49,0.5,0.498,0.498
Balaghat,21.84995,80.22672,2025-07-19,27.02,0.94,80.98,3.89,0.467,0.487,0.496,0.492
Balaghat,21.84995,80.22672,2025-07-20,27.01,1.27,82.46,6.28,0.459,0.474,0.493,0.487
Balaghat,21.84995,80.22672,2025-07-21,27.24,0.84,85.32,11.55,0.492,0.486,0.49,0.49
Balaghat,21.84995,80.22672,2025-07-22,26.34,2.16,91.19,6.88,0.492,0.502,0.492,0.494
Balaghat,21.84995,80.22672,2025-07-23,26.23,2.52,92.21,26.25,0.505,0.508,0.496,0.499
Balaghat,21.84995,80.22672,2025-07-24,25.98,2.95,92.47,24.95,0.507,0.507,0.499,0.501
Balaghat,21.84995,80.22672,2025-07-25,25.88,3.2,94.36,47.03,0.506,0.506,0.5,0.502
Balaghat,21.84995,80.22672,2025-07-26,26.53,2.61,91.19,20.89,0.506,0.506,0.501,0.502
Balaghat,21.84995,80.22672,2025-07-27,25.51,4.83,90.28,4.17,0.5,0.503,0.501,0.501
Balaghat,21.84995,80.22672,2025-07-28,24.63,4.96,92.45,3.04,0.501,0.504,0.499,0.5
Balaghat,21.84995,80.22672,2025-07-29,24.78,5.25,93.45,8.22,0.506,0.506,0.499,0.501
Balaghat,21.84995,80.22672,2025-07-30,25.27,3.79,91.43,5.32,0.493,0.5,0.499,0.499
Balaghat,21.84995,80.22672,2025-07-31,25.55,2.63,87.93,2.0,0.484,0.491,0.497,0.495
Balaghat,21.84995,80.22672,2025-08-01,25.78,2.08,86.3,4.18,0.466,0.477,0.494,0.489
Balaghat,21.84995,80.22672,2025-08-02,26.23,2.11,86.55,0.65,0.479,0.492,0.494,0.493
Balaghat,21.84995,80.22672,2025-08-03,26.57,1.86,84.69,1.81,0.47,0.488,0.493,0.49
Balaghat,21.84995,80.22672,2025-08-04,26.86,1.31,84.18,1.61,0.445,0.472,0.49,0.483
Balaghat,21.84995,80.22672,2025-08-05,26.95,1.09,82.97,0.5,0.429,0.459,0.487,0.477
Balaghat,21.84995,80.22672,2025-08-06,26.75,1.34,82.61,0.26,0.39,0.444,0.484,0.469
Balaghat,21.84995,80.22672,2025-08-07,26.75,1.6,81.23,0.2,0.396,0.423,0.481,0.463
Balaghat,21.84995,80.22672,2025-08-08,25.63,1.41,87.48,13.35,0.447,0.404,0.478,0.46
Balaghat,21.84995,80.22672,2025-08-09,25.13,1.34,86.73,2.89,0.463,0.417,0.475,0.462
Balaghat,21.84995,80.22672,2025-08-10,26.25,1.0,84.37,1.23,0.446,0.418,0.472,0.459
Balaghat,21.84995,80.22672,2025-08-11,25.82,1.36,91.13,5.6,0.439,0.414,0.47,0.456
Balaghat,21.84995,80.22672,2025-08-12,25.69,2.39,91.02,2.95,0.42,0.404,0.467,0.45
Balaghat,21.84995,80.22672,2025-08-13,25.68,2.13,93.26,19.14,0.502,0.471,0.466,0.469
Balaghat,21.84995,80.22672,2025-08-14,26.23,1.36,87.34,7.98,0.487,0.496,0.467,0.475
Balaghat,21.84995,80.22672,2025-08-15,26.31,1.33,87.04,4.11,0.496,0.504,0.474,0.481
Balaghat,21.84995,80.22672,2025-08-16,26.3,2.02,88.39,13.42,0.496,0.501,0.478,0.484
Balaghat,21.84995,80.22672,2025-08-17,26.5,2.39,88.22,1.82,0.48,0.494,0.479,0.482
Balaghat,21.84995,80.22672,2025-08-18,25.99,1.63,90.12,13.45,0.49,0.499,0.482,0.486
Balaghat,21.84995,80.22672,2025-08-19,26.43,1.46,88.34,25.11,0.506,0.509,0.49,0.495
Balaghat,21.84995,80.22672,2025-08-20,25.4,1.82,92.37,13.12,0.507,0.509,0.496,0.499
Balaghat,21.84995,80.22672,2025-08-21,25.42,2.89,89.87,8.44,0.503,0.506,0.499,0.5
Balaghat,21.84995,80.22672,2025-08-22,25.53,3.13,90.47,23.09,0.503,0.505,0.5,0.501
Balaghat,21.84995,80.22672,2025-08-23,25.08,3.86,90.04,9.56,0.506,0.505,0.5,0.502
Balaghat,21.84995,80.22672,2025-08-24,24.76,4.53,90.02,7.05,0.504,0.504,0.501,0.502
Balaghat,21.84995,80.22672,2025-08-25,25.4,2.88,88.08,0.59,0.503,0.504,0.501,0.502
Balaghat,21.84995,80.22672,2025-08-26,26.14,1.19,85.79,14.54,0.496,0.501,0.5,0.5
Balaghat,21.84995,80.22672,2025-08-27,26.64,1.27,87.02,14.27,0.499,0.503,0.5,0.501
Balaghat,21.84995,80.22672,2025-08-28,26.98,0.91,85.98,21.93,0.495,0.503,0.5,0.5
Balaghat,21.84995,80.22672,2025-08-29,26.29,1.66,88.08,4.91,0.477,0.494,0.499,0.496
Balaghat,21.84995,80.22672,2025-08-30,26.26,1.2,88.02,4.14,0.48,0.486,0.497,0.493
Balaghat,21.84995,80.22672,2025-08-31,25.99,2.37,92.55,12.19,0.496,0.493,0.495,0.495
Balaghat,21.84995,80.22672,2025-09-01,25.89,1.85,89.58,10.12,0.506,0.506,0.497,0.499
Balaghat,21.84995,80.22672,2025-09-02,26.16,1.17,86.19,8.22,0.504,0.505,0.499,0.501
Balaghat,21.84995,80.22672,2025-09-03,25.71,0.9,87.61,36.31,0.504,0.505,0.499,0.501
Balaghat,21.84995,80.22672,2025-09-04,25.17,2.1,92.39,7.12,0.497,0.501,0.499,0.5
Balaghat,21.84995,80.22672,2025-09-05,24.98,3.1,89.94,1.29,0.486,0.499,0.499,0.498
Balaghat,21.84995,80.22672,2025-09-06,25.32,2.18,90.02,0.44,0.456,0.482,0.497,0.491
Balaghat,21.84995,80.22672,2025-09-07,25.59,1.24,89.0,2.98,0.44,0.469,0.494,0.485
Balaghat,21.84995,80.22672,2025-09-08,26.21,1.15,86.92,3.1,0.449,0.461,0.492,0.482
Balaghat,21.84995,80.22672,2025-09-09,25.59,1.57,90.07,6.47,0.449,0.46,0.489,0.48
Balaghat,21.84995,80.22672,2025-09-10,25.77,2.15,90.95,8.84,0.451,0.462,0.487,0.479
Balaghat,21.84995,80.22672,2025-09-11,25.61,2.12,90.39,13.55,0.475,0.476,0.486,0.483
Balaghat,21.84995,80.22672,2025-09-12,25.53,1.87,90.62,12.72,0.494,0.496,0.486,0.489
Balaghat,21.84995,80.22672,2025-09-13,26.46,1.55,85.78,1.57,0.502,0.508,0.493,0.497
Balaghat,21.84995,80.22672,2025-09-14,26.01,1.17,89.75,3.38,0.49,0.501,0.497,0.497
Balaghat,21.84995,80.22672,2025-09-15,25.75,1.44,91.92,10.84,0.492,0.502,0.498,0.498
Balaghat,21.84995,80.22672,2025-09-16,25.13,1.55,90.59,19.28,0.498,0.504,0.499,0.5
Balaghat,21.84995,80.22672,2025-09-17,25.75,1.26,89.09,10.2,0.487,0.499,0.499,0.498
Balaghat,21.84995,80.22672,2025-09-18,26.1,0.97,86.35,5.24,0.488,0.5,0.498,0.498
Balaghat,21.84995,80.22672,2025-09-19,26.36,0.95,87.59,0.75,0.466,0.49,0.497,0.494
Balaghat,21.84995,80.22672,2025-09-20,25.99,0.99,89.43,3.93,0.441,0.473,0.495,0.487
Balaghat,21.84995,80.22672,2025-09-21,26.33,1.71,86.89,0.29,0.423,0.46,0.492,0.481
Balaghat,21.84995,80.22672,2025-09-22,26.24,1.7,84.73,0.49,0.393,0.446,0.489,0.473
Balaghat,21.84995,80.22672,2025-09-23,25.51,1.84,84.51,0.01,0.378,0.431,0.485,0.466
Balaghat,21.84995,80.22672,2025-09-24,25.22,2.48,88.19,5.82,0.38,0.423,0.482,0.462
Balaghat,21.84995,80.22672,2025-09-25,24.47,2.42,92.72,16.13,0.48,0.464,0.48,0.477
Balaghat,21.84995,80.22672,2025-09-26,26.05,2.55,90.68,6.47,0.48,0.481,0.478,0.479
Balaghat,21.84995,80.22672,2025-09-27,25.34,2.9,93.01,24.39,0.499,0.494,0.479,0.484
Balaghat,21.84995,80.22672,2025-09-28,25.36,2.59,90.14,4.58,0.485,0.497,0.486,0.488
Balaghat,21.84995,80.22672,2025-09-29,25.41,1.6,89.62,2.85,0.468,0.484,0.485,0.484
Balaghat,21.84995,80.22672,2025-09-30,25.86,0.91,86.28,10.24,0.452,0.472,0.484,0.479
Balaghat,21.84995,80.22672,2025-10-01,25.59,1.7,89.55,3.9,0.469,0.476,0.482,0.48
Balaghat,21.84995,80.22672,2025-10-02,25.08,2.17,90.79,2.31,0.473,0.488,0.482,0.482
Balaghat,21.84995,80.22672,2025-10-03,24.96,2.6,90.51,3.12,0.476,0.495,0.484,0.486
Balaghat,21.84995,80.22672,2025-10-04,25.44,1.85,89.4,1.25,0.474,0.485,0.484,0.484
Balaghat,21.84995,80.22672,2025-10-05,24.91,1.31,89.65,15.54,0.494,0.485,0.483,0.484
Balaghat,21.84995,80.22672,2025-10-06,24.47,1.65,88.39,17.33,0.497,0.508,0.487,0.492
Balaghat,21.84995,80.22672,2025-10-07,24.66,1.32,86.64,3.42,0.482,0.497,0.491,0.492
Balaghat,21.84995,80.22672,2025-10-08,24.45,1.24,85.05,7.35,0.439,0.477,0.49,0.483
Balaghat,21.84995,80.22672,2025-10-09,23.0,2.17,85.37,3.98,0.403,0.46,0.487,0.476
Balaghat,21.84995,80.22672,2025-10-10,21.88,1.91,88.89,11.18,0.391,0.444,0.485,0.47
Balaghat,21.84995,80.22672,2025-10-11,22.23,2.32,89.66,3.83,0.382,0.429,0.482,0.464
Balaghat,21.84995,80.22672,2025-10-12,22.56,1.49,86.95,0.0,0.36,0.414,0.479,0.457
Balaghat,21.84995,80.22672,2025-10-13,23.19,1.09,85.03,0.0,0.353,0.407,0.475,0.452
Balaghat,21.84995,80.22672,2025-10-14,22.88,1.37,86.56,0.0,0.34,0.399,0.472,0.447
Balaghat,21.84995,80.22672,2025-10-15,23.15,1.4,85.94,0.11,0.321,0.39,0.468,0.441
Balaghat,21.84995,80.22672,2025-10-16,23.73,0.94,82.18,1.2,0.294,0.375,0.464,0.433
Balaghat,21.84995,80.22672,2025-10-17,23.6,0.91,81.21,0.03,0.294,0.366,0.46,0.428
Balaghat,21.84995,80.22672,2025-10-18,22.58,1.04,81.26,0.0,0.291,0.362,0.456,0.425
Balaghat,21.84995,80.22672,2025-10-19,21.78,1.3,81.95,0.0,0.286,0.36,0.452,0.421
Balaghat,21.84995,80.22672,2025-10-20,22.23,1.4,84.92,0.35,0.311,0.357,0.448,0.419
Balaghat,21.84995,80.22672,2025-10-21,23.42,1.87,89.2,0.08,0.364,0.357,0.446,0.422
Balaghat,21.84995,80.22672,2025-10-22,23.33,1.73,86.89,0.0,0.351,0.36,0.446,0.421
Balaghat,21.84995,80.22672,2025-10-23,22.61,1.47,86.23,0.0,0.332,0.356,0.442,0.416
Balaghat,21.84995,80.22672,2025-10-24,22.79,1.34,85.61,0.0,0.308,0.347,0.438,0.41
Balaghat,21.84995,80.22672,2025-10-25,22.11,1.22,87.75,6.8,0.31,0.341,0.437,0.408
Balaghat,21.84995,80.22672,2025-10-26,22.22,1.57,90.32,10.44,0.381,0.355,0.434,0.414
Balaghat,21.84995,80.22672,2025-10-27,23.65,2.11,88.28,0.18,0.444,0.397,0.434,0.427
Balaghat,21.84995,80.22672,2025-10-28,23.84,2.86,88.79,0.04,0.44,0.404,0.437,0.43
Balaghat,21.84995,80.22672,2025-10-29,24.45,3.76,88.75,2.12,0.447,0.414,0.447,0.44
Balaghat,21.84995,80.22672,2025-10-30,24.31,2.6,93.15,9.24,0.485,0.439,0.449,0.449
Balaghat,21.84995,80.22672,2025-10-31,24.72,1.77,89.74,5.86,0.497,0.49,0.45,0.461
Balaghat,21.84995,80.22672,2025-11-01,24.38,1.11,87.89,0.65,0.486,0.497,0.455,0.466
Balaghat,21.84995,80.22672,2025-11-02,24.11,1.17,88.0,1.17,0.465,0.482,0.457,0.463
Balaghat,21.84995,80.22672,2025-11-03,23.22,1.16,85.44,0.03,0.448,0.471,0.456,0.459
Balaghat,21.84995,80.22672,2025-11-04,23.09,0.83,76.58,0.0,0.427,0.46,0.455,0.454
Balaghat,21.84995,80.22672,2025-11-05,22.26,1.52,83.66,0.0,0.41,0.449,0.453,0.449
Balaghat,21.84995,80.22672,2025-11-06,20.62,1.81,77.56,0.0,0.397,0.437,0.452,0.445
Balaghat,21.84995,80.22672,2025-11-07,18.48,1.38,70.73,0.0,0.385,0.429,0.45,0.441
Balaghat,21.84995,80.22672,2025-11-08,17.35,1.32,72.07,0.0,0.372,0.42,0.447,0.436
Balaghat,21.84995,80.22672,2025-11-09,15.76,1.5,71.56,0.0,0.354,0.409,0.447,0.432
Balaghat,21.84995,80.22672,2025-11-10,16.95,0.76,61.63,0.0,0.336,0.397,0.437,0.422
Balaghat,21.84995,80.22672,2025-11-11,17.06,1.05,63.33,0.0,0.32,0.387,0.43,0.413
Balaghat,21.84995,80.22672,2025-11-12,16.77,1.34,66.76,0.0,0.311,0.382,0.426,0.408
Balaghat,21.84995,80.22672,2025-11-13,16.0,1.52,69.43,0.0,0.302,0.38,0.428,0.409
Balaghat,21.84995,80.22672,2025-11-14,15.89,1.46,72.61,0.0,0.294,0.376,0.428,0.407
Balaghat,21.84995,80.22672,2025-11-15,15.98,1.37,72.25,0.0,0.289,0.373,0.425,0.405
Balaghat,21.84995,80.22672,2025-11-16,14.95,1.5,71.42,0.28,0.288,0.372,0.426,0.405
Balaghat,21.84995,80.22672,2025-11-17,14.45,1.53,77.51,0.0,0.279,0.366,0.422,0.4
Balaghat,21.84995,80.22672,2025-11-18,14.38,1.31,79.84,0.28,0.261,0.353,0.415,0.391
Balaghat,21.84995,80.22672,2025-11-19,15.48,1.18,78.34,0.0,0.254,0.347,0.41,0.386
Balaghat,21.84995,80.22672,2025-11-20,16.25,1.21,80.47,0.0,0.249,0.341,0.405,0.381
Balaghat,21.84995,80.22672,2025-11-21,17.83,0.7,73.62,0.0,0.248,0.339,0.404,0.38
Balaghat,21.84995,80.22672,2025-11-22,18.47,0.51,68.48,0.0,0.25,0.337,0.404,0.379
Balaghat,21.84995,80.22672,2025-11-23,18.25,0.88,74.67,0.0,0.258,0.339,0.408,0.383
Balaghat,21.84995,80.22672,2025-11-24,18.51,1.32,82.32,0.0,0.261,0.335,0.406,0.381
Balaghat,21.84995,80.22672,2025-11-25,19.04,0.86,79.45,0.0,0.27,0.337,0.408,0.384
Balaghat,21.84995,80.22672,2025-11-26,18.27,1.15,83.3,0.12,0.282,0.34,0.413,0.388
Balaghat,21.84995,80.22672,2025-11-27,17.49,1.7,80.5,0.0,0.28,0.338,0.412,0.387
Balaghat,21.84995,80.22672,2025-11-28,15.12,1.45,75.91,0.0,0.272,0.334,0.409,0.384
Balaghat,21.84995,80.22672,2025-11-29,15.72,1.29,75.35,0.0,0.259,0.331,0.406,0.38
Balaghat,21.84995,80.22672,2025-11-30,16.55,1.51,73.98,0.0,0.253,0.33,0.406,0.379
Balaghat,21.84995,80.22672,2025-12-01,17.4,1.29,76.23,0.0,0.254,0.329,0.404,0.378
Balaghat,21.84995,80.22672,2025-12-02,16.85,1.41,79.02,0.0,0.254,0.328,0.403,0.377
Balaghat,21.84995,80.22672,2025-12-03,16.48,1.63,74.67,0.0,0.249,0.326,0.401,0.375
Balaghat,21.84995,80.22672,2025-12-04,16.07,1.69,77.43,0.0,0.246,0.323,0.398,0.372
Balaghat,21.84995,80.22672,2025-12-05,15.09,1.88,70.95,0.0,0.244,0.322,0.397,0.37
Balaghat,21.84995,80.22672,2025-12-06,14.52,1.67,65.89,0.0,0.242,0.319,0.396,0.369
Balaghat,21.84995,80.22672,2025-12-07,14.81,1.45,65.33,0.0,0.241,0.318,0.394,0.368
Balaghat,21.84995,80.22672,2025-12-08,15.77,1.84,61.48,0.0,0.24,0.317,0.393,0.366
Balaghat,21.84995,80.22672,2025-12-09,15.49,2.28,61.09,0.0,0.244,0.315,0.391,0.365
Balaghat,21.84995,80.22672,2025-12-10,15.24,1.76,56.77,0.0,0.247,0.314,0.39,0.364
Balaghat,21.84995,80.22672,2025-12-11,15.62,1.35,57.96,0.0,0.242,0.312,0.389,0.362
Balaghat,21.84995,80.22672,2025-12-12,15.79,1.34,61.99,0.0,0.238,0.311,0.387,0.361
Balaghat,21.84995,80.22672,2025-12-13,15.62,1.46,65.71,0.0,0.238,0.31,0.386,0.359
Balaghat,21.84995,80.22672,2025-12-14,15.02,1.27,69.71,0.0,0.238,0.309,0.385,0.358
Balaghat,21.84995,80.22672,2025-12-15,15.07,1.16,70.76,0.0,0.238,0.308,0.384,0.357
Balaghat,21.84995,80.22672,2025-12-16,15.71,1.26,65.22,0.0,0.238,0.307,0.382,0.356
Balaghat,21.84995,80.22672,2025-12-17,15.35,1.77,66.09,0.0,0.238,0.306,0.381,0.356
Balaghat,21.84995,80.22672,2025-12-18,14.75,2.05,66.07,0.0,0.238,0.305,0.38,0.355
Balaghat,21.84995,80.22672,2025-12-19,13.65,2.3,71.96,0.0,0.238,0.304,0.379,0.354
Balaghat,21.84995,80.22672,2025-12-20,13.83,1.76,67.44,0.0,0.238,0.303,0.378,0.353
Balaghat,21.84995,80.22672,2025-12-21,14.53,1.41,63.76,0.0,0.238,0.303,0.377,0.352
Balaghat,21.84995,80.22672,2025-12-22,15.19,1.47,67.3,0.0,0.238,0.302,0.376,0.351
Balaghat,21.84995,80.22672,2025-12-23,15.38,1.85,68.1,0.0,0.238,0.301,0.375,0.35
Balaghat,21.84995,80.22672,2025-12-24,15.99,1.69,67.98,0.0,0.238,0.3,0.375,0.349
Balaghat,21.84995,80.22672,2025-12-25,15.44,1.25,68.23,0.0,0.238,0.299,0.374,0.348
Balaghat,21.84995,80.22672,2025-12-26,14.69,1.51,60.94,0.0,0.238,0.299,0.373,0.348
Balaghat,21.84995,80.22672,2025-12-27,14.22,1.53,59.86,0.0,0.238,0.298,0.372,0.347
Balaghat,21.84995,80.22672,2025-12-28,14.32,1.49,58.99,0.0,0.238,0.297,0.37,0.346
Balaghat,21.84995,80.22672,2025-12-29,14.89,1.33,55.16,0.0,0.238,0.297,0.37,0.345
Balaghat,21.84995,80.22672,2025-12-30,16.76,0.9,47.55,0.0,0.238,0.296,0.369,0.344
Balaghat,21.84995,80.22672,2025-12-31,17.16,1.29,50.21,0.0,0.238,0.295,0.368,0.343
Beldongri,21.34032,79.29246,2025-01-01,17.14,2.41,52.59,0.0,0.294,0.284,0.38,0.353
Beldongri,21.34032,79.29246,2025-01-02,17.01,2.47,47.27,0.0,0.294,0.284,0.372,0.348
Beldongri,21.34032,79.29246,2025-01-03,17.73,2.28,47.96,0.0,0.292,0.284,0.364,0.342
Beldongri,21.34032,79.29246,2025-01-04,17.84,2.09,53.16,0.0,0.281,0.284,0.354,0.334
Beldongri,21.34032,79.29246,2025-01-05,18.47,1.49,49.6,0.0,0.275,0.284,0.339,0.323
Beldongri,21.34032,79.29246,2025-01-06,19.01,1.23,53.9,0.0,0.272,0.283,0.325,0.312
Beldongri,21.34032,79.29246,2025-01-07,17.71,2.46,55.27,0.0,0.272,0.283,0.312,0.303
Beldongri,21.34032,79.29246,2025-01-08,15.35,1.76,51.18,0.0,0.26,0.283,0.295,0.29
Beldongri,21.34032,79.29246,2025-01-09,16.49,1.63,45.39,0.0,0.258,0.282,0.287,0.284
Beldongri,21.34032,79.29246,2025-01-10,16.95,1.65,47.97,0.0,0.269,0.282,0.287,0.285
Beldongri,21.34032,79.29246,2025-01-11,18.32,1.72,56.24,0.0,0.282,0.281,0.292,0.289
Beldongri,21.34032,79.29246,2025-01-12,19.47,1.69,66.3,0.12,0.302,0.281,0.309,0.303
Beldongri,21.34032,79.29246,2025-01-13,19.57,1.7,69.04,0.06,0.301,0.281,0.311,0.304
Beldongri,21.34032,79.29246,2025-01-14,19.01,1.25,59.07,0.0,0.307,0.281,0.293,0.292
Beldongri,21.34032,79.29246,2025-01-15,19.49,1.67,59.92,0.0,0.316,0.281,0.289,0.289
Beldongri,21.34032,79.29246,2025-01-16,19.9,1.34,60.84,0.0,0.331,0.281,0.289,0.29
Beldongri,21.34032,79.29246,2025-01-17,20.36,2.33,60.01,0.0,0.322,0.281,0.29,0.29
Beldongri,21.34032,79.29246,2025-01-18,19.51,1.87,60.71,0.0,0.308,0.281,0.276,0.28
Beldongri,21.34032,79.29246,2025-01-19,19.75,1.81,49.12,0.0,0.289,0.281,0.27,0.274
Beldongri,21.34032,79.29246,2025-01-20,19.92,2.12,47.74,0.0,0.281,0.28,0.271,0.274
Beldongri,21.34032,79.29246,2025-01-21,21.84,1.2,48.96,0.0,0.277,0.28,0.272,0.274
Beldongri,21.34032,79.29246,2025-01-22,22.02,1.3,42.41,0.0,0.261,0.28,0.272,0.273
Beldongri,21.34032,79.29246,2025-01-23,21.71,1.55,45.58,0.0,0.274,0.28,0.272,0.274
Beldongri,21.34032,79.29246,2025-01-24,22.33,1.73,50.15,0.0,0.28,0.279,0.273,0.275
Beldongri,21.34032,79.29246,2025-01-25,21.95,1.86,53.05,0.0,0.284,0.279,0.273,0.275
Beldongri,21.34032,79.29246,2025-01-26,21.59,1.83,40.82,0.0,0.279,0.279,0.274,0.275
Beldongri,21.34032,79.29246,2025-01-27,21.16,1.62,31.06,0.0,0.274,0.279,0.274,0.275
Beldongri,21.34032,79.29246,2025-01-28,21.93,1.35,28.73,0.0,0.27,0.279,0.275,0.275
Beldongri,21.34032,79.29246,2025-01-29,22.28,1.39,36.28,0.0,0.265,0.279,0.275,0.275
Beldongri,21.34032,79.29246,2025-01-30,23.93,1.79,38.24,0.0,0.262,0.279,0.276,0.276
Beldongri,21.34032,79.29246,2025-01-31,24.11,1.48,34.56,0.0,0.259,0.279,0.276,0.275
Beldongri,21.34032,79.29246,2025-02-01,24.97,1.66,39.7,0.0,0.257,0.279,0.277,0.276
Beldongri,21.34032,79.29246,2025-02-02,24.99,1.7,38.45,0.0,0.255,0.279,0.277,0.276
Beldongri,21.34032,79.29246,2025-02-03,25.8,1.65,36.93,0.0,0.253,0.279,0.277,0.276
Beldongri,21.34032,79.29246,2025-02-04,26.74,1.39,34.91,0.0,0.253,0.279,0.278,0.276
Beldongri,21.34032,79.29246,2025-02-05,26.24,1.57,35.97,0.0,0.252,0.279,0.278,0.276
Beldongri,21.34032,79.29246,2025-02-06,23.38,3.21,36.4,0.0,0.252,0.279,0.278,0.277
Beldongri,21.34032,79.29246,2025-02-07,22.7,2.57,29.57,0.0,0.252,0.279,0.279,0.277
Beldongri,21.34032,79.29246,2025-02-08,23.11,1.99,25.48,0.0,0.251,0.279,0.279,0.277
Beldongri,21.34032,79.29246,2025-02-09,24.11,1.25,23.21,0.0,0.251,0.279,0.279,0.277
Beldongri,21.34032,79.29246,2025-02-10,24.94,1.44,33.89,0.0,0.251,0.279,0.28,0.278
Beldongri,21.34032,79.29246,2025-02-11,26.09,1.43,38.33,0.0,0.251,0.278,0.28,0.278
Beldongri,21.34032,79.29246,2025-02-12,25.02,2.44,22.78,0.0,0.251,0.278,0.28,0.278
Beldongri,21.34032,79.29246,2025-02-13,23.43,2.94,23.91,0.0,0.259,0.278,0.281,0.279
Beldongri,21.34032,79.29246,2025-02-14,22.89,2.39,20.51,0.0,0.251,0.278,0.281,0.278
Beldongri,21.34032,79.29246,2025-02-15,25.05,1.28,22.6,0.0,0.251,0.278,0.281,0.278
Beldongri,21.34032,79.29246,2025-02-16,25.74,1.4,23.81,0.0,0.248,0.278,0.281,0.278
Beldongri,21.34032,79.29246,2025-02-17,26.35,1.2,25.75,0.0,0.248,0.278,0.281,0.278
Beldongri,21.34032,79.29246,2025-02-18,26.11,1.43,27.17,0.0,0.251,0.278,0.282,0.279
Beldongri,21.34032,79.29246,2025-02-19,25.83,1.66,29.95,0.0,0.251,0.278,0.282,0.279
Beldongri,21.34032,79.29246,2025-02-20,25.79,1.96,29.62,0.0,0.251,0.278,0.282,0.279
Beldongri,21.34032,79.29246,2025-02-21,25.95,1.89,24.16,0.0,0.251,0.278,0.282,0.279
Beldongri,21.34032,79.29246,2025-02-22,25.37,2.7,26.88,0.0,0.253,0.278,0.282,0.279
Beldongri,21.34032,79.29246,2025-02-23,24.69,1.95,23.38,0.0,0.253,0.278,0.282,0.279
Beldongri,21.34032,79.29246,2025-02-24,24.4,1.88,23.76,0.0,0.251,0.278,0.282,0.279
Beldongri,21.34032,79.29246,2025-02-25,24.73,2.02,26.56,0.0,0.256,0.278,0.282,0.279
Beldongri,21.34032,79.29246,2025-02-26,24.96,2.41,22.57,0.0,0.251,0.278,0.282,0.279
Beldongri,21.34032,79.29246,2025-02-27,25.87,1.71,21.93,0.0,0.251,0.278,0.282,0.279
Beldongri,21.34032,79.29246,2025-02-28,26.61,1.82,23.83,0.0,0.251,0.278,0.283,0.279
Beldongri,21.34032,79.29246,2025-03-01,27.32,1.79,28.81,0.0,0.251,0.278,0.283,0.28
Beldongri,21.34032,79.29246,2025-03-02,28.44,1.87,27.11,0.0,0.251,0.278,0.283,0.28
Beldongri,21.34032,79.29246,2025-03-03,27.94,2.1,24.03,0.0,0.25,0.278,0.283,0.28
Beldongri,21.34032,79.29246,2025-03-04,28.21,2.48,22.08,0.0,0.25,0.278,0.283,0.28
Beldongri,21.34032,79.29246,2025-03-05,24.08,4.04,12.78,0.0,0.25,0.278,0.283,0.28
Beldongri,21.34032,79.29246,2025-03-06,23.37,2.63,9.7,0.0,0.25,0.278,0.283,0.28
Beldongri,21.34032,79.29246,2025-03-07,25.31,1.81,11.25,0.0,0.25,0.278,0.283,0.28
Beldongri,21.34032,79.29246,2025-03-08,27.05,1.65,15.5,0.0,0.25,0.278,0.283,0.28
Beldongri,21.34032,79.29246,2025-03-09,27.25,2.11,17.11,0.0,0.267,0.278,0.283,0.281
Beldongri,21.34032,79.29246,2025-03-10,26.99,2.17,19.33,0.0,0.25,0.278,0.283,0.28
Beldongri,21.34032,79.29246,2025-03-11,28.32,1.46,17.4,0.0,0.25,0.278,0.283,0.28
Beldongri,21.34032,79.29246,2025-03-12,30.49,1.57,17.71,0.0,0.25,0.278,0.283,0.28
Beldongri,21.34032,79.29246,2025-03-13,30.95,2.12,17.88,0.0,0.25,0.278,0.283,0.28
Beldongri,21.34032,79.29246,2025-03-14,31.06,2.57,14.95,0.0,0.25,0.278,0.283,0.28
Beldongri,21.34032,79.29246,2025-03-15,31.27,1.61,16.87,0.0,0.249,0.278,0.283,0.28
Beldongri,21.34032,79.29246,2025-03-16,31.56,2.14,21.93,0.0,0.249,0.277,0.283,0.279
Beldongri,21.34032,79.29246,2025-03-17,31.23,1.78,23.45,0.0,0.249,0.277,0.283,0.279
Beldongri,21.34032,79.29246,2025-03-18,30.53,2.04,21.49,0.0,0.249,0.277,0.283,0.279
Beldongri,21.34032,79.29246,2025-03-19,30.22,2.51,24.04,0.0,0.249,0.277,0.283,0.279
Beldongri,21.34032,79.29246,2025-03-20,30.85,2.62,27.68,0.03,0.249,0.277,0.283,0.279
Beldongri,21.34032,79.29246,2025-03-21,30.34,1.71,22.15,0.41,0.249,0.277,0.283,0.279
Beldongri,21.34032,79.29246,2025-03-22,29.36,1.6,18.79,0.0,0.242,0.277,0.283,0.279
Beldongri,21.34032,79.29246,2025-03-23,28.95,1.79,18.18,0.0,0.242,0.277,0.283,0.279
Beldongri,21.34032,79.29246,2025-03-24,28.17,2.18,14.27,0.0,0.249,0.277,0.283,0.279
Beldongri,21.34032,79.29246,2025-03-25,28.97,1.88,14.68,0.0,0.249,0.277,0.283,0.279
Beldongri,21.34032,79.29246,2025-03-26,30.38,1.0,14.39,0.0,0.249,0.277,0.283,0.279
Beldongri,21.34032,79.29246,2025-03-27,32.15,1.55,14.53,0.0,0.249,0.277,0.283,0.279
Beldongri,21.34032,79.29246,2025-03-28,32.0,3.26,19.9,0.0,0.249,0.277,0.283,0.279
Beldongri,21.34032,79.29246,2025-03-29,31.3,2.75,14.65,0.0,0.248,0.277,0.283,0.279
Beldongri,21.34032,79.29246,2025-03-30,31.57,2.05,10.31,0.0,0.248,0.277,0.283,0.279
Beldongri,21.34032,79.29246,2025-03-31,31.84,1.93,11.92,0.0,0.253,0.277,0.28,0.278
Beldongri,21.34032,79.29246,2025-04-01,31.24,1.79,19.95,0.0,0.248,0.277,0.283,0.279
Beldongri,21.34032,79.29246,2025-04-02,30.59,1.38,29.96,3.66,0.248,0.277,0.283,0.279
Beldongri,21.34032,79.29246,2025-04-03,30.72,1.38,34.23,1.25,0.265,0.277,0.274,0.274
Beldongri,21.34032,79.29246,2025-04-04,31.13,0.71,32.29,0.82,0.283,0.287,0.276,0.279
Beldongri,21.34032,79.29246,2025-04-05,31.43,1.88,24.86,0.0,0.292,0.311,0.266,0.277
Beldongri,21.34032,79.29246,2025-04-06,31.86,1.68,18.5,0.0,0.285,0.323,0.266,0.279
Beldongri,21.34032,79.29246,2025-04-07,32.93,0.87,17.68,0.0,0.276,0.325,0.267,0.28
Beldongri,21.34032,79.29246,2025-04-08,32.66,1.66,21.96,0.0,0.27,0.321,0.267,0.279
Beldongri,21.34032,79.29246,2025-04-09,32.62,1.68,31.16,4.13,0.258,0.309,0.267,0.275
Beldongri,21.34032,79.29246,2025-04-10,32.97,1.85,32.14,0.78,0.257,0.31,0.267,0.275
Beldongri,21.34032,79.29246,2025-04-11,32.7,2.07,22.79,0.33,0.254,0.305,0.267,0.274
Beldongri,21.34032,79.29246,2025-04-12,32.41,3.0,22.38,0.0,0.252,0.302,0.268,0.274
Beldongri,21.34032,79.29246,2025-04-13,33.03,1.41,23.78,0.16,0.252,0.299,0.268,0.273
Beldongri,21.34032,79.29246,2025-04-14,33.3,1.48,24.08,0.8,0.255,0.305,0.268,0.275
Beldongri,21.34032,79.29246,2025-04-15,33.31,1.51,23.06,0.0,0.256,0.307,0.268,0.275
Beldongri,21.34032,79.29246,2025-04-16,32.64,1.73,31.99,0.0,0.24,0.303,0.269,0.274
Beldongri,21.34032,79.29246,2025-04-17,33.99,1.31,29.79,0.03,0.252,0.3,0.269,0.274
Beldongri,21.34032,79.29246,2025-04-18,35.32,1.93,24.1,0.0,0.252,0.297,0.269,0.274
Beldongri,21.34032,79.29246,2025-04-19,35.58,2.59,19.39,0.18,0.251,0.294,0.269,0.273
Beldongri,21.34032,79.29246,2025-04-20,35.26,2.44,17.26,0.0,0.251,0.291,0.269,0.272
Beldongri,21.34032,79.29246,2025-04-21,35.1,2.36,16.85,0.0,0.251,0.289,0.269,0.272
Beldongri,21.34032,79.29246,2025-04-22,35.62,2.13,11.99,0.0,0.251,0.287,0.27,0.272
Beldongri,21.34032,79.29246,2025-04-23,35.52,2.26,12.09,0.0,0.251,0.285,0.27,0.272
Beldongri,21.34032,79.29246,2025-04-24,35.48,2.95,12.26,0.0,0.251,0.284,0.27,0.272
Beldongri,21.34032,79.29246,2025-04-25,35.99,2.72,15.36,0.0,0.251,0.283,0.27,0.271
Beldongri,21.34032,79.29246,2025-04-26,36.01,2.19,17.87,0.0,0.261,0.282,0.27,0.272
Beldongri,21.34032,79.29246,2025-04-27,34.33,2.44,21.85,1.41,0.274,0.282,0.27,0.273
Beldongri,21.34032,79.29246,2025-04-28,33.55,2.27,25.12,3.18,0.274,0.281,0.27,0.273
Beldongri,21.34032,79.29246,2025-04-29,33.58,2.14,29.01,0.87,0.318,0.281,0.271,0.276
Beldongri,21.34032,79.29246,2025-04-30,34.28,1.71,26.99,0.38,0.35,0.284,0.275,0.282
Beldongri,21.34032,79.29246,2025-05-01,33.22,3.06,37.72,0.4,0.357,0.286,0.276,0.284
Beldongri,21.34032,79.29246,2025-05-02,33.6,2.55,35.34,0.07,0.358,0.286,0.276,0.284
Beldongri,21.34032,79.29246,2025-05-03,34.31,2.28,35.08,0.15,0.364,0.286,0.277,0.285
Beldongri,21.34032,79.29246,2025-05-04,32.23,2.33,45.2,7.92,0.384,0.287,0.277,0.287
Beldongri,21.34032,79.29246,2025-05-05,31.11,1.17,49.99,3.02,0.373,0.287,0.277,0.286
Beldongri,21.34032,79.29246,2025-05-06,31.21,1.56,45.02,1.57,0.357,0.316,0.277,0.291
Beldongri,21.34032,79.29246,2025-05-07,31.14,2.27,41.46,0.09,0.344,0.342,0.277,0.295
Beldongri,21.34032,79.29246,2025-05-08,30.53,2.05,40.55,0.14,0.327,0.336,0.277,0.293
Beldongri,21.34032,79.29246,2025-05-09,31.95,1.78,41.92,0.05,0.314,0.327,0.278,0.291
Beldongri,21.34032,79.29246,2025-05-10,32.26,1.15,43.3,2.28,0.302,0.312,0.278,0.287
Beldongri,21.34032,79.29246,2025-05-11,33.99,1.47,41.13,0.24,0.29,0.306,0.278,0.285
Beldongri,21.34032,79.29246,2025-05-12,35.06,2.03,35.03,0.01,0.282,0.314,0.278,0.286
Beldongri,21.34032,79.29246,2025-05-13,35.6,2.57,32.39,0.47,0.282,0.322,0.278,0.288
Beldongri,21.34032,79.29246,2025-05-14,35.81,1.73,33.49,1.04,0.294,0.34,0.278,0.292
Beldongri,21.34032,79.29246,2025-05-15,34.18,1.92,43.43,6.91,0.289,0.327,0.279,0.29
Beldongri,21.34032,79.29246,2025-05-16,34.22,1.01,46.22,0.33,0.313,0.331,0.279,0.292
Beldongri,21.34032,79.29246,2025-05-17,34.84,1.75,41.56,1.25,0.296,0.324,0.281,0.291
Beldongri,21.34032,79.29246,2025-05-18,33.72,1.45,50.04,6.99,0.317,0.336,0.294,0.304
Beldongri,21.34032,79.29246,2025-05-19,34.15,2.06,48.85,0.01,0.347,0.343,0.311,0.32
Beldongri,21.34032,79.29246,2025-05-20,35.45,1.45,42.83,0.02,0.355,0.35,0.313,0.324
Beldongri,21.34032,79.29246,2025-05-21,33.99,1.86,47.36,15.38,0.372,0.351,0.308,0.321
Beldongri,21.34032,79.29246,2025-05-22,31.43,1.87,58.97,0.27,0.444,0.359,0.304,0.325
Beldongri,21.34032,79.29246,2025-05-23,30.67,1.89,59.04,0.19,0.42,0.374,0.304,0.327
Beldongri,21.34032,79.29246,2025-05-24,27.67,2.14,74.08,1.73,0.422,0.385,0.305,0.33
Beldongri,21.34032,79.29246,2025-05-25,27.58,2.76,75.67,3.34,0.458,0.396,0.31,0.338
Beldongri,21.34032,79.29246,2025-05-26,30.57,1.88,64.25,1.56,0.445,0.402,0.321,0.346
Beldongri,21.34032,79.29246,2025-05-27,31.79,1.35,61.53,4.14,0.483,0.431,0.316,0.352
Beldongri,21.34032,79.29246,2025-05-28,31.35,2.31,65.56,12.42,0.481,0.46,0.313,0.356
Beldongri,21.34032,79.29246,2025-05-29,32.02,2.58,61.37,5.62,0.486,0.471,0.316,0.361
Beldongri,21.34032,79.29246,2025-05-30,32.27,3.31,59.71,0.91,0.489,0.488,0.323,0.369
Beldongri,21.34032,79.29246,2025-05-31,31.11,3.07,57.52,0.52,0.482,0.483,0.33,0.373
Beldongri,21.34032,79.29246,2025-06-01,31.72,4.71,49.44,0.0,0.462,0.465,0.336,0.372
Beldongri,21.34032,79.29246,2025-06-02,30.16,3.33,61.01,1.45,0.441,0.451,0.335,0.367
Beldongri,21.34032,79.29246,2025-06-03,30.98,3.86,52.07,0.04,0.411,0.436,0.32,0.351
Beldongri,21.34032,79.29246,2025-06-04,30.82,2.06,53.19,0.3,0.379,0.416,0.303,0.332
Beldongri,21.34032,79.29246,2025-06-05,32.33,1.57,44.89,1.26,0.363,0.403,0.289,0.318
Beldongri,21.34032,79.29246,2025-06-06,33.76,1.41,39.28,0.0,0.353,0.395,0.287,0.315
Beldongri,21.34032,79.29246,2025-06-07,33.76,2.7,37.41,0.0,0.34,0.386,0.286,0.311
Beldongri,21.34032,79.29246,2025-06-08,35.73,3.57,35.75,0.31,0.327,0.378,0.284,0.307
Beldongri,21.34032,79.29246,2025-06-09,36.6,3.28,31.35,0.0,0.322,0.376,0.293,0.312
Beldongri,21.34032,79.29246,2025-06-10,37.12,3.81,29.03,0.43,0.33,0.38,0.309,0.325
Beldongri,21.34032,79.29246,2025-06-11,33.2,2.87,48.56,3.08,0.354,0.393,0.331,0.345
Beldongri,21.34032,79.29246,2025-06-12,33.06,2.86,50.08,0.74,0.356,0.394,0.338,0.351
Beldongri,21.34032,79.29246,2025-06-13,32.78,2.95,54.87,0.57,0.353,0.386,0.338,0.349
Beldongri,21.34032,79.29246,2025-06-14,32.57,2.26,56.98,7.57,0.355,0.38,0.334,0.345
Beldongri,21.34032,79.29246,2025-06-15,31.88,2.52,60.02,3.89,0.375,0.384,0.335,0.348
Beldongri,21.34032,79.29246,2025-06-16,30.38,3.36,66.46,2.37,0.433,0.401,0.336,0.357
Beldongri,21.34032,79.29246,2025-06-17,29.98,3.24,64.08,2.88,0.457,0.404,0.331,0.355
Beldongri,21.34032,79.29246,2025-06-18,31.26,3.92,58.45,0.74,0.416,0.392,0.328,0.348
Beldongri,21.34032,79.29246,2025-06-19,28.28,4.49,74.37,4.28,0.401,0.385,0.32,0.339
Beldongri,21.34032,79.29246,2025-06-20,27.79,3.83,75.03,9.29,0.407,0.387,0.321,0.341
Beldongri,21.34032,79.29246,2025-06-21,29.14,3.75,68.05,3.98,0.45,0.4,0.329,0.352
Beldongri,21.34032,79.29246,2025-06-22,28.23,3.88,68.98,2.71,0.46,0.405,0.333,0.357
Beldongri,21.34032,79.29246,2025-06-23,27.74,4.67,72.41,4.94,0.485,0.429,0.336,0.366
Beldongri,21.34032,79.29246,2025-06-24,27.9,3.69,77.07,7.17,0.49,0.443,0.337,0.37
Beldongri,21.34032,79.29246,2025-06-25,27.11,1.8,82.23,24.65,0.497,0.475,0.339,0.378
Beldongri,21.34032,79.29246,2025-06-26,27.79,2.08,78.35,7.57,0.505,0.499,0.35,0.392
Beldongri,21.34032,79.29246,2025-06-27,28.25,3.71,74.7,12.52,0.493,0.491,0.363,0.399
Beldongri,21.34032,79.29246,2025-06-28,27.53,3.29,75.65,11.78,0.492,0.485,0.369,0.402
Beldongri,21.34032,79.29246,2025-06-29,25.66,3.94,83.64,11.47,0.503,0.493,0.374,0.408
Beldongri,21.34032,79.29246,2025-06-30,25.7,5.22,86.09,28.75,0.511,0.51,0.399,0.43
Beldongri,21.34032,79.29246,2025-07-01,26.25,3.77,86.46,30.35,0.508,0.505,0.423,0.446
Beldongri,21.34032,79.29246,2025-07-02,25.44,3.75,85.88,9.88,0.492,0.494,0.427,0.446
Beldongri,21.34032,79.29246,2025-07-03,26.79,3.04,84.51,7.0,0.485,0.488,0.429,0.446
Beldongri,21.34032,79.29246,2025-07-04,26.4,4.09,84.81,10.92,0.509,0.506,0.436,0.456
Beldongri,21.34032,79.29246,2025-07-05,26.13,4.78,86.79,8.37,0.489,0.491,0.441,0.455
Beldongri,21.34032,79.29246,2025-07-06,26.07,3.83,88.26,27.31,0.505,0.506,0.45,0.466
Beldongri,21.34032,79.29246,2025-07-07,25.51,4.66,92.14,80.57,0.511,0.517,0.509,0.511
Beldongri,21.34032,79.29246,2025-07-08,25.08,4.53,92.56,93.51,0.51,0.516,0.518,0.517
Beldongri,21.34032,79.29246,2025-07-09,25.77,3.5,88.89,10.08,0.512,0.513,0.516,0.515
Beldongri,21.34032,79.29246,2025-07-10,26.47,3.22,85.55,1.79,0.5,0.509,0.514,0.512
Beldongri,21.34032,79.29246,2025-07-11,26.54,3.13,83.02,1.69,0.49,0.494,0.511,0.506
Beldongri,21.34032,79.29246,2025-07-12,27.16,3.16,82.83,3.77,0.469,0.479,0.505,0.497
Beldongri,21.34032,79.29246,2025-07-13,26.87,3.52,84.77,5.7,0.464,0.467,0.501,0.491
Beldongri,21.34032,79.29246,2025-07-14,27.16,2.74,82.8,2.35,0.464,0.462,0.496,0.487
Beldongri,21.34032,79.29246,2025-07-15,26.6,1.41,86.5,10.26,0.445,0.453,0.493,0.481
Beldongri,21.34032,79.29246,2025-07-16,27.76,1.44,82.8,3.44,0.453,0.451,0.49,0.479
Beldongri,21.34032,79.29246,2025-07-17,26.29,1.01,84.11,7.31,0.467,0.453,0.487,0.479
Beldongri,21.34032,79.29246,2025-07-18,27.39,1.12,83.26,2.07,0.468,0.455,0.485,0.477
Beldongri,21.34032,79.29246,2025-07-19,27.42,1.25,79.43,0.74,0.467,0.459,0.482,0.476
Beldongri,21.34032,79.29246,2025-07-20,28.14,1.26,76.78,4.97,0.446,0.452,0.48,0.472
Beldongri,21.34032,79.29246,2025-07-21,28.04,1.11,82.13,17.2,0.471,0.452,0.478,0.472
Beldongri,21.34032,79.29246,2025-07-22,27.83,1.8,85.69,5.04,0.484,0.475,0.476,0.476
Beldongri,21.34032,79.29246,2025-07-23,26.64,2.87,90.25,37.44,0.49,0.489,0.476,0.48
Beldongri,21.34032,79.29246,2025-07-24,26.11,3.34,91.05,19.64,0.512,0.514,0.483,0.491
Beldongri,21.34032,79.29246,2025-07-25,25.89,3.97,92.76,45.16,0.509,0.511,0.497,0.5
Beldongri,21.34032,79.29246,2025-07-26,25.8,4.37,92.82,18.97,0.51,0.511,0.516,0.515
Beldongri,21.34032,79.29246,2025-07-27,26.08,5.05,86.87,6.01,0.491,0.493,0.514,0.508
Beldongri,21.34032,79.29246,2025-07-28,25.14,5.11,89.96,3.35,0.491,0.482,0.509,0.502
Beldongri,21.34032,79.29246,2025-07-29,24.75,6.76,90.8,8.0,0.509,0.507,0.508,0.508
Beldongri,21.34032,79.29246,2025-07-30,25.22,3.88,90.48,3.83,0.485,0.496,0.504,0.501
Beldongri,21.34032,79.29246,2025-07-31,25.96,2.67,85.1,1.17,0.477,0.482,0.502,0.496
Beldongri,21.34032,79.29246,2025-08-01,26.48,2.31,83.39,1.28,0.466,0.47,0.498,0.49
Beldongri,21.34032,79.29246,2025-08-02,27.01,2.28,82.82,0.85,0.456,0.459,0.495,0.485
Beldongri,21.34032,79.29246,2025-08-03,27.36,1.85,81.84,0.51,0.435,0.449,0.491,0.478
Beldongri,21.34032,79.29246,2025-08-04,27.71,1.32,81.41,0.31,0.413,0.432,0.487,0.47
Beldongri,21.34032,79.29246,2025-08-05,27.81,1.1,80.91,0.16,0.383,0.411,0.482,0.46
Beldongri,21.34032,79.29246,2025-08-06,27.92,1.11,79.43,0.14,0.355,0.394,0.477,0.451
Beldongri,21.34032,79.29246,2025-08-07,27.65,1.44,79.76,2.11,0.344,0.379,0.472,0.443
Beldongri,21.34032,79.29246,2025-08-08,26.21,1.21,86.03,10.68,0.337,0.359,0.467,0.435
Beldongri,21.34032,79.29246,2025-08-09,26.09,1.09,83.25,1.69,0.33,0.356,0.463,0.431
Beldongri,21.34032,79.29246,2025-08-10,27.0,1.39,82.95,0.7,0.337,0.349,0.457,0.426
Beldongri,21.34032,79.29246,2025-08-11,26.23,2.12,89.28,1.47,0.332,0.337,0.452,0.419
Beldongri,21.34032,79.29246,2025-08-12,26.56,2.19,87.51,2.25,0.329,0.328,0.447,0.414
Beldongri,21.34032,79.29246,2025-08-13,26.18,2.1,91.55,25.83,0.459,0.374,0.445,0.431
Beldongri,21.34032,79.29246,2025-08-14,26.68,1.47,86.01,8.7,0.498,0.5,0.455,0.467
Beldongri,21.34032,79.29246,2025-08-15,26.82,1.38,85.84,4.91,0.498,0.503,0.471,0.479
Beldongri,21.34032,79.29246,2025-08-16,26.84,1.93,88.14,25.48,0.503,0.511,0.485,0.492
Beldongri,21.34032,79.29246,2025-08-17,27.07,2.57,88.49,2.11,0.493,0.503,0.493,0.495
Beldongri,21.34032,79.29246,2025-08-18,26.86,1.62,87.81,30.67,0.5,0.501,0.499,0.499
Beldongri,21.34032,79.29246,2025-08-19,27.29,1.18,85.91,29.73,0.503,0.51,0.513,0.512
Beldongri,21.34032,79.29246,2025-08-20,25.82,2.66,91.19,14.97,0.507,0.511,0.516,0.514
Beldongri,21.34032,79.29246,2025-08-21,25.91,2.94,88.8,10.45,0.501,0.508,0.516,0.513
Beldongri,21.34032,79.29246,2025-08-22,26.07,3.39,88.55,12.13,0.486,0.489,0.512,0.505
Beldongri,21.34032,79.29246,2025-08-23,25.8,3.99,88.46,4.93,0.49,0.489,0.509,0.503
Beldongri,21.34032,79.29246,2025-08-24,25.16,4.24,89.17,3.41,0.486,0.487,0.505,0.5
Beldongri,21.34032,79.29246,2025-08-25,25.87,3.08,86.56,0.54,0.488,0.487,0.501,0.497
Beldongri,21.34032,79.29246,2025-08-26,26.54,1.58,85.59,7.25,0.495,0.5,0.498,0.498
Beldongri,21.34032,79.29246,2025-08-27,27.43,1.09,83.91,15.63,0.493,0.503,0.496,0.497
Beldongri,21.34032,79.29246,2025-08-28,27.61,0.65,83.73,15.84,0.496,0.507,0.5,0.501
Beldongri,21.34032,79.29246,2025-08-29,27.0,1.49,86.19,2.55,0.505,0.511,0.505,0.506
Beldongri,21.34032,79.29246,2025-08-30,26.9,1.54,87.54,2.28,0.488,0.501,0.504,0.502
Beldongri,21.34032,79.29246,2025-08-31,26.45,2.65,91.07,8.15,0.494,0.504,0.503,0.502
Beldongri,21.34032,79.29246,2025-09-01,26.03,2.06,89.4,19.43,0.504,0.508,0.51,0.509
Beldongri,21.34032,79.29246,2025-09-02,26.58,1.28,86.77,11.62,0.505,0.503,0.516,0.512
Beldongri,21.34032,79.29246,2025-09-03,26.13,1.15,88.28,14.44,0.509,0.513,0.492,0.497
Beldongri,21.34032,79.29246,2025-09-04,26.02,2.36,89.79,4.61,0.493,0.499,0.478,0.484
Beldongri,21.34032,79.29246,2025-09-05,25.78,2.99,89.12,0.51,0.478,0.491,0.47,0.475
Beldongri,21.34032,79.29246,2025-09-06,25.69,1.86,90.2,0.77,0.48,0.484,0.462,0.467
Beldongri,21.34032,79.29246,2025-09-07,26.19,1.24,88.46,1.8,0.471,0.484,0.456,0.463
Beldongri,21.34032,79.29246,2025-09-08,26.48,1.7,86.32,1.55,0.458,0.471,0.45,0.455
Beldongri,21.34032,79.29246,2025-09-09,26.42,1.37,86.77,4.87,0.444,0.462,0.442,0.446
Beldongri,21.34032,79.29246,2025-09-10,26.14,2.2,89.36,10.19,0.424,0.45,0.436,0.438
Beldongri,21.34032,79.29246,2025-09-11,26.14,2.18,88.82,13.57,0.413,0.438,0.431,0.431
Beldongri,21.34032,79.29246,2025-09-12,25.88,1.89,90.4,21.09,0.443,0.44,0.427,0.431
Beldongri,21.34032,79.29246,2025-09-13,26.94,1.76,85.47,2.92,0.498,0.496,0.428,0.448
Beldongri,21.34032,79.29246,2025-09-14,26.73,1.26,88.76,4.36,0.496,0.501,0.436,0.453
Beldongri,21.34032,79.29246,2025-09-15,26.25,1.37,91.79,9.03,0.502,0.503,0.441,0.458
Beldongri,21.34032,79.29246,2025-09-16,25.8,1.35,89.79,30.49,0.503,0.505,0.445,0.462
Beldongri,21.34032,79.29246,2025-09-17,26.56,0.97,86.62,10.48,0.501,0.502,0.447,0.462
Beldongri,21.34032,79.29246,2025-09-18,26.69,0.82,85.73,11.82,0.493,0.504,0.453,0.467
Beldongri,21.34032,79.29246,2025-09-19,27.01,0.91,87.04,3.81,0.467,0.49,0.457,0.465
Beldongri,21.34032,79.29246,2025-09-20,26.85,0.99,87.56,5.22,0.442,0.472,0.455,0.458
Beldongri,21.34032,79.29246,2025-09-21,27.19,1.61,84.97,0.99,0.434,0.46,0.452,0.453
Beldongri,21.34032,79.29246,2025-09-22,27.05,1.75,83.95,2.21,0.419,0.447,0.448,0.446
Beldongri,21.34032,79.29246,2025-09-23,26.46,1.76,82.17,0.08,0.397,0.431,0.441,0.436
Beldongri,21.34032,79.29246,2025-09-24,26.32,2.5,86.05,5.56,0.385,0.421,0.436,0.43
Beldongri,21.34032,79.29246,2025-09-25,25.2,2.6,91.3,13.05,0.443,0.416,0.434,0.431
Beldongri,21.34032,79.29246,2025-09-26,26.62,2.92,88.87,5.98,0.426,0.408,0.431,0.426
Beldongri,21.34032,79.29246,2025-09-27,26.02,2.5,92.44,26.93,0.477,0.445,0.427,0.434
Beldongri,21.34032,79.29246,2025-09-28,25.65,2.84,90.48,4.97,0.501,0.499,0.431,0.45
Beldongri,21.34032,79.29246,2025-09-29,25.8,1.57,88.82,0.76,0.476,0.489,0.435,0.449
Beldongri,21.34032,79.29246,2025-09-30,26.12,1.19,86.65,7.16,0.444,0.472,0.435,0.443
Beldongri,21.34032,79.29246,2025-10-01,26.18,1.79,87.35,0.44,0.414,0.456,0.432,0.436
Beldongri,21.34032,79.29246,2025-10-02,25.85,1.89,87.51,0.36,0.405,0.438,0.427,0.428
Beldongri,21.34032,79.29246,2025-10-03,25.93,2.21,87.56,1.38,0.416,0.427,0.421,0.422
Beldongri,21.34032,79.29246,2025-10-04,25.88,1.97,88.54,0.7,0.391,0.411,0.417,0.414
Beldongri,21.34032,79.29246,2025-10-05,25.23,1.33,89.52,11.31,0.383,0.391,0.411,0.405
Beldongri,21.34032,79.29246,2025-10-06,24.86,1.25,86.48,11.59,0.492,0.457,0.408,0.424
Beldongri,21.34032,79.29246,2025-10-07,25.19,1.47,84.87,3.58,0.452,0.443,0.404,0.416
Beldongri,21.34032,79.29246,2025-10-08,24.95,1.44,83.42,6.43,0.413,0.432,0.403,0.41
Beldongri,21.34032,79.29246,2025-10-09,23.51,2.1,81.35,1.38,0.376,0.42,0.401,0.403
Beldongri,21.34032,79.29246,2025-10-10,22.58,2.21,85.58,4.21,0.366,0.409,0.399,0.399
Beldongri,21.34032,79.29246,2025-10-11,22.11,2.7,89.91,3.59,0.35,0.398,0.397,0.394
Beldongri,21.34032,79.29246,2025-10-12,22.94,1.94,86.85,0.0,0.34,0.388,0.395,0.39
Beldongri,21.34032,79.29246,2025-10-13,23.64,1.35,85.3,0.0,0.325,0.375,0.392,0.384
Beldongri,21.34032,79.29246,2025-10-14,23.59,1.59,86.36,0.0,0.309,0.358,0.387,0.376
Beldongri,21.34032,79.29246,2025-10-15,23.97,1.72,86.63,0.28,0.287,0.337,0.383,0.366
Beldongri,21.34032,79.29246,2025-10-16,23.99,1.31,84.15,3.54,0.273,0.319,0.377,0.357
Beldongri,21.34032,79.29246,2025-10-17,23.94,1.03,84.84,0.32,0.269,0.308,0.37,0.35
Beldongri,21.34032,79.29246,2025-10-18,23.5,1.11,83.71,0.15,0.27,0.298,0.361,0.341
Beldongri,21.34032,79.29246,2025-10-19,22.54,1.44,84.01,0.0,0.27,0.303,0.368,0.347
Beldongri,21.34032,79.29246,2025-10-20,22.81,1.73,84.81,0.01,0.265,0.301,0.367,0.346
Beldongri,21.34032,79.29246,2025-10-21,24.17,2.07,88.54,0.09,0.254,0.292,0.362,0.34
Beldongri,21.34032,79.29246,2025-10-22,24.33,1.95,87.18,0.1,0.256,0.289,0.359,0.337
Beldongri,21.34032,79.29246,2025-10-23,23.79,1.77,86.09,0.0,0.251,0.282,0.353,0.331
Beldongri,21.34032,79.29246,2025-10-24,23.9,1.74,86.56,0.26,0.245,0.275,0.349,0.326
Beldongri,21.34032,79.29246,2025-10-25,22.94,1.84,89.28,8.43,0.34,0.275,0.345,0.33
Beldongri,21.34032,79.29246,2025-10-26,22.87,1.96,92.08,10.87,0.385,0.277,0.343,0.332
Beldongri,21.34032,79.29246,2025-10-27,24.52,2.13,87.38,0.34,0.361,0.276,0.341,0.329
Beldongri,21.34032,79.29246,2025-10-28,24.69,3.12,87.26,0.09,0.374,0.278,0.339,0.329
Beldongri,21.34032,79.29246,2025-10-29,25.08,4.05,88.41,7.48,0.402,0.283,0.336,0.33
Beldongri,21.34032,79.29246,2025-10-30,24.67,2.69,93.26,5.7,0.481,0.367,0.339,0.355
Beldongri,21.34032,79.29246,2025-10-31,25.3,1.56,88.88,6.17,0.456,0.392,0.345,0.362
Beldongri,21.34032,79.29246,2025-11-01,25.62,0.97,85.7,0.27,0.427,0.392,0.345,0.361
Beldongri,21.34032,79.29246,2025-11-02,25.39,1.03,87.22,5.65,0.404,0.386,0.337,0.352
Beldongri,21.34032,79.29246,2025-11-03,24.89,1.03,85.17,1.75,0.386,0.38,0.33,0.344
Beldongri,21.34032,79.29246,2025-11-04,24.39,0.92,80.63,0.0,0.368,0.373,0.327,0.34
Beldongri,21.34032,79.29246,2025-11-05,23.24,1.57,81.16,0.0,0.35,0.365,0.326,0.336
Beldongri,21.34032,79.29246,2025-11-06,21.82,1.91,76.27,0.0,0.333,0.357,0.324,0.331
Beldongri,21.34032,79.29246,2025-11-07,19.62,1.59,67.09,0.0,0.325,0.351,0.326,0.331
Beldongri,21.34032,79.29246,2025-11-08,18.93,1.16,70.17,0.0,0.313,0.344,0.328,0.33
Beldongri,21.34032,79.29246,2025-11-09,17.16,1.48,69.69,0.0,0.299,0.336,0.323,0.324
Beldongri,21.34032,79.29246,2025-11-10,17.93,0.85,59.56,0.0,0.289,0.329,0.321,0.32
Beldongri,21.34032,79.29246,2025-11-11,18.23,1.04,62.69,0.0,0.287,0.324,0.321,0.319
Beldongri,21.34032,79.29246,2025-11-12,17.64,1.39,66.53,0.0,0.28,0.318,0.318,0.315
Beldongri,21.34032,79.29246,2025-11-13,16.69,1.71,69.14,0.0,0.283,0.317,0.319,0.316
Beldongri,21.34032,79.29246,2025-11-14,16.46,1.66,72.66,0.0,0.29,0.318,0.323,0.32
Beldongri,21.34032,79.29246,2025-11-15,16.65,1.56,74.56,0.0,0.288,0.316,0.321,0.318
Beldongri,21.34032,79.29246,2025-11-16,15.67,1.72,71.75,1.53,0.292,0.317,0.323,0.32
Beldongri,21.34032,79.29246,2025-11-17,15.07,1.88,76.43,0.0,0.287,0.314,0.323,0.318
Beldongri,21.34032,79.29246,2025-11-18,15.09,1.53,79.06,1.53,0.276,0.308,0.318,0.312
Beldongri,21.34032,79.29246,2025-11-19,15.84,1.34,78.76,0.0,0.27,0.304,0.314,0.309
Beldongri,21.34032,79.29246,2025-11-20,16.46,1.43,80.12,0.0,0.263,0.3,0.31,0.305
Beldongri,21.34032,79.29246,2025-11-21,18.28,0.89,75.68,0.0,0.256,0.295,0.306,0.3
Beldongri,21.34032,79.29246,2025-11-22,19.14,0.68,71.52,0.0,0.257,0.294,0.305,0.299
Beldongri,21.34032,79.29246,2025-11-23,19.21,0.94,75.18,0.0,0.279,0.302,0.312,0.308
Beldongri,21.34032,79.29246,2025-11-24,19.21,1.51,83.41,0.0,0.291,0.307,0.317,0.313
Beldongri,21.34032,79.29246,2025-11-25,19.55,1.13,82.33,0.0,0.295,0.309,0.321,0.316
Beldongri,21.34032,79.29246,2025-11-26,18.92,1.35,84.86,0.27,0.293,0.308,0.322,0.317
Beldongri,21.34032,79.29246,2025-11-27,18.75,1.65,82.59,0.0,0.283,0.304,0.32,0.314
Beldongri,21.34032,79.29246,2025-11-28,16.01,1.83,75.23,0.0,0.281,0.302,0.321,0.314
Beldongri,21.34032,79.29246,2025-11-29,16.24,1.59,75.5,0.0,0.274,0.299,0.319,0.312
Beldongri,21.34032,79.29246,2025-11-30,16.88,1.81,74.64,0.0,0.271,0.297,0.317,0.309
Beldongri,21.34032,79.29246,2025-12-01,17.84,1.51,77.17,0.0,0.262,0.293,0.314,0.306
Beldongri,21.34032,79.29246,2025-12-02,17.51,1.5,79.66,0.0,0.255,0.289,0.311,0.302
Beldongri,21.34032,79.29246,2025-12-03,17.15,1.88,76.06,0.0,0.252,0.286,0.308,0.3
Beldongri,21.34032,79.29246,2025-12-04,16.77,1.88,77.35,0.0,0.25,0.284,0.308,0.299
Beldongri,21.34032,79.29246,2025-12-05,16.15,2.13,72.55,0.0,0.251,0.283,0.306,0.298
Beldongri,21.34032,79.29246,2025-12-06,15.44,1.84,66.89,0.0,0.251,0.282,0.307,0.297
Beldongri,21.34032,79.29246,2025-12-07,15.24,1.54,67.17,0.0,0.252,0.282,0.306,0.298
Beldongri,21.34032,79.29246,2025-12-08,16.47,1.86,62.42,0.0,0.249,0.281,0.306,0.296
Beldongri,21.34032,79.29246,2025-12-09,16.35,2.36,61.53,0.0,0.249,0.281,0.305,0.296
Beldongri,21.34032,79.29246,2025-12-10,16.17,1.83,57.14,0.0,0.249,0.282,0.306,0.297
Beldongri,21.34032,79.29246,2025-12-11,16.83,1.2,54.35,0.0,0.249,0.281,0.305,0.296
Beldongri,21.34032,79.29246,2025-12-12,16.6,1.34,60.81,0.0,0.248,0.28,0.305,0.296
Beldongri,21.34032,79.29246,2025-12-13,16.29,1.52,66.84,0.0,0.249,0.28,0.305,0.296
Beldongri,21.34032,79.29246,2025-12-14,15.74,1.63,70.08,0.0,0.248,0.28,0.304,0.295
Beldongri,21.34032,79.29246,2025-12-15,15.94,1.35,69.59,0.0,0.249,0.28,0.304,0.295
Beldongri,21.34032,79.29246,2025-12-16,16.32,1.51,66.21,0.0,0.249,0.28,0.304,0.295
Beldongri,21.34032,79.29246,2025-12-17,16.32,1.69,64.62,0.0,0.249,0.28,0.304,0.295
Beldongri,21.34032,79.29246,2025-12-18,16.0,2.01,63.56,0.0,0.249,0.28,0.304,0.295
Beldongri,21.34032,79.29246,2025-12-19,15.23,2.41,68.03,0.0,0.243,0.28,0.304,0.294
Beldongri,21.34032,79.29246,2025-12-20,14.89,1.97,66.44,0.0,0.25,0.279,0.303,0.295
Beldongri,21.34032,79.29246,2025-12-21,15.45,1.57,65.05,0.0,0.25,0.279,0.303,0.294
Beldongri,21.34032,79.29246,2025-12-22,15.93,1.75,67.48,0.0,0.25,0.279,0.303,0.295
Beldongri,21.34032,79.29246,2025-12-23,16.27,2.12,67.41,0.0,0.25,0.279,0.303,0.294
Beldongri,21.34032,79.29246,2025-12-24,16.86,1.74,66.5,0.0,0.25,0.279,0.303,0.294
Beldongri,21.34032,79.29246,2025-12-25,16.69,1.34,66.37,0.0,0.249,0.279,0.303,0.294
Beldongri,21.34032,79.29246,2025-12-26,15.7,1.6,63.63,0.0,0.246,0.279,0.302,0.293
Beldongri,21.34032,79.29246,2025-12-27,15.36,1.4,60.6,0.0,0.249,0.279,0.302,0.293
Beldongri,21.34032,79.29246,2025-12-28,15.42,1.43,58.53,0.0,0.251,0.279,0.302,0.294
Beldongri,21.34032,79.29246,2025-12-29,15.56,1.53,56.91,0.0,0.246,0.279,0.302,0.293
Beldongri,21.34032,79.29246,2025-12-30,16.87,1.03,50.39,0.0,0.246,0.279,0.301,0.293
Beldongri,21.34032,79.29246,2025-12-31,17.89,1.14,49.58,0.0,0.246,0.279,0.301,0.293
Chikla,21.54306,79.75389,2025-01-01,17.75,2.2,45.48,0.0,0.371,0.355,0.414,0.399
Chikla,21.54306,79.75389,2025-01-02,17.4,2.23,40.8,0.0,0.36,0.355,0.403,0.39
Chikla,21.54306,79.75389,2025-01-03,18.02,1.96,43.22,0.0,0.346,0.356,0.4,0.387
Chikla,21.54306,79.75389,2025-01-04,18.24,1.74,46.42,0.0,0.331,0.352,0.395,0.381
Chikla,21.54306,79.75389,2025-01-05,18.41,1.49,47.92,0.0,0.32,0.339,0.387,0.372
Chikla,21.54306,79.75389,2025-01-06,19.69,1.3,50.37,0.0,0.317,0.329,0.376,0.362
Chikla,21.54306,79.75389,2025-01-07,18.28,2.35,49.0,0.0,0.319,0.336,0.366,0.356
Chikla,21.54306,79.75389,2025-01-08,15.42,1.7,45.82,0.0,0.309,0.329,0.343,0.338
Chikla,21.54306,79.75389,2025-01-09,16.78,1.49,40.51,0.0,0.298,0.315,0.337,0.33
Chikla,21.54306,79.75389,2025-01-10,17.28,1.77,43.67,0.0,0.301,0.316,0.328,0.323
Chikla,21.54306,79.75389,2025-01-11,18.94,1.9,49.48,0.0,0.297,0.32,0.33,0.326
Chikla,21.54306,79.75389,2025-01-12,20.09,1.79,59.16,0.03,0.309,0.332,0.335,0.332
Chikla,21.54306,79.75389,2025-01-13,20.09,1.73,62.74,0.03,0.318,0.344,0.341,0.34
Chikla,21.54306,79.75389,2025-01-14,19.6,1.1,53.9,0.0,0.333,0.362,0.336,0.341
Chikla,21.54306,79.75389,2025-01-15,20.02,1.74,54.58,0.0,0.345,0.371,0.334,0.342
Chikla,21.54306,79.75389,2025-01-16,20.93,1.44,52.2,0.0,0.34,0.367,0.332,0.34
Chikla,21.54306,79.75389,2025-01-17,20.91,1.94,50.89,0.0,0.335,0.364,0.336,0.342
Chikla,21.54306,79.75389,2025-01-18,20.24,1.62,53.3,0.0,0.334,0.361,0.337,0.342
Chikla,21.54306,79.75389,2025-01-19,20.65,1.65,42.41,0.0,0.323,0.357,0.337,0.34
Chikla,21.54306,79.75389,2025-01-20,20.67,1.89,38.36,0.0,0.305,0.353,0.339,0.34
Chikla,21.54306,79.75389,2025-01-21,22.2,1.07,43.53,0.0,0.295,0.349,0.342,0.34
Chikla,21.54306,79.75389,2025-01-22,22.83,1.29,36.44,0.0,0.289,0.346,0.342,0.339
Chikla,21.54306,79.75389,2025-01-23,22.27,1.63,41.2,0.0,0.284,0.342,0.342,0.338
Chikla,21.54306,79.75389,2025-01-24,23.09,1.47,42.65,0.0,0.279,0.339,0.341,0.336
Chikla,21.54306,79.75389,2025-01-25,22.6,1.75,47.8,0.0,0.274,0.335,0.341,0.335
Chikla,21.54306,79.75389,2025-01-26,22.19,1.68,33.41,0.0,0.269,0.332,0.34,0.333
Chikla,21.54306,79.75389,2025-01-27,21.59,1.56,25.77,0.0,0.264,0.329,0.34,0.332
Chikla,21.54306,79.75389,2025-01-28,22.28,1.27,23.12,0.0,0.259,0.326,0.339,0.331
Chikla,21.54306,79.75389,2025-01-29,22.52,1.53,34.26,0.0,0.255,0.323,0.339,0.329
Chikla,21.54306,79.75389,2025-01-30,23.92,1.84,39.47,0.0,0.252,0.32,0.338,0.328
Chikla,21.54306,79.75389,2025-01-31,24.32,1.37,34.32,0.0,0.25,0.318,0.338,0.327
Chikla,21.54306,79.75389,2025-02-01,25.63,1.6,38.26,0.0,0.248,0.315,0.337,0.326
Chikla,21.54306,79.75389,2025-02-02,25.47,1.58,38.21,0.0,0.246,0.313,0.337,0.325
Chikla,21.54306,79.75389,2025-02-03,26.46,1.43,33.92,0.0,0.244,0.311,0.336,0.324
Chikla,21.54306,79.75389,2025-02-04,26.85,1.31,33.93,0.0,0.244,0.308,0.335,0.323
Chikla,21.54306,79.75389,2025-02-05,26.72,1.47,32.38,0.0,0.243,0.306,0.335,0.322
Chikla,21.54306,79.75389,2025-02-06,24.02,3.05,34.45,0.0,0.243,0.305,0.334,0.321
Chikla,21.54306,79.75389,2025-02-07,22.86,2.54,27.02,0.0,0.242,0.303,0.334,0.321
Chikla,21.54306,79.75389,2025-02-08,23.25,1.94,21.24,0.0,0.242,0.301,0.333,0.32
Chikla,21.54306,79.75389,2025-02-09,24.18,1.36,19.21,0.0,0.242,0.3,0.332,0.319
Chikla,21.54306,79.75389,2025-02-10,24.94,1.48,31.09,0.0,0.242,0.298,0.332,0.318
Chikla,21.54306,79.75389,2025-02-11,26.23,1.37,37.57,0.0,0.242,0.297,0.331,0.318
Chikla,21.54306,79.75389,2025-02-12,25.25,2.24,22.52,0.0,0.242,0.295,0.331,0.317
Chikla,21.54306,79.75389,2025-02-13,23.53,2.87,21.98,0.0,0.242,0.294,0.33,0.316
Chikla,21.54306,79.75389,2025-02-14,22.7,2.31,18.45,0.0,0.242,0.293,0.33,0.316
Chikla,21.54306,79.75389,2025-02-15,25.1,1.28,20.35,0.0,0.239,0.292,0.329,0.315
Chikla,21.54306,79.75389,2025-02-16,25.66,1.57,22.13,0.0,0.239,0.291,0.328,0.314
Chikla,21.54306,79.75389,2025-02-17,26.47,1.2,23.81,0.0,0.242,0.29,0.328,0.314
Chikla,21.54306,79.75389,2025-02-18,26.29,1.57,25.21,0.0,0.241,0.289,0.327,0.313
Chikla,21.54306,79.75389,2025-02-19,26.37,1.61,27.8,0.0,0.241,0.288,0.326,0.312
Chikla,21.54306,79.75389,2025-02-20,26.2,1.66,28.49,0.0,0.241,0.288,0.326,0.312
Chikla,21.54306,79.75389,2025-02-21,26.09,1.72,24.6,0.0,0.227,0.287,0.325,0.31
Chikla,21.54306,79.75389,2025-02-22,25.29,2.55,25.84,0.0,0.241,0.286,0.325,0.311
Chikla,21.54306,79.75389,2025-02-23,24.76,1.92,22.15,0.0,0.241,0.286,0.324,0.31
Chikla,21.54306,79.75389,2025-02-24,24.72,1.7,22.81,0.0,0.241,0.285,0.324,0.31
Chikla,21.54306,79.75389,2025-02-25,24.9,1.86,24.94,0.0,0.241,0.285,0.323,0.309
Chikla,21.54306,79.75389,2025-02-26,25.2,1.93,20.42,0.0,0.241,0.284,0.323,0.309
Chikla,21.54306,79.75389,2025-02-27,26.0,1.39,19.96,0.0,0.241,0.284,0.322,0.308
Chikla,21.54306,79.75389,2025-02-28,26.87,1.8,23.44,0.0,0.241,0.283,0.322,0.308
Chikla,21.54306,79.75389,2025-03-01,27.43,1.68,25.95,0.0,0.241,0.283,0.321,0.307
Chikla,21.54306,79.75389,2025-03-02,28.65,1.73,26.24,0.0,0.241,0.283,0.321,0.307
Chikla,21.54306,79.75389,2025-03-03,27.68,2.13,24.19,0.0,0.235,0.282,0.32,0.306
Chikla,21.54306,79.75389,2025-03-04,28.39,2.42,21.56,0.0,0.235,0.282,0.32,0.306
Chikla,21.54306,79.75389,2025-03-05,23.95,3.86,13.66,0.0,0.241,0.282,0.319,0.306
Chikla,21.54306,79.75389,2025-03-06,22.91,2.47,9.34,0.0,0.235,0.282,0.319,0.305
Chikla,21.54306,79.75389,2025-03-07,25.23,1.85,10.12,0.0,0.235,0.281,0.318,0.304
Chikla,21.54306,79.75389,2025-03-08,26.84,1.63,14.08,0.0,0.241,0.281,0.318,0.305
Chikla,21.54306,79.75389,2025-03-09,27.33,1.92,16.63,0.0,0.241,0.281,0.317,0.304
Chikla,21.54306,79.75389,2025-03-10,27.19,1.8,19.57,0.0,0.241,0.281,0.317,0.304
Chikla,21.54306,79.75389,2025-03-11,28.26,1.68,16.24,0.0,0.241,0.281,0.316,0.303
Chikla,21.54306,79.75389,2025-03-12,30.48,1.49,16.88,0.0,0.241,0.28,0.316,0.303
Chikla,21.54306,79.75389,2025-03-13,31.11,1.87,17.06,0.0,0.241,0.28,0.315,0.302
Chikla,21.54306,79.75389,2025-03-14,31.13,2.16,14.41,0.0,0.241,0.28,0.315,0.302
Chikla,21.54306,79.75389,2025-03-15,31.37,1.43,16.8,0.0,0.241,0.28,0.314,0.302
Chikla,21.54306,79.75389,2025-03-16,31.31,2.31,24.02,0.0,0.241,0.28,0.314,0.302
Chikla,21.54306,79.75389,2025-03-17,31.16,1.43,23.44,0.0,0.241,0.28,0.313,0.301
Chikla,21.54306,79.75389,2025-03-18,30.5,1.91,21.9,0.0,0.24,0.28,0.313,0.301
Chikla,21.54306,79.75389,2025-03-19,30.28,2.35,24.48,0.0,0.24,0.28,0.313,0.301
Chikla,21.54306,79.75389,2025-03-20,30.56,2.62,29.12,0.07,0.24,0.279,0.312,0.3
Chikla,21.54306,79.75389,2025-03-21,30.04,1.83,25.77,0.37,0.241,0.279,0.312,0.3
Chikla,21.54306,79.75389,2025-03-22,29.43,1.31,20.1,0.0,0.24,0.279,0.312,0.3
Chikla,21.54306,79.75389,2025-03-23,28.77,1.73,19.24,0.0,0.237,0.279,0.329,0.312
Chikla,21.54306,79.75389,2025-03-24,28.1,1.93,14.79,0.0,0.223,0.279,0.344,0.322
Chikla,21.54306,79.75389,2025-03-25,28.95,1.77,14.49,0.0,0.212,0.28,0.363,0.335
Chikla,21.54306,79.75389,2025-03-26,30.74,1.1,13.59,0.0,0.222,0.28,0.373,0.343
Chikla,21.54306,79.75389,2025-03-27,32.23,1.22,13.61,0.0,0.213,0.28,0.375,0.343
Chikla,21.54306,79.75389,2025-03-28,31.58,2.75,18.49,0.0,0.213,0.28,0.373,0.342
Chikla,21.54306,79.75389,2025-03-29,31.03,2.67,15.32,0.0,0.213,0.281,0.371,0.341
Chikla,21.54306,79.75389,2025-03-30,31.46,1.99,9.73,0.0,0.213,0.281,0.369,0.34
Chikla,21.54306,79.75389,2025-03-31,31.99,1.48,10.69,0.0,0.213,0.281,0.367,0.339
Chikla,21.54306,79.75389,2025-04-01,31.42,1.63,18.9,0.0,0.217,0.281,0.37,0.341
Chikla,21.54306,79.75389,2025-04-02,31.05,1.06,23.54,0.97,0.217,0.281,0.363,0.335
Chikla,21.54306,79.75389,2025-04-03,31.25,1.18,26.0,0.49,0.258,0.281,0.358,0.335
Chikla,21.54306,79.75389,2025-04-04,31.21,0.98,30.83,1.0,0.292,0.28,0.367,0.343
Chikla,21.54306,79.75389,2025-04-05,31.64,1.78,23.01,0.0,0.296,0.266,0.348,0.327
Chikla,21.54306,79.75389,2025-04-06,32.01,1.72,16.66,0.0,0.295,0.266,0.372,0.344
Chikla,21.54306,79.75389,2025-04-07,33.15,1.07,15.9,0.0,0.291,0.267,0.379,0.349
Chikla,21.54306,79.75389,2025-04-08,32.61,1.63,22.31,0.0,0.285,0.267,0.375,0.346
Chikla,21.54306,79.75389,2025-04-09,32.44,1.94,31.83,2.69,0.271,0.268,0.372,0.343
Chikla,21.54306,79.75389,2025-04-10,33.5,1.79,28.41,0.27,0.269,0.268,0.364,0.338
Chikla,21.54306,79.75389,2025-04-11,33.42,1.55,21.65,0.06,0.273,0.269,0.359,0.334
Chikla,21.54306,79.75389,2025-04-12,32.69,2.55,20.11,0.0,0.259,0.269,0.36,0.334
Chikla,21.54306,79.75389,2025-04-13,33.42,1.1,21.65,0.15,0.257,0.269,0.36,0.334
Chikla,21.54306,79.75389,2025-04-14,33.38,1.65,21.56,0.83,0.292,0.27,0.375,0.347
Chikla,21.54306,79.75389,2025-04-15,33.04,2.17,24.6,0.0,0.282,0.271,0.391,0.358
Chikla,21.54306,79.75389,2025-04-16,32.59,2.11,33.74,0.0,0.259,0.272,0.392,0.357
Chikla,21.54306,79.75389,2025-04-17,34.02,1.81,30.07,0.01,0.254,0.273,0.392,0.357
Chikla,21.54306,79.75389,2025-04-18,35.07,2.04,26.12,0.0,0.249,0.274,0.389,0.355
Chikla,21.54306,79.75389,2025-04-19,35.58,2.1,21.84,0.16,0.243,0.275,0.388,0.354
Chikla,21.54306,79.75389,2025-04-20,35.05,2.09,16.94,0.0,0.242,0.276,0.385,0.352
Chikla,21.54306,79.75389,2025-04-21,35.14,1.95,17.4,0.0,0.241,0.276,0.383,0.35
Chikla,21.54306,79.75389,2025-04-22,35.71,1.88,11.61,0.0,0.241,0.277,0.38,0.349
Chikla,21.54306,79.75389,2025-04-23,35.48,1.57,12.24,0.0,0.241,0.278,0.378,0.347
Chikla,21.54306,79.75389,2025-04-24,35.26,2.42,11.08,0.0,0.241,0.278,0.375,0.345
Chikla,21.54306,79.75389,2025-04-25,35.77,2.03,14.1,0.0,0.241,0.279,0.373,0.344
Chikla,21.54306,79.75389,2025-04-26,36.07,1.74,17.5,0.01,0.24,0.279,0.371,0.343
Chikla,21.54306,79.75389,2025-04-27,33.62,2.86,27.98,4.93,0.249,0.279,0.369,0.342
Chikla,21.54306,79.75389,2025-04-28,32.94,2.47,31.41,2.31,0.255,0.286,0.368,0.343
Chikla,21.54306,79.75389,2025-04-29,32.78,2.62,34.95,1.51,0.283,0.293,0.362,0.342
Chikla,21.54306,79.75389,2025-04-30,33.1,2.22,34.58,1.11,0.308,0.264,0.337,0.32
Chikla,21.54306,79.75389,2025-05-01,32.32,3.15,42.26,1.89,0.33,0.26,0.32,0.308
Chikla,21.54306,79.75389,2025-05-02,32.68,2.43,39.19,0.13,0.305,0.26,0.315,0.303
Chikla,21.54306,79.75389,2025-05-03,33.27,2.45,40.53,0.92,0.319,0.261,0.326,0.311
Chikla,21.54306,79.75389,2025-05-04,30.98,2.16,52.72,14.18,0.369,0.262,0.336,0.323
Chikla,21.54306,79.75389,2025-05-05,30.05,1.39,56.97,3.01,0.351,0.262,0.337,0.322
Chikla,21.54306,79.75389,2025-05-06,30.5,1.49,50.65,1.03,0.342,0.263,0.329,0.316
Chikla,21.54306,79.75389,2025-05-07,30.63,1.68,47.48,0.0,0.341,0.264,0.323,0.312
Chikla,21.54306,79.75389,2025-05-08,30.39,1.66,45.15,0.14,0.319,0.265,0.312,0.302
Chikla,21.54306,79.75389,2025-05-09,31.17,1.47,48.35,0.01,0.311,0.265,0.304,0.296
Chikla,21.54306,79.75389,2025-05-10,32.71,1.08,43.08,1.09,0.305,0.265,0.288,0.285
Chikla,21.54306,79.75389,2025-05-11,33.75,1.59,41.83,0.12,0.289,0.265,0.283,0.28
Chikla,21.54306,79.75389,2025-05-12,35.21,1.91,35.61,0.01,0.295,0.265,0.291,0.285
Chikla,21.54306,79.75389,2025-05-13,35.74,2.06,32.92,1.33,0.306,0.266,0.32,0.307
Chikla,21.54306,79.75389,2025-05-14,34.97,1.57,36.86,3.1,0.317,0.266,0.332,0.317
Chikla,21.54306,79.75389,2025-05-15,34.1,1.74,44.4,5.25,0.3,0.265,0.333,0.317
Chikla,21.54306,79.75389,2025-05-16,34.3,0.86,46.82,0.33,0.296,0.265,0.337,0.319
Chikla,21.54306,79.75389,2025-05-17,34.2,1.5,45.61,5.09,0.289,0.266,0.35,0.328
Chikla,21.54306,79.75389,2025-05-18,33.18,1.23,52.48,7.87,0.288,0.266,0.375,0.346
Chikla,21.54306,79.75389,2025-05-19,33.6,2.0,51.82,0.0,0.278,0.267,0.381,0.35
Chikla,21.54306,79.75389,2025-05-20,35.02,1.48,44.86,0.13,0.28,0.268,0.37,0.342
Chikla,21.54306,79.75389,2025-05-21,33.51,1.63,50.14,13.63,0.286,0.268,0.366,0.34
Chikla,21.54306,79.75389,2025-05-22,31.52,1.82,58.33,0.12,0.311,0.268,0.363,0.339
Chikla,21.54306,79.75389,2025-05-23,30.92,1.67,57.54,0.1,0.314,0.267,0.362,0.339
Chikla,21.54306,79.75389,2025-05-24,28.45,1.68,71.32,2.87,0.324,0.265,0.371,0.345
Chikla,21.54306,79.75389,2025-05-25,27.5,2.36,76.7,6.35,0.423,0.296,0.377,0.363
Chikla,21.54306,79.75389,2025-05-26,30.46,1.52,64.95,1.16,0.417,0.314,0.375,0.365
Chikla,21.54306,79.75389,2025-05-27,31.63,1.43,61.72,3.44,0.394,0.309,0.369,0.358
Chikla,21.54306,79.75389,2025-05-28,31.31,1.72,65.09,7.19,0.439,0.339,0.373,0.371
Chikla,21.54306,79.75389,2025-05-29,31.26,2.02,65.45,10.66,0.439,0.363,0.385,0.385
Chikla,21.54306,79.75389,2025-05-30,32.38,2.65,61.07,0.61,0.433,0.37,0.385,0.385
Chikla,21.54306,79.75389,2025-05-31,30.59,2.46,62.26,2.19,0.431,0.388,0.383,0.387
Chikla,21.54306,79.75389,2025-06-01,32.0,4.1,48.12,0.0,0.417,0.399,0.384,0.389
Chikla,21.54306,79.75389,2025-06-02,30.42,3.37,60.92,2.31,0.399,0.396,0.376,0.382
Chikla,21.54306,79.75389,2025-06-03,31.09,3.44,53.65,0.05,0.374,0.385,0.368,0.372
Chikla,21.54306,79.75389,2025-06-04,30.74,1.68,55.53,0.67,0.353,0.374,0.352,0.357
Chikla,21.54306,79.75389,2025-06-05,31.97,1.59,47.97,1.59,0.347,0.363,0.333,0.34
Chikla,21.54306,79.75389,2025-06-06,33.07,1.48,40.96,0.0,0.328,0.356,0.327,0.333
Chikla,21.54306,79.75389,2025-06-07,33.52,2.08,41.58,0.0,0.314,0.349,0.319,0.325
Chikla,21.54306,79.75389,2025-06-08,34.93,2.87,40.35,0.15,0.305,0.348,0.315,0.322
Chikla,21.54306,79.75389,2025-06-09,35.75,2.39,38.46,0.01,0.293,0.345,0.315,0.32
Chikla,21.54306,79.75389,2025-06-10,36.24,3.19,35.24,0.28,0.296,0.348,0.324,0.327
Chikla,21.54306,79.75389,2025-06-11,32.3,3.01,53.31,5.12,0.32,0.358,0.339,0.342
Chikla,21.54306,79.75389,2025-06-12,32.45,3.04,53.32,0.62,0.313,0.358,0.339,0.341
Chikla,21.54306,79.75389,2025-06-13,32.83,2.41,54.85,0.3,0.298,0.348,0.328,0.33
Chikla,21.54306,79.75389,2025-06-14,32.74,2.49,55.52,2.81,0.278,0.346,0.327,0.327
Chikla,21.54306,79.75389,2025-06-15,31.94,2.4,60.28,9.33,0.285,0.355,0.333,0.334
Chikla,21.54306,79.75389,2025-06-16,30.07,3.19,68.64,5.78,0.32,0.363,0.34,0.343
Chikla,21.54306,79.75389,2025-06-17,29.3,2.87,69.5,4.58,0.36,0.362,0.344,0.349
Chikla,21.54306,79.75389,2025-06-18,30.66,3.38,60.83,0.38,0.36,0.353,0.34,0.344
Chikla,21.54306,79.75389,2025-06-19,27.98,4.2,77.12,5.91,0.332,0.344,0.324,0.329
Chikla,21.54306,79.75389,2025-06-20,27.57,3.71,78.0,7.78,0.385,0.347,0.319,0.329
Chikla,21.54306,79.75389,2025-06-21,29.24,3.28,69.33,5.28,0.43,0.364,0.329,0.343
Chikla,21.54306,79.75389,2025-06-22,28.71,3.55,68.95,3.43,0.43,0.364,0.322,0.339
Chikla,21.54306,79.75389,2025-06-23,27.88,4.16,72.6,8.4,0.47,0.394,0.324,0.349
Chikla,21.54306,79.75389,2025-06-24,28.04,3.46,78.58,19.22,0.503,0.474,0.331,0.373
Chikla,21.54306,79.75389,2025-06-25,27.12,1.69,83.6,20.65,0.504,0.502,0.364,0.403
Chikla,21.54306,79.75389,2025-06-26,27.93,1.87,79.13,4.48,0.506,0.501,0.381,0.415
Chikla,21.54306,79.75389,2025-06-27,27.88,3.59,77.62,15.72,0.504,0.501,0.393,0.423
Chikla,21.54306,79.75389,2025-06-28,26.95,2.87,81.27,18.87,0.494,0.498,0.404,0.43
Chikla,21.54306,79.75389,2025-06-29,25.84,3.75,83.56,16.88,0.503,0.494,0.409,0.434
Chikla,21.54306,79.75389,2025-06-30,25.61,5.18,88.23,27.65,0.507,0.513,0.431,0.453
Chikla,21.54306,79.75389,2025-07-01,26.27,3.23,88.77,41.54,0.511,0.515,0.462,0.476
Chikla,21.54306,79.75389,2025-07-02,25.4,3.71,87.72,7.56,0.495,0.504,0.471,0.48
Chikla,21.54306,79.75389,2025-07-03,26.28,3.08,87.97,8.36,0.49,0.495,0.472,0.478
Chikla,21.54306,79.75389,2025-07-04,26.21,4.07,87.22,11.12,0.505,0.513,0.488,0.494
Chikla,21.54306,79.75389,2025-07-05,25.88,4.63,89.32,11.47,0.492,0.502,0.5,0.5
Chikla,21.54306,79.75389,2025-07-06,26.0,3.75,90.49,41.8,0.502,0.508,0.504,0.505
Chikla,21.54306,79.75389,2025-07-07,25.65,4.38,93.38,84.84,0.511,0.511,0.518,0.516
Chikla,21.54306,79.75389,2025-07-08,25.35,4.32,94.01,88.81,0.51,0.507,0.517,0.514
Chikla,21.54306,79.75389,2025-07-09,26.06,3.13,90.99,8.37,0.507,0.509,0.518,0.515
Chikla,21.54306,79.75389,2025-07-10,26.61,2.85,88.32,3.59,0.496,0.5,0.514,0.51
Chikla,21.54306,79.75389,2025-07-11,26.41,2.99,87.22,2.59,0.499,0.507,0.513,0.511
Chikla,21.54306,79.75389,2025-07-12,26.93,2.74,86.55,5.63,0.484,0.491,0.51,0.505
Chikla,21.54306,79.75389,2025-07-13,26.76,3.11,87.27,5.07,0.473,0.478,0.506,0.498
Chikla,21.54306,79.75389,2025-07-14,26.6,2.5,86.92,3.1,0.482,0.481,0.503,0.497
Chikla,21.54306,79.75389,2025-07-15,26.54,1.55,88.54,14.86,0.475,0.479,0.5,0.494
Chikla,21.54306,79.75389,2025-07-16,27.52,1.35,85.49,5.11,0.496,0.497,0.499,0.498
Chikla,21.54306,79.75389,2025-07-17,26.67,1.07,83.82,12.52,0.497,0.504,0.5,0.5
Chikla,21.54306,79.75389,2025-07-18,27.19,1.13,85.43,2.47,0.485,0.495,0.498,0.496
Chikla,21.54306,79.75389,2025-07-19,27.35,1.04,84.23,4.26,0.475,0.492,0.496,0.493
Chikla,21.54306,79.75389,2025-07-20,27.62,1.36,82.01,6.21,0.469,0.479,0.492,0.488
Chikla,21.54306,79.75389,2025-07-21,28.1,0.74,82.77,10.82,0.482,0.487,0.489,0.488
Chikla,21.54306,79.75389,2025-07-22,27.5,1.69,87.98,7.72,0.498,0.507,0.491,0.495
Chikla,21.54306,79.75389,2025-07-23,26.74,2.58,92.64,41.48,0.505,0.512,0.501,0.504
Chikla,21.54306,79.75389,2025-07-24,26.34,3.17,92.17,27.79,0.513,0.506,0.516,0.514
Chikla,21.54306,79.75389,2025-07-25,26.2,3.39,94.36,55.69,0.51,0.506,0.518,0.515
Chikla,21.54306,79.75389,2025-07-26,25.87,4.2,94.24,22.32,0.513,0.513,0.487,0.494
Chikla,21.54306,79.75389,2025-07-27,25.83,4.85,90.1,4.9,0.494,0.502,0.477,0.483
Chikla,21.54306,79.75389,2025-07-28,25.14,4.86,92.08,2.39,0.493,0.493,0.471,0.477
Chikla,21.54306,79.75389,2025-07-29,24.71,6.5,92.6,6.55,0.504,0.511,0.472,0.482
Chikla,21.54306,79.75389,2025-07-30,25.15,4.08,92.87,2.14,0.485,0.496,0.472,0.478
Chikla,21.54306,79.75389,2025-07-31,25.88,2.69,87.4,1.84,0.485,0.488,0.467,0.473
Chikla,21.54306,79.75389,2025-08-01,26.35,2.0,85.93,3.46,0.479,0.483,0.461,0.467
Chikla,21.54306,79.75389,2025-08-02,26.94,1.94,85.62,1.63,0.464,0.473,0.455,0.46
Chikla,21.54306,79.75389,2025-08-03,27.35,1.64,84.07,1.64,0.45,0.462,0.45,0.452
Chikla,21.54306,79.75389,2025-08-04,27.87,1.15,82.43,1.11,0.44,0.452,0.44,0.442
Chikla,21.54306,79.75389,2025-08-05,28.08,0.93,81.01,0.97,0.419,0.441,0.427,0.43
Chikla,21.54306,79.75389,2025-08-06,27.89,1.02,81.5,0.79,0.394,0.429,0.409,0.412
Chikla,21.54306,79.75389,2025-08-07,27.56,1.3,81.17,1.99,0.402,0.416,0.397,0.401
Chikla,21.54306,79.75389,2025-08-08,26.25,1.21,87.58,14.55,0.392,0.4,0.388,0.391
Chikla,21.54306,79.75389,2025-08-09,25.95,1.11,84.1,2.22,0.399,0.394,0.379,0.383
Chikla,21.54306,79.75389,2025-08-10,26.77,1.32,83.71,0.32,0.379,0.384,0.372,0.375
Chikla,21.54306,79.75389,2025-08-11,26.06,1.71,92.21,1.85,0.364,0.369,0.365,0.366
Chikla,21.54306,79.75389,2025-08-12,26.5,2.05,89.81,1.89,0.422,0.365,0.356,0.362
Chikla,21.54306,79.75389,2025-08-13,26.44,1.71,92.23,21.7,0.499,0.461,0.354,0.387
Chikla,21.54306,79.75389,2025-08-14,26.87,1.42,86.35,8.03,0.487,0.485,0.362,0.397
Chikla,21.54306,79.75389,2025-08-15,26.96,1.26,86.6,5.61,0.498,0.494,0.377,0.41
Chikla,21.54306,79.75389,2025-08-16,26.92,2.16,88.82,25.34,0.503,0.504,0.389,0.421
Chikla,21.54306,79.75389,2025-08-17,27.16,2.4,88.42,2.97,0.485,0.49,0.395,0.421
Chikla,21.54306,79.75389,2025-08-18,26.73,1.75,88.67,29.62,0.481,0.479,0.398,0.421
Chikla,21.54306,79.75389,2025-08-19,27.1,1.22,87.59,30.75,0.5,0.5,0.404,0.431
Chikla,21.54306,79.75389,2025-08-20,25.8,2.59,92.89,17.99,0.503,0.509,0.423,0.447
Chikla,21.54306,79.75389,2025-08-21,25.95,2.85,89.99,7.21,0.498,0.504,0.437,0.455
Chikla,21.54306,79.75389,2025-08-22,26.16,3.25,90.06,15.65,0.502,0.504,0.448,0.464
Chikla,21.54306,79.75389,2025-08-23,25.74,3.85,90.16,7.7,0.505,0.505,0.453,0.467
Chikla,21.54306,79.75389,2025-08-24,25.32,4.31,90.17,3.65,0.501,0.504,0.462,0.473
Chikla,21.54306,79.75389,2025-08-25,25.89,3.01,87.91,0.36,0.494,0.501,0.467,0.476
Chikla,21.54306,79.75389,2025-08-26,26.5,1.4,86.67,16.31,0.488,0.493,0.468,0.475
Chikla,21.54306,79.75389,2025-08-27,27.22,1.14,86.25,13.54,0.502,0.502,0.472,0.48
Chikla,21.54306,79.75389,2025-08-28,27.7,0.68,83.88,21.57,0.498,0.505,0.481,0.487
Chikla,21.54306,79.75389,2025-08-29,26.81,1.57,87.6,4.45,0.49,0.504,0.498,0.499
Chikla,21.54306,79.75389,2025-08-30,26.84,1.38,88.38,2.73,0.469,0.489,0.498,0.494
Chikla,21.54306,79.75389,2025-08-31,26.56,2.2,91.28,6.8,0.48,0.489,0.497,0.494
Chikla,21.54306,79.75389,2025-09-01,26.4,1.89,89.36,14.75,0.502,0.512,0.506,0.507
Chikla,21.54306,79.75389,2025-09-02,26.56,1.09,86.58,10.38,0.503,0.504,0.515,0.512
Chikla,21.54306,79.75389,2025-09-03,26.46,0.82,85.8,25.74,0.508,0.507,0.516,0.514
Chikla,21.54306,79.75389,2025-09-04,25.85,2.18,91.45,3.63,0.493,0.493,0.514,0.508
Chikla,21.54306,79.75389,2025-09-05,25.65,2.6,89.52,0.64,0.477,0.491,0.511,0.504
Chikla,21.54306,79.75389,2025-09-06,25.71,1.71,90.3,0.3,0.465,0.476,0.504,0.496
Chikla,21.54306,79.75389,2025-09-07,25.74,1.23,90.06,2.61,0.44,0.465,0.496,0.485
Chikla,21.54306,79.75389,2025-09-08,26.76,1.12,87.23,3.19,0.406,0.452,0.487,0.474
Chikla,21.54306,79.75389,2025-09-09,26.7,1.3,88.35,10.84,0.404,0.434,0.479,0.464
Chikla,21.54306,79.75389,2025-09-10,27.03,1.6,88.38,7.87,0.396,0.415,0.471,0.454
Chikla,21.54306,79.75389,2025-09-11,26.36,2.17,89.47,13.18,0.414,0.412,0.464,0.449
Chikla,21.54306,79.75389,2025-09-12,26.35,1.51,90.0,19.36,0.42,0.406,0.457,0.444
Chikla,21.54306,79.75389,2025-09-13,27.07,1.49,86.97,1.12,0.442,0.404,0.451,0.441
Chikla,21.54306,79.75389,2025-09-14,26.73,1.26,89.94,5.87,0.442,0.39,0.446,0.434
Chikla,21.54306,79.75389,2025-09-15,26.09,1.53,93.4,9.99,0.472,0.396,0.44,0.433
Chikla,21.54306,79.75389,2025-09-16,25.97,1.17,88.62,16.81,0.474,0.415,0.436,0.434
Chikla,21.54306,79.75389,2025-09-17,26.41,1.13,88.11,7.32,0.456,0.408,0.432,0.429
Chikla,21.54306,79.75389,2025-09-18,26.67,1.06,87.38,7.23,0.453,0.41,0.425,0.423
Chikla,21.54306,79.75389,2025-09-19,26.89,1.14,88.53,1.22,0.391,0.401,0.419,0.413
Chikla,21.54306,79.75389,2025-09-20,26.73,0.92,88.71,2.8,0.366,0.382,0.415,0.405
Chikla,21.54306,79.75389,2025-09-21,27.29,1.51,84.84,1.16,0.367,0.371,0.408,0.397
Chikla,21.54306,79.75389,2025-09-22,27.27,1.47,82.81,2.97,0.337,0.357,0.402,0.388
Chikla,21.54306,79.75389,2025-09-23,26.49,1.68,83.34,0.08,0.321,0.351,0.395,0.381
Chikla,21.54306,79.75389,2025-09-24,26.08,2.19,88.05,11.65,0.312,0.346,0.392,0.377
Chikla,21.54306,79.75389,2025-09-25,25.01,2.14,93.02,18.16,0.42,0.349,0.391,0.384
Chikla,21.54306,79.75389,2025-09-26,26.78,2.25,89.62,4.63,0.417,0.359,0.385,0.382
Chikla,21.54306,79.75389,2025-09-27,26.03,2.38,92.33,26.93,0.469,0.398,0.381,0.391
Chikla,21.54306,79.75389,2025-09-28,25.92,2.46,89.73,4.66,0.481,0.453,0.379,0.402
Chikla,21.54306,79.75389,2025-09-29,25.99,1.45,89.19,2.5,0.456,0.448,0.379,0.399
Chikla,21.54306,79.75389,2025-09-30,26.32,0.93,86.55,10.3,0.425,0.435,0.377,0.392
Chikla,21.54306,79.75389,2025-10-01,26.42,1.49,88.63,1.14,0.448,0.424,0.373,0.389
Chikla,21.54306,79.75389,2025-10-02,25.92,1.83,89.84,1.48,0.445,0.423,0.37,0.386
Chikla,21.54306,79.75389,2025-10-03,25.83,2.2,89.69,3.3,0.423,0.412,0.369,0.382
Chikla,21.54306,79.75389,2025-10-04,25.97,1.69,89.63,1.63,0.451,0.41,0.368,0.383
Chikla,21.54306,79.75389,2025-10-05,25.4,1.16,90.49,12.93,0.453,0.399,0.364,0.377
Chikla,21.54306,79.75389,2025-10-06,25.1,1.37,87.72,14.16,0.492,0.467,0.362,0.393
Chikla,21.54306,79.75389,2025-10-07,25.52,1.2,85.5,2.94,0.464,0.468,0.362,0.392
Chikla,21.54306,79.75389,2025-10-08,25.62,1.15,82.55,5.42,0.425,0.454,0.36,0.384
Chikla,21.54306,79.75389,2025-10-09,24.18,2.11,85.43,3.25,0.379,0.436,0.357,0.375
Chikla,21.54306,79.75389,2025-10-10,23.17,1.98,88.95,11.91,0.366,0.418,0.356,0.37
Chikla,21.54306,79.75389,2025-10-11,23.49,2.06,89.53,6.38,0.357,0.409,0.354,0.366
Chikla,21.54306,79.75389,2025-10-12,23.82,1.43,87.24,0.0,0.335,0.396,0.354,0.361
Chikla,21.54306,79.75389,2025-10-13,23.96,1.23,85.28,0.0,0.321,0.384,0.353,0.357
Chikla,21.54306,79.75389,2025-10-14,23.75,1.57,87.01,0.0,0.311,0.373,0.352,0.353
Chikla,21.54306,79.75389,2025-10-15,23.89,1.64,86.06,0.08,0.295,0.355,0.35,0.347
Chikla,21.54306,79.75389,2025-10-16,24.12,1.24,82.88,1.33,0.281,0.343,0.348,0.342
Chikla,21.54306,79.75389,2025-10-17,23.86,1.1,84.59,0.1,0.278,0.331,0.345,0.338
Chikla,21.54306,79.75389,2025-10-18,23.19,1.17,83.22,0.0,0.287,0.321,0.345,0.336
Chikla,21.54306,79.75389,2025-10-19,22.18,1.48,83.55,0.0,0.285,0.32,0.344,0.335
Chikla,21.54306,79.75389,2025-10-20,22.9,1.65,86.02,0.03,0.288,0.319,0.343,0.334
Chikla,21.54306,79.75389,2025-10-21,24.24,2.02,88.71,0.01,0.299,0.311,0.342,0.332
Chikla,21.54306,79.75389,2025-10-22,24.17,1.96,86.97,0.0,0.286,0.306,0.341,0.33
Chikla,21.54306,79.75389,2025-10-23,23.59,1.67,86.3,0.0,0.272,0.302,0.34,0.327
Chikla,21.54306,79.75389,2025-10-24,23.89,1.63,86.4,0.06,0.268,0.3,0.338,0.325
Chikla,21.54306,79.75389,2025-10-25,23.14,1.62,88.33,8.16,0.322,0.298,0.338,0.329
Chikla,21.54306,79.75389,2025-10-26,23.09,1.74,91.56,13.41,0.43,0.3,0.336,0.335
Chikla,21.54306,79.75389,2025-10-27,24.57,2.18,87.52,0.11,0.42,0.307,0.335,0.335
Chikla,21.54306,79.75389,2025-10-28,24.68,3.18,87.59,0.05,0.385,0.309,0.335,0.333
Chikla,21.54306,79.75389,2025-10-29,25.3,3.96,88.29,4.18,0.373,0.311,0.335,0.332
Chikla,21.54306,79.75389,2025-10-30,24.79,2.95,93.58,7.83,0.459,0.345,0.33,0.342
Chikla,21.54306,79.75389,2025-10-31,25.47,2.01,89.96,4.88,0.462,0.39,0.328,0.35
Chikla,21.54306,79.75389,2025-11-01,25.66,0.86,86.39,0.33,0.445,0.395,0.327,0.349
Chikla,21.54306,79.75389,2025-11-02,25.42,0.96,87.18,3.07,0.425,0.392,0.325,0.346
Chikla,21.54306,79.75389,2025-11-03,24.79,0.99,84.3,0.32,0.414,0.39,0.326,0.345
Chikla,21.54306,79.75389,2025-11-04,24.19,0.88,78.83,0.0,0.396,0.384,0.324,0.342
Chikla,21.54306,79.75389,2025-11-05,23.4,1.25,81.97,0.0,0.382,0.378,0.323,0.339
Chikla,21.54306,79.75389,2025-11-06,21.74,1.82,77.74,0.0,0.363,0.371,0.32,0.334
Chikla,21.54306,79.75389,2025-11-07,19.81,1.43,67.96,0.0,0.349,0.366,0.322,0.333
Chikla,21.54306,79.75389,2025-11-08,18.62,1.25,72.08,0.0,0.332,0.36,0.322,0.331
Chikla,21.54306,79.75389,2025-11-09,16.76,1.49,72.42,0.0,0.317,0.353,0.318,0.326
Chikla,21.54306,79.75389,2025-11-10,17.46,0.95,63.84,0.0,0.302,0.344,0.31,0.317
Chikla,21.54306,79.75389,2025-11-11,17.7,1.16,64.83,0.0,0.296,0.34,0.305,0.312
Chikla,21.54306,79.75389,2025-11-12,17.48,1.32,67.14,0.0,0.29,0.334,0.299,0.306
Chikla,21.54306,79.75389,2025-11-13,16.73,1.57,69.46,0.0,0.291,0.334,0.303,0.309
Chikla,21.54306,79.75389,2025-11-14,16.56,1.49,71.5,0.0,0.291,0.334,0.307,0.312
Chikla,21.54306,79.75389,2025-11-15,16.96,1.4,73.52,0.0,0.29,0.333,0.307,0.311
Chikla,21.54306,79.75389,2025-11-16,16.07,1.48,71.54,0.67,0.292,0.334,0.312,0.315
Chikla,21.54306,79.75389,2025-11-17,15.25,1.59,75.53,0.0,0.288,0.332,0.313,0.315
Chikla,21.54306,79.75389,2025-11-18,15.2,1.37,77.47,0.67,0.277,0.325,0.309,0.31
Chikla,21.54306,79.75389,2025-11-19,16.05,1.29,77.31,0.0,0.273,0.321,0.307,0.307
Chikla,21.54306,79.75389,2025-11-20,16.85,1.36,79.2,0.0,0.272,0.319,0.305,0.306
Chikla,21.54306,79.75389,2025-11-21,18.61,0.86,75.63,0.0,0.277,0.321,0.308,0.308
Chikla,21.54306,79.75389,2025-11-22,19.6,0.69,70.11,0.0,0.28,0.321,0.31,0.31
Chikla,21.54306,79.75389,2025-11-23,19.27,1.02,74.65,0.0,0.293,0.328,0.314,0.316
Chikla,21.54306,79.75389,2025-11-24,19.19,1.64,82.32,0.0,0.298,0.331,0.319,0.32
Chikla,21.54306,79.75389,2025-11-25,19.41,1.21,79.51,0.0,0.303,0.336,0.323,0.324
Chikla,21.54306,79.75389,2025-11-26,18.93,1.42,80.76,0.08,0.31,0.34,0.329,0.33
Chikla,21.54306,79.75389,2025-11-27,18.61,1.68,79.08,0.0,0.311,0.341,0.332,0.333
Chikla,21.54306,79.75389,2025-11-28,16.19,1.61,75.35,0.0,0.306,0.341,0.334,0.334
Chikla,21.54306,79.75389,2025-11-29,16.94,1.36,72.17,0.0,0.301,0.339,0.335,0.333
Chikla,21.54306,79.75389,2025-11-30,17.16,1.55,73.73,0.0,0.3,0.338,0.335,0.333
Chikla,21.54306,79.75389,2025-12-01,18.1,1.45,75.93,0.0,0.305,0.339,0.335,0.334
Chikla,21.54306,79.75389,2025-12-02,18.02,1.4,77.64,0.0,0.313,0.34,0.336,0.335
Chikla,21.54306,79.75389,2025-12-03,17.66,1.55,74.92,0.0,0.315,0.339,0.338,0.336
Chikla,21.54306,79.75389,2025-12-04,17.32,1.7,73.17,0.0,0.309,0.334,0.337,0.334
Chikla,21.54306,79.75389,2025-12-05,16.67,1.85,69.08,0.0,0.302,0.33,0.335,0.332
Chikla,21.54306,79.75389,2025-12-06,15.97,1.61,62.0,0.0,0.288,0.323,0.333,0.328
Chikla,21.54306,79.75389,2025-12-07,15.78,1.37,64.5,0.0,0.283,0.322,0.333,0.327
Chikla,21.54306,79.75389,2025-12-08,16.92,1.74,60.43,0.0,0.274,0.319,0.332,0.325
Chikla,21.54306,79.75389,2025-12-09,16.74,2.12,60.22,0.0,0.268,0.316,0.331,0.324
Chikla,21.54306,79.75389,2025-12-10,16.61,1.72,54.09,0.0,0.263,0.314,0.331,0.323
Chikla,21.54306,79.75389,2025-12-11,17.14,1.27,52.76,0.0,0.259,0.313,0.331,0.322
Chikla,21.54306,79.75389,2025-12-12,17.13,1.24,58.75,0.0,0.255,0.309,0.33,0.32
Chikla,21.54306,79.75389,2025-12-13,16.79,1.43,65.1,0.0,0.252,0.307,0.33,0.319
Chikla,21.54306,79.75389,2025-12-14,16.37,1.28,66.97,0.0,0.25,0.305,0.329,0.319
Chikla,21.54306,79.75389,2025-12-15,16.51,1.15,67.2,0.0,0.248,0.304,0.329,0.318
Chikla,21.54306,79.75389,2025-12-16,17.1,1.26,64.1,0.0,0.247,0.302,0.329,0.317
Chikla,21.54306,79.75389,2025-12-17,16.58,1.62,63.11,0.0,0.245,0.301,0.328,0.317
Chikla,21.54306,79.75389,2025-12-18,15.99,1.95,62.9,0.0,0.244,0.3,0.328,0.316
Chikla,21.54306,79.75389,2025-12-19,15.12,2.17,67.8,0.0,0.236,0.298,0.327,0.315
Chikla,21.54306,79.75389,2025-12-20,15.3,1.59,64.42,0.0,0.243,0.297,0.327,0.315
Chikla,21.54306,79.75389,2025-12-21,15.78,1.32,64.6,0.0,0.243,0.296,0.327,0.315
Chikla,21.54306,79.75389,2025-12-22,16.49,1.41,65.92,0.0,0.243,0.295,0.327,0.314
Chikla,21.54306,79.75389,2025-12-23,16.73,1.68,65.62,0.0,0.242,0.294,0.326,0.313
Chikla,21.54306,79.75389,2025-12-24,17.21,1.59,64.3,0.0,0.242,0.293,0.326,0.313
Chikla,21.54306,79.75389,2025-12-25,17.07,1.14,64.29,0.0,0.242,0.292,0.325,0.313
Chikla,21.54306,79.75389,2025-12-26,16.12,1.4,63.95,0.0,0.242,0.291,0.324,0.312
Chikla,21.54306,79.75389,2025-12-27,15.47,1.42,60.76,0.0,0.242,0.291,0.325,0.312
Chikla,21.54306,79.75389,2025-12-28,15.54,1.47,56.85,0.0,0.242,0.29,0.324,0.311
Chikla,21.54306,79.75389,2025-12-29,16.1,1.27,55.32,0.0,0.242,0.289,0.324,0.311
Chikla,21.54306,79.75389,2025-12-30,17.39,0.93,50.89,0.0,0.241,0.289,0.323,0.31
Chikla,21.54306,79.75389,2025-12-31,17.95,1.17,50.81,0.0,0.242,0.288,0.323,0.31
Dongri Buzurg,21.54861,79.68278,2025-01-01,17.14,2.41,52.59,0.0,0.358,0.319,0.323,0.325
Dongri Buzurg,21.54861,79.68278,2025-01-02,17.01,2.47,47.27,0.0,0.348,0.321,0.318,0.321
Dongri Buzurg,21.54861,79.68278,2025-01-03,17.73,2.28,47.96,0.0,0.333,0.315,0.316,0.317
Dongri Buzurg,21.54861,79.68278,2025-01-04,17.84,2.09,53.16,0.0,0.315,0.31,0.314,0.313
Dongri Buzurg,21.54861,79.68278,2025-01-05,18.47,1.49,49.6,0.0,0.302,0.298,0.306,0.304
Dongri Buzurg,21.54861,79.68278,2025-01-06,19.01,1.23,53.9,0.0,0.299,0.297,0.296,0.296
Dongri Buzurg,21.54861,79.68278,2025-01-07,17.71,2.46,55.27,0.0,0.299,0.307,0.288,0.293
Dongri Buzurg,21.54861,79.68278,2025-01-08,15.35,1.76,51.18,0.0,0.291,0.31,0.273,0.282
Dongri Buzurg,21.54861,79.68278,2025-01-09,16.49,1.63,45.39,0.0,0.283,0.299,0.27,0.277
Dongri Buzurg,21.54861,79.68278,2025-01-10,16.95,1.65,47.97,0.0,0.288,0.301,0.27,0.278
Dongri Buzurg,21.54861,79.68278,2025-01-11,18.32,1.72,56.24,0.0,0.291,0.306,0.271,0.279
Dongri Buzurg,21.54861,79.68278,2025-01-12,19.47,1.69,66.3,0.12,0.303,0.317,0.271,0.283
Dongri Buzurg,21.54861,79.68278,2025-01-13,19.57,1.7,69.04,0.06,0.311,0.331,0.271,0.287
Dongri Buzurg,21.54861,79.68278,2025-01-14,19.01,1.25,59.07,0.0,0.324,0.348,0.272,0.291
Dongri Buzurg,21.54861,79.68278,2025-01-15,19.49,1.67,59.92,0.0,0.324,0.35,0.273,0.293
Dongri Buzurg,21.54861,79.68278,2025-01-16,19.9,1.34,60.84,0.0,0.324,0.358,0.273,0.294
Dongri Buzurg,21.54861,79.68278,2025-01-17,20.36,2.33,60.01,0.0,0.315,0.357,0.274,0.294
Dongri Buzurg,21.54861,79.68278,2025-01-18,19.51,1.87,60.71,0.0,0.311,0.362,0.274,0.295
Dongri Buzurg,21.54861,79.68278,2025-01-19,19.75,1.81,49.12,0.0,0.302,0.355,0.275,0.294
Dongri Buzurg,21.54861,79.68278,2025-01-20,19.92,2.12,47.74,0.0,0.284,0.338,0.275,0.289
Dongri Buzurg,21.54861,79.68278,2025-01-21,21.84,1.2,48.96,0.0,0.273,0.333,0.276,0.287
Dongri Buzurg,21.54861,79.68278,2025-01-22,22.02,1.3,42.41,0.0,0.271,0.33,0.276,0.287
Dongri Buzurg,21.54861,79.68278,2025-01-23,21.71,1.55,45.58,0.0,0.266,0.326,0.277,0.286
Dongri Buzurg,21.54861,79.68278,2025-01-24,22.33,1.73,50.15,0.0,0.262,0.324,0.277,0.286
Dongri Buzurg,21.54861,79.68278,2025-01-25,21.95,1.86,53.05,0.0,0.258,0.321,0.277,0.285
Dongri Buzurg,21.54861,79.68278,2025-01-26,21.59,1.83,40.82,0.0,0.254,0.318,0.278,0.285
Dongri Buzurg,21.54861,79.68278,2025-01-27,21.16,1.62,31.06,0.0,0.251,0.315,0.278,0.284
Dongri Buzurg,21.54861,79.68278,2025-01-28,21.93,1.35,28.73,0.0,0.248,0.313,0.278,0.284
Dongri Buzurg,21.54861,79.68278,2025-01-29,22.28,1.39,36.28,0.0,0.246,0.31,0.279,0.283
Dongri Buzurg,21.54861,79.68278,2025-01-30,23.93,1.79,38.24,0.0,0.245,0.308,0.279,0.283
Dongri Buzurg,21.54861,79.68278,2025-01-31,24.11,1.48,34.56,0.0,0.244,0.306,0.28,0.283
Dongri Buzurg,21.54861,79.68278,2025-02-01,24.97,1.66,39.7,0.0,0.243,0.305,0.28,0.283
Dongri Buzurg,21.54861,79.68278,2025-02-02,24.99,1.7,38.45,0.0,0.243,0.303,0.28,0.282
Dongri Buzurg,21.54861,79.68278,2025-02-03,25.8,1.65,36.93,0.0,0.242,0.301,0.281,0.283
Dongri Buzurg,21.54861,79.68278,2025-02-04,26.74,1.39,34.91,0.0,0.242,0.299,0.281,0.282
Dongri Buzurg,21.54861,79.68278,2025-02-05,26.24,1.57,35.97,0.0,0.242,0.298,0.281,0.282
Dongri Buzurg,21.54861,79.68278,2025-02-06,23.38,3.21,36.4,0.0,0.242,0.296,0.282,0.282
Dongri Buzurg,21.54861,79.68278,2025-02-07,22.7,2.57,29.57,0.0,0.242,0.295,0.282,0.282
Dongri Buzurg,21.54861,79.68278,2025-02-08,23.11,1.99,25.48,0.0,0.242,0.294,0.282,0.282
Dongri Buzurg,21.54861,79.68278,2025-02-09,24.11,1.25,23.21,0.0,0.242,0.293,0.283,0.282
Dongri Buzurg,21.54861,79.68278,2025-02-10,24.94,1.44,33.89,0.0,0.242,0.291,0.283,0.282
Dongri Buzurg,21.54861,79.68278,2025-02-11,26.09,1.43,38.33,0.0,0.242,0.29,0.283,0.282
Dongri Buzurg,21.54861,79.68278,2025-02-12,25.02,2.44,22.78,0.0,0.242,0.29,0.283,0.282
Dongri Buzurg,21.54861,79.68278,2025-02-13,23.43,2.94,23.91,0.0,0.242,0.289,0.284,0.282
Dongri Buzurg,21.54861,79.68278,2025-02-14,22.89,2.39,20.51,0.0,0.242,0.288,0.284,0.282
Dongri Buzurg,21.54861,79.68278,2025-02-15,25.05,1.28,22.6,0.0,0.242,0.287,0.284,0.282
Dongri Buzurg,21.54861,79.68278,2025-02-16,25.74,1.4,23.81,0.0,0.242,0.286,0.284,0.282
Dongri Buzurg,21.54861,79.68278,2025-02-17,26.35,1.2,25.75,0.0,0.242,0.286,0.285,0.282
Dongri Buzurg,21.54861,79.68278,2025-02-18,26.11,1.43,27.17,0.0,0.242,0.285,0.285,0.282
Dongri Buzurg,21.54861,79.68278,2025-02-19,25.83,1.66,29.95,0.0,0.242,0.285,0.285,0.282
Dongri Buzurg,21.54861,79.68278,2025-02-20,25.79,1.96,29.62,0.0,0.242,0.284,0.285,0.282
Dongri Buzurg,21.54861,79.68278,2025-02-21,25.95,1.89,24.16,0.0,0.242,0.284,0.285,0.282
Dongri Buzurg,21.54861,79.68278,2025-02-22,25.37,2.7,26.88,0.0,0.242,0.283,0.285,0.282
Dongri Buzurg,21.54861,79.68278,2025-02-23,24.69,1.95,23.38,0.0,0.242,0.283,0.286,0.282
Dongri Buzurg,21.54861,79.68278,2025-02-24,24.4,1.88,23.76,0.0,0.242,0.282,0.286,0.282
Dongri Buzurg,21.54861,79.68278,2025-02-25,24.73,2.02,26.56,0.0,0.242,0.282,0.286,0.282
Dongri Buzurg,21.54861,79.68278,2025-02-26,24.96,2.41,22.57,0.0,0.242,0.282,0.286,0.282
Dongri Buzurg,21.54861,79.68278,2025-02-27,25.87,1.71,21.93,0.0,0.242,0.282,0.286,0.282
Dongri Buzurg,21.54861,79.68278,2025-02-28,26.61,1.82,23.83,0.0,0.241,0.281,0.286,0.282
Dongri Buzurg,21.54861,79.68278,2025-03-01,27.32,1.79,28.81,0.0,0.241,0.281,0.287,0.283
Dongri Buzurg,21.54861,79.68278,2025-03-02,28.44,1.87,27.11,0.0,0.241,0.281,0.287,0.283
Dongri Buzurg,21.54861,79.68278,2025-03-03,27.94,2.1,24.03,0.0,0.241,0.281,0.287,0.282
Dongri Buzurg,21.54861,79.68278,2025-03-04,28.21,2.48,22.08,0.0,0.241,0.28,0.287,0.282
Dongri Buzurg,21.54861,79.68278,2025-03-05,24.08,4.04,12.78,0.0,0.241,0.28,0.287,0.282
Dongri Buzurg,21.54861,79.68278,2025-03-06,23.37,2.63,9.7,0.0,0.241,0.28,0.287,0.282
Dongri Buzurg,21.54861,79.68278,2025-03-07,25.31,1.81,11.25,0.0,0.241,0.28,0.287,0.282
Dongri Buzurg,21.54861,79.68278,2025-03-08,27.05,1.65,15.5,0.0,0.241,0.28,0.287,0.282
Dongri Buzurg,21.54861,79.68278,2025-03-09,27.25,2.11,17.11,0.0,0.241,0.28,0.288,0.283
Dongri Buzurg,21.54861,79.68278,2025-03-10,26.99,2.17,19.33,0.0,0.241,0.28,0.288,0.283
Dongri Buzurg,21.54861,79.68278,2025-03-11,28.32,1.46,17.4,0.0,0.241,0.279,0.288,0.283
Dongri Buzurg,21.54861,79.68278,2025-03-12,30.49,1.57,17.71,0.0,0.241,0.279,0.288,0.283
Dongri Buzurg,21.54861,79.68278,2025-03-13,30.95,2.12,17.88,0.0,0.223,0.279,0.288,0.282
Dongri Buzurg,21.54861,79.68278,2025-03-14,31.06,2.57,14.95,0.0,0.241,0.279,0.288,0.283
Dongri Buzurg,21.54861,79.68278,2025-03-15,31.27,1.61,16.87,0.0,0.24,0.279,0.288,0.283
Dongri Buzurg,21.54861,79.68278,2025-03-16,31.56,2.14,21.93,0.0,0.24,0.279,0.288,0.283
Dongri Buzurg,21.54861,79.68278,2025-03-17,31.23,1.78,23.45,0.0,0.244,0.279,0.288,0.283
Dongri Buzurg,21.54861,79.68278,2025-03-18,30.53,2.04,21.49,0.0,0.245,0.279,0.288,0.283
Dongri Buzurg,21.54861,79.68278,2025-03-19,30.22,2.51,24.04,0.0,0.24,0.279,0.288,0.283
Dongri Buzurg,21.54861,79.68278,2025-03-20,30.85,2.62,27.68,0.03,0.24,0.279,0.288,0.283
Dongri Buzurg,21.54861,79.68278,2025-03-21,30.34,1.71,22.15,0.41,0.24,0.279,0.288,0.283
Dongri Buzurg,21.54861,79.68278,2025-03-22,29.36,1.6,18.79,0.0,0.244,0.279,0.285,0.28
Dongri Buzurg,21.54861,79.68278,2025-03-23,28.95,1.79,18.18,0.0,0.271,0.281,0.293,0.289
Dongri Buzurg,21.54861,79.68278,2025-03-24,28.17,2.18,14.27,0.0,0.248,0.282,0.314,0.303
Dongri Buzurg,21.54861,79.68278,2025-03-25,28.97,1.88,14.68,0.0,0.231,0.282,0.346,0.324
Dongri Buzurg,21.54861,79.68278,2025-03-26,30.38,1.0,14.39,0.0,0.242,0.282,0.349,0.328
Dongri Buzurg,21.54861,79.68278,2025-03-27,32.15,1.55,14.53,0.0,0.267,0.282,0.35,0.33
Dongri Buzurg,21.54861,79.68278,2025-03-28,32.0,3.26,19.9,0.0,0.26,0.282,0.351,0.33
Dongri Buzurg,21.54861,79.68278,2025-03-29,31.3,2.75,14.65,0.0,0.251,0.282,0.35,0.329
Dongri Buzurg,21.54861,79.68278,2025-03-30,31.57,2.05,10.31,0.0,0.245,0.282,0.349,0.328
Dongri Buzurg,21.54861,79.68278,2025-03-31,31.84,1.93,11.92,0.0,0.243,0.281,0.348,0.326
Dongri Buzurg,21.54861,79.68278,2025-04-01,31.24,1.79,19.95,0.0,0.242,0.281,0.347,0.326
Dongri Buzurg,21.54861,79.68278,2025-04-02,30.59,1.38,29.96,3.66,0.242,0.281,0.346,0.325
Dongri Buzurg,21.54861,79.68278,2025-04-03,30.72,1.38,34.23,1.25,0.308,0.281,0.34,0.325
Dongri Buzurg,21.54861,79.68278,2025-04-04,31.13,0.71,32.29,0.82,0.301,0.284,0.344,0.328
Dongri Buzurg,21.54861,79.68278,2025-04-05,31.43,1.88,24.86,0.0,0.306,0.272,0.321,0.31
Dongri Buzurg,21.54861,79.68278,2025-04-06,31.86,1.68,18.5,0.0,0.302,0.272,0.341,0.324
Dongri Buzurg,21.54861,79.68278,2025-04-07,32.93,0.87,17.68,0.0,0.288,0.273,0.346,0.327
Dongri Buzurg,21.54861,79.68278,2025-04-08,32.66,1.66,21.96,0.0,0.281,0.275,0.335,0.319
Dongri Buzurg,21.54861,79.68278,2025-04-09,32.62,1.68,31.16,4.13,0.271,0.276,0.336,0.319
Dongri Buzurg,21.54861,79.68278,2025-04-10,32.97,1.85,32.14,0.78,0.278,0.276,0.324,0.311
Dongri Buzurg,21.54861,79.68278,2025-04-11,32.7,2.07,22.79,0.33,0.274,0.276,0.325,0.311
Dongri Buzurg,21.54861,79.68278,2025-04-12,32.41,3.0,22.38,0.0,0.26,0.276,0.328,0.312
Dongri Buzurg,21.54861,79.68278,2025-04-13,33.03,1.41,23.78,0.16,0.261,0.276,0.335,0.318
Dongri Buzurg,21.54861,79.68278,2025-04-14,33.3,1.48,24.08,0.8,0.311,0.277,0.353,0.334
Dongri Buzurg,21.54861,79.68278,2025-04-15,33.31,1.51,23.06,0.0,0.315,0.277,0.36,0.339
Dongri Buzurg,21.54861,79.68278,2025-04-16,32.64,1.73,31.99,0.0,0.298,0.278,0.363,0.34
Dongri Buzurg,21.54861,79.68278,2025-04-17,33.99,1.31,29.79,0.03,0.284,0.278,0.363,0.34
Dongri Buzurg,21.54861,79.68278,2025-04-18,35.32,1.93,24.1,0.0,0.27,0.278,0.362,0.338
Dongri Buzurg,21.54861,79.68278,2025-04-19,35.58,2.59,19.39,0.18,0.261,0.279,0.361,0.337
Dongri Buzurg,21.54861,79.68278,2025-04-20,35.26,2.44,17.26,0.0,0.251,0.279,0.36,0.335
Dongri Buzurg,21.54861,79.68278,2025-04-21,35.1,2.36,16.85,0.0,0.239,0.283,0.36,0.335
Dongri Buzurg,21.54861,79.68278,2025-04-22,35.62,2.13,11.99,0.0,0.224,0.277,0.362,0.335
Dongri Buzurg,21.54861,79.68278,2025-04-23,35.52,2.26,12.09,0.0,0.225,0.282,0.37,0.341
Dongri Buzurg,21.54861,79.68278,2025-04-24,35.48,2.95,12.26,0.0,0.224,0.282,0.368,0.34
Dongri Buzurg,21.54861,79.68278,2025-04-25,35.99,2.72,15.36,0.0,0.224,0.282,0.366,0.338
Dongri Buzurg,21.54861,79.68278,2025-04-26,36.01,2.19,17.87,0.0,0.224,0.282,0.364,0.337
Dongri Buzurg,21.54861,79.68278,2025-04-27,34.33,2.44,21.85,1.41,0.227,0.282,0.363,0.336
Dongri Buzurg,21.54861,79.68278,2025-04-28,33.55,2.27,25.12,3.18,0.233,0.292,0.361,0.338
Dongri Buzurg,21.54861,79.68278,2025-04-29,33.58,2.14,29.01,0.87,0.269,0.323,0.351,0.339
Dongri Buzurg,21.54861,79.68278,2025-04-30,34.28,1.71,26.99,0.38,0.295,0.3,0.322,0.316
Dongri Buzurg,21.54861,79.68278,2025-05-01,33.22,3.06,37.72,0.4,0.319,0.299,0.304,0.304
Dongri Buzurg,21.54861,79.68278,2025-05-02,33.6,2.55,35.34,0.07,0.302,0.287,0.301,0.298
Dongri Buzurg,21.54861,79.68278,2025-05-03,34.31,2.28,35.08,0.15,0.299,0.308,0.319,0.315
Dongri Buzurg,21.54861,79.68278,2025-05-04,32.23,2.33,45.2,7.92,0.314,0.332,0.33,0.329
Dongri Buzurg,21.54861,79.68278,2025-05-05,31.11,1.17,49.99,3.02,0.288,0.336,0.318,0.319
Dongri Buzurg,21.54861,79.68278,2025-05-06,31.21,1.56,45.02,1.57,0.298,0.352,0.316,0.322
Dongri Buzurg,21.54861,79.68278,2025-05-07,31.14,2.27,41.46,0.09,0.306,0.354,0.316,0.324
Dongri Buzurg,21.54861,79.68278,2025-05-08,30.53,2.05,40.55,0.14,0.297,0.342,0.312,0.317
Dongri Buzurg,21.54861,79.68278,2025-05-09,31.95,1.78,41.92,0.05,0.298,0.332,0.307,0.312
Dongri Buzurg,21.54861,79.68278,2025-05-10,32.26,1.15,43.3,2.28,0.301,0.314,0.299,0.302
Dongri Buzurg,21.54861,79.68278,2025-05-11,33.99,1.47,41.13,0.24,0.292,0.308,0.295,0.297
Dongri Buzurg,21.54861,79.68278,2025-05-12,35.06,2.03,35.03,0.01,0.293,0.315,0.296,0.3
Dongri Buzurg,21.54861,79.68278,2025-05-13,35.6,2.57,32.39,0.47,0.293,0.33,0.303,0.308
Dongri Buzurg,21.54861,79.68278,2025-05-14,35.81,1.73,33.49,1.04,0.315,0.351,0.307,0.316
Dongri Buzurg,21.54861,79.68278,2025-05-15,34.18,1.92,43.43,6.91,0.303,0.345,0.306,0.314
Dongri Buzurg,21.54861,79.68278,2025-05-16,34.22,1.01,46.22,0.33,0.311,0.343,0.314,0.32
Dongri Buzurg,21.54861,79.68278,2025-05-17,34.84,1.75,41.56,1.25,0.326,0.33,0.313,0.318
Dongri Buzurg,21.54861,79.68278,2025-05-18,33.72,1.45,50.04,6.99,0.317,0.338,0.328,0.329
Dongri Buzurg,21.54861,79.68278,2025-05-19,34.15,2.06,48.85,0.01,0.297,0.339,0.332,0.331
Dongri Buzurg,21.54861,79.68278,2025-05-20,35.45,1.45,42.83,0.02,0.296,0.341,0.326,0.327
Dongri Buzurg,21.54861,79.68278,2025-05-21,33.99,1.86,47.36,15.38,0.302,0.348,0.324,0.327
Dongri Buzurg,21.54861,79.68278,2025-05-22,31.43,1.87,58.97,0.27,0.321,0.353,0.32,0.327
Dongri Buzurg,21.54861,79.68278,2025-05-23,30.67,1.89,59.04,0.19,0.323,0.354,0.322,0.329
Dongri Buzurg,21.54861,79.68278,2025-05-24,27.67,2.14,74.08,1.73,0.333,0.364,0.337,0.342
Dongri Buzurg,21.54861,79.68278,2025-05-25,27.58,2.76,75.67,3.34,0.425,0.365,0.348,0.357
Dongri Buzurg,21.54861,79.68278,2025-05-26,30.57,1.88,64.25,1.56,0.436,0.369,0.347,0.358
Dongri Buzurg,21.54861,79.68278,2025-05-27,31.79,1.35,61.53,4.14,0.43,0.365,0.343,0.354
Dongri Buzurg,21.54861,79.68278,2025-05-28,31.35,2.31,65.56,12.42,0.458,0.401,0.35,0.368
Dongri Buzurg,21.54861,79.68278,2025-05-29,32.02,2.58,61.37,5.62,0.456,0.422,0.353,0.375
Dongri Buzurg,21.54861,79.68278,2025-05-30,32.27,3.31,59.71,0.91,0.453,0.42,0.352,0.374
Dongri Buzurg,21.54861,79.68278,2025-05-31,31.11,3.07,57.52,0.52,0.45,0.43,0.358,0.38
Dongri Buzurg,21.54861,79.68278,2025-06-01,31.72,4.71,49.44,0.0,0.434,0.434,0.362,0.382
Dongri Buzurg,21.54861,79.68278,2025-06-02,30.16,3.33,61.01,1.45,0.413,0.425,0.357,0.376
Dongri Buzurg,21.54861,79.68278,2025-06-03,30.98,3.86,52.07,0.04,0.391,0.414,0.354,0.369
Dongri Buzurg,21.54861,79.68278,2025-06-04,30.82,2.06,53.19,0.3,0.377,0.403,0.341,0.357
Dongri Buzurg,21.54861,79.68278,2025-06-05,32.33,1.57,44.89,1.26,0.37,0.389,0.322,0.339
Dongri Buzurg,21.54861,79.68278,2025-06-06,33.76,1.41,39.28,0.0,0.352,0.382,0.319,0.335
Dongri Buzurg,21.54861,79.68278,2025-06-07,33.76,2.7,37.41,0.0,0.339,0.378,0.311,0.327
Dongri Buzurg,21.54861,79.68278,2025-06-08,35.73,3.57,35.75,0.31,0.329,0.376,0.308,0.324
Dongri Buzurg,21.54861,79.68278,2025-06-09,36.6,3.28,31.35,0.0,0.313,0.369,0.313,0.325
Dongri Buzurg,21.54861,79.68278,2025-06-10,37.12,3.81,29.03,0.43,0.313,0.371,0.324,0.333
Dongri Buzurg,21.54861,79.68278,2025-06-11,33.2,2.87,48.56,3.08,0.329,0.377,0.338,0.345
Dongri Buzurg,21.54861,79.68278,2025-06-12,33.06,2.86,50.08,0.74,0.325,0.375,0.34,0.347
Dongri Buzurg,21.54861,79.68278,2025-06-13,32.78,2.95,54.87,0.57,0.308,0.364,0.332,0.337
Dongri Buzurg,21.54861,79.68278,2025-06-14,32.57,2.26,56.98,7.57,0.28,0.356,0.327,0.33
Dongri Buzurg,21.54861,79.68278,2025-06-15,31.88,2.52,60.02,3.89,0.282,0.361,0.34,0.34
Dongri Buzurg,21.54861,79.68278,2025-06-16,30.38,3.36,66.46,2.37,0.317,0.367,0.347,0.349
Dongri Buzurg,21.54861,79.68278,2025-06-17,29.98,3.24,64.08,2.88,0.359,0.362,0.348,0.352
Dongri Buzurg,21.54861,79.68278,2025-06-18,31.26,3.92,58.45,0.74,0.345,0.35,0.341,0.343
Dongri Buzurg,21.54861,79.68278,2025-06-19,28.28,4.49,74.37,4.28,0.318,0.337,0.321,0.324
Dongri Buzurg,21.54861,79.68278,2025-06-20,27.79,3.83,75.03,9.29,0.376,0.344,0.316,0.326
Dongri Buzurg,21.54861,79.68278,2025-06-21,29.14,3.75,68.05,3.98,0.434,0.371,0.328,0.345
Dongri Buzurg,21.54861,79.68278,2025-06-22,28.23,3.88,68.98,2.71,0.441,0.377,0.327,0.345
Dongri Buzurg,21.54861,79.68278,2025-06-23,27.74,4.67,72.41,4.94,0.481,0.423,0.328,0.359
Dongri Buzurg,21.54861,79.68278,2025-06-24,27.9,3.69,77.07,7.17,0.507,0.495,0.34,0.384
Dongri Buzurg,21.54861,79.68278,2025-06-25,27.11,1.8,82.23,24.65,0.502,0.502,0.378,0.413
Dongri Buzurg,21.54861,79.68278,2025-06-26,27.79,2.08,78.35,7.57,0.506,0.5,0.395,0.425
Dongri Buzurg,21.54861,79.68278,2025-06-27,28.25,3.71,74.7,12.52,0.503,0.499,0.408,0.434
Dongri Buzurg,21.54861,79.68278,2025-06-28,27.53,3.29,75.65,11.78,0.492,0.496,0.417,0.439
Dongri Buzurg,21.54861,79.68278,2025-06-29,25.66,3.94,83.64,11.47,0.504,0.494,0.422,0.443
Dongri Buzurg,21.54861,79.68278,2025-06-30,25.7,5.22,86.09,28.75,0.505,0.512,0.445,0.463
Dongri Buzurg,21.54861,79.68278,2025-07-01,26.25,3.77,86.46,30.35,0.507,0.513,0.471,0.482
Dongri Buzurg,21.54861,79.68278,2025-07-02,25.44,3.75,85.88,9.88,0.498,0.504,0.476,0.483
Dongri Buzurg,21.54861,79.68278,2025-07-03,26.79,3.04,84.51,7.0,0.491,0.495,0.477,0.482
Dongri Buzurg,21.54861,79.68278,2025-07-04,26.4,4.09,84.81,10.92,0.507,0.513,0.49,0.496
Dongri Buzurg,21.54861,79.68278,2025-07-05,26.13,4.78,86.79,8.37,0.494,0.503,0.5,0.501
Dongri Buzurg,21.54861,79.68278,2025-07-06,26.07,3.83,88.26,27.31,0.505,0.51,0.505,0.506
Dongri Buzurg,21.54861,79.68278,2025-07-07,25.51,4.66,92.14,80.57,0.514,0.514,0.518,0.517
Dongri Buzurg,21.54861,79.68278,2025-07-08,25.08,4.53,92.56,93.51,0.51,0.509,0.517,0.514
Dongri Buzurg,21.54861,79.68278,2025-07-09,25.77,3.5,88.89,10.08,0.508,0.509,0.517,0.515
Dongri Buzurg,21.54861,79.68278,2025-07-10,26.47,3.22,85.55,1.79,0.496,0.505,0.513,0.51
Dongri Buzurg,21.54861,79.68278,2025-07-11,26.54,3.13,83.02,1.69,0.495,0.509,0.513,0.511
Dongri Buzurg,21.54861,79.68278,2025-07-12,27.16,3.16,82.83,3.77,0.476,0.489,0.512,0.504
Dongri Buzurg,21.54861,79.68278,2025-07-13,26.87,3.52,84.77,5.7,0.475,0.473,0.507,0.497
Dongri Buzurg,21.54861,79.68278,2025-07-14,27.16,2.74,82.8,2.35,0.475,0.47,0.503,0.494
Dongri Buzurg,21.54861,79.68278,2025-07-15,26.6,1.41,86.5,10.26,0.469,0.465,0.499,0.49
Dongri Buzurg,21.54861,79.68278,2025-07-16,27.76,1.44,82.8,3.44,0.495,0.476,0.497,0.492
Dongri Buzurg,21.54861,79.68278,2025-07-17,26.29,1.01,84.11,7.31,0.494,0.493,0.496,0.495
Dongri Buzurg,21.54861,79.68278,2025-07-18,27.39,1.12,83.26,2.07,0.479,0.484,0.494,0.491
Dongri Buzurg,21.54861,79.68278,2025-07-19,27.42,1.25,79.43,0.74,0.47,0.481,0.492,0.488
Dongri Buzurg,21.54861,79.68278,2025-07-20,28.14,1.26,76.78,4.97,0.458,0.47,0.49,0.483
Dongri Buzurg,21.54861,79.68278,2025-07-21,28.04,1.11,82.13,17.2,0.484,0.477,0.487,0.485
Dongri Buzurg,21.54861,79.68278,2025-07-22,27.83,1.8,85.69,5.04,0.496,0.491,0.485,0.487
Dongri Buzurg,21.54861,79.68278,2025-07-23,26.64,2.87,90.25,37.44,0.503,0.511,0.494,0.498
Dongri Buzurg,21.54861,79.68278,2025-07-24,26.11,3.34,91.05,19.64,0.509,0.508,0.513,0.512
Dongri Buzurg,21.54861,79.68278,2025-07-25,25.89,3.97,92.76,45.16,0.512,0.507,0.517,0.515
Dongri Buzurg,21.54861,79.68278,2025-07-26,25.8,4.37,92.82,18.97,0.512,0.507,0.49,0.495
Dongri Buzurg,21.54861,79.68278,2025-07-27,26.08,5.05,86.87,6.01,0.495,0.501,0.473,0.481
Dongri Buzurg,21.54861,79.68278,2025-07-28,25.14,5.11,89.96,3.35,0.493,0.492,0.467,0.474
Dongri Buzurg,21.54861,79.68278,2025-07-29,24.75,6.76,90.8,8.0,0.506,0.511,0.466,0.478
Dongri Buzurg,21.54861,79.68278,2025-07-30,25.22,3.88,90.48,3.83,0.484,0.493,0.466,0.473
Dongri Buzurg,21.54861,79.68278,2025-07-31,25.96,2.67,85.1,1.17,0.483,0.486,0.461,0.468
Dongri Buzurg,21.54861,79.68278,2025-08-01,26.48,2.31,83.39,1.28,0.481,0.483,0.456,0.463
Dongri Buzurg,21.54861,79.68278,2025-08-02,27.01,2.28,82.82,0.85,0.466,0.473,0.45,0.456
Dongri Buzurg,21.54861,79.68278,2025-08-03,27.36,1.85,81.84,0.51,0.451,0.462,0.444,0.448
Dongri Buzurg,21.54861,79.68278,2025-08-04,27.71,1.32,81.41,0.31,0.434,0.451,0.437,0.44
Dongri Buzurg,21.54861,79.68278,2025-08-05,27.81,1.1,80.91,0.16,0.412,0.438,0.428,0.429
Dongri Buzurg,21.54861,79.68278,2025-08-06,27.92,1.11,79.43,0.14,0.382,0.426,0.419,0.418
Dongri Buzurg,21.54861,79.68278,2025-08-07,27.65,1.44,79.76,2.11,0.383,0.409,0.413,0.41
Dongri Buzurg,21.54861,79.68278,2025-08-08,26.21,1.21,86.03,10.68,0.424,0.389,0.408,0.405
Dongri Buzurg,21.54861,79.68278,2025-08-09,26.09,1.09,83.25,1.69,0.424,0.378,0.398,0.396
Dongri Buzurg,21.54861,79.68278,2025-08-10,27.0,1.39,82.95,0.7,0.397,0.369,0.389,0.385
Dongri Buzurg,21.54861,79.68278,2025-08-11,26.23,2.12,89.28,1.47,0.367,0.355,0.38,0.374
Dongri Buzurg,21.54861,79.68278,2025-08-12,26.56,2.19,87.51,2.25,0.384,0.356,0.373,0.37
Dongri Buzurg,21.54861,79.68278,2025-08-13,26.18,2.1,91.55,25.83,0.501,0.464,0.37,0.399
Dongri Buzurg,21.54861,79.68278,2025-08-14,26.68,1.47,86.01,8.7,0.484,0.488,0.378,0.409
Dongri Buzurg,21.54861,79.68278,2025-08-15,26.82,1.38,85.84,4.91,0.497,0.497,0.392,0.421
Dongri Buzurg,21.54861,79.68278,2025-08-16,26.84,1.93,88.14,25.48,0.505,0.505,0.404,0.432
Dongri Buzurg,21.54861,79.68278,2025-08-17,27.07,2.57,88.49,2.11,0.484,0.486,0.406,0.428
Dongri Buzurg,21.54861,79.68278,2025-08-18,26.86,1.62,87.81,30.67,0.481,0.475,0.408,0.427
Dongri Buzurg,21.54861,79.68278,2025-08-19,27.29,1.18,85.91,29.73,0.501,0.496,0.41,0.434
Dongri Buzurg,21.54861,79.68278,2025-08-20,25.82,2.66,91.19,14.97,0.503,0.509,0.425,0.448
Dongri Buzurg,21.54861,79.68278,2025-08-21,25.91,2.94,88.8,10.45,0.499,0.503,0.439,0.456
Dongri Buzurg,21.54861,79.68278,2025-08-22,26.07,3.39,88.55,12.13,0.5,0.505,0.451,0.466
Dongri Buzurg,21.54861,79.68278,2025-08-23,25.8,3.99,88.46,4.93,0.506,0.506,0.458,0.471
Dongri Buzurg,21.54861,79.68278,2025-08-24,25.16,4.24,89.17,3.41,0.502,0.503,0.465,0.476
Dongri Buzurg,21.54861,79.68278,2025-08-25,25.87,3.08,86.56,0.54,0.495,0.5,0.469,0.477
Dongri Buzurg,21.54861,79.68278,2025-08-26,26.54,1.58,85.59,7.25,0.484,0.492,0.47,0.476
Dongri Buzurg,21.54861,79.68278,2025-08-27,27.43,1.09,83.91,15.63,0.497,0.491,0.47,0.477
Dongri Buzurg,21.54861,79.68278,2025-08-28,27.61,0.65,83.73,15.84,0.494,0.504,0.475,0.483
Dongri Buzurg,21.54861,79.68278,2025-08-29,27.0,1.49,86.19,2.55,0.496,0.503,0.486,0.491
Dongri Buzurg,21.54861,79.68278,2025-08-30,26.9,1.54,87.54,2.28,0.471,0.489,0.487,0.486
Dongri Buzurg,21.54861,79.68278,2025-08-31,26.45,2.65,91.07,8.15,0.495,0.496,0.487,0.49
Dongri Buzurg,21.54861,79.68278,2025-09-01,26.03,2.06,89.4,19.43,0.505,0.512,0.5,0.503
Dongri Buzurg,21.54861,79.68278,2025-09-02,26.58,1.28,86.77,11.62,0.505,0.514,0.512,0.512
Dongri Buzurg,21.54861,79.68278,2025-09-03,26.13,1.15,88.28,14.44,0.503,0.51,0.517,0.515
Dongri Buzurg,21.54861,79.68278,2025-09-04,26.02,2.36,89.79,4.61,0.494,0.491,0.513,0.507
Dongri Buzurg,21.54861,79.68278,2025-09-05,25.78,2.99,89.12,0.51,0.474,0.487,0.509,0.502
Dongri Buzurg,21.54861,79.68278,2025-09-06,25.69,1.86,90.2,0.77,0.463,0.473,0.504,0.495
Dongri Buzurg,21.54861,79.68278,2025-09-07,26.19,1.24,88.46,1.8,0.436,0.462,0.497,0.485
Dongri Buzurg,21.54861,79.68278,2025-09-08,26.48,1.7,86.32,1.55,0.417,0.451,0.489,0.476
Dongri Buzurg,21.54861,79.68278,2025-09-09,26.42,1.37,86.77,4.87,0.397,0.434,0.482,0.466
Dongri Buzurg,21.54861,79.68278,2025-09-10,26.14,2.2,89.36,10.19,0.392,0.418,0.474,0.457
Dongri Buzurg,21.54861,79.68278,2025-09-11,26.14,2.18,88.82,13.57,0.438,0.413,0.468,0.454
Dongri Buzurg,21.54861,79.68278,2025-09-12,25.88,1.89,90.4,21.09,0.473,0.434,0.462,0.457
Dongri Buzurg,21.54861,79.68278,2025-09-13,26.94,1.76,85.47,2.92,0.474,0.442,0.457,0.455
Dongri Buzurg,21.54861,79.68278,2025-09-14,26.73,1.26,88.76,4.36,0.472,0.436,0.453,0.45
Dongri Buzurg,21.54861,79.68278,2025-09-15,26.25,1.37,91.79,9.03,0.489,0.466,0.449,0.455
Dongri Buzurg,21.54861,79.68278,2025-09-16,25.8,1.35,89.79,30.49,0.493,0.479,0.445,0.456
Dongri Buzurg,21.54861,79.68278,2025-09-17,26.56,0.97,86.62,10.48,0.486,0.484,0.444,0.455
Dongri Buzurg,21.54861,79.68278,2025-09-18,26.69,0.82,85.73,11.82,0.478,0.48,0.442,0.452
Dongri Buzurg,21.54861,79.68278,2025-09-19,27.01,0.91,87.04,3.81,0.432,0.468,0.439,0.445
Dongri Buzurg,21.54861,79.68278,2025-09-20,26.85,0.99,87.56,5.22,0.408,0.454,0.436,0.438
Dongri Buzurg,21.54861,79.68278,2025-09-21,27.19,1.61,84.97,0.99,0.392,0.441,0.43,0.43
Dongri Buzurg,21.54861,79.68278,2025-09-22,27.05,1.75,83.95,2.21,0.373,0.422,0.422,0.419
Dongri Buzurg,21.54861,79.68278,2025-09-23,26.46,1.76,82.17,0.08,0.356,0.408,0.412,0.407
Dongri Buzurg,21.54861,79.68278,2025-09-24,26.32,2.5,86.05,5.56,0.344,0.397,0.409,0.402
Dongri Buzurg,21.54861,79.68278,2025-09-25,25.2,2.6,91.3,13.05,0.453,0.412,0.409,0.413
Dongri Buzurg,21.54861,79.68278,2025-09-26,26.62,2.92,88.87,5.98,0.451,0.436,0.406,0.416
Dongri Buzurg,21.54861,79.68278,2025-09-27,26.02,2.5,92.44,26.93,0.483,0.474,0.406,0.425
Dongri Buzurg,21.54861,79.68278,2025-09-28,25.65,2.84,90.48,4.97,0.494,0.494,0.413,0.436
Dongri Buzurg,21.54861,79.68278,2025-09-29,25.8,1.57,88.82,0.76,0.471,0.479,0.416,0.433
Dongri Buzurg,21.54861,79.68278,2025-09-30,26.12,1.19,86.65,7.16,0.439,0.466,0.415,0.428
Dongri Buzurg,21.54861,79.68278,2025-10-01,26.18,1.79,87.35,0.44,0.444,0.459,0.413,0.425
Dongri Buzurg,21.54861,79.68278,2025-10-02,25.85,1.89,87.51,0.36,0.458,0.466,0.408,0.423
Dongri Buzurg,21.54861,79.68278,2025-10-03,25.93,2.21,87.56,1.38,0.447,0.455,0.407,0.42
Dongri Buzurg,21.54861,79.68278,2025-10-04,25.88,1.97,88.54,0.7,0.472,0.455,0.404,0.42
Dongri Buzurg,21.54861,79.68278,2025-10-05,25.23,1.33,89.52,11.31,0.471,0.455,0.398,0.415
Dongri Buzurg,21.54861,79.68278,2025-10-06,24.86,1.25,86.48,11.59,0.494,0.487,0.399,0.424
Dongri Buzurg,21.54861,79.68278,2025-10-07,25.19,1.47,84.87,3.58,0.467,0.484,0.404,0.425
Dongri Buzurg,21.54861,79.68278,2025-10-08,24.95,1.44,83.42,6.43,0.435,0.467,0.404,0.419
Dongri Buzurg,21.54861,79.68278,2025-10-09,23.51,2.1,81.35,1.38,0.401,0.448,0.401,0.411
Dongri Buzurg,21.54861,79.68278,2025-10-10,22.58,2.21,85.58,4.21,0.383,0.427,0.397,0.403
Dongri Buzurg,21.54861,79.68278,2025-10-11,22.11,2.7,89.91,3.59,0.375,0.414,0.396,0.398
Dongri Buzurg,21.54861,79.68278,2025-10-12,22.94,1.94,86.85,0.0,0.356,0.403,0.395,0.394
Dongri Buzurg,21.54861,79.68278,2025-10-13,23.64,1.35,85.3,0.0,0.342,0.393,0.393,0.389
Dongri Buzurg,21.54861,79.68278,2025-10-14,23.59,1.59,86.36,0.0,0.332,0.384,0.391,0.386
Dongri Buzurg,21.54861,79.68278,2025-10-15,23.97,1.72,86.63,0.28,0.312,0.365,0.388,0.378
Dongri Buzurg,21.54861,79.68278,2025-10-16,23.99,1.31,84.15,3.54,0.29,0.344,0.383,0.369
Dongri Buzurg,21.54861,79.68278,2025-10-17,23.94,1.03,84.84,0.32,0.293,0.335,0.381,0.365
Dongri Buzurg,21.54861,79.68278,2025-10-18,23.5,1.11,83.71,0.15,0.303,0.329,0.381,0.365
Dongri Buzurg,21.54861,79.68278,2025-10-19,22.54,1.44,84.01,0.0,0.289,0.325,0.381,0.362
Dongri Buzurg,21.54861,79.68278,2025-10-20,22.81,1.73,84.81,0.01,0.286,0.322,0.378,0.36
Dongri Buzurg,21.54861,79.68278,2025-10-21,24.17,2.07,88.54,0.09,0.288,0.316,0.375,0.356
Dongri Buzurg,21.54861,79.68278,2025-10-22,24.33,1.95,87.18,0.1,0.275,0.309,0.372,0.352
Dongri Buzurg,21.54861,79.68278,2025-10-23,23.79,1.77,86.09,0.0,0.261,0.306,0.362,0.343
Dongri Buzurg,21.54861,79.68278,2025-10-24,23.9,1.74,86.56,0.26,0.257,0.302,0.35,0.333
Dongri Buzurg,21.54861,79.68278,2025-10-25,22.94,1.84,89.28,8.43,0.297,0.301,0.341,0.33
Dongri Buzurg,21.54861,79.68278,2025-10-26,22.87,1.96,92.08,10.87,0.41,0.298,0.342,0.337
Dongri Buzurg,21.54861,79.68278,2025-10-27,24.52,2.13,87.38,0.34,0.411,0.3,0.342,0.338
Dongri Buzurg,21.54861,79.68278,2025-10-28,24.69,3.12,87.26,0.09,0.379,0.301,0.341,0.335
Dongri Buzurg,21.54861,79.68278,2025-10-29,25.08,4.05,88.41,7.48,0.365,0.3,0.338,0.332
Dongri Buzurg,21.54861,79.68278,2025-10-30,24.67,2.69,93.26,5.7,0.449,0.321,0.333,0.338
Dongri Buzurg,21.54861,79.68278,2025-10-31,25.3,1.56,88.88,6.17,0.448,0.357,0.331,0.345
Dongri Buzurg,21.54861,79.68278,2025-11-01,25.62,0.97,85.7,0.27,0.418,0.359,0.33,0.342
Dongri Buzurg,21.54861,79.68278,2025-11-02,25.39,1.03,87.22,5.65,0.398,0.357,0.33,0.34
Dongri Buzurg,21.54861,79.68278,2025-11-03,24.89,1.03,85.17,1.75,0.381,0.354,0.329,0.338
Dongri Buzurg,21.54861,79.68278,2025-11-04,24.39,0.92,80.63,0.0,0.364,0.35,0.328,0.335
Dongri Buzurg,21.54861,79.68278,2025-11-05,23.24,1.57,81.16,0.0,0.352,0.345,0.326,0.332
Dongri Buzurg,21.54861,79.68278,2025-11-06,21.82,1.91,76.27,0.0,0.334,0.34,0.324,0.328
Dongri Buzurg,21.54861,79.68278,2025-11-07,19.62,1.59,67.09,0.0,0.323,0.338,0.325,0.328
Dongri Buzurg,21.54861,79.68278,2025-11-08,18.93,1.16,70.17,0.0,0.308,0.333,0.324,0.325
Dongri Buzurg,21.54861,79.68278,2025-11-09,17.16,1.48,69.69,0.0,0.298,0.329,0.323,0.323
Dongri Buzurg,21.54861,79.68278,2025-11-10,17.93,0.85,59.56,0.0,0.287,0.324,0.315,0.315
Dongri Buzurg,21.54861,79.68278,2025-11-11,18.23,1.04,62.69,0.0,0.285,0.322,0.311,0.311
Dongri Buzurg,21.54861,79.68278,2025-11-12,17.64,1.39,66.53,0.0,0.282,0.321,0.307,0.308
Dongri Buzurg,21.54861,79.68278,2025-11-13,16.69,1.71,69.14,0.0,0.284,0.322,0.311,0.311
Dongri Buzurg,21.54861,79.68278,2025-11-14,16.46,1.66,72.66,0.0,0.285,0.324,0.313,0.313
Dongri Buzurg,21.54861,79.68278,2025-11-15,16.65,1.56,74.56,0.0,0.283,0.323,0.31,0.311
Dongri Buzurg,21.54861,79.68278,2025-11-16,15.67,1.72,71.75,1.53,0.286,0.325,0.313,0.313
Dongri Buzurg,21.54861,79.68278,2025-11-17,15.07,1.88,76.43,0.0,0.282,0.323,0.313,0.313
Dongri Buzurg,21.54861,79.68278,2025-11-18,15.09,1.53,79.06,1.53,0.27,0.315,0.308,0.307
Dongri Buzurg,21.54861,79.68278,2025-11-19,15.84,1.34,78.76,0.0,0.267,0.313,0.309,0.307
Dongri Buzurg,21.54861,79.68278,2025-11-20,16.46,1.43,80.12,0.0,0.27,0.315,0.31,0.308
Dongri Buzurg,21.54861,79.68278,2025-11-21,18.28,0.89,75.68,0.0,0.274,0.316,0.316,0.313
Dongri Buzurg,21.54861,79.68278,2025-11-22,19.14,0.68,71.52,0.0,0.274,0.316,0.318,0.314
Dongri Buzurg,21.54861,79.68278,2025-11-23,19.21,0.94,75.18,0.0,0.289,0.325,0.324,0.322
Dongri Buzurg,21.54861,79.68278,2025-11-24,19.21,1.51,83.41,0.0,0.298,0.331,0.33,0.328
Dongri Buzurg,21.54861,79.68278,2025-11-25,19.55,1.13,82.33,0.0,0.304,0.337,0.336,0.334
Dongri Buzurg,21.54861,79.68278,2025-11-26,18.92,1.35,84.86,0.27,0.308,0.341,0.342,0.339
Dongri Buzurg,21.54861,79.68278,2025-11-27,18.75,1.65,82.59,0.0,0.306,0.341,0.344,0.341
Dongri Buzurg,21.54861,79.68278,2025-11-28,16.01,1.83,75.23,0.0,0.301,0.34,0.345,0.341
Dongri Buzurg,21.54861,79.68278,2025-11-29,16.24,1.59,75.5,0.0,0.295,0.337,0.344,0.339
Dongri Buzurg,21.54861,79.68278,2025-11-30,16.88,1.81,74.64,0.0,0.294,0.336,0.344,0.339
Dongri Buzurg,21.54861,79.68278,2025-12-01,17.84,1.51,77.17,0.0,0.297,0.335,0.345,0.34
Dongri Buzurg,21.54861,79.68278,2025-12-02,17.51,1.5,79.66,0.0,0.298,0.331,0.344,0.338
Dongri Buzurg,21.54861,79.68278,2025-12-03,17.15,1.88,76.06,0.0,0.303,0.33,0.344,0.338
Dongri Buzurg,21.54861,79.68278,2025-12-04,16.77,1.88,77.35,0.0,0.294,0.326,0.343,0.336
Dongri Buzurg,21.54861,79.68278,2025-12-05,16.15,2.13,72.55,0.0,0.288,0.323,0.342,0.334
Dongri Buzurg,21.54861,79.68278,2025-12-06,15.44,1.84,66.89,0.0,0.274,0.317,0.339,0.33
Dongri Buzurg,21.54861,79.68278,2025-12-07,15.24,1.54,67.17,0.0,0.272,0.316,0.339,0.33
Dongri Buzurg,21.54861,79.68278,2025-12-08,16.47,1.86,62.42,0.0,0.264,0.313,0.338,0.328
Dongri Buzurg,21.54861,79.68278,2025-12-09,16.35,2.36,61.53,0.0,0.259,0.311,0.338,0.327
Dongri Buzurg,21.54861,79.68278,2025-12-10,16.17,1.83,57.14,0.0,0.255,0.309,0.337,0.326
Dongri Buzurg,21.54861,79.68278,2025-12-11,16.83,1.2,54.35,0.0,0.245,0.307,0.336,0.324
Dongri Buzurg,21.54861,79.68278,2025-12-12,16.6,1.34,60.81,0.0,0.249,0.305,0.336,0.324
Dongri Buzurg,21.54861,79.68278,2025-12-13,16.29,1.52,66.84,0.0,0.248,0.304,0.336,0.323
Dongri Buzurg,21.54861,79.68278,2025-12-14,15.74,1.63,70.08,0.0,0.246,0.303,0.336,0.322
Dongri Buzurg,21.54861,79.68278,2025-12-15,15.94,1.35,69.59,0.0,0.245,0.302,0.335,0.322
Dongri Buzurg,21.54861,79.68278,2025-12-16,16.32,1.51,66.21,0.0,0.244,0.3,0.335,0.321
Dongri Buzurg,21.54861,79.68278,2025-12-17,16.32,1.69,64.62,0.0,0.244,0.299,0.334,0.321
Dongri Buzurg,21.54861,79.68278,2025-12-18,16.0,2.01,63.56,0.0,0.243,0.298,0.334,0.32
Dongri Buzurg,21.54861,79.68278,2025-12-19,15.23,2.41,68.03,0.0,0.243,0.297,0.334,0.319
Dongri Buzurg,21.54861,79.68278,2025-12-20,14.89,1.97,66.44,0.0,0.238,0.295,0.333,0.318
Dongri Buzurg,21.54861,79.68278,2025-12-21,15.45,1.57,65.05,0.0,0.242,0.295,0.333,0.319
Dongri Buzurg,21.54861,79.68278,2025-12-22,15.93,1.75,67.48,0.0,0.242,0.294,0.333,0.318
Dongri Buzurg,21.54861,79.68278,2025-12-23,16.27,2.12,67.41,0.0,0.242,0.293,0.332,0.318
Dongri Buzurg,21.54861,79.68278,2025-12-24,16.86,1.74,66.5,0.0,0.242,0.292,0.332,0.317
Dongri Buzurg,21.54861,79.68278,2025-12-25,16.69,1.34,66.37,0.0,0.242,0.292,0.332,0.317
Dongri Buzurg,21.54861,79.68278,2025-12-26,15.7,1.6,63.63,0.0,0.242,0.291,0.331,0.317
Dongri Buzurg,21.54861,79.68278,2025-12-27,15.36,1.4,60.6,0.0,0.242,0.291,0.331,0.316
Dongri Buzurg,21.54861,79.68278,2025-12-28,15.42,1.43,58.53,0.0,0.242,0.29,0.331,0.316
Dongri Buzurg,21.54861,79.68278,2025-12-29,15.56,1.53,56.91,0.0,0.242,0.289,0.33,0.315
Dongri Buzurg,21.54861,79.68278,2025-12-30,16.87,1.03,50.39,0.0,0.242,0.289,0.33,0.315
Dongri Buzurg,21.54861,79.68278,2025-12-31,17.89,1.14,49.58,0.0,0.242,0.288,0.33,0.315
Gumgaon,21.3977,78.9734,2025-01-01,17.43,2.05,54.69,0.0,0.303,0.315,0.373,0.356
Gumgaon,21.3977,78.9734,2025-01-02,17.2,2.13,47.7,0.0,0.296,0.318,0.375,0.358
Gumgaon,21.3977,78.9734,2025-01-03,17.93,2.07,48.81,0.0,0.294,0.324,0.355,0.344
Gumgaon,21.3977,78.9734,2025-01-04,18.18,1.85,52.44,0.0,0.282,0.317,0.352,0.34
Gumgaon,21.3977,78.9734,2025-01-05,18.55,1.64,50.83,0.0,0.265,0.31,0.356,0.34
Gumgaon,21.3977,78.9734,2025-01-06,18.72,1.14,53.64,0.0,0.258,0.315,0.352,0.338
Gumgaon,21.3977,78.9734,2025-01-07,17.37,2.15,57.14,0.0,0.257,0.319,0.344,0.333
Gumgaon,21.3977,78.9734,2025-01-08,15.25,1.61,52.15,0.0,0.254,0.321,0.326,0.32
Gumgaon,21.3977,78.9734,2025-01-09,16.11,1.63,48.33,0.0,0.254,0.321,0.315,0.312
Gumgaon,21.3977,78.9734,2025-01-10,16.58,1.71,50.82,0.0,0.267,0.322,0.321,0.317
Gumgaon,21.3977,78.9734,2025-01-11,17.58,1.79,62.35,0.0,0.283,0.326,0.325,0.322
Gumgaon,21.3977,78.9734,2025-01-12,19.27,1.65,69.47,0.32,0.302,0.337,0.331,0.33
Gumgaon,21.3977,78.9734,2025-01-13,18.92,1.57,71.2,0.05,0.307,0.35,0.345,0.343
Gumgaon,21.3977,78.9734,2025-01-14,18.32,1.18,64.1,0.0,0.316,0.365,0.348,0.349
Gumgaon,21.3977,78.9734,2025-01-15,19.0,1.85,63.43,0.0,0.319,0.384,0.336,0.345
Gumgaon,21.3977,78.9734,2025-01-16,19.07,1.38,65.81,0.0,0.326,0.389,0.33,0.342
Gumgaon,21.3977,78.9734,2025-01-17,19.83,2.24,65.11,0.0,0.33,0.376,0.325,0.336
Gumgaon,21.3977,78.9734,2025-01-18,18.8,1.79,65.95,0.0,0.324,0.37,0.315,0.327
Gumgaon,21.3977,78.9734,2025-01-19,19.13,1.61,53.76,0.0,0.308,0.363,0.311,0.321
Gumgaon,21.3977,78.9734,2025-01-20,19.63,1.91,51.43,0.0,0.308,0.357,0.311,0.32
Gumgaon,21.3977,78.9734,2025-01-21,21.33,1.08,50.35,0.0,0.296,0.351,0.312,0.319
Gumgaon,21.3977,78.9734,2025-01-22,21.53,1.42,44.7,0.0,0.286,0.345,0.311,0.317
Gumgaon,21.3977,78.9734,2025-01-23,21.15,1.61,49.16,0.0,0.282,0.339,0.311,0.315
Gumgaon,21.3977,78.9734,2025-01-24,21.57,1.67,53.52,0.0,0.286,0.334,0.311,0.314
Gumgaon,21.3977,78.9734,2025-01-25,21.34,1.77,55.42,0.0,0.285,0.329,0.311,0.313
Gumgaon,21.3977,78.9734,2025-01-26,21.32,1.57,46.46,0.0,0.28,0.324,0.311,0.311
Gumgaon,21.3977,78.9734,2025-01-27,21.06,1.48,35.46,0.0,0.276,0.32,0.31,0.31
Gumgaon,21.3977,78.9734,2025-01-28,21.97,1.19,31.4,0.0,0.269,0.316,0.31,0.308
Gumgaon,21.3977,78.9734,2025-01-29,22.42,1.4,36.49,0.0,0.267,0.312,0.31,0.307
Gumgaon,21.3977,78.9734,2025-01-30,23.65,1.96,37.54,0.0,0.264,0.309,0.309,0.306
Gumgaon,21.3977,78.9734,2025-01-31,23.89,1.56,35.05,0.0,0.26,0.305,0.309,0.305
Gumgaon,21.3977,78.9734,2025-02-01,24.32,1.67,38.65,0.0,0.257,0.302,0.309,0.303
Gumgaon,21.3977,78.9734,2025-02-02,24.59,1.66,37.66,0.0,0.255,0.299,0.308,0.302
Gumgaon,21.3977,78.9734,2025-02-03,25.12,1.77,37.69,0.0,0.253,0.297,0.308,0.301
Gumgaon,21.3977,78.9734,2025-02-04,25.83,1.65,37.45,0.0,0.252,0.294,0.307,0.3
Gumgaon,21.3977,78.9734,2025-02-05,25.49,1.63,37.36,0.0,0.251,0.292,0.307,0.3
Gumgaon,21.3977,78.9734,2025-02-06,23.24,2.73,35.91,0.0,0.25,0.29,0.306,0.299
Gumgaon,21.3977,78.9734,2025-02-07,22.73,2.34,30.34,0.0,0.25,0.289,0.306,0.298
Gumgaon,21.3977,78.9734,2025-02-08,23.16,1.81,27.41,0.0,0.25,0.288,0.305,0.297
Gumgaon,21.3977,78.9734,2025-02-09,24.27,1.2,25.77,0.0,0.249,0.286,0.305,0.297
Gumgaon,21.3977,78.9734,2025-02-10,24.95,1.55,35.18,0.0,0.249,0.285,0.304,0.296
Gumgaon,21.3977,78.9734,2025-02-11,25.57,1.58,36.98,0.0,0.249,0.284,0.304,0.296
Gumgaon,21.3977,78.9734,2025-02-12,24.19,2.56,22.76,0.0,0.249,0.284,0.303,0.295
Gumgaon,21.3977,78.9734,2025-02-13,23.28,2.65,22.91,0.0,0.249,0.283,0.303,0.295
Gumgaon,21.3977,78.9734,2025-02-14,22.86,2.31,19.99,0.0,0.249,0.282,0.302,0.294
Gumgaon,21.3977,78.9734,2025-02-15,24.69,1.52,23.17,0.0,0.249,0.282,0.302,0.294
Gumgaon,21.3977,78.9734,2025-02-16,25.24,1.7,24.57,0.0,0.249,0.281,0.301,0.293
Gumgaon,21.3977,78.9734,2025-02-17,26.18,1.33,25.24,0.0,0.249,0.281,0.301,0.293
Gumgaon,21.3977,78.9734,2025-02-18,25.72,1.73,27.9,0.0,0.249,0.28,0.3,0.292
Gumgaon,21.3977,78.9734,2025-02-19,25.5,1.83,29.83,0.0,0.249,0.28,0.3,0.292
Gumgaon,21.3977,78.9734,2025-02-20,25.41,2.22,28.36,0.0,0.249,0.28,0.299,0.292
Gumgaon,21.3977,78.9734,2025-02-21,25.33,1.97,23.95,0.0,0.249,0.28,0.299,0.291
Gumgaon,21.3977,78.9734,2025-02-22,25.0,2.54,26.96,0.0,0.252,0.279,0.298,0.291
Gumgaon,21.3977,78.9734,2025-02-23,24.6,1.66,22.89,0.0,0.257,0.279,0.298,0.291
Gumgaon,21.3977,78.9734,2025-02-24,23.96,1.89,23.78,0.0,0.253,0.279,0.297,0.291
Gumgaon,21.3977,78.9734,2025-02-25,24.61,2.09,26.29,0.0,0.251,0.279,0.297,0.29
Gumgaon,21.3977,78.9734,2025-02-26,24.92,2.47,22.77,0.0,0.25,0.279,0.297,0.29
Gumgaon,21.3977,78.9734,2025-02-27,25.59,1.97,23.68,0.0,0.25,0.279,0.296,0.289
Gumgaon,21.3977,78.9734,2025-02-28,26.39,1.97,22.83,0.0,0.249,0.279,0.296,0.289
Gumgaon,21.3977,78.9734,2025-03-01,26.9,1.91,29.95,0.0,0.249,0.279,0.296,0.289
Gumgaon,21.3977,78.9734,2025-03-02,27.94,2.02,27.17,0.0,0.249,0.279,0.295,0.289
Gumgaon,21.3977,78.9734,2025-03-03,27.58,2.14,23.77,0.0,0.249,0.279,0.295,0.288
Gumgaon,21.3977,78.9734,2025-03-04,27.62,2.52,22.12,0.0,0.249,0.279,0.295,0.288
Gumgaon,21.3977,78.9734,2025-03-05,23.55,4.02,11.68,0.0,0.249,0.279,0.294,0.288
Gumgaon,21.3977,78.9734,2025-03-06,23.21,2.75,9.4,0.0,0.249,0.279,0.294,0.288
Gumgaon,21.3977,78.9734,2025-03-07,25.21,1.8,10.82,0.0,0.249,0.279,0.294,0.288
Gumgaon,21.3977,78.9734,2025-03-08,26.89,1.86,15.58,0.0,0.249,0.279,0.294,0.287
Gumgaon,21.3977,78.9734,2025-03-09,26.99,2.23,17.13,0.0,0.249,0.279,0.293,0.287
Gumgaon,21.3977,78.9734,2025-03-10,26.67,2.48,18.85,0.0,0.249,0.279,0.293,0.287
Gumgaon,21.3977,78.9734,2025-03-11,28.31,1.43,17.77,0.0,0.248,0.279,0.293,0.287
Gumgaon,21.3977,78.9734,2025-03-12,30.02,1.7,18.16,0.0,0.248,0.278,0.292,0.286
Gumgaon,21.3977,78.9734,2025-03-13,30.39,2.35,17.96,0.0,0.262,0.278,0.292,0.287
Gumgaon,21.3977,78.9734,2025-03-14,30.53,2.83,14.55,0.0,0.248,0.278,0.292,0.286
Gumgaon,21.3977,78.9734,2025-03-15,31.01,1.68,15.93,0.0,0.248,0.278,0.291,0.286
Gumgaon,21.3977,78.9734,2025-03-16,31.3,2.0,20.45,0.0,0.248,0.278,0.291,0.285
Gumgaon,21.3977,78.9734,2025-03-17,30.7,2.27,22.78,0.0,0.248,0.278,0.291,0.285
Gumgaon,21.3977,78.9734,2025-03-18,30.01,2.11,20.64,0.0,0.248,0.278,0.291,0.285
Gumgaon,21.3977,78.9734,2025-03-19,29.93,2.51,22.34,0.0,0.248,0.278,0.291,0.285
Gumgaon,21.3977,78.9734,2025-03-20,30.59,2.43,23.82,0.0,0.248,0.278,0.29,0.285
Gumgaon,21.3977,78.9734,2025-03-21,29.47,2.42,20.54,0.13,0.246,0.278,0.29,0.284
Gumgaon,21.3977,78.9734,2025-03-22,28.81,1.89,18.47,0.0,0.246,0.278,0.29,0.284
Gumgaon,21.3977,78.9734,2025-03-23,28.82,1.98,17.22,0.0,0.248,0.278,0.29,0.285
Gumgaon,21.3977,78.9734,2025-03-24,28.03,2.41,13.34,0.0,0.253,0.278,0.29,0.285
Gumgaon,21.3977,78.9734,2025-03-25,28.92,1.88,13.63,0.0,0.247,0.278,0.29,0.284
Gumgaon,21.3977,78.9734,2025-03-26,30.28,1.11,13.92,0.0,0.247,0.278,0.289,0.284
Gumgaon,21.3977,78.9734,2025-03-27,31.74,1.91,14.77,0.0,0.247,0.278,0.289,0.284
Gumgaon,21.3977,78.9734,2025-03-28,31.48,3.48,20.95,0.0,0.247,0.278,0.289,0.284
Gumgaon,21.3977,78.9734,2025-03-29,31.05,2.8,13.54,0.0,0.247,0.278,0.289,0.283
Gumgaon,21.3977,78.9734,2025-03-30,31.42,1.89,10.2,0.0,0.247,0.278,0.288,0.283
Gumgaon,21.3977,78.9734,2025-03-31,31.57,2.1,12.53,0.0,0.247,0.278,0.288,0.283
Gumgaon,21.3977,78.9734,2025-04-01,31.26,1.8,19.41,1.77,0.246,0.278,0.288,0.283
Gumgaon,21.3977,78.9734,2025-04-02,29.88,1.89,36.19,5.55,0.246,0.278,0.288,0.283
Gumgaon,21.3977,78.9734,2025-04-03,29.76,1.36,43.06,1.73,0.267,0.278,0.281,0.279
Gumgaon,21.3977,78.9734,2025-04-04,30.53,1.02,35.37,0.18,0.272,0.278,0.281,0.279
Gumgaon,21.3977,78.9734,2025-04-05,31.08,1.81,23.69,0.0,0.294,0.278,0.261,0.267
Gumgaon,21.3977,78.9734,2025-04-06,31.45,1.62,20.12,0.0,0.296,0.278,0.262,0.268
Gumgaon,21.3977,78.9734,2025-04-07,33.06,1.06,17.99,0.0,0.298,0.276,0.263,0.268
Gumgaon,21.3977,78.9734,2025-04-08,32.47,1.73,21.34,0.0,0.296,0.271,0.265,0.268
Gumgaon,21.3977,78.9734,2025-04-09,32.68,1.52,28.43,2.85,0.27,0.27,0.265,0.266
Gumgaon,21.3977,78.9734,2025-04-10,32.61,2.06,30.69,1.87,0.272,0.269,0.265,0.266
Gumgaon,21.3977,78.9734,2025-04-11,32.09,2.86,20.6,0.65,0.29,0.269,0.266,0.268
Gumgaon,21.3977,78.9734,2025-04-12,31.86,3.34,22.94,0.0,0.287,0.269,0.266,0.268
Gumgaon,21.3977,78.9734,2025-04-13,32.36,2.06,23.96,0.11,0.274,0.269,0.266,0.267
Gumgaon,21.3977,78.9734,2025-04-14,33.06,1.9,22.43,0.23,0.269,0.269,0.266,0.267
Gumgaon,21.3977,78.9734,2025-04-15,33.28,0.97,21.31,0.0,0.27,0.269,0.267,0.267
Gumgaon,21.3977,78.9734,2025-04-16,33.0,1.6,27.07,0.0,0.261,0.269,0.267,0.267
Gumgaon,21.3977,78.9734,2025-04-17,34.11,1.37,26.14,0.02,0.271,0.269,0.267,0.268
Gumgaon,21.3977,78.9734,2025-04-18,35.23,1.96,21.07,0.0,0.264,0.269,0.267,0.267
Gumgaon,21.3977,78.9734,2025-04-19,35.4,3.45,17.2,0.06,0.256,0.269,0.268,0.267
Gumgaon,21.3977,78.9734,2025-04-20,35.12,3.31,16.43,0.0,0.251,0.269,0.268,0.267
Gumgaon,21.3977,78.9734,2025-04-21,34.7,3.05,15.65,0.0,0.258,0.269,0.268,0.267
Gumgaon,21.3977,78.9734,2025-04-22,35.15,2.5,11.89,0.0,0.249,0.269,0.268,0.267
Gumgaon,21.3977,78.9734,2025-04-23,35.18,3.03,11.17,0.0,0.249,0.269,0.268,0.267
Gumgaon,21.3977,78.9734,2025-04-24,35.23,3.66,11.8,0.0,0.249,0.269,0.269,0.267
Gumgaon,21.3977,78.9734,2025-04-25,35.78,3.43,15.17,0.0,0.256,0.269,0.269,0.268
Gumgaon,21.3977,78.9734,2025-04-26,35.04,2.67,17.96,0.0,0.248,0.269,0.269,0.268
Gumgaon,21.3977,78.9734,2025-04-27,34.04,2.17,17.94,0.15,0.251,0.269,0.269,0.268
Gumgaon,21.3977,78.9734,2025-04-28,33.79,2.38,16.68,1.83,0.263,0.269,0.269,0.269
Gumgaon,21.3977,78.9734,2025-04-29,34.11,2.12,22.0,0.13,0.295,0.269,0.27,0.272
Gumgaon,21.3977,78.9734,2025-04-30,34.65,2.35,19.06,0.05,0.328,0.269,0.27,0.274
Gumgaon,21.3977,78.9734,2025-05-01,33.49,2.42,32.85,0.16,0.334,0.27,0.27,0.274
Gumgaon,21.3977,78.9734,2025-05-02,33.96,1.81,26.08,0.08,0.319,0.27,0.27,0.273
Gumgaon,21.3977,78.9734,2025-05-03,34.63,2.1,29.46,0.01,0.324,0.27,0.27,0.274
Gumgaon,21.3977,78.9734,2025-05-04,32.82,2.17,36.13,2.23,0.31,0.27,0.271,0.274
Gumgaon,21.3977,78.9734,2025-05-05,31.47,2.02,38.76,4.38,0.293,0.271,0.271,0.273
Gumgaon,21.3977,78.9734,2025-05-06,31.34,1.98,38.9,1.24,0.299,0.271,0.271,0.273
Gumgaon,21.3977,78.9734,2025-05-07,30.51,3.47,38.04,0.79,0.302,0.271,0.271,0.273
Gumgaon,21.3977,78.9734,2025-05-08,30.0,2.68,39.42,0.04,0.289,0.271,0.272,0.273
Gumgaon,21.3977,78.9734,2025-05-09,32.17,2.09,37.06,0.08,0.285,0.271,0.272,0.273
Gumgaon,21.3977,78.9734,2025-05-10,31.89,0.99,44.54,3.08,0.288,0.27,0.272,0.273
Gumgaon,21.3977,78.9734,2025-05-11,33.85,1.25,40.57,0.53,0.281,0.27,0.272,0.272
Gumgaon,21.3977,78.9734,2025-05-12,34.03,2.07,37.16,0.03,0.287,0.27,0.272,0.273
Gumgaon,21.3977,78.9734,2025-05-13,34.7,3.19,33.63,0.15,0.31,0.27,0.272,0.274
Gumgaon,21.3977,78.9734,2025-05-14,35.0,1.97,35.33,1.16,0.322,0.27,0.272,0.275
Gumgaon,21.3977,78.9734,2025-05-15,33.98,1.68,41.81,6.15,0.317,0.271,0.272,0.275
Gumgaon,21.3977,78.9734,2025-05-16,33.67,1.39,45.6,0.52,0.308,0.271,0.273,0.275
Gumgaon,21.3977,78.9734,2025-05-17,34.35,1.77,42.6,3.75,0.296,0.27,0.272,0.273
Gumgaon,21.3977,78.9734,2025-05-18,33.33,1.46,51.5,3.03,0.295,0.269,0.272,0.273
Gumgaon,21.3977,78.9734,2025-05-19,34.04,1.87,47.93,0.09,0.337,0.27,0.272,0.276
Gumgaon,21.3977,78.9734,2025-05-20,35.24,1.96,42.1,0.18,0.286,0.269,0.273,0.273
Gumgaon,21.3977,78.9734,2025-05-21,33.64,1.55,47.57,15.56,0.316,0.269,0.273,0.275
Gumgaon,21.3977,78.9734,2025-05-22,30.82,2.21,59.47,0.37,0.373,0.271,0.273,0.28
Gumgaon,21.3977,78.9734,2025-05-23,30.3,2.01,58.62,0.34,0.349,0.271,0.273,0.278
Gumgaon,21.3977,78.9734,2025-05-24,27.3,2.83,72.78,0.74,0.37,0.272,0.273,0.28
Gumgaon,21.3977,78.9734,2025-05-25,27.16,3.01,76.12,4.74,0.392,0.275,0.273,0.282
Gumgaon,21.3977,78.9734,2025-05-26,30.29,2.01,63.87,2.47,0.397,0.277,0.274,0.283
Gumgaon,21.3977,78.9734,2025-05-27,31.77,1.39,60.73,4.75,0.446,0.294,0.274,0.29
Gumgaon,21.3977,78.9734,2025-05-28,30.51,3.33,66.85,13.17,0.451,0.329,0.274,0.298
Gumgaon,21.3977,78.9734,2025-05-29,31.54,3.25,61.08,5.12,0.451,0.359,0.274,0.304
Gumgaon,21.3977,78.9734,2025-05-30,31.13,3.95,61.32,1.49,0.453,0.386,0.274,0.31
Gumgaon,21.3977,78.9734,2025-05-31,30.65,3.93,55.7,0.11,0.455,0.442,0.276,0.323
Gumgaon,21.3977,78.9734,2025-06-01,30.69,4.96,53.32,0.0,0.432,0.435,0.278,0.321
Gumgaon,21.3977,78.9734,2025-06-02,29.7,3.29,61.18,0.61,0.405,0.423,0.278,0.317
Gumgaon,21.3977,78.9734,2025-06-03,30.12,4.22,54.28,0.29,0.374,0.407,0.27,0.306
Gumgaon,21.3977,78.9734,2025-06-04,30.18,2.33,55.29,0.31,0.343,0.392,0.27,0.301
Gumgaon,21.3977,78.9734,2025-06-05,31.92,1.09,46.71,1.39,0.331,0.383,0.269,0.298
Gumgaon,21.3977,78.9734,2025-06-06,33.29,1.49,38.93,0.0,0.32,0.376,0.269,0.295
Gumgaon,21.3977,78.9734,2025-06-07,32.04,3.1,42.33,0.19,0.305,0.365,0.27,0.292
Gumgaon,21.3977,78.9734,2025-06-08,34.31,4.66,37.55,0.21,0.299,0.363,0.27,0.292
Gumgaon,21.3977,78.9734,2025-06-09,35.53,4.62,31.18,0.0,0.296,0.359,0.27,0.291
Gumgaon,21.3977,78.9734,2025-06-10,35.94,4.49,29.83,0.37,0.307,0.363,0.27,0.292
Gumgaon,21.3977,78.9734,2025-06-11,32.83,2.74,48.6,1.65,0.337,0.372,0.271,0.297
Gumgaon,21.3977,78.9734,2025-06-12,33.01,2.65,49.36,0.73,0.341,0.372,0.27,0.297
Gumgaon,21.3977,78.9734,2025-06-13,32.73,3.25,53.9,1.19,0.329,0.361,0.269,0.292
Gumgaon,21.3977,78.9734,2025-06-14,31.79,2.0,59.27,10.3,0.316,0.353,0.269,0.29
Gumgaon,21.3977,78.9734,2025-06-15,31.36,2.5,60.86,2.74,0.321,0.358,0.269,0.291
Gumgaon,21.3977,78.9734,2025-06-16,29.91,3.47,67.35,2.74,0.403,0.363,0.269,0.298
Gumgaon,21.3977,78.9734,2025-06-17,29.6,3.57,63.41,2.41,0.458,0.378,0.27,0.306
Gumgaon,21.3977,78.9734,2025-06-18,30.36,4.27,62.64,0.89,0.409,0.376,0.27,0.302
Gumgaon,21.3977,78.9734,2025-06-19,27.89,4.83,73.18,2.75,0.38,0.363,0.27,0.297
Gumgaon,21.3977,78.9734,2025-06-20,27.55,4.25,72.61,10.27,0.419,0.371,0.27,0.302
Gumgaon,21.3977,78.9734,2025-06-21,28.37,4.06,68.89,2.99,0.451,0.4,0.271,0.311
Gumgaon,21.3977,78.9734,2025-06-22,27.33,4.2,70.77,3.38,0.488,0.421,0.272,0.318
Gumgaon,21.3977,78.9734,2025-06-23,26.94,5.15,74.77,4.51,0.488,0.446,0.273,0.324
Gumgaon,21.3977,78.9734,2025-06-24,27.0,4.06,78.69,6.17,0.499,0.486,0.279,0.338
Gumgaon,21.3977,78.9734,2025-06-25,26.82,2.02,80.83,17.68,0.505,0.501,0.294,0.352
Gumgaon,21.3977,78.9734,2025-06-26,27.2,2.38,78.96,9.16,0.505,0.498,0.309,0.362
Gumgaon,21.3977,78.9734,2025-06-27,27.94,3.86,74.19,9.88,0.496,0.49,0.323,0.37
Gumgaon,21.3977,78.9734,2025-06-28,27.32,3.77,73.32,5.65,0.493,0.482,0.33,0.373
Gumgaon,21.3977,78.9734,2025-06-29,25.37,4.55,83.33,7.57,0.502,0.486,0.335,0.379
Gumgaon,21.3977,78.9734,2025-06-30,25.45,5.19,84.7,23.97,0.504,0.502,0.349,0.392
Gumgaon,21.3977,78.9734,2025-07-01,25.64,4.46,85.58,16.47,0.51,0.503,0.367,0.406
Gumgaon,21.3977,78.9734,2025-07-02,25.4,4.0,83.3,12.06,0.492,0.491,0.377,0.409
Gumgaon,21.3977,78.9734,2025-07-03,26.84,3.36,81.4,7.84,0.473,0.474,0.379,0.406
Gumgaon,21.3977,78.9734,2025-07-04,25.94,4.16,84.38,7.22,0.499,0.478,0.382,0.41
Gumgaon,21.3977,78.9734,2025-07-05,25.79,4.85,86.04,9.9,0.483,0.48,0.386,0.412
Gumgaon,21.3977,78.9734,2025-07-06,25.77,4.05,86.66,15.49,0.503,0.492,0.391,0.42
Gumgaon,21.3977,78.9734,2025-07-07,25.04,5.08,91.06,58.19,0.511,0.518,0.456,0.473
Gumgaon,21.3977,78.9734,2025-07-08,24.38,4.75,92.31,81.78,0.509,0.517,0.506,0.508
Gumgaon,21.3977,78.9734,2025-07-09,24.9,3.82,88.53,11.71,0.508,0.512,0.513,0.512
Gumgaon,21.3977,78.9734,2025-07-10,25.83,3.57,84.24,1.91,0.495,0.504,0.508,0.506
Gumgaon,21.3977,78.9734,2025-07-11,26.25,3.39,80.48,1.65,0.476,0.488,0.504,0.498
Gumgaon,21.3977,78.9734,2025-07-12,26.69,3.64,81.53,2.67,0.461,0.474,0.499,0.491
Gumgaon,21.3977,78.9734,2025-07-13,26.21,4.03,84.72,4.23,0.443,0.462,0.494,0.484
Gumgaon,21.3977,78.9734,2025-07-14,27.04,3.15,80.5,1.03,0.442,0.454,0.49,0.479
Gumgaon,21.3977,78.9734,2025-07-15,26.51,1.41,83.98,5.94,0.446,0.445,0.486,0.475
Gumgaon,21.3977,78.9734,2025-07-16,27.4,1.81,82.13,3.13,0.465,0.443,0.484,0.474
Gumgaon,21.3977,78.9734,2025-07-17,26.01,1.0,86.23,4.95,0.475,0.451,0.481,0.475
Gumgaon,21.3977,78.9734,2025-07-18,26.83,1.5,82.41,1.31,0.466,0.462,0.479,0.475
Gumgaon,21.3977,78.9734,2025-07-19,26.74,1.45,77.9,0.08,0.448,0.456,0.477,0.47
Gumgaon,21.3977,78.9734,2025-07-20,27.6,1.3,76.31,4.7,0.429,0.448,0.474,0.465
Gumgaon,21.3977,78.9734,2025-07-21,27.9,1.34,78.61,10.16,0.444,0.434,0.472,0.462
Gumgaon,21.3977,78.9734,2025-07-22,27.15,2.29,85.26,5.04,0.488,0.459,0.47,0.469
Gumgaon,21.3977,78.9734,2025-07-23,26.12,3.19,88.44,26.66,0.497,0.487,0.47,0.476
Gumgaon,21.3977,78.9734,2025-07-24,25.48,3.71,90.74,16.27,0.509,0.513,0.485,0.492
Gumgaon,21.3977,78.9734,2025-07-25,25.21,4.27,91.6,29.41,0.509,0.512,0.495,0.5
Gumgaon,21.3977,78.9734,2025-07-26,25.22,4.91,92.67,25.03,0.512,0.514,0.514,0.514
Gumgaon,21.3977,78.9734,2025-07-27,25.83,5.18,85.51,6.78,0.492,0.496,0.513,0.508
Gumgaon,21.3977,78.9734,2025-07-28,24.8,5.56,88.52,3.58,0.493,0.485,0.507,0.502
Gumgaon,21.3977,78.9734,2025-07-29,24.35,6.93,89.99,8.73,0.507,0.509,0.51,0.51
Gumgaon,21.3977,78.9734,2025-07-30,24.83,4.03,89.28,6.07,0.493,0.497,0.509,0.506
Gumgaon,21.3977,78.9734,2025-07-31,25.65,2.89,83.64,0.75,0.479,0.484,0.505,0.498
Gumgaon,21.3977,78.9734,2025-08-01,26.05,2.67,82.18,0.29,0.467,0.47,0.5,0.491
Gumgaon,21.3977,78.9734,2025-08-02,26.55,2.58,81.57,0.18,0.457,0.459,0.496,0.485
Gumgaon,21.3977,78.9734,2025-08-03,26.77,2.09,81.33,0.08,0.444,0.451,0.492,0.48
Gumgaon,21.3977,78.9734,2025-08-04,26.86,1.48,81.92,0.07,0.441,0.447,0.488,0.476
Gumgaon,21.3977,78.9734,2025-08-05,27.12,1.27,81.07,0.03,0.417,0.434,0.484,0.469
Gumgaon,21.3977,78.9734,2025-08-06,27.38,1.22,78.43,0.04,0.382,0.41,0.48,0.458
Gumgaon,21.3977,78.9734,2025-08-07,27.12,1.6,79.49,1.73,0.407,0.395,0.475,0.454
Gumgaon,21.3977,78.9734,2025-08-08,25.69,1.28,85.81,9.27,0.455,0.4,0.472,0.456
Gumgaon,21.3977,78.9734,2025-08-09,25.78,1.01,83.56,1.69,0.443,0.407,0.47,0.455
Gumgaon,21.3977,78.9734,2025-08-10,26.62,1.75,82.73,1.06,0.425,0.404,0.467,0.451
Gumgaon,21.3977,78.9734,2025-08-11,25.85,2.7,86.66,0.58,0.423,0.394,0.464,0.446
Gumgaon,21.3977,78.9734,2025-08-12,26.11,2.61,85.68,1.82,0.432,0.388,0.461,0.444
Gumgaon,21.3977,78.9734,2025-08-13,25.38,2.53,91.84,38.74,0.488,0.432,0.459,0.456
Gumgaon,21.3977,78.9734,2025-08-14,26.07,1.59,86.9,10.53,0.496,0.492,0.461,0.47
Gumgaon,21.3977,78.9734,2025-08-15,26.3,1.39,85.93,4.66,0.504,0.507,0.473,0.482
Gumgaon,21.3977,78.9734,2025-08-16,26.24,1.98,88.37,23.69,0.504,0.513,0.504,0.506
Gumgaon,21.3977,78.9734,2025-08-17,26.65,2.66,88.62,2.16,0.496,0.502,0.506,0.505
Gumgaon,21.3977,78.9734,2025-08-18,26.79,1.53,86.4,25.27,0.501,0.51,0.512,0.511
Gumgaon,21.3977,78.9734,2025-08-19,26.81,0.98,87.04,22.17,0.501,0.498,0.516,0.511
Gumgaon,21.3977,78.9734,2025-08-20,25.55,2.57,89.98,11.34,0.506,0.503,0.514,0.511
Gumgaon,21.3977,78.9734,2025-08-21,25.28,3.04,88.98,14.64,0.504,0.509,0.513,0.511
Gumgaon,21.3977,78.9734,2025-08-22,25.58,3.73,87.56,8.27,0.497,0.497,0.513,0.509
Gumgaon,21.3977,78.9734,2025-08-23,25.31,4.31,87.8,5.99,0.496,0.493,0.51,0.505
Gumgaon,21.3977,78.9734,2025-08-24,24.51,4.5,89.12,6.75,0.488,0.491,0.507,0.502
Gumgaon,21.3977,78.9734,2025-08-25,25.34,3.4,86.02,1.14,0.491,0.485,0.504,0.499
Gumgaon,21.3977,78.9734,2025-08-26,26.07,1.9,85.76,3.17,0.481,0.478,0.501,0.495
Gumgaon,21.3977,78.9734,2025-08-27,27.2,1.17,82.38,8.19,0.476,0.475,0.498,0.492
Gumgaon,21.3977,78.9734,2025-08-28,26.3,1.03,89.22,9.4,0.484,0.492,0.498,0.495
Gumgaon,21.3977,78.9734,2025-08-29,26.84,1.38,86.03,3.14,0.497,0.508,0.504,0.504
Gumgaon,21.3977,78.9734,2025-08-30,26.59,1.73,87.72,4.12,0.498,0.504,0.507,0.506
Gumgaon,21.3977,78.9734,2025-08-31,25.77,2.79,91.34,7.0,0.498,0.508,0.508,0.507
Gumgaon,21.3977,78.9734,2025-09-01,25.25,2.24,90.23,16.7,0.5,0.506,0.515,0.512
Gumgaon,21.3977,78.9734,2025-09-02,25.84,1.88,87.79,16.32,0.499,0.487,0.477,0.481
Gumgaon,21.3977,78.9734,2025-09-03,25.5,1.33,89.31,10.23,0.503,0.493,0.453,0.465
Gumgaon,21.3977,78.9734,2025-09-04,25.58,2.62,88.99,3.56,0.491,0.495,0.449,0.461
Gumgaon,21.3977,78.9734,2025-09-05,25.13,3.26,90.21,0.62,0.474,0.485,0.444,0.455
Gumgaon,21.3977,78.9734,2025-09-06,25.49,1.97,89.17,3.36,0.478,0.483,0.439,0.451
Gumgaon,21.3977,78.9734,2025-09-07,25.79,1.51,87.67,1.21,0.478,0.488,0.438,0.451
Gumgaon,21.3977,78.9734,2025-09-08,25.85,1.76,85.18,0.41,0.484,0.485,0.435,0.449
Gumgaon,21.3977,78.9734,2025-09-09,26.06,1.33,85.93,3.2,0.475,0.486,0.433,0.447
Gumgaon,21.3977,78.9734,2025-09-10,25.52,2.56,88.1,12.04,0.457,0.471,0.428,0.439
Gumgaon,21.3977,78.9734,2025-09-11,25.19,2.33,89.01,13.82,0.471,0.469,0.426,0.438
Gumgaon,21.3977,78.9734,2025-09-12,25.11,2.05,90.35,21.47,0.495,0.49,0.427,0.445
Gumgaon,21.3977,78.9734,2025-09-13,26.39,1.74,85.0,3.96,0.505,0.508,0.443,0.461
Gumgaon,21.3977,78.9734,2025-09-14,26.3,1.27,88.13,2.01,0.5,0.505,0.457,0.47
Gumgaon,21.3977,78.9734,2025-09-15,25.98,0.96,89.76,10.15,0.5,0.504,0.464,0.475
Gumgaon,21.3977,78.9734,2025-09-16,25.52,1.33,90.2,31.88,0.5,0.506,0.469,0.479
Gumgaon,21.3977,78.9734,2025-09-17,26.35,0.77,85.53,6.46,0.492,0.501,0.478,0.484
Gumgaon,21.3977,78.9734,2025-09-18,26.47,0.68,83.67,9.04,0.494,0.502,0.48,0.486
Gumgaon,21.3977,78.9734,2025-09-19,26.72,0.64,84.26,9.17,0.471,0.489,0.48,0.481
Gumgaon,21.3977,78.9734,2025-09-20,26.15,1.29,89.1,5.68,0.435,0.472,0.477,0.473
Gumgaon,21.3977,78.9734,2025-09-21,26.56,1.63,85.98,2.21,0.441,0.461,0.473,0.468
Gumgaon,21.3977,78.9734,2025-09-22,26.56,1.71,84.85,3.78,0.464,0.466,0.469,0.468
Gumgaon,21.3977,78.9734,2025-09-23,25.95,1.67,81.83,0.21,0.433,0.454,0.465,0.461
Gumgaon,21.3977,78.9734,2025-09-24,25.84,2.83,85.77,1.87,0.415,0.442,0.461,0.454
Gumgaon,21.3977,78.9734,2025-09-25,24.88,2.92,90.65,5.47,0.416,0.432,0.457,0.449
Gumgaon,21.3977,78.9734,2025-09-26,26.08,2.97,87.71,6.19,0.447,0.427,0.453,0.447
Gumgaon,21.3977,78.9734,2025-09-27,25.66,2.61,92.51,32.53,0.484,0.469,0.451,0.457
Gumgaon,21.3977,78.9734,2025-09-28,25.35,3.13,90.4,3.16,0.502,0.506,0.467,0.478
Gumgaon,21.3977,78.9734,2025-09-29,25.37,1.67,88.22,0.16,0.483,0.492,0.469,0.475
Gumgaon,21.3977,78.9734,2025-09-30,25.52,1.43,87.23,6.65,0.465,0.479,0.467,0.469
Gumgaon,21.3977,78.9734,2025-10-01,25.26,1.87,86.96,0.25,0.433,0.466,0.464,0.462
Gumgaon,21.3977,78.9734,2025-10-02,25.55,1.65,85.97,0.26,0.397,0.446,0.46,0.453
Gumgaon,21.3977,78.9734,2025-10-03,25.64,2.1,87.72,1.25,0.379,0.429,0.457,0.445
Gumgaon,21.3977,78.9734,2025-10-04,24.93,2.45,89.91,0.45,0.36,0.413,0.453,0.438
Gumgaon,21.3977,78.9734,2025-10-05,24.83,1.56,90.17,14.27,0.347,0.398,0.449,0.431
Gumgaon,21.3977,78.9734,2025-10-06,24.82,1.26,86.35,4.46,0.374,0.388,0.445,0.428
Gumgaon,21.3977,78.9734,2025-10-07,24.48,1.8,84.8,1.4,0.404,0.383,0.441,0.426
Gumgaon,21.3977,78.9734,2025-10-08,23.95,1.74,83.61,2.11,0.377,0.376,0.437,0.42
Gumgaon,21.3977,78.9734,2025-10-09,22.74,1.92,77.62,0.15,0.344,0.367,0.433,0.413
Gumgaon,21.3977,78.9734,2025-10-10,22.48,1.71,78.35,0.57,0.32,0.355,0.423,0.402
Gumgaon,21.3977,78.9734,2025-10-11,22.12,2.3,83.69,0.48,0.305,0.345,0.418,0.395
Gumgaon,21.3977,78.9734,2025-10-12,22.47,1.77,84.3,0.0,0.284,0.329,0.409,0.383
Gumgaon,21.3977,78.9734,2025-10-13,23.27,1.38,82.79,0.0,0.269,0.317,0.398,0.372
Gumgaon,21.3977,78.9734,2025-10-14,23.18,1.66,85.46,0.0,0.263,0.308,0.391,0.364
Gumgaon,21.3977,78.9734,2025-10-15,23.73,1.85,86.76,0.24,0.243,0.295,0.387,0.358
Gumgaon,21.3977,78.9734,2025-10-16,23.7,1.39,85.37,3.07,0.235,0.285,0.379,0.349
Gumgaon,21.3977,78.9734,2025-10-17,23.71,1.05,84.95,0.26,0.248,0.283,0.374,0.346
Gumgaon,21.3977,78.9734,2025-10-18,23.46,1.1,84.43,1.06,0.251,0.281,0.368,0.342
Gumgaon,21.3977,78.9734,2025-10-19,22.72,1.41,83.81,0.0,0.253,0.296,0.379,0.353
Gumgaon,21.3977,78.9734,2025-10-20,22.54,1.77,83.01,0.0,0.251,0.293,0.372,0.347
Gumgaon,21.3977,78.9734,2025-10-21,23.81,2.12,88.23,0.37,0.253,0.287,0.362,0.339
Gumgaon,21.3977,78.9734,2025-10-22,24.16,1.98,87.01,0.6,0.257,0.287,0.36,0.338
Gumgaon,21.3977,78.9734,2025-10-23,23.69,1.89,85.9,0.0,0.248,0.285,0.355,0.333
Gumgaon,21.3977,78.9734,2025-10-24,23.62,1.9,86.77,0.65,0.243,0.279,0.353,0.33
Gumgaon,21.3977,78.9734,2025-10-25,22.79,2.06,89.95,9.22,0.334,0.286,0.355,0.339
Gumgaon,21.3977,78.9734,2025-10-26,22.78,2.55,91.28,14.84,0.432,0.309,0.362,0.356
Gumgaon,21.3977,78.9734,2025-10-27,24.08,2.26,87.83,0.65,0.391,0.309,0.358,0.35
Gumgaon,21.3977,78.9734,2025-10-28,24.43,3.04,86.86,0.2,0.367,0.309,0.355,0.346
Gumgaon,21.3977,78.9734,2025-10-29,24.72,3.8,88.13,11.19,0.399,0.309,0.356,0.349
Gumgaon,21.3977,78.9734,2025-10-30,24.65,2.79,90.99,6.88,0.448,0.327,0.36,0.359
Gumgaon,21.3977,78.9734,2025-10-31,24.76,1.56,88.58,3.17,0.436,0.344,0.358,0.361
Gumgaon,21.3977,78.9734,2025-11-01,25.14,1.07,85.21,0.06,0.42,0.349,0.358,0.36
Gumgaon,21.3977,78.9734,2025-11-02,24.89,1.24,87.03,3.57,0.396,0.346,0.357,0.357
Gumgaon,21.3977,78.9734,2025-11-03,24.6,1.33,86.36,2.15,0.383,0.342,0.355,0.354
Gumgaon,21.3977,78.9734,2025-11-04,24.08,1.32,83.84,0.0,0.357,0.336,0.351,0.348
Gumgaon,21.3977,78.9734,2025-11-05,22.38,1.94,81.04,0.0,0.336,0.329,0.349,0.344
Gumgaon,21.3977,78.9734,2025-11-06,21.23,1.94,73.7,0.0,0.32,0.325,0.35,0.343
Gumgaon,21.3977,78.9734,2025-11-07,19.31,1.39,63.72,0.0,0.308,0.321,0.352,0.342
Gumgaon,21.3977,78.9734,2025-11-08,18.81,1.04,66.44,0.0,0.301,0.318,0.354,0.343
Gumgaon,21.3977,78.9734,2025-11-09,17.39,1.29,65.52,0.0,0.29,0.313,0.349,0.337
Gumgaon,21.3977,78.9734,2025-11-10,18.19,0.75,56.29,0.0,0.279,0.307,0.343,0.331
Gumgaon,21.3977,78.9734,2025-11-11,18.23,0.99,60.59,0.0,0.276,0.304,0.344,0.331
Gumgaon,21.3977,78.9734,2025-11-12,17.87,1.37,63.59,0.0,0.27,0.3,0.34,0.327
Gumgaon,21.3977,78.9734,2025-11-13,16.95,1.61,66.66,0.0,0.275,0.302,0.346,0.332
Gumgaon,21.3977,78.9734,2025-11-14,16.45,1.73,70.8,0.0,0.28,0.302,0.346,0.332
Gumgaon,21.3977,78.9734,2025-11-15,16.47,1.63,73.08,0.0,0.279,0.299,0.341,0.328
Gumgaon,21.3977,78.9734,2025-11-16,15.74,1.76,68.48,1.22,0.28,0.299,0.341,0.328
Gumgaon,21.3977,78.9734,2025-11-17,14.86,1.96,74.43,0.0,0.274,0.296,0.335,0.323
Gumgaon,21.3977,78.9734,2025-11-18,15.13,1.67,77.71,1.22,0.264,0.291,0.33,0.317
Gumgaon,21.3977,78.9734,2025-11-19,15.85,1.36,77.86,0.0,0.259,0.289,0.328,0.315
Gumgaon,21.3977,78.9734,2025-11-20,16.19,1.46,80.39,0.0,0.255,0.288,0.325,0.312
Gumgaon,21.3977,78.9734,2025-11-21,17.84,1.0,75.43,0.0,0.252,0.286,0.324,0.311
Gumgaon,21.3977,78.9734,2025-11-22,18.85,0.77,70.45,0.0,0.256,0.287,0.323,0.311
Gumgaon,21.3977,78.9734,2025-11-23,19.47,0.83,73.49,0.0,0.275,0.293,0.328,0.317
Gumgaon,21.3977,78.9734,2025-11-24,19.3,1.47,82.55,0.0,0.284,0.296,0.329,0.319
Gumgaon,21.3977,78.9734,2025-11-25,19.56,1.13,83.57,0.0,0.288,0.297,0.329,0.32
Gumgaon,21.3977,78.9734,2025-11-26,18.78,1.39,86.41,0.22,0.288,0.298,0.33,0.321
Gumgaon,21.3977,78.9734,2025-11-27,19.12,1.54,82.86,0.0,0.281,0.296,0.331,0.32
Gumgaon,21.3977,78.9734,2025-11-28,16.34,1.98,70.73,0.0,0.281,0.296,0.333,0.322
Gumgaon,21.3977,78.9734,2025-11-29,15.97,1.75,75.06,0.0,0.271,0.295,0.333,0.32
Gumgaon,21.3977,78.9734,2025-11-30,16.74,1.94,72.5,0.0,0.266,0.294,0.333,0.32
Gumgaon,21.3977,78.9734,2025-12-01,17.71,1.6,76.0,0.0,0.26,0.293,0.332,0.319
Gumgaon,21.3977,78.9734,2025-12-02,17.47,1.43,77.37,0.0,0.258,0.291,0.331,0.317
Gumgaon,21.3977,78.9734,2025-12-03,17.19,2.01,74.08,0.0,0.252,0.289,0.329,0.316
Gumgaon,21.3977,78.9734,2025-12-04,16.77,1.91,75.97,0.0,0.255,0.289,0.329,0.315
Gumgaon,21.3977,78.9734,2025-12-05,16.27,2.06,70.48,0.0,0.253,0.288,0.328,0.314
Gumgaon,21.3977,78.9734,2025-12-06,15.95,1.73,64.02,0.0,0.252,0.287,0.327,0.313
Gumgaon,21.3977,78.9734,2025-12-07,15.51,1.56,61.63,0.0,0.251,0.286,0.326,0.313
Gumgaon,21.3977,78.9734,2025-12-08,16.73,1.75,58.58,0.0,0.251,0.285,0.325,0.312
Gumgaon,21.3977,78.9734,2025-12-09,16.71,2.28,56.85,0.0,0.25,0.284,0.324,0.311
Gumgaon,21.3977,78.9734,2025-12-10,16.89,1.71,50.77,0.0,0.25,0.284,0.323,0.31
Gumgaon,21.3977,78.9734,2025-12-11,17.32,1.18,50.25,0.0,0.25,0.283,0.323,0.309
Gumgaon,21.3977,78.9734,2025-12-12,17.1,1.4,55.53,0.0,0.25,0.282,0.322,0.308
Gumgaon,21.3977,78.9734,2025-12-13,16.75,1.59,61.81,0.0,0.25,0.282,0.321,0.308
Gumgaon,21.3977,78.9734,2025-12-14,15.83,1.8,67.16,0.0,0.249,0.282,0.32,0.307
Gumgaon,21.3977,78.9734,2025-12-15,15.81,1.54,68.21,0.0,0.249,0.281,0.32,0.306
Gumgaon,21.3977,78.9734,2025-12-16,16.28,1.65,63.37,0.0,0.249,0.281,0.319,0.306
Gumgaon,21.3977,78.9734,2025-12-17,17.18,1.4,57.4,0.0,0.249,0.281,0.318,0.306
Gumgaon,21.3977,78.9734,2025-12-18,16.72,1.81,57.0,0.0,0.249,0.281,0.317,0.305
Gumgaon,21.3977,78.9734,2025-12-19,15.89,2.27,61.4,0.0,0.249,0.281,0.317,0.304
Gumgaon,21.3977,78.9734,2025-12-20,15.28,1.97,62.44,0.0,0.249,0.28,0.316,0.304
Gumgaon,21.3977,78.9734,2025-12-21,15.63,1.76,62.46,0.0,0.249,0.28,0.316,0.303
Gumgaon,21.3977,78.9734,2025-12-22,16.32,1.85,63.08,0.0,0.249,0.28,0.315,0.303
Gumgaon,21.3977,78.9734,2025-12-23,16.63,2.11,64.06,0.0,0.249,0.28,0.314,0.303
Gumgaon,21.3977,78.9734,2025-12-24,17.09,1.71,63.57,0.0,0.249,0.28,0.314,0.302
Gumgaon,21.3977,78.9734,2025-12-25,16.62,1.5,65.53,0.0,0.249,0.28,0.314,0.302
Gumgaon,21.3977,78.9734,2025-12-26,15.9,1.61,61.06,0.0,0.249,0.28,0.314,0.302
Gumgaon,21.3977,78.9734,2025-12-27,15.83,1.25,56.62,0.0,0.249,0.279,0.325,0.31
Gumgaon,21.3977,78.9734,2025-12-28,16.08,1.16,54.55,0.0,0.249,0.279,0.334,0.316
Gumgaon,21.3977,78.9734,2025-12-29,15.93,1.52,54.47,0.0,0.249,0.279,0.331,0.315
Gumgaon,21.3977,78.9734,2025-12-30,16.92,1.21,48.36,0.0,0.249,0.279,0.333,0.316
Gumgaon,21.3977,78.9734,2025-12-31,17.94,1.18,49.75,0.0,0.249,0.279,0.329,0.313
Kandri,21.41169,79.26632,2025-01-01,17.14,2.41,52.59,0.0,0.26,0.32,0.375,0.355
Kandri,21.41169,79.26632,2025-01-02,17.01,2.47,47.27,0.0,0.263,0.322,0.369,0.352
Kandri,21.41169,79.26632,2025-01-03,17.73,2.28,47.96,0.0,0.259,0.312,0.366,0.347
Kandri,21.41169,79.26632,2025-01-04,17.84,2.09,53.16,0.0,0.247,0.301,0.366,0.344
Kandri,21.41169,79.26632,2025-01-05,18.47,1.49,49.6,0.0,0.237,0.295,0.366,0.342
Kandri,21.41169,79.26632,2025-01-06,19.01,1.23,53.9,0.0,0.237,0.304,0.365,0.343
Kandri,21.41169,79.26632,2025-01-07,17.71,2.46,55.27,0.0,0.243,0.311,0.364,0.345
Kandri,21.41169,79.26632,2025-01-08,15.35,1.76,51.18,0.0,0.241,0.318,0.363,0.345
Kandri,21.41169,79.26632,2025-01-09,16.49,1.63,45.39,0.0,0.236,0.317,0.362,0.344
Kandri,21.41169,79.26632,2025-01-10,16.95,1.65,47.97,0.0,0.244,0.319,0.362,0.344
Kandri,21.41169,79.26632,2025-01-11,18.32,1.72,56.24,0.0,0.253,0.327,0.361,0.346
Kandri,21.41169,79.26632,2025-01-12,19.47,1.69,66.3,0.12,0.268,0.334,0.36,0.348
Kandri,21.41169,79.26632,2025-01-13,19.57,1.7,69.04,0.06,0.271,0.341,0.36,0.349
Kandri,21.41169,79.26632,2025-01-14,19.01,1.25,59.07,0.0,0.278,0.362,0.359,0.354
Kandri,21.41169,79.26632,2025-01-15,19.49,1.67,59.92,0.0,0.291,0.366,0.359,0.355
Kandri,21.41169,79.26632,2025-01-16,19.9,1.34,60.84,0.0,0.309,0.377,0.358,0.359
Kandri,21.41169,79.26632,2025-01-17,20.36,2.33,60.01,0.0,0.312,0.382,0.358,0.36
Kandri,21.41169,79.26632,2025-01-18,19.51,1.87,60.71,0.0,0.309,0.38,0.357,0.359
Kandri,21.41169,79.26632,2025-01-19,19.75,1.81,49.12,0.0,0.296,0.372,0.357,0.356
Kandri,21.41169,79.26632,2025-01-20,19.92,2.12,47.74,0.0,0.294,0.353,0.356,0.351
Kandri,21.41169,79.26632,2025-01-21,21.84,1.2,48.96,0.0,0.286,0.348,0.356,0.349
Kandri,21.41169,79.26632,2025-01-22,22.02,1.3,42.41,0.0,0.286,0.349,0.355,0.349
Kandri,21.41169,79.26632,2025-01-23,21.71,1.55,45.58,0.0,0.28,0.339,0.354,0.346
Kandri,21.41169,79.26632,2025-01-24,22.33,1.73,50.15,0.0,0.288,0.332,0.354,0.344
Kandri,21.41169,79.26632,2025-01-25,21.95,1.86,53.05,0.0,0.278,0.329,0.353,0.342
Kandri,21.41169,79.26632,2025-01-26,21.59,1.83,40.82,0.0,0.273,0.326,0.352,0.341
Kandri,21.41169,79.26632,2025-01-27,21.16,1.62,31.06,0.0,0.268,0.323,0.351,0.34
Kandri,21.41169,79.26632,2025-01-28,21.93,1.35,28.73,0.0,0.263,0.32,0.351,0.338
Kandri,21.41169,79.26632,2025-01-29,22.28,1.39,36.28,0.0,0.26,0.317,0.35,0.336
Kandri,21.41169,79.26632,2025-01-30,23.93,1.79,38.24,0.0,0.257,0.315,0.349,0.335
Kandri,21.41169,79.26632,2025-01-31,24.11,1.48,34.56,0.0,0.254,0.312,0.348,0.334
Kandri,21.41169,79.26632,2025-02-01,24.97,1.66,39.7,0.0,0.251,0.31,0.347,0.333
Kandri,21.41169,79.26632,2025-02-02,24.99,1.7,38.45,0.0,0.25,0.308,0.346,0.332
Kandri,21.41169,79.26632,2025-02-03,25.8,1.65,36.93,0.0,0.248,0.306,0.345,0.33
Kandri,21.41169,79.26632,2025-02-04,26.74,1.39,34.91,0.0,0.247,0.303,0.345,0.329
Kandri,21.41169,79.26632,2025-02-05,26.24,1.57,35.97,0.0,0.247,0.302,0.344,0.328
Kandri,21.41169,79.26632,2025-02-06,23.38,3.21,36.4,0.0,0.246,0.3,0.343,0.327
Kandri,21.41169,79.26632,2025-02-07,22.7,2.57,29.57,0.0,0.246,0.298,0.342,0.326
Kandri,21.41169,79.26632,2025-02-08,23.11,1.99,25.48,0.0,0.236,0.297,0.341,0.324
Kandri,21.41169,79.26632,2025-02-09,24.11,1.25,23.21,0.0,0.246,0.296,0.34,0.324
Kandri,21.41169,79.26632,2025-02-10,24.94,1.44,33.89,0.0,0.246,0.294,0.339,0.323
Kandri,21.41169,79.26632,2025-02-11,26.09,1.43,38.33,0.0,0.245,0.293,0.338,0.322
Kandri,21.41169,79.26632,2025-02-12,25.02,2.44,22.78,0.0,0.245,0.292,0.337,0.321
Kandri,21.41169,79.26632,2025-02-13,23.43,2.94,23.91,0.0,0.245,0.291,0.337,0.32
Kandri,21.41169,79.26632,2025-02-14,22.89,2.39,20.51,0.0,0.245,0.29,0.336,0.32
Kandri,21.41169,79.26632,2025-02-15,25.05,1.28,22.6,0.0,0.245,0.289,0.335,0.319
Kandri,21.41169,79.26632,2025-02-16,25.74,1.4,23.81,0.0,0.243,0.288,0.334,0.318
Kandri,21.41169,79.26632,2025-02-17,26.35,1.2,25.75,0.0,0.243,0.287,0.333,0.317
Kandri,21.41169,79.26632,2025-02-18,26.11,1.43,27.17,0.0,0.245,0.287,0.332,0.317
Kandri,21.41169,79.26632,2025-02-19,25.83,1.66,29.95,0.0,0.245,0.286,0.331,0.316
Kandri,21.41169,79.26632,2025-02-20,25.79,1.96,29.62,0.0,0.245,0.285,0.331,0.315
Kandri,21.41169,79.26632,2025-02-21,25.95,1.89,24.16,0.0,0.245,0.285,0.33,0.314
Kandri,21.41169,79.26632,2025-02-22,25.37,2.7,26.88,0.0,0.242,0.284,0.329,0.313
Kandri,21.41169,79.26632,2025-02-23,24.69,1.95,23.38,0.0,0.242,0.284,0.328,0.313
Kandri,21.41169,79.26632,2025-02-24,24.4,1.88,23.76,0.0,0.245,0.283,0.328,0.312
Kandri,21.41169,79.26632,2025-02-25,24.73,2.02,26.56,0.0,0.245,0.283,0.327,0.312
Kandri,21.41169,79.26632,2025-02-26,24.96,2.41,22.57,0.0,0.245,0.283,0.326,0.311
Kandri,21.41169,79.26632,2025-02-27,25.87,1.71,21.93,0.0,0.245,0.282,0.325,0.311
Kandri,21.41169,79.26632,2025-02-28,26.61,1.82,23.83,0.0,0.245,0.282,0.325,0.31
Kandri,21.41169,79.26632,2025-03-01,27.32,1.79,28.81,0.0,0.245,0.282,0.324,0.31
Kandri,21.41169,79.26632,2025-03-02,28.44,1.87,27.11,0.0,0.245,0.281,0.323,0.309
Kandri,21.41169,79.26632,2025-03-03,27.94,2.1,24.03,0.0,0.245,0.281,0.323,0.308
Kandri,21.41169,79.26632,2025-03-04,28.21,2.48,22.08,0.0,0.258,0.281,0.322,0.309
Kandri,21.41169,79.26632,2025-03-05,24.08,4.04,12.78,0.0,0.245,0.281,0.321,0.308
Kandri,21.41169,79.26632,2025-03-06,23.37,2.63,9.7,0.0,0.245,0.281,0.321,0.307
Kandri,21.41169,79.26632,2025-03-07,25.31,1.81,11.25,0.0,0.245,0.28,0.32,0.306
Kandri,21.41169,79.26632,2025-03-08,27.05,1.65,15.5,0.0,0.245,0.28,0.319,0.306
Kandri,21.41169,79.26632,2025-03-09,27.25,2.11,17.11,0.0,0.245,0.28,0.319,0.305
Kandri,21.41169,79.26632,2025-03-10,26.99,2.17,19.33,0.0,0.257,0.28,0.318,0.306
Kandri,21.41169,79.26632,2025-03-11,28.32,1.46,17.4,0.0,0.247,0.28,0.318,0.305
Kandri,21.41169,79.26632,2025-03-12,30.49,1.57,17.71,0.0,0.246,0.28,0.317,0.304
Kandri,21.41169,79.26632,2025-03-13,30.95,2.12,17.88,0.0,0.245,0.28,0.316,0.304
Kandri,21.41169,79.26632,2025-03-14,31.06,2.57,14.95,0.0,0.245,0.28,0.316,0.303
Kandri,21.41169,79.26632,2025-03-15,31.27,1.61,16.87,0.0,0.245,0.279,0.315,0.303
Kandri,21.41169,79.26632,2025-03-16,31.56,2.14,21.93,0.0,0.245,0.279,0.315,0.302
Kandri,21.41169,79.26632,2025-03-17,31.23,1.78,23.45,0.0,0.245,0.279,0.314,0.302
Kandri,21.41169,79.26632,2025-03-18,30.53,2.04,21.49,0.0,0.245,0.279,0.314,0.301
Kandri,21.41169,79.26632,2025-03-19,30.22,2.51,24.04,0.0,0.245,0.279,0.313,0.301
Kandri,21.41169,79.26632,2025-03-20,30.85,2.62,27.68,0.03,0.245,0.279,0.313,0.301
Kandri,21.41169,79.26632,2025-03-21,30.34,1.71,22.15,0.41,0.245,0.279,0.312,0.3
Kandri,21.41169,79.26632,2025-03-22,29.36,1.6,18.79,0.0,0.242,0.279,0.312,0.3
Kandri,21.41169,79.26632,2025-03-23,28.95,1.79,18.18,0.0,0.244,0.279,0.311,0.3
Kandri,21.41169,79.26632,2025-03-24,28.17,2.18,14.27,0.0,0.244,0.279,0.311,0.299
Kandri,21.41169,79.26632,2025-03-25,28.97,1.88,14.68,0.0,0.244,0.279,0.31,0.299
Kandri,21.41169,79.26632,2025-03-26,30.38,1.0,14.39,0.0,0.239,0.279,0.311,0.299
Kandri,21.41169,79.26632,2025-03-27,32.15,1.55,14.53,0.0,0.239,0.279,0.311,0.299
Kandri,21.41169,79.26632,2025-03-28,32.0,3.26,19.9,0.0,0.244,0.279,0.309,0.298
Kandri,21.41169,79.26632,2025-03-29,31.3,2.75,14.65,0.0,0.244,0.279,0.308,0.297
Kandri,21.41169,79.26632,2025-03-30,31.57,2.05,10.31,0.0,0.243,0.279,0.308,0.297
Kandri,21.41169,79.26632,2025-03-31,31.84,1.93,11.92,0.0,0.243,0.279,0.307,0.297
Kandri,21.41169,79.26632,2025-04-01,31.24,1.79,19.95,0.0,0.243,0.279,0.307,0.297
Kandri,21.41169,79.26632,2025-04-02,30.59,1.38,29.96,3.66,0.243,0.279,0.307,0.296
Kandri,21.41169,79.26632,2025-04-03,30.72,1.38,34.23,1.25,0.257,0.279,0.303,0.295
Kandri,21.41169,79.26632,2025-04-04,31.13,0.71,32.29,0.82,0.265,0.279,0.311,0.301
Kandri,21.41169,79.26632,2025-04-05,31.43,1.88,24.86,0.0,0.274,0.279,0.276,0.277
Kandri,21.41169,79.26632,2025-04-06,31.86,1.68,18.5,0.0,0.287,0.279,0.274,0.276
Kandri,21.41169,79.26632,2025-04-07,32.93,0.87,17.68,0.0,0.292,0.279,0.274,0.276
Kandri,21.41169,79.26632,2025-04-08,32.66,1.66,21.96,0.0,0.282,0.28,0.274,0.276
Kandri,21.41169,79.26632,2025-04-09,32.62,1.68,31.16,4.13,0.265,0.267,0.275,0.272
Kandri,21.41169,79.26632,2025-04-10,32.97,1.85,32.14,0.78,0.266,0.271,0.275,0.274
Kandri,21.41169,79.26632,2025-04-11,32.7,2.07,22.79,0.33,0.275,0.271,0.275,0.274
Kandri,21.41169,79.26632,2025-04-12,32.41,3.0,22.38,0.0,0.269,0.271,0.275,0.274
Kandri,21.41169,79.26632,2025-04-13,33.03,1.41,23.78,0.16,0.258,0.271,0.276,0.274
Kandri,21.41169,79.26632,2025-04-14,33.3,1.48,24.08,0.8,0.273,0.271,0.276,0.275
Kandri,21.41169,79.26632,2025-04-15,33.31,1.51,23.06,0.0,0.28,0.271,0.276,0.275
Kandri,21.41169,79.26632,2025-04-16,32.64,1.73,31.99,0.0,0.276,0.271,0.277,0.275
Kandri,21.41169,79.26632,2025-04-17,33.99,1.31,29.79,0.03,0.279,0.271,0.277,0.276
Kandri,21.41169,79.26632,2025-04-18,35.32,1.93,24.1,0.0,0.265,0.271,0.277,0.275
Kandri,21.41169,79.26632,2025-04-19,35.58,2.59,19.39,0.18,0.255,0.271,0.277,0.274
Kandri,21.41169,79.26632,2025-04-20,35.26,2.44,17.26,0.0,0.249,0.271,0.278,0.274
Kandri,21.41169,79.26632,2025-04-21,35.1,2.36,16.85,0.0,0.246,0.271,0.278,0.274
Kandri,21.41169,79.26632,2025-04-22,35.62,2.13,11.99,0.0,0.245,0.271,0.278,0.274
Kandri,21.41169,79.26632,2025-04-23,35.52,2.26,12.09,0.0,0.247,0.271,0.278,0.275
Kandri,21.41169,79.26632,2025-04-24,35.48,2.95,12.26,0.0,0.245,0.271,0.279,0.275
Kandri,21.41169,79.26632,2025-04-25,35.99,2.72,15.36,0.0,0.244,0.271,0.279,0.275
Kandri,21.41169,79.26632,2025-04-26,36.01,2.19,17.87,0.0,0.244,0.271,0.279,0.275
Kandri,21.41169,79.26632,2025-04-27,34.33,2.44,21.85,1.41,0.258,0.271,0.279,0.276
Kandri,21.41169,79.26632,2025-04-28,33.55,2.27,25.12,3.18,0.249,0.271,0.281,0.276
Kandri,21.41169,79.26632,2025-04-29,33.58,2.14,29.01,0.87,0.275,0.271,0.273,0.273
Kandri,21.41169,79.26632,2025-04-30,34.28,1.71,26.99,0.38,0.319,0.271,0.273,0.276
Kandri,21.41169,79.26632,2025-05-01,33.22,3.06,37.72,0.4,0.34,0.272,0.273,0.277
Kandri,21.41169,79.26632,2025-05-02,33.6,2.55,35.34,0.07,0.353,0.273,0.274,0.279
Kandri,21.41169,79.26632,2025-05-03,34.31,2.28,35.08,0.15,0.365,0.274,0.274,0.28
Kandri,21.41169,79.26632,2025-05-04,32.23,2.33,45.2,7.92,0.39,0.276,0.274,0.283
Kandri,21.41169,79.26632,2025-05-05,31.11,1.17,49.99,3.02,0.393,0.279,0.274,0.283
Kandri,21.41169,79.26632,2025-05-06,31.21,1.56,45.02,1.57,0.38,0.298,0.275,0.287
Kandri,21.41169,79.26632,2025-05-07,31.14,2.27,41.46,0.09,0.368,0.324,0.275,0.292
Kandri,21.41169,79.26632,2025-05-08,30.53,2.05,40.55,0.14,0.345,0.325,0.275,0.29
Kandri,21.41169,79.26632,2025-05-09,31.95,1.78,41.92,0.05,0.33,0.311,0.275,0.286
Kandri,21.41169,79.26632,2025-05-10,32.26,1.15,43.3,2.28,0.319,0.295,0.276,0.283
Kandri,21.41169,79.26632,2025-05-11,33.99,1.47,41.13,0.24,0.304,0.293,0.276,0.282
Kandri,21.41169,79.26632,2025-05-12,35.06,2.03,35.03,0.01,0.301,0.303,0.276,0.283
Kandri,21.41169,79.26632,2025-05-13,35.6,2.57,32.39,0.47,0.308,0.319,0.277,0.288
Kandri,21.41169,79.26632,2025-05-14,35.81,1.73,33.49,1.04,0.31,0.347,0.277,0.294
Kandri,21.41169,79.26632,2025-05-15,34.18,1.92,43.43,6.91,0.299,0.336,0.277,0.291
Kandri,21.41169,79.26632,2025-05-16,34.22,1.01,46.22,0.33,0.299,0.332,0.277,0.29
Kandri,21.41169,79.26632,2025-05-17,34.84,1.75,41.56,1.25,0.281,0.338,0.278,0.291
Kandri,21.41169,79.26632,2025-05-18,33.72,1.45,50.04,6.99,0.317,0.352,0.278,0.296
Kandri,21.41169,79.26632,2025-05-19,34.15,2.06,48.85,0.01,0.321,0.366,0.278,0.3
Kandri,21.41169,79.26632,2025-05-20,35.45,1.45,42.83,0.02,0.326,0.373,0.279,0.302
Kandri,21.41169,79.26632,2025-05-21,33.99,1.86,47.36,15.38,0.361,0.369,0.274,0.3
Kandri,21.41169,79.26632,2025-05-22,31.43,1.87,58.97,0.27,0.415,0.371,0.268,0.3
Kandri,21.41169,79.26632,2025-05-23,30.67,1.89,59.04,0.19,0.39,0.369,0.269,0.298
Kandri,21.41169,79.26632,2025-05-24,27.67,2.14,74.08,1.73,0.407,0.378,0.269,0.301
Kandri,21.41169,79.26632,2025-05-25,27.58,2.76,75.67,3.34,0.452,0.379,0.269,0.305
Kandri,21.41169,79.26632,2025-05-26,30.57,1.88,64.25,1.56,0.438,0.384,0.27,0.306
Kandri,21.41169,79.26632,2025-05-27,31.79,1.35,61.53,4.14,0.477,0.41,0.27,0.314
Kandri,21.41169,79.26632,2025-05-28,31.35,2.31,65.56,12.42,0.469,0.425,0.271,0.317
Kandri,21.41169,79.26632,2025-05-29,32.02,2.58,61.37,5.62,0.483,0.451,0.273,0.325
Kandri,21.41169,79.26632,2025-05-30,32.27,3.31,59.71,0.91,0.494,0.485,0.28,0.338
Kandri,21.41169,79.26632,2025-05-31,31.11,3.07,57.52,0.52,0.479,0.479,0.289,0.342
Kandri,21.41169,79.26632,2025-06-01,31.72,4.71,49.44,0.0,0.454,0.459,0.298,0.343
Kandri,21.41169,79.26632,2025-06-02,30.16,3.33,61.01,1.45,0.426,0.443,0.298,0.338
Kandri,21.41169,79.26632,2025-06-03,30.98,3.86,52.07,0.04,0.393,0.425,0.288,0.324
Kandri,21.41169,79.26632,2025-06-04,30.82,2.06,53.19,0.3,0.372,0.411,0.278,0.312
Kandri,21.41169,79.26632,2025-06-05,32.33,1.57,44.89,1.26,0.362,0.4,0.277,0.309
Kandri,21.41169,79.26632,2025-06-06,33.76,1.41,39.28,0.0,0.349,0.391,0.277,0.306
Kandri,21.41169,79.26632,2025-06-07,33.76,2.7,37.41,0.0,0.334,0.383,0.275,0.302
Kandri,21.41169,79.26632,2025-06-08,35.73,3.57,35.75,0.31,0.319,0.375,0.275,0.299
Kandri,21.41169,79.26632,2025-06-09,36.6,3.28,31.35,0.0,0.313,0.373,0.275,0.298
Kandri,21.41169,79.26632,2025-06-10,37.12,3.81,29.03,0.43,0.321,0.38,0.276,0.301
Kandri,21.41169,79.26632,2025-06-11,33.2,2.87,48.56,3.08,0.354,0.399,0.276,0.307
Kandri,21.41169,79.26632,2025-06-12,33.06,2.86,50.08,0.74,0.353,0.398,0.277,0.308
Kandri,21.41169,79.26632,2025-06-13,32.78,2.95,54.87,0.57,0.343,0.388,0.277,0.305
Kandri,21.41169,79.26632,2025-06-14,32.57,2.26,56.98,7.57,0.327,0.381,0.278,0.303
Kandri,21.41169,79.26632,2025-06-15,31.88,2.52,60.02,3.89,0.326,0.376,0.278,0.302
Kandri,21.41169,79.26632,2025-06-16,30.38,3.36,66.46,2.37,0.398,0.365,0.279,0.305
Kandri,21.41169,79.26632,2025-06-17,29.98,3.24,64.08,2.88,0.454,0.37,0.278,0.309
Kandri,21.41169,79.26632,2025-06-18,31.26,3.92,58.45,0.74,0.401,0.355,0.278,0.303
Kandri,21.41169,79.26632,2025-06-19,28.28,4.49,74.37,4.28,0.378,0.349,0.278,0.3
Kandri,21.41169,79.26632,2025-06-20,27.79,3.83,75.03,9.29,0.398,0.356,0.278,0.303
Kandri,21.41169,79.26632,2025-06-21,29.14,3.75,68.05,3.98,0.436,0.373,0.278,0.309
Kandri,21.41169,79.26632,2025-06-22,28.23,3.88,68.98,2.71,0.455,0.375,0.277,0.31
Kandri,21.41169,79.26632,2025-06-23,27.74,4.67,72.41,4.94,0.479,0.403,0.279,0.319
Kandri,21.41169,79.26632,2025-06-24,27.9,3.69,77.07,7.17,0.493,0.441,0.282,0.33
Kandri,21.41169,79.26632,2025-06-25,27.11,1.8,82.23,24.65,0.495,0.472,0.285,0.339
Kandri,21.41169,79.26632,2025-06-26,27.79,2.08,78.35,7.57,0.503,0.492,0.296,0.352
Kandri,21.41169,79.26632,2025-06-27,28.25,3.71,74.7,12.52,0.49,0.486,0.307,0.358
Kandri,21.41169,79.26632,2025-06-28,27.53,3.29,75.65,11.78,0.488,0.472,0.312,0.358
Kandri,21.41169,79.26632,2025-06-29,25.66,3.94,83.64,11.47,0.5,0.473,0.317,0.363
Kandri,21.41169,79.26632,2025-06-30,25.7,5.22,86.09,28.75,0.509,0.502,0.335,0.383
Kandri,21.41169,79.26632,2025-07-01,26.25,3.77,86.46,30.35,0.509,0.502,0.363,0.403
Kandri,21.41169,79.26632,2025-07-02,25.44,3.75,85.88,9.88,0.492,0.49,0.37,0.404
Kandri,21.41169,79.26632,2025-07-03,26.79,3.04,84.51,7.0,0.484,0.478,0.374,0.403
Kandri,21.41169,79.26632,2025-07-04,26.4,4.09,84.81,10.92,0.505,0.497,0.38,0.413
Kandri,21.41169,79.26632,2025-07-05,26.13,4.78,86.79,8.37,0.485,0.485,0.386,0.413
Kandri,21.41169,79.26632,2025-07-06,26.07,3.83,88.26,27.31,0.504,0.501,0.395,0.425
Kandri,21.41169,79.26632,2025-07-07,25.51,4.66,92.14,80.57,0.511,0.518,0.472,0.485
Kandri,21.41169,79.26632,2025-07-08,25.08,4.53,92.56,93.51,0.505,0.517,0.511,0.511
Kandri,21.41169,79.26632,2025-07-09,25.77,3.5,88.89,10.08,0.507,0.512,0.516,0.515
Kandri,21.41169,79.26632,2025-07-10,26.47,3.22,85.55,1.79,0.498,0.506,0.512,0.51
Kandri,21.41169,79.26632,2025-07-11,26.54,3.13,83.02,1.69,0.489,0.498,0.508,0.505
Kandri,21.41169,79.26632,2025-07-12,27.16,3.16,82.83,3.77,0.469,0.484,0.504,0.497
Kandri,21.41169,79.26632,2025-07-13,26.87,3.52,84.77,5.7,0.468,0.471,0.499,0.491
Kandri,21.41169,79.26632,2025-07-14,27.16,2.74,82.8,2.35,0.462,0.463,0.495,0.486
Kandri,21.41169,79.26632,2025-07-15,26.6,1.41,86.5,10.26,0.458,0.457,0.491,0.482
Kandri,21.41169,79.26632,2025-07-16,27.76,1.44,82.8,3.44,0.474,0.464,0.489,0.482
Kandri,21.41169,79.26632,2025-07-17,26.29,1.01,84.11,7.31,0.482,0.473,0.487,0.484
Kandri,21.41169,79.26632,2025-07-18,27.39,1.12,83.26,2.07,0.478,0.478,0.485,0.483
Kandri,21.41169,79.26632,2025-07-19,27.42,1.25,79.43,0.74,0.478,0.489,0.484,0.485
Kandri,21.41169,79.26632,2025-07-20,28.14,1.26,76.78,4.97,0.46,0.477,0.482,0.48
Kandri,21.41169,79.26632,2025-07-21,28.04,1.11,82.13,17.2,0.48,0.478,0.48,0.48
Kandri,21.41169,79.26632,2025-07-22,27.83,1.8,85.69,5.04,0.498,0.491,0.48,0.483
Kandri,21.41169,79.26632,2025-07-23,26.64,2.87,90.25,37.44,0.503,0.501,0.482,0.488
Kandri,21.41169,79.26632,2025-07-24,26.11,3.34,91.05,19.64,0.511,0.514,0.497,0.501
Kandri,21.41169,79.26632,2025-07-25,25.89,3.97,92.76,45.16,0.507,0.514,0.508,0.509
Kandri,21.41169,79.26632,2025-07-26,25.8,4.37,92.82,18.97,0.51,0.512,0.518,0.516
Kandri,21.41169,79.26632,2025-07-27,26.08,5.05,86.87,6.01,0.498,0.496,0.514,0.509
Kandri,21.41169,79.26632,2025-07-28,25.14,5.11,89.96,3.35,0.493,0.484,0.509,0.502
Kandri,21.41169,79.26632,2025-07-29,24.75,6.76,90.8,8.0,0.505,0.509,0.508,0.508
Kandri,21.41169,79.26632,2025-07-30,25.22,3.88,90.48,3.83,0.481,0.495,0.505,0.502
Kandri,21.41169,79.26632,2025-07-31,25.96,2.67,85.1,1.17,0.471,0.48,0.503,0.496
Kandri,21.41169,79.26632,2025-08-01,26.48,2.31,83.39,1.28,0.468,0.469,0.499,0.49
Kandri,21.41169,79.26632,2025-08-02,27.01,2.28,82.82,0.85,0.457,0.46,0.495,0.485
Kandri,21.41169,79.26632,2025-08-03,27.36,1.85,81.84,0.51,0.439,0.45,0.492,0.479
Kandri,21.41169,79.26632,2025-08-04,27.71,1.32,81.41,0.31,0.422,0.438,0.488,0.473
Kandri,21.41169,79.26632,2025-08-05,27.81,1.1,80.91,0.16,0.396,0.421,0.484,0.465
Kandri,21.41169,79.26632,2025-08-06,27.92,1.11,79.43,0.14,0.368,0.404,0.48,0.456
Kandri,21.41169,79.26632,2025-08-07,27.65,1.44,79.76,2.11,0.341,0.386,0.475,0.447
Kandri,21.41169,79.26632,2025-08-08,26.21,1.21,86.03,10.68,0.333,0.372,0.471,0.44
Kandri,21.41169,79.26632,2025-08-09,26.09,1.09,83.25,1.69,0.335,0.371,0.467,0.437
Kandri,21.41169,79.26632,2025-08-10,27.0,1.39,82.95,0.7,0.357,0.366,0.462,0.435
Kandri,21.41169,79.26632,2025-08-11,26.23,2.12,89.28,1.47,0.36,0.356,0.458,0.429
Kandri,21.41169,79.26632,2025-08-12,26.56,2.19,87.51,2.25,0.365,0.344,0.453,0.424
Kandri,21.41169,79.26632,2025-08-13,26.18,2.1,91.55,25.83,0.487,0.407,0.451,0.444
Kandri,21.41169,79.26632,2025-08-14,26.68,1.47,86.01,8.7,0.494,0.499,0.457,0.469
Kandri,21.41169,79.26632,2025-08-15,26.82,1.38,85.84,4.91,0.498,0.502,0.469,0.478
Kandri,21.41169,79.26632,2025-08-16,26.84,1.93,88.14,25.48,0.505,0.511,0.483,0.491
Kandri,21.41169,79.26632,2025-08-17,27.07,2.57,88.49,2.11,0.494,0.503,0.492,0.494
Kandri,21.41169,79.26632,2025-08-18,26.86,1.62,87.81,30.67,0.483,0.491,0.492,0.491
Kandri,21.41169,79.26632,2025-08-19,27.29,1.18,85.91,29.73,0.503,0.505,0.504,0.504
Kandri,21.41169,79.26632,2025-08-20,25.82,2.66,91.19,14.97,0.505,0.505,0.517,0.513
Kandri,21.41169,79.26632,2025-08-21,25.91,2.94,88.8,10.45,0.502,0.509,0.516,0.514
Kandri,21.41169,79.26632,2025-08-22,26.07,3.39,88.55,12.13,0.492,0.496,0.512,0.507
Kandri,21.41169,79.26632,2025-08-23,25.8,3.99,88.46,4.93,0.496,0.501,0.51,0.507
Kandri,21.41169,79.26632,2025-08-24,25.16,4.24,89.17,3.41,0.489,0.493,0.508,0.503
Kandri,21.41169,79.26632,2025-08-25,25.87,3.08,86.56,0.54,0.489,0.49,0.505,0.501
Kandri,21.41169,79.26632,2025-08-26,26.54,1.58,85.59,7.25,0.491,0.501,0.504,0.503
Kandri,21.41169,79.26632,2025-08-27,27.43,1.09,83.91,15.63,0.494,0.503,0.503,0.502
Kandri,21.41169,79.26632,2025-08-28,27.61,0.65,83.73,15.84,0.498,0.508,0.507,0.506
Kandri,21.41169,79.26632,2025-08-29,27.0,1.49,86.19,2.55,0.499,0.511,0.513,0.511
Kandri,21.41169,79.26632,2025-08-30,26.9,1.54,87.54,2.28,0.49,0.5,0.51,0.507
Kandri,21.41169,79.26632,2025-08-31,26.45,2.65,91.07,8.15,0.495,0.503,0.508,0.506
Kandri,21.41169,79.26632,2025-09-01,26.03,2.06,89.4,19.43,0.503,0.509,0.513,0.511
Kandri,21.41169,79.26632,2025-09-02,26.58,1.28,86.77,11.62,0.505,0.509,0.476,0.485
Kandri,21.41169,79.26632,2025-09-03,26.13,1.15,88.28,14.44,0.506,0.512,0.464,0.477
Kandri,21.41169,79.26632,2025-09-04,26.02,2.36,89.79,4.61,0.495,0.499,0.463,0.473
Kandri,21.41169,79.26632,2025-09-05,25.78,2.99,89.12,0.51,0.475,0.49,0.459,0.467
Kandri,21.41169,79.26632,2025-09-06,25.69,1.86,90.2,0.77,0.475,0.483,0.454,0.462
Kandri,21.41169,79.26632,2025-09-07,26.19,1.24,88.46,1.8,0.474,0.486,0.451,0.46
Kandri,21.41169,79.26632,2025-09-08,26.48,1.7,86.32,1.55,0.456,0.473,0.447,0.453
Kandri,21.41169,79.26632,2025-09-09,26.42,1.37,86.77,4.87,0.433,0.459,0.442,0.445
Kandri,21.41169,79.26632,2025-09-10,26.14,2.2,89.36,10.19,0.466,0.454,0.437,0.443
Kandri,21.41169,79.26632,2025-09-11,26.14,2.18,88.82,13.57,0.458,0.451,0.434,0.439
Kandri,21.41169,79.26632,2025-09-12,25.88,1.89,90.4,21.09,0.487,0.467,0.431,0.443
Kandri,21.41169,79.26632,2025-09-13,26.94,1.76,85.47,2.92,0.5,0.504,0.44,0.458
Kandri,21.41169,79.26632,2025-09-14,26.73,1.26,88.76,4.36,0.489,0.5,0.452,0.464
Kandri,21.41169,79.26632,2025-09-15,26.25,1.37,91.79,9.03,0.499,0.501,0.454,0.467
Kandri,21.41169,79.26632,2025-09-16,25.8,1.35,89.79,30.49,0.503,0.505,0.458,0.471
Kandri,21.41169,79.26632,2025-09-17,26.56,0.97,86.62,10.48,0.499,0.503,0.462,0.473
Kandri,21.41169,79.26632,2025-09-18,26.69,0.82,85.73,11.82,0.496,0.505,0.469,0.478
Kandri,21.41169,79.26632,2025-09-19,27.01,0.91,87.04,3.81,0.469,0.491,0.471,0.475
Kandri,21.41169,79.26632,2025-09-20,26.85,0.99,87.56,5.22,0.442,0.474,0.469,0.468
Kandri,21.41169,79.26632,2025-09-21,27.19,1.61,84.97,0.99,0.429,0.462,0.465,0.462
Kandri,21.41169,79.26632,2025-09-22,27.05,1.75,83.95,2.21,0.409,0.449,0.461,0.455
Kandri,21.41169,79.26632,2025-09-23,26.46,1.76,82.17,0.08,0.385,0.429,0.456,0.446
Kandri,21.41169,79.26632,2025-09-24,26.32,2.5,86.05,5.56,0.374,0.418,0.452,0.439
Kandri,21.41169,79.26632,2025-09-25,25.2,2.6,91.3,13.05,0.434,0.412,0.448,0.44
Kandri,21.41169,79.26632,2025-09-26,26.62,2.92,88.87,5.98,0.416,0.402,0.445,0.434
Kandri,21.41169,79.26632,2025-09-27,26.02,2.5,92.44,26.93,0.47,0.431,0.441,0.441
Kandri,21.41169,79.26632,2025-09-28,25.65,2.84,90.48,4.97,0.495,0.483,0.439,0.452
Kandri,21.41169,79.26632,2025-09-29,25.8,1.57,88.82,0.76,0.478,0.491,0.442,0.455
Kandri,21.41169,79.26632,2025-09-30,26.12,1.19,86.65,7.16,0.45,0.475,0.441,0.449
Kandri,21.41169,79.26632,2025-10-01,26.18,1.79,87.35,0.44,0.417,0.458,0.438,0.441
Kandri,21.41169,79.26632,2025-10-02,25.85,1.89,87.51,0.36,0.409,0.444,0.433,0.433
Kandri,21.41169,79.26632,2025-10-03,25.93,2.21,87.56,1.38,0.437,0.434,0.427,0.429
Kandri,21.41169,79.26632,2025-10-04,25.88,1.97,88.54,0.7,0.412,0.42,0.417,0.417
Kandri,21.41169,79.26632,2025-10-05,25.23,1.33,89.52,11.31,0.396,0.4,0.406,0.404
Kandri,21.41169,79.26632,2025-10-06,24.86,1.25,86.48,11.59,0.48,0.449,0.401,0.417
Kandri,21.41169,79.26632,2025-10-07,25.19,1.47,84.87,3.58,0.441,0.419,0.399,0.406
Kandri,21.41169,79.26632,2025-10-08,24.95,1.44,83.42,6.43,0.398,0.408,0.396,0.398
Kandri,21.41169,79.26632,2025-10-09,23.51,2.1,81.35,1.38,0.375,0.398,0.391,0.392
Kandri,21.41169,79.26632,2025-10-10,22.58,2.21,85.58,4.21,0.345,0.384,0.385,0.382
Kandri,21.41169,79.26632,2025-10-11,22.11,2.7,89.91,3.59,0.326,0.373,0.383,0.377
Kandri,21.41169,79.26632,2025-10-12,22.94,1.94,86.85,0.0,0.313,0.365,0.381,0.373
Kandri,21.41169,79.26632,2025-10-13,23.64,1.35,85.3,0.0,0.3,0.352,0.377,0.367
Kandri,21.41169,79.26632,2025-10-14,23.59,1.59,86.36,0.0,0.291,0.341,0.377,0.363
Kandri,21.41169,79.26632,2025-10-15,23.97,1.72,86.63,0.28,0.273,0.322,0.374,0.356
Kandri,21.41169,79.26632,2025-10-16,23.99,1.31,84.15,3.54,0.263,0.307,0.371,0.35
Kandri,21.41169,79.26632,2025-10-17,23.94,1.03,84.84,0.32,0.267,0.31,0.368,0.349
Kandri,21.41169,79.26632,2025-10-18,23.5,1.11,83.71,0.15,0.269,0.31,0.365,0.347
Kandri,21.41169,79.26632,2025-10-19,22.54,1.44,84.01,0.0,0.262,0.308,0.379,0.356
Kandri,21.41169,79.26632,2025-10-20,22.81,1.73,84.81,0.01,0.255,0.302,0.375,0.351
Kandri,21.41169,79.26632,2025-10-21,24.17,2.07,88.54,0.09,0.244,0.291,0.367,0.343
Kandri,21.41169,79.26632,2025-10-22,24.33,1.95,87.18,0.1,0.244,0.283,0.365,0.339
Kandri,21.41169,79.26632,2025-10-23,23.79,1.77,86.09,0.0,0.24,0.278,0.358,0.333
Kandri,21.41169,79.26632,2025-10-24,23.9,1.74,86.56,0.26,0.236,0.278,0.349,0.326
Kandri,21.41169,79.26632,2025-10-25,22.94,1.84,89.28,8.43,0.293,0.278,0.344,0.326
Kandri,21.41169,79.26632,2025-10-26,22.87,1.96,92.08,10.87,0.313,0.278,0.34,0.325
Kandri,21.41169,79.26632,2025-10-27,24.52,2.13,87.38,0.34,0.294,0.279,0.339,0.323
Kandri,21.41169,79.26632,2025-10-28,24.69,3.12,87.26,0.09,0.313,0.28,0.34,0.325
Kandri,21.41169,79.26632,2025-10-29,25.08,4.05,88.41,7.48,0.336,0.278,0.338,0.325
Kandri,21.41169,79.26632,2025-10-30,24.67,2.69,93.26,5.7,0.469,0.314,0.34,0.344
Kandri,21.41169,79.26632,2025-10-31,25.3,1.56,88.88,6.17,0.443,0.342,0.344,0.351
Kandri,21.41169,79.26632,2025-11-01,25.62,0.97,85.7,0.27,0.41,0.345,0.342,0.347
Kandri,21.41169,79.26632,2025-11-02,25.39,1.03,87.22,5.65,0.385,0.343,0.338,0.342
Kandri,21.41169,79.26632,2025-11-03,24.89,1.03,85.17,1.75,0.366,0.34,0.335,0.339
Kandri,21.41169,79.26632,2025-11-04,24.39,0.92,80.63,0.0,0.347,0.335,0.333,0.334
Kandri,21.41169,79.26632,2025-11-05,23.24,1.57,81.16,0.0,0.331,0.33,0.331,0.331
Kandri,21.41169,79.26632,2025-11-06,21.82,1.91,76.27,0.0,0.316,0.326,0.329,0.327
Kandri,21.41169,79.26632,2025-11-07,19.62,1.59,67.09,0.0,0.307,0.324,0.332,0.328
Kandri,21.41169,79.26632,2025-11-08,18.93,1.16,70.17,0.0,0.302,0.323,0.337,0.331
Kandri,21.41169,79.26632,2025-11-09,17.16,1.48,69.69,0.0,0.29,0.317,0.335,0.328
Kandri,21.41169,79.26632,2025-11-10,17.93,0.85,59.56,0.0,0.281,0.313,0.332,0.324
Kandri,21.41169,79.26632,2025-11-11,18.23,1.04,62.69,0.0,0.28,0.311,0.33,0.323
Kandri,21.41169,79.26632,2025-11-12,17.64,1.39,66.53,0.0,0.276,0.309,0.324,0.317
Kandri,21.41169,79.26632,2025-11-13,16.69,1.71,69.14,0.0,0.278,0.309,0.321,0.316
Kandri,21.41169,79.26632,2025-11-14,16.46,1.66,72.66,0.0,0.281,0.31,0.325,0.319
Kandri,21.41169,79.26632,2025-11-15,16.65,1.56,74.56,0.0,0.277,0.308,0.323,0.316
Kandri,21.41169,79.26632,2025-11-16,15.67,1.72,71.75,1.53,0.279,0.31,0.324,0.318
Kandri,21.41169,79.26632,2025-11-17,15.07,1.88,76.43,0.0,0.271,0.306,0.32,0.314
Kandri,21.41169,79.26632,2025-11-18,15.09,1.53,79.06,1.53,0.258,0.299,0.312,0.306
Kandri,21.41169,79.26632,2025-11-19,15.84,1.34,78.76,0.0,0.254,0.296,0.309,0.303
Kandri,21.41169,79.26632,2025-11-20,16.46,1.43,80.12,0.0,0.251,0.294,0.306,0.299
Kandri,21.41169,79.26632,2025-11-21,18.28,0.89,75.68,0.0,0.247,0.291,0.303,0.296
Kandri,21.41169,79.26632,2025-11-22,19.14,0.68,71.52,0.0,0.25,0.291,0.303,0.296
Kandri,21.41169,79.26632,2025-11-23,19.21,0.94,75.18,0.0,0.267,0.299,0.313,0.307
Kandri,21.41169,79.26632,2025-11-24,19.21,1.51,83.41,0.0,0.282,0.306,0.318,0.313
Kandri,21.41169,79.26632,2025-11-25,19.55,1.13,82.33,0.0,0.282,0.307,0.319,0.314
Kandri,21.41169,79.26632,2025-11-26,18.92,1.35,84.86,0.27,0.279,0.306,0.322,0.315
Kandri,21.41169,79.26632,2025-11-27,18.75,1.65,82.59,0.0,0.273,0.303,0.321,0.314
Kandri,21.41169,79.26632,2025-11-28,16.01,1.83,75.23,0.0,0.271,0.299,0.319,0.311
Kandri,21.41169,79.26632,2025-11-29,16.24,1.59,75.5,0.0,0.268,0.297,0.317,0.309
Kandri,21.41169,79.26632,2025-11-30,16.88,1.81,74.64,0.0,0.264,0.295,0.313,0.306
Kandri,21.41169,79.26632,2025-12-01,17.84,1.51,77.17,0.0,0.253,0.292,0.311,0.303
Kandri,21.41169,79.26632,2025-12-02,17.51,1.5,79.66,0.0,0.25,0.29,0.308,0.301
Kandri,21.41169,79.26632,2025-12-03,17.15,1.88,76.06,0.0,0.25,0.29,0.308,0.3
Kandri,21.41169,79.26632,2025-12-04,16.77,1.88,77.35,0.0,0.254,0.291,0.309,0.302
Kandri,21.41169,79.26632,2025-12-05,16.15,2.13,72.55,0.0,0.251,0.29,0.309,0.301
Kandri,21.41169,79.26632,2025-12-06,15.44,1.84,66.89,0.0,0.25,0.289,0.309,0.301
Kandri,21.41169,79.26632,2025-12-07,15.24,1.54,67.17,0.0,0.248,0.288,0.309,0.3
Kandri,21.41169,79.26632,2025-12-08,16.47,1.86,62.42,0.0,0.247,0.287,0.309,0.3
Kandri,21.41169,79.26632,2025-12-09,16.35,2.36,61.53,0.0,0.247,0.286,0.309,0.3
Kandri,21.41169,79.26632,2025-12-10,16.17,1.83,57.14,0.0,0.246,0.285,0.308,0.299
Kandri,21.41169,79.26632,2025-12-11,16.83,1.2,54.35,0.0,0.246,0.285,0.308,0.299
Kandri,21.41169,79.26632,2025-12-12,16.6,1.34,60.81,0.0,0.246,0.284,0.308,0.299
Kandri,21.41169,79.26632,2025-12-13,16.29,1.52,66.84,0.0,0.246,0.284,0.308,0.299
Kandri,21.41169,79.26632,2025-12-14,15.74,1.63,70.08,0.0,0.245,0.283,0.308,0.298
Kandri,21.41169,79.26632,2025-12-15,15.94,1.35,69.59,0.0,0.245,0.283,0.308,0.298
Kandri,21.41169,79.26632,2025-12-16,16.32,1.51,66.21,0.0,0.245,0.283,0.307,0.298
Kandri,21.41169,79.26632,2025-12-17,16.32,1.69,64.62,0.0,0.245,0.282,0.307,0.297
Kandri,21.41169,79.26632,2025-12-18,16.0,2.01,63.56,0.0,0.245,0.282,0.307,0.297
Kandri,21.41169,79.26632,2025-12-19,15.23,2.41,68.03,0.0,0.239,0.282,0.307,0.297
Kandri,21.41169,79.26632,2025-12-20,14.89,1.97,66.44,0.0,0.245,0.281,0.307,0.297
Kandri,21.41169,79.26632,2025-12-21,15.45,1.57,65.05,0.0,0.245,0.281,0.307,0.297
Kandri,21.41169,79.26632,2025-12-22,15.93,1.75,67.48,0.0,0.245,0.281,0.307,0.297
Kandri,21.41169,79.26632,2025-12-23,16.27,2.12,67.41,0.0,0.245,0.281,0.307,0.297
Kandri,21.41169,79.26632,2025-12-24,16.86,1.74,66.5,0.0,0.245,0.281,0.306,0.297
Kandri,21.41169,79.26632,2025-12-25,16.69,1.34,66.37,0.0,0.245,0.281,0.306,0.296
Kandri,21.41169,79.26632,2025-12-26,15.7,1.6,63.63,0.0,0.245,0.28,0.306,0.296
Kandri,21.41169,79.26632,2025-12-27,15.36,1.4,60.6,0.0,0.245,0.28,0.306,0.296
Kandri,21.41169,79.26632,2025-12-28,15.42,1.43,58.53,0.0,0.245,0.28,0.306,0.296
Kandri,21.41169,79.26632,2025-12-29,15.56,1.53,56.91,0.0,0.245,0.28,0.306,0.296
Kandri,21.41169,79.26632,2025-12-30,16.87,1.03,50.39,0.0,0.245,0.28,0.306,0.296
Kandri,21.41169,79.26632,2025-12-31,17.89,1.14,49.58,0.0,0.243,0.28,0.306,0.296
Munsar,21.40151,79.28103,2025-01-01,17.14,2.41,52.59,0.0,0.26,0.32,0.375,0.355
Munsar,21.40151,79.28103,2025-01-02,17.01,2.47,47.27,0.0,0.263,0.322,0.369,0.352
Munsar,21.40151,79.28103,2025-01-03,17.73,2.28,47.96,0.0,0.259,0.312,0.366,0.347
Munsar,21.40151,79.28103,2025-01-04,17.84,2.09,53.16,0.0,0.247,0.301,0.366,0.344
Munsar,21.40151,79.28103,2025-01-05,18.47,1.49,49.6,0.0,0.237,0.295,0.366,0.342
Munsar,21.40151,79.28103,2025-01-06,19.01,1.23,53.9,0.0,0.237,0.304,0.365,0.343
Munsar,21.40151,79.28103,2025-01-07,17.71,2.46,55.27,0.0,0.243,0.311,0.364,0.345
Munsar,21.40151,79.28103,2025-01-08,15.35,1.76,51.18,0.0,0.241,0.318,0.363,0.345
Munsar,21.40151,79.28103,2025-01-09,16.49,1.63,45.39,0.0,0.236,0.317,0.362,0.344
Munsar,21.40151,79.28103,2025-01-10,16.95,1.65,47.97,0.0,0.244,0.319,0.362,0.344
Munsar,21.40151,79.28103,2025-01-11,18.32,1.72,56.24,0.0,0.253,0.327,0.361,0.346
Munsar,21.40151,79.28103,2025-01-12,19.47,1.69,66.3,0.12,0.268,0.334,0.36,0.348
Munsar,21.40151,79.28103,2025-01-13,19.57,1.7,69.04,0.06,0.271,0.341,0.36,0.349
Munsar,21.40151,79.28103,2025-01-14,19.01,1.25,59.07,0.0,0.278,0.362,0.359,0.354
Munsar,21.40151,79.28103,2025-01-15,19.49,1.67,59.92,0.0,0.291,0.366,0.359,0.355
Munsar,21.40151,79.28103,2025-01-16,19.9,1.34,60.84,0.0,0.309,0.377,0.358,0.359
Munsar,21.40151,79.28103,2025-01-17,20.36,2.33,60.01,0.0,0.312,0.382,0.358,0.36
Munsar,21.40151,79.28103,2025-01-18,19.51,1.87,60.71,0.0,0.309,0.38,0.357,0.359
Munsar,21.40151,79.28103,2025-01-19,19.75,1.81,49.12,0.0,0.296,0.372,0.357,0.356
Munsar,21.40151,79.28103,2025-01-20,19.92,2.12,47.74,0.0,0.294,0.353,0.356,0.351
Munsar,21.40151,79.28103,2025-01-21,21.84,1.2,48.96,0.0,0.286,0.348,0.356,0.349
Munsar,21.40151,79.28103,2025-01-22,22.02,1.3,42.41,0.0,0.286,0.349,0.355,0.349
Munsar,21.40151,79.28103,2025-01-23,21.71,1.55,45.58,0.0,0.28,0.339,0.354,0.346
Munsar,21.40151,79.28103,2025-01-24,22.33,1.73,50.15,0.0,0.288,0.332,0.354,0.344
Munsar,21.40151,79.28103,2025-01-25,21.95,1.86,53.05,0.0,0.278,0.329,0.353,0.342
Munsar,21.40151,79.28103,2025-01-26,21.59,1.83,40.82,0.0,0.273,0.326,0.352,0.341
Munsar,21.40151,79.28103,2025-01-27,21.16,1.62,31.06,0.0,0.268,0.323,0.351,0.34
Munsar,21.40151,79.28103,2025-01-28,21.93,1.35,28.73,0.0,0.263,0.32,0.351,0.338
Munsar,21.40151,79.28103,2025-01-29,22.28,1.39,36.28,0.0,0.26,0.317,0.35,0.336
Munsar,21.40151,79.28103,2025-01-30,23.93,1.79,38.24,0.0,0.257,0.315,0.349,0.335
Munsar,21.40151,79.28103,2025-01-31,24.11,1.48,34.56,0.0,0.254,0.312,0.348,0.334
Munsar,21.40151,79.28103,2025-02-01,24.97,1.66,39.7,0.0,0.251,0.31,0.347,0.333
Munsar,21.40151,79.28103,2025-02-02,24.99,1.7,38.45,0.0,0.25,0.308,0.346,0.332
Munsar,21.40151,79.28103,2025-02-03,25.8,1.65,36.93,0.0,0.248,0.306,0.345,0.33
Munsar,21.40151,79.28103,2025-02-04,26.74,1.39,34.91,0.0,0.247,0.303,0.345,0.329
Munsar,21.40151,79.28103,2025-02-05,26.24,1.57,35.97,0.0,0.247,0.302,0.344,0.328
Munsar,21.40151,79.28103,2025-02-06,23.38,3.21,36.4,0.0,0.246,0.3,0.343,0.327
Munsar,21.40151,79.28103,2025-02-07,22.7,2.57,29.57,0.0,0.246,0.298,0.342,0.326
Munsar,21.40151,79.28103,2025-02-08,23.11,1.99,25.48,0.0,0.236,0.297,0.341,0.324
Munsar,21.40151,79.28103,2025-02-09,24.11,1.25,23.21,0.0,0.246,0.296,0.34,0.324
Munsar,21.40151,79.28103,2025-02-10,24.94,1.44,33.89,0.0,0.246,0.294,0.339,0.323
Munsar,21.40151,79.28103,2025-02-11,26.09,1.43,38.33,0.0,0.245,0.293,0.338,0.322
Munsar,21.40151,79.28103,2025-02-12,25.02,2.44,22.78,0.0,0.245,0.292,0.337,0.321
Munsar,21.40151,79.28103,2025-02-13,23.43,2.94,23.91,0.0,0.245,0.291,0.337,0.32
Munsar,21.40151,79.28103,2025-02-14,22.89,2.39,20.51,0.0,0.245,0.29,0.336,0.32
Munsar,21.40151,79.28103,2025-02-15,25.05,1.28,22.6,0.0,0.245,0.289,0.335,0.319
Munsar,21.40151,79.28103,2025-02-16,25.74,1.4,23.81,0.0,0.243,0.288,0.334,0.318
Munsar,21.40151,79.28103,2025-02-17,26.35,1.2,25.75,0.0,0.243,0.287,0.333,0.317
Munsar,21.40151,79.28103,2025-02-18,26.11,1.43,27.17,0.0,0.245,0.287,0.332,0.317
Munsar,21.40151,79.28103,2025-02-19,25.83,1.66,29.95,0.0,0.245,0.286,0.331,0.316
Munsar,21.40151,79.28103,2025-02-20,25.79,1.96,29.62,0.0,0.245,0.285,0.331,0.315
Munsar,21.40151,79.28103,2025-02-21,25.95,1.89,24.16,0.0,0.245,0.285,0.33,0.314
Munsar,21.40151,79.28103,2025-02-22,25.37,2.7,26.88,0.0,0.242,0.284,0.329,0.313
Munsar,21.40151,79.28103,2025-02-23,24.69,1.95,23.38,0.0,0.242,0.284,0.328,0.313
Munsar,21.40151,79.28103,2025-02-24,24.4,1.88,23.76,0.0,0.245,0.283,0.328,0.312
Munsar,21.40151,79.28103,2025-02-25,24.73,2.02,26.56,0.0,0.245,0.283,0.327,0.312
Munsar,21.40151,79.28103,2025-02-26,24.96,2.41,22.57,0.0,0.245,0.283,0.326,0.311
Munsar,21.40151,79.28103,2025-02-27,25.87,1.71,21.93,0.0,0.245,0.282,0.325,0.311
Munsar,21.40151,79.28103,2025-02-28,26.61,1.82,23.83,0.0,0.245,0.282,0.325,0.31
Munsar,21.40151,79.28103,2025-03-01,27.32,1.79,28.81,0.0,0.245,0.282,0.324,0.31
Munsar,21.40151,79.28103,2025-03-02,28.44,1.87,27.11,0.0,0.245,0.281,0.323,0.309
Munsar,21.40151,79.28103,2025-03-03,27.94,2.1,24.03,0.0,0.245,0.281,0.323,0.308
Munsar,21.40151,79.28103,2025-03-04,28.21,2.48,22.08,0.0,0.258,0.281,0.322,0.309
Munsar,21.40151,79.28103,2025-03-05,24.08,4.04,12.78,0.0,0.245,0.281,0.321,0.308
Munsar,21.40151,79.28103,2025-03-06,23.37,2.63,9.7,0.0,0.245,0.281,0.321,0.307
Munsar,21.40151,79.28103,2025-03-07,25.31,1.81,11.25,0.0,0.245,0.28,0.32,0.306
Munsar,21.40151,79.28103,2025-03-08,27.05,1.65,15.5,0.0,0.245,0.28,0.319,0.306
Munsar,21.40151,79.28103,2025-03-09,27.25,2.11,17.11,0.0,0.245,0.28,0.319,0.305
Munsar,21.40151,79.28103,2025-03-10,26.99,2.17,19.33,0.0,0.257,0.28,0.318,0.306
Munsar,21.40151,79.28103,2025-03-11,28.32,1.46,17.4,0.0,0.247,0.28,0.318,0.305
Munsar,21.40151,79.28103,2025-03-12,30.49,1.57,17.71,0.0,0.246,0.28,0.317,0.304
Munsar,21.40151,79.28103,2025-03-13,30.95,2.12,17.88,0.0,0.245,0.28,0.316,0.304
Munsar,21.40151,79.28103,2025-03-14,31.06,2.57,14.95,0.0,0.245,0.28,0.316,0.303
Munsar,21.40151,79.28103,2025-03-15,31.27,1.61,16.87,0.0,0.245,0.279,0.315,0.303
Munsar,21.40151,79.28103,2025-03-16,31.56,2.14,21.93,0.0,0.245,0.279,0.315,0.302
Munsar,21.40151,79.28103,2025-03-17,31.23,1.78,23.45,0.0,0.245,0.279,0.314,0.302
Munsar,21.40151,79.28103,2025-03-18,30.53,2.04,21.49,0.0,0.245,0.279,0.314,0.301
Munsar,21.40151,79.28103,2025-03-19,30.22,2.51,24.04,0.0,0.245,0.279,0.313,0.301
Munsar,21.40151,79.28103,2025-03-20,30.85,2.62,27.68,0.03,0.245,0.279,0.313,0.301
Munsar,21.40151,79.28103,2025-03-21,30.34,1.71,22.15,0.41,0.245,0.279,0.312,0.3
Munsar,21.40151,79.28103,2025-03-22,29.36,1.6,18.79,0.0,0.242,0.279,0.312,0.3
Munsar,21.40151,79.28103,2025-03-23,28.95,1.79,18.18,0.0,0.244,0.279,0.311,0.3
Munsar,21.40151,79.28103,2025-03-24,28.17,2.18,14.27,0.0,0.244,0.279,0.311,0.299
Munsar,21.40151,79.28103,2025-03-25,28.97,1.88,14.68,0.0,0.244,0.279,0.31,0.299
Munsar,21.40151,79.28103,2025-03-26,30.38,1.0,14.39,0.0,0.239,0.279,0.311,0.299
Munsar,21.40151,79.28103,2025-03-27,32.15,1.55,14.53,0.0,0.239,0.279,0.311,0.299
Munsar,21.40151,79.28103,2025-03-28,32.0,3.26,19.9,0.0,0.244,0.279,0.309,0.298
Munsar,21.40151,79.28103,2025-03-29,31.3,2.75,14.65,0.0,0.244,0.279,0.308,0.297
Munsar,21.40151,79.28103,2025-03-30,31.57,2.05,10.31,0.0,0.243,0.279,0.308,0.297
Munsar,21.40151,79.28103,2025-03-31,31.84,1.93,11.92,0.0,0.243,0.279,0.307,0.297
Munsar,21.40151,79.28103,2025-04-01,31.24,1.79,19.95,0.0,0.243,0.279,0.307,0.297
Munsar,21.40151,79.28103,2025-04-02,30.59,1.38,29.96,3.66,0.243,0.279,0.307,0.296
Munsar,21.40151,79.28103,2025-04-03,30.72,1.38,34.23,1.25,0.257,0.279,0.303,0.295
Munsar,21.40151,79.28103,2025-04-04,31.13,0.71,32.29,0.82,0.265,0.279,0.311,0.301
Munsar,21.40151,79.28103,2025-04-05,31.43,1.88,24.86,0.0,0.274,0.279,0.276,0.277
Munsar,21.40151,79.28103,2025-04-06,31.86,1.68,18.5,0.0,0.287,0.279,0.274,0.276
Munsar,21.40151,79.28103,2025-04-07,32.93,0.87,17.68,0.0,0.292,0.279,0.274,0.276
Munsar,21.40151,79.28103,2025-04-08,32.66,1.66,21.96,0.0,0.282,0.28,0.274,0.276
Munsar,21.40151,79.28103,2025-04-09,32.62,1.68,31.16,4.13,0.265,0.267,0.275,0.272
Munsar,21.40151,79.28103,2025-04-10,32.97,1.85,32.14,0.78,0.266,0.271,0.275,0.274
Munsar,21.40151,79.28103,2025-04-11,32.7,2.07,22.79,0.33,0.275,0.271,0.275,0.274
Munsar,21.40151,79.28103,2025-04-12,32.41,3.0,22.38,0.0,0.269,0.271,0.275,0.274
Munsar,21.40151,79.28103,2025-04-13,33.03,1.41,23.78,0.16,0.258,0.271,0.276,0.274
Munsar,21.40151,79.28103,2025-04-14,33.3,1.48,24.08,0.8,0.273,0.271,0.276,0.275
Munsar,21.40151,79.28103,2025-04-15,33.31,1.51,23.06,0.0,0.28,0.271,0.276,0.275
Munsar,21.40151,79.28103,2025-04-16,32.64,1.73,31.99,0.0,0.276,0.271,0.277,0.275
Munsar,21.40151,79.28103,2025-04-17,33.99,1.31,29.79,0.03,0.279,0.271,0.277,0.276
Munsar,21.40151,79.28103,2025-04-18,35.32,1.93,24.1,0.0,0.265,0.271,0.277,0.275
Munsar,21.40151,79.28103,2025-04-19,35.58,2.59,19.39,0.18,0.255,0.271,0.277,0.274
Munsar,21.40151,79.28103,2025-04-20,35.26,2.44,17.26,0.0,0.249,0.271,0.278,0.274
Munsar,21.40151,79.28103,2025-04-21,35.1,2.36,16.85,0.0,0.246,0.271,0.278,0.274
Munsar,21.40151,79.28103,2025-04-22,35.62,2.13,11.99,0.0,0.245,0.271,0.278,0.274
Munsar,21.40151,79.28103,2025-04-23,35.52,2.26,12.09,0.0,0.247,0.271,0.278,0.275
Munsar,21.40151,79.28103,2025-04-24,35.48,2.95,12.26,0.0,0.245,0.271,0.279,0.275
Munsar,21.40151,79.28103,2025-04-25,35.99,2.72,15.36,0.0,0.244,0.271,0.279,0.275
Munsar,21.40151,79.28103,2025-04-26,36.01,2.19,17.87,0.0,0.244,0.271,0.279,0.275
Munsar,21.40151,79.28103,2025-04-27,34.33,2.44,21.85,1.41,0.258,0.271,0.279,0.276
Munsar,21.40151,79.28103,2025-04-28,33.55,2.27,25.12,3.18,0.249,0.271,0.281,0.276
Munsar,21.40151,79.28103,2025-04-29,33.58,2.14,29.01,0.87,0.275,0.271,0.273,0.273
Munsar,21.40151,79.28103,2025-04-30,34.28,1.71,26.99,0.38,0.319,0.271,0.273,0.276
Munsar,21.40151,79.28103,2025-05-01,33.22,3.06,37.72,0.4,0.34,0.272,0.273,0.277
Munsar,21.40151,79.28103,2025-05-02,33.6,2.55,35.34,0.07,0.353,0.273,0.274,0.279
Munsar,21.40151,79.28103,2025-05-03,34.31,2.28,35.08,0.15,0.365,0.274,0.274,0.28
Munsar,21.40151,79.28103,2025-05-04,32.23,2.33,45.2,7.92,0.39,0.276,0.274,0.283
Munsar,21.40151,79.28103,2025-05-05,31.11,1.17,49.99,3.02,0.393,0.279,0.274,0.283
Munsar,21.40151,79.28103,2025-05-06,31.21,1.56,45.02,1.57,0.38,0.298,0.275,0.287
Munsar,21.40151,79.28103,2025-05-07,31.14,2.27,41.46,0.09,0.368,0.324,0.275,0.292
Munsar,21.40151,79.28103,2025-05-08,30.53,2.05,40.55,0.14,0.345,0.325,0.275,0.29
Munsar,21.40151,79.28103,2025-05-09,31.95,1.78,41.92,0.05,0.33,0.311,0.275,0.286
Munsar,21.40151,79.28103,2025-05-10,32.26,1.15,43.3,2.28,0.319,0.295,0.276,0.283
Munsar,21.40151,79.28103,2025-05-11,33.99,1.47,41.13,0.24,0.304,0.293,0.276,0.282
Munsar,21.40151,79.28103,2025-05-12,35.06,2.03,35.03,0.01,0.301,0.303,0.276,0.283
Munsar,21.40151,79.28103,2025-05-13,35.6,2.57,32.39,0.47,0.308,0.319,0.277,0.288
Munsar,21.40151,79.28103,2025-05-14,35.81,1.73,33.49,1.04,0.31,0.347,0.277,0.294
Munsar,21.40151,79.28103,2025-05-15,34.18,1.92,43.43,6.91,0.299,0.336,0.277,0.291
Munsar,21.40151,79.28103,2025-05-16,34.22,1.01,46.22,0.33,0.299,0.332,0.277,0.29
Munsar,21.40151,79.28103,2025-05-17,34.84,1.75,41.56,1.25,0.281,0.338,0.278,0.291
Munsar,21.40151,79.28103,2025-05-18,33.72,1.45,50.04,6.99,0.317,0.352,0.278,0.296
Munsar,21.40151,79.28103,2025-05-19,34.15,2.06,48.85,0.01,0.321,0.366,0.278,0.3
Munsar,21.40151,79.28103,2025-05-20,35.45,1.45,42.83,0.02,0.326,0.373,0.279,0.302
Munsar,21.40151,79.28103,2025-05-21,33.99,1.86,47.36,15.38,0.361,0.369,0.274,0.3
Munsar,21.40151,79.28103,2025-05-22,31.43,1.87,58.97,0.27,0.415,0.371,0.268,0.3
Munsar,21.40151,79.28103,2025-05-23,30.67,1.89,59.04,0.19,0.39,0.369,0.269,0.298
Munsar,21.40151,79.28103,2025-05-24,27.67,2.14,74.08,1.73,0.407,0.378,0.269,0.301
Munsar,21.40151,79.28103,2025-05-25,27.58,2.76,75.67,3.34,0.452,0.379,0.269,0.305
Munsar,21.40151,79.28103,2025-05-26,30.57,1.88,64.25,1.56,0.438,0.384,0.27,0.306
Munsar,21.40151,79.28103,2025-05-27,31.79,1.35,61.53,4.14,0.477,0.41,0.27,0.314
Munsar,21.40151,79.28103,2025-05-28,31.35,2.31,65.56,12.42,0.469,0.425,0.271,0.317
Munsar,21.40151,79.28103,2025-05-29,32.02,2.58,61.37,5.62,0.483,0.451,0.273,0.325
Munsar,21.40151,79.28103,2025-05-30,32.27,3.31,59.71,0.91,0.494,0.485,0.28,0.338
Munsar,21.40151,79.28103,2025-05-31,31.11,3.07,57.52,0.52,0.479,0.479,0.289,0.342
Munsar,21.40151,79.28103,2025-06-01,31.72,4.71,49.44,0.0,0.454,0.459,0.298,0.343
Munsar,21.40151,79.28103,2025-06-02,30.16,3.33,61.01,1.45,0.426,0.443,0.298,0.338
Munsar,21.40151,79.28103,2025-06-03,30.98,3.86,52.07,0.04,0.393,0.425,0.288,0.324
Munsar,21.40151,79.28103,2025-06-04,30.82,2.06,53.19,0.3,0.372,0.411,0.278,0.312
Munsar,21.40151,79.28103,2025-06-05,32.33,1.57,44.89,1.26,0.362,0.4,0.277,0.309
Munsar,21.40151,79.28103,2025-06-06,33.76,1.41,39.28,0.0,0.349,0.391,0.277,0.306
Munsar,21.40151,79.28103,2025-06-07,33.76,2.7,37.41,0.0,0.334,0.383,0.275,0.302
Munsar,21.40151,79.28103,2025-06-08,35.73,3.57,35.75,0.31,0.319,0.375,0.275,0.299
Munsar,21.40151,79.28103,2025-06-09,36.6,3.28,31.35,0.0,0.313,0.373,0.275,0.298
Munsar,21.40151,79.28103,2025-06-10,37.12,3.81,29.03,0.43,0.321,0.38,0.276,0.301
Munsar,21.40151,79.28103,2025-06-11,33.2,2.87,48.56,3.08,0.354,0.399,0.276,0.307
Munsar,21.40151,79.28103,2025-06-12,33.06,2.86,50.08,0.74,0.353,0.398,0.277,0.308
Munsar,21.40151,79.28103,2025-06-13,32.78,2.95,54.87,0.57,0.343,0.388,0.277,0.305
Munsar,21.40151,79.28103,2025-06-14,32.57,2.26,56.98,7.57,0.327,0.381,0.278,0.303
Munsar,21.40151,79.28103,2025-06-15,31.88,2.52,60.02,3.89,0.326,0.376,0.278,0.302
Munsar,21.40151,79.28103,2025-06-16,30.38,3.36,66.46,2.37,0.398,0.365,0.279,0.305
Munsar,21.40151,79.28103,2025-06-17,29.98,3.24,64.08,2.88,0.454,0.37,0.278,0.309
Munsar,21.40151,79.28103,2025-06-18,31.26,3.92,58.45,0.74,0.401,0.355,0.278,0.303
Munsar,21.40151,79.28103,2025-06-19,28.28,4.49,74.37,4.28,0.378,0.349,0.278,0.3
Munsar,21.40151,79.28103,2025-06-20,27.79,3.83,75.03,9.29,0.398,0.356,0.278,0.303
Munsar,21.40151,79.28103,2025-06-21,29.14,3.75,68.05,3.98,0.436,0.373,0.278,0.309
Munsar,21.40151,79.28103,2025-06-22,28.23,3.88,68.98,2.71,0.455,0.375,0.277,0.31
Munsar,21.40151,79.28103,2025-06-23,27.74,4.67,72.41,4.94,0.479,0.403,0.279,0.319
Munsar,21.40151,79.28103,2025-06-24,27.9,3.69,77.07,7.17,0.493,0.441,0.282,0.33
Munsar,21.40151,79.28103,2025-06-25,27.11,1.8,82.23,24.65,0.495,0.472,0.285,0.339
Munsar,21.40151,79.28103,2025-06-26,27.79,2.08,78.35,7.57,0.503,0.492,0.296,0.352
Munsar,21.40151,79.28103,2025-06-27,28.25,3.71,74.7,12.52,0.49,0.486,0.307,0.358
Munsar,21.40151,79.28103,2025-06-28,27.53,3.29,75.65,11.78,0.488,0.472,0.312,0.358
Munsar,21.40151,79.28103,2025-06-29,25.66,3.94,83.64,11.47,0.5,0.473,0.317,0.363
Munsar,21.40151,79.28103,2025-06-30,25.7,5.22,86.09,28.75,0.509,0.502,0.335,0.383
Munsar,21.40151,79.28103,2025-07-01,26.25,3.77,86.46,30.35,0.509,0.502,0.363,0.403
Munsar,21.40151,79.28103,2025-07-02,25.44,3.75,85.88,9.88,0.492,0.49,0.37,0.404
Munsar,21.40151,79.28103,2025-07-03,26.79,3.04,84.51,7.0,0.484,0.478,0.374,0.403
Munsar,21.40151,79.28103,2025-07-04,26.4,4.09,84.81,10.92,0.505,0.497,0.38,0.413
Munsar,21.40151,79.28103,2025-07-05,26.13,4.78,86.79,8.37,0.485,0.485,0.386,0.413
Munsar,21.40151,79.28103,2025-07-06,26.07,3.83,88.26,27.31,0.504,0.501,0.395,0.425
Munsar,21.40151,79.28103,2025-07-07,25.51,4.66,92.14,80.57,0.511,0.518,0.472,0.485
Munsar,21.40151,79.28103,2025-07-08,25.08,4.53,92.56,93.51,0.505,0.517,0.511,0.511
Munsar,21.40151,79.28103,2025-07-09,25.77,3.5,88.89,10.08,0.507,0.512,0.516,0.515
Munsar,21.40151,79.28103,2025-07-10,26.47,3.22,85.55,1.79,0.498,0.506,0.512,0.51
Munsar,21.40151,79.28103,2025-07-11,26.54,3.13,83.02,1.69,0.489,0.498,0.508,0.505
Munsar,21.40151,79.28103,2025-07-12,27.16,3.16,82.83,3.77,0.469,0.484,0.504,0.497
Munsar,21.40151,79.28103,2025-07-13,26.87,3.52,84.77,5.7,0.468,0.471,0.499,0.491
Munsar,21.40151,79.28103,2025-07-14,27.16,2.74,82.8,2.35,0.462,0.463,0.495,0.486
Munsar,21.40151,79.28103,2025-07-15,26.6,1.41,86.5,10.26,0.458,0.457,0.491,0.482
Munsar,21.40151,79.28103,2025-07-16,27.76,1.44,82.8,3.44,0.474,0.464,0.489,0.482
Munsar,21.40151,79.28103,2025-07-17,26.29,1.01,84.11,7.31,0.482,0.473,0.487,0.484
Munsar,21.40151,79.28103,2025-07-18,27.39,1.12,83.26,2.07,0.478,0.478,0.485,0.483
Munsar,21.40151,79.28103,2025-07-19,27.42,1.25,79.43,0.74,0.478,0.489,0.484,0.485
Munsar,21.40151,79.28103,2025-07-20,28.14,1.26,76.78,4.97,0.46,0.477,0.482,0.48
Munsar,21.40151,79.28103,2025-07-21,28.04,1.11,82.13,17.2,0.48,0.478,0.48,0.48
Munsar,21.40151,79.28103,2025-07-22,27.83,1.8,85.69,5.04,0.498,0.491,0.48,0.483
Munsar,21.40151,79.28103,2025-07-23,26.64,2.87,90.25,37.44,0.503,0.501,0.482,0.488
Munsar,21.40151,79.28103,2025-07-24,26.11,3.34,91.05,19.64,0.511,0.514,0.497,0.501
Munsar,21.40151,79.28103,2025-07-25,25.89,3.97,92.76,45.16,0.507,0.514,0.508,0.509
Munsar,21.40151,79.28103,2025-07-26,25.8,4.37,92.82,18.97,0.51,0.512,0.518,0.516
Munsar,21.40151,79.28103,2025-07-27,26.08,5.05,86.87,6.01,0.498,0.496,0.514,0.509
Munsar,21.40151,79.28103,2025-07-28,25.14,5.11,89.96,3.35,0.493,0.484,0.509,0.502
Munsar,21.40151,79.28103,2025-07-29,24.75,6.76,90.8,8.0,0.505,0.509,0.508,0.508
Munsar,21.40151,79.28103,2025-07-30,25.22,3.88,90.48,3.83,0.481,0.495,0.505,0.502
Munsar,21.40151,79.28103,2025-07-31,25.96,2.67,85.1,1.17,0.471,0.48,0.503,0.496
Munsar,21.40151,79.28103,2025-08-01,26.48,2.31,83.39,1.28,0.468,0.469,0.499,0.49
Munsar,21.40151,79.28103,2025-08-02,27.01,2.28,82.82,0.85,0.457,0.46,0.495,0.485
Munsar,21.40151,79.28103,2025-08-03,27.36,1.85,81.84,0.51,0.439,0.45,0.492,0.479
Munsar,21.40151,79.28103,2025-08-04,27.71,1.32,81.41,0.31,0.422,0.438,0.488,0.473
Munsar,21.40151,79.28103,2025-08-05,27.81,1.1,80.91,0.16,0.396,0.421,0.484,0.465
Munsar,21.40151,79.28103,2025-08-06,27.92,1.11,79.43,0.14,0.368,0.404,0.48,0.456
Munsar,21.40151,79.28103,2025-08-07,27.65,1.44,79.76,2.11,0.341,0.386,0.475,0.447
Munsar,21.40151,79.28103,2025-08-08,26.21,1.21,86.03,10.68,0.333,0.372,0.471,0.44
Munsar,21.40151,79.28103,2025-08-09,26.09,1.09,83.25,1.69,0.335,0.371,0.467,0.437
Munsar,21.40151,79.28103,2025-08-10,27.0,1.39,82.95,0.7,0.357,0.366,0.462,0.435
Munsar,21.40151,79.28103,2025-08-11,26.23,2.12,89.28,1.47,0.36,0.356,0.458,0.429
Munsar,21.40151,79.28103,2025-08-12,26.56,2.19,87.51,2.25,0.365,0.344,0.453,0.424
Munsar,21.40151,79.28103,2025-08-13,26.18,2.1,91.55,25.83,0.487,0.407,0.451,0.444
Munsar,21.40151,79.28103,2025-08-14,26.68,1.47,86.01,8.7,0.494,0.499,0.457,0.469
Munsar,21.40151,79.28103,2025-08-15,26.82,1.38,85.84,4.91,0.498,0.502,0.469,0.478
Munsar,21.40151,79.28103,2025-08-16,26.84,1.93,88.14,25.48,0.505,0.511,0.483,0.491
Munsar,21.40151,79.28103,2025-08-17,27.07,2.57,88.49,2.11,0.494,0.503,0.492,0.494
Munsar,21.40151,79.28103,2025-08-18,26.86,1.62,87.81,30.67,0.483,0.491,0.492,0.491
Munsar,21.40151,79.28103,2025-08-19,27.29,1.18,85.91,29.73,0.503,0.505,0.504,0.504
Munsar,21.40151,79.28103,2025-08-20,25.82,2.66,91.19,14.97,0.505,0.505,0.517,0.513
Munsar,21.40151,79.28103,2025-08-21,25.91,2.94,88.8,10.45,0.502,0.509,0.516,0.514
Munsar,21.40151,79.28103,2025-08-22,26.07,3.39,88.55,12.13,0.492,0.496,0.512,0.507
Munsar,21.40151,79.28103,2025-08-23,25.8,3.99,88.46,4.93,0.496,0.501,0.51,0.507
Munsar,21.40151,79.28103,2025-08-24,25.16,4.24,89.17,3.41,0.489,0.493,0.508,0.503
Munsar,21.40151,79.28103,2025-08-25,25.87,3.08,86.56,0.54,0.489,0.49,0.505,0.501
Munsar,21.40151,79.28103,2025-08-26,26.54,1.58,85.59,7.25,0.491,0.501,0.504,0.503
Munsar,21.40151,79.28103,2025-08-27,27.43,1.09,83.91,15.63,0.494,0.503,0.503,0.502
Munsar,21.40151,79.28103,2025-08-28,27.61,0.65,83.73,15.84,0.498,0.508,0.507,0.506
Munsar,21.40151,79.28103,2025-08-29,27.0,1.49,86.19,2.55,0.499,0.511,0.513,0.511
Munsar,21.40151,79.28103,2025-08-30,26.9,1.54,87.54,2.28,0.49,0.5,0.51,0.507
Munsar,21.40151,79.28103,2025-08-31,26.45,2.65,91.07,8.15,0.495,0.503,0.508,0.506
Munsar,21.40151,79.28103,2025-09-01,26.03,2.06,89.4,19.43,0.503,0.509,0.513,0.511
Munsar,21.40151,79.28103,2025-09-02,26.58,1.28,86.77,11.62,0.505,0.509,0.476,0.485
Munsar,21.40151,79.28103,2025-09-03,26.13,1.15,88.28,14.44,0.506,0.512,0.464,0.477
Munsar,21.40151,79.28103,2025-09-04,26.02,2.36,89.79,4.61,0.495,0.499,0.463,0.473
Munsar,21.40151,79.28103,2025-09-05,25.78,2.99,89.12,0.51,0.475,0.49,0.459,0.467
Munsar,21.40151,79.28103,2025-09-06,25.69,1.86,90.2,0.77,0.475,0.483,0.454,0.462
Munsar,21.40151,79.28103,2025-09-07,26.19,1.24,88.46,1.8,0.474,0.486,0.451,0.46
Munsar,21.40151,79.28103,2025-09-08,26.48,1.7,86.32,1.55,0.456,0.473,0.447,0.453
Munsar,21.40151,79.28103,2025-09-09,26.42,1.37,86.77,4.87,0.433,0.459,0.442,0.445
Munsar,21.40151,79.28103,2025-09-10,26.14,2.2,89.36,10.19,0.466,0.454,0.437,0.443
Munsar,21.40151,79.28103,2025-09-11,26.14,2.18,88.82,13.57,0.458,0.451,0.434,0.439
Munsar,21.40151,79.28103,2025-09-12,25.88,1.89,90.4,21.09,0.487,0.467,0.431,0.443
Munsar,21.40151,79.28103,2025-09-13,26.94,1.76,85.47,2.92,0.5,0.504,0.44,0.458
Munsar,21.40151,79.28103,2025-09-14,26.73,1.26,88.76,4.36,0.489,0.5,0.452,0.464
Munsar,21.40151,79.28103,2025-09-15,26.25,1.37,91.79,9.03,0.499,0.501,0.454,0.467
Munsar,21.40151,79.28103,2025-09-16,25.8,1.35,89.79,30.49,0.503,0.505,0.458,0.471
Munsar,21.40151,79.28103,2025-09-17,26.56,0.97,86.62,10.48,0.499,0.503,0.462,0.473
Munsar,21.40151,79.28103,2025-09-18,26.69,0.82,85.73,11.82,0.496,0.505,0.469,0.478
Munsar,21.40151,79.28103,2025-09-19,27.01,0.91,87.04,3.81,0.469,0.491,0.471,0.475
Munsar,21.40151,79.28103,2025-09-20,26.85,0.99,87.56,5.22,0.442,0.474,0.469,0.468
Munsar,21.40151,79.28103,2025-09-21,27.19,1.61,84.97,0.99,0.429,0.462,0.465,0.462
Munsar,21.40151,79.28103,2025-09-22,27.05,1.75,83.95,2.21,0.409,0.449,0.461,0.455
Munsar,21.40151,79.28103,2025-09-23,26.46,1.76,82.17,0.08,0.385,0.429,0.456,0.446
Munsar,21.40151,79.28103,2025-09-24,26.32,2.5,86.05,5.56,0.374,0.418,0.452,0.439
Munsar,21.40151,79.28103,2025-09-25,25.2,2.6,91.3,13.05,0.434,0.412,0.448,0.44
Munsar,21.40151,79.28103,2025-09-26,26.62,2.92,88.87,5.98,0.416,0.402,0.445,0.434
Munsar,21.40151,79.28103,2025-09-27,26.02,2.5,92.44,26.93,0.47,0.431,0.441,0.441
Munsar,21.40151,79.28103,2025-09-28,25.65,2.84,90.48,4.97,0.495,0.483,0.439,0.452
Munsar,21.40151,79.28103,2025-09-29,25.8,1.57,88.82,0.76,0.478,0.491,0.442,0.455
Munsar,21.40151,79.28103,2025-09-30,26.12,1.19,86.65,7.16,0.45,0.475,0.441,0.449
Munsar,21.40151,79.28103,2025-10-01,26.18,1.79,87.35,0.44,0.417,0.458,0.438,0.441
Munsar,21.40151,79.28103,2025-10-02,25.85,1.89,87.51,0.36,0.409,0.444,0.433,0.433
Munsar,21.40151,79.28103,2025-10-03,25.93,2.21,87.56,1.38,0.437,0.434,0.427,0.429
Munsar,21.40151,79.28103,2025-10-04,25.88,1.97,88.54,0.7,0.412,0.42,0.417,0.417
Munsar,21.40151,79.28103,2025-10-05,25.23,1.33,89.52,11.31,0.396,0.4,0.406,0.404
Munsar,21.40151,79.28103,2025-10-06,24.86,1.25,86.48,11.59,0.48,0.449,0.401,0.417
Munsar,21.40151,79.28103,2025-10-07,25.19,1.47,84.87,3.58,0.441,0.419,0.399,0.406
Munsar,21.40151,79.28103,2025-10-08,24.95,1.44,83.42,6.43,0.398,0.408,0.396,0.398
Munsar,21.40151,79.28103,2025-10-09,23.51,2.1,81.35,1.38,0.375,0.398,0.391,0.392
Munsar,21.40151,79.28103,2025-10-10,22.58,2.21,85.58,4.21,0.345,0.384,0.385,0.382
Munsar,21.40151,79.28103,2025-10-11,22.11,2.7,89.91,3.59,0.326,0.373,0.383,0.377
Munsar,21.40151,79.28103,2025-10-12,22.94,1.94,86.85,0.0,0.313,0.365,0.381,0.373
Munsar,21.40151,79.28103,2025-10-13,23.64,1.35,85.3,0.0,0.3,0.352,0.377,0.367
Munsar,21.40151,79.28103,2025-10-14,23.59,1.59,86.36,0.0,0.291,0.341,0.377,0.363
Munsar,21.40151,79.28103,2025-10-15,23.97,1.72,86.63,0.28,0.273,0.322,0.374,0.356
Munsar,21.40151,79.28103,2025-10-16,23.99,1.31,84.15,3.54,0.263,0.307,0.371,0.35
Munsar,21.40151,79.28103,2025-10-17,23.94,1.03,84.84,0.32,0.267,0.31,0.368,0.349
Munsar,21.40151,79.28103,2025-10-18,23.5,1.11,83.71,0.15,0.269,0.31,0.365,0.347
Munsar,21.40151,79.28103,2025-10-19,22.54,1.44,84.01,0.0,0.262,0.308,0.379,0.356
Munsar,21.40151,79.28103,2025-10-20,22.81,1.73,84.81,0.01,0.255,0.302,0.375,0.351
Munsar,21.40151,79.28103,2025-10-21,24.17,2.07,88.54,0.09,0.244,0.291,0.367,0.343
Munsar,21.40151,79.28103,2025-10-22,24.33,1.95,87.18,0.1,0.244,0.283,0.365,0.339
Munsar,21.40151,79.28103,2025-10-23,23.79,1.77,86.09,0.0,0.24,0.278,0.358,0.333
Munsar,21.40151,79.28103,2025-10-24,23.9,1.74,86.56,0.26,0.236,0.278,0.349,0.326
Munsar,21.40151,79.28103,2025-10-25,22.94,1.84,89.28,8.43,0.293,0.278,0.344,0.326
Munsar,21.40151,79.28103,2025-10-26,22.87,1.96,92.08,10.87,0.313,0.278,0.34,0.325
Munsar,21.40151,79.28103,2025-10-27,24.52,2.13,87.38,0.34,0.294,0.279,0.339,0.323
Munsar,21.40151,79.28103,2025-10-28,24.69,3.12,87.26,0.09,0.313,0.28,0.34,0.325
Munsar,21.40151,79.28103,2025-10-29,25.08,4.05,88.41,7.48,0.336,0.278,0.338,0.325
Munsar,21.40151,79.28103,2025-10-30,24.67,2.69,93.26,5.7,0.469,0.314,0.34,0.344
Munsar,21.40151,79.28103,2025-10-31,25.3,1.56,88.88,6.17,0.443,0.342,0.344,0.351
Munsar,21.40151,79.28103,2025-11-01,25.62,0.97,85.7,0.27,0.41,0.345,0.342,0.347
Munsar,21.40151,79.28103,2025-11-02,25.39,1.03,87.22,5.65,0.385,0.343,0.338,0.342
Munsar,21.40151,79.28103,2025-11-03,24.89,1.03,85.17,1.75,0.366,0.34,0.335,0.339
Munsar,21.40151,79.28103,2025-11-04,24.39,0.92,80.63,0.0,0.347,0.335,0.333,0.334
Munsar,21.40151,79.28103,2025-11-05,23.24,1.57,81.16,0.0,0.331,0.33,0.331,0.331
Munsar,21.40151,79.28103,2025-11-06,21.82,1.91,76.27,0.0,0.316,0.326,0.329,0.327
Munsar,21.40151,79.28103,2025-11-07,19.62,1.59,67.09,0.0,0.307,0.324,0.332,0.328
Munsar,21.40151,79.28103,2025-11-08,18.93,1.16,70.17,0.0,0.302,0.323,0.337,0.331
Munsar,21.40151,79.28103,2025-11-09,17.16,1.48,69.69,0.0,0.29,0.317,0.335,0.328
Munsar,21.40151,79.28103,2025-11-10,17.93,0.85,59.56,0.0,0.281,0.313,0.332,0.324
Munsar,21.40151,79.28103,2025-11-11,18.23,1.04,62.69,0.0,0.28,0.311,0.33,0.323
Munsar,21.40151,79.28103,2025-11-12,17.64,1.39,66.53,0.0,0.276,0.309,0.324,0.317
Munsar,21.40151,79.28103,2025-11-13,16.69,1.71,69.14,0.0,0.278,0.309,0.321,0.316
Munsar,21.40151,79.28103,2025-11-14,16.46,1.66,72.66,0.0,0.281,0.31,0.325,0.319
Munsar,21.40151,79.28103,2025-11-15,16.65,1.56,74.56,0.0,0.277,0.308,0.323,0.316
Munsar,21.40151,79.28103,2025-11-16,15.67,1.72,71.75,1.53,0.279,0.31,0.324,0.318
Munsar,21.40151,79.28103,2025-11-17,15.07,1.88,76.43,0.0,0.271,0.306,0.32,0.314
Munsar,21.40151,79.28103,2025-11-18,15.09,1.53,79.06,1.53,0.258,0.299,0.312,0.306
Munsar,21.40151,79.28103,2025-11-19,15.84,1.34,78.76,0.0,0.254,0.296,0.309,0.303
Munsar,21.40151,79.28103,2025-11-20,16.46,1.43,80.12,0.0,0.251,0.294,0.306,0.299
Munsar,21.40151,79.28103,2025-11-21,18.28,0.89,75.68,0.0,0.247,0.291,0.303,0.296
Munsar,21.40151,79.28103,2025-11-22,19.14,0.68,71.52,0.0,0.25,0.291,0.303,0.296
Munsar,21.40151,79.28103,2025-11-23,19.21,0.94,75.18,0.0,0.267,0.299,0.313,0.307
Munsar,21.40151,79.28103,2025-11-24,19.21,1.51,83.41,0.0,0.282,0.306,0.318,0.313
Munsar,21.40151,79.28103,2025-11-25,19.55,1.13,82.33,0.0,0.282,0.307,0.319,0.314
Munsar,21.40151,79.28103,2025-11-26,18.92,1.35,84.86,0.27,0.279,0.306,0.322,0.315
Munsar,21.40151,79.28103,2025-11-27,18.75,1.65,82.59,0.0,0.273,0.303,0.321,0.314
Munsar,21.40151,79.28103,2025-11-28,16.01,1.83,75.23,0.0,0.271,0.299,0.319,0.311
Munsar,21.40151,79.28103,2025-11-29,16.24,1.59,75.5,0.0,0.268,0.297,0.317,0.309
Munsar,21.40151,79.28103,2025-11-30,16.88,1.81,74.64,0.0,0.264,0.295,0.313,0.306
Munsar,21.40151,79.28103,2025-12-01,17.84,1.51,77.17,0.0,0.253,0.292,0.311,0.303
Munsar,21.40151,79.28103,2025-12-02,17.51,1.5,79.66,0.0,0.25,0.29,0.308,0.301
Munsar,21.40151,79.28103,2025-12-03,17.15,1.88,76.06,0.0,0.25,0.29,0.308,0.3
Munsar,21.40151,79.28103,2025-12-04,16.77,1.88,77.35,0.0,0.254,0.291,0.309,0.302
Munsar,21.40151,79.28103,2025-12-05,16.15,2.13,72.55,0.0,0.251,0.29,0.309,0.301
Munsar,21.40151,79.28103,2025-12-06,15.44,1.84,66.89,0.0,0.25,0.289,0.309,0.301
Munsar,21.40151,79.28103,2025-12-07,15.24,1.54,67.17,0.0,0.248,0.288,0.309,0.3
Munsar,21.40151,79.28103,2025-12-08,16.47,1.86,62.42,0.0,0.247,0.287,0.309,0.3
Munsar,21.40151,79.28103,2025-12-09,16.35,2.36,61.53,0.0,0.247,0.286,0.309,0.3
Munsar,21.40151,79.28103,2025-12-10,16.17,1.83,57.14,0.0,0.246,0.285,0.308,0.299
Munsar,21.40151,79.28103,2025-12-11,16.83,1.2,54.35,0.0,0.246,0.285,0.308,0.299
Munsar,21.40151,79.28103,2025-12-12,16.6,1.34,60.81,0.0,0.246,0.284,0.308,0.299
Munsar,21.40151,79.28103,2025-12-13,16.29,1.52,66.84,0.0,0.246,0.284,0.308,0.299
Munsar,21.40151,79.28103,2025-12-14,15.74,1.63,70.08,0.0,0.245,0.283,0.308,0.298
Munsar,21.40151,79.28103,2025-12-15,15.94,1.35,69.59,0.0,0.245,0.283,0.308,0.298
Munsar,21.40151,79.28103,2025-12-16,16.32,1.51,66.21,0.0,0.245,0.283,0.307,0.298
Munsar,21.40151,79.28103,2025-12-17,16.32,1.69,64.62,0.0,0.245,0.282,0.307,0.297
Munsar,21.40151,79.28103,2025-12-18,16.0,2.01,63.56,0.0,0.245,0.282,0.307,0.297
Munsar,21.40151,79.28103,2025-12-19,15.23,2.41,68.03,0.0,0.239,0.282,0.307,0.297
Munsar,21.40151,79.28103,2025-12-20,14.89,1.97,66.44,0.0,0.245,0.281,0.307,0.297
Munsar,21.40151,79.28103,2025-12-21,15.45,1.57,65.05,0.0,0.245,0.281,0.307,0.297
Munsar,21.40151,79.28103,2025-12-22,15.93,1.75,67.48,0.0,0.245,0.281,0.307,0.297
Munsar,21.40151,79.28103,2025-12-23,16.27,2.12,67.41,0.0,0.245,0.281,0.307,0.297
Munsar,21.40151,79.28103,2025-12-24,16.86,1.74,66.5,0.0,0.245,0.281,0.306,0.297
Munsar,21.40151,79.28103,2025-12-25,16.69,1.34,66.37,0.0,0.245,0.281,0.306,0.296
Munsar,21.40151,79.28103,2025-12-26,15.7,1.6,63.63,0.0,0.245,0.28,0.306,0.296
Munsar,21.40151,79.28103,2025-12-27,15.36,1.4,60.6,0.0,0.245,0.28,0.306,0.296
Munsar,21.40151,79.28103,2025-12-28,15.42,1.43,58.53,0.0,0.245,0.28,0.306,0.296
Munsar,21.40151,79.28103,2025-12-29,15.56,1.53,56.91,0.0,0.245,0.28,0.306,0.296
Munsar,21.40151,79.28103,2025-12-30,16.87,1.03,50.39,0.0,0.245,0.28,0.306,0.296
Munsar,21.40151,79.28103,2025-12-31,17.89,1.14,49.58,0.0,0.243,0.28,0.306,0.296
Sitapatore,21.66667,79.66667,2025-01-01,17.14,2.41,52.59,0.0,0.285,0.341,0.373,0.36
Sitapatore,21.66667,79.66667,2025-01-02,17.01,2.47,47.27,0.0,0.282,0.343,0.372,0.36
Sitapatore,21.66667,79.66667,2025-01-03,17.73,2.28,47.96,0.0,0.273,0.329,0.373,0.357
Sitapatore,21.66667,79.66667,2025-01-04,17.84,2.09,53.16,0.0,0.259,0.317,0.371,0.352
Sitapatore,21.66667,79.66667,2025-01-05,18.47,1.49,49.6,0.0,0.248,0.316,0.365,0.346
Sitapatore,21.66667,79.66667,2025-01-06,19.01,1.23,53.9,0.0,0.249,0.322,0.355,0.341
Sitapatore,21.66667,79.66667,2025-01-07,17.71,2.46,55.27,0.0,0.251,0.322,0.343,0.332
Sitapatore,21.66667,79.66667,2025-01-08,15.35,1.76,51.18,0.0,0.251,0.332,0.326,0.322
Sitapatore,21.66667,79.66667,2025-01-09,16.49,1.63,45.39,0.0,0.238,0.326,0.325,0.319
Sitapatore,21.66667,79.66667,2025-01-10,16.95,1.65,47.97,0.0,0.245,0.327,0.325,0.32
Sitapatore,21.66667,79.66667,2025-01-11,18.32,1.72,56.24,0.0,0.25,0.327,0.323,0.319
Sitapatore,21.66667,79.66667,2025-01-12,19.47,1.69,66.3,0.12,0.267,0.33,0.325,0.322
Sitapatore,21.66667,79.66667,2025-01-13,19.57,1.7,69.04,0.06,0.269,0.338,0.331,0.328
Sitapatore,21.66667,79.66667,2025-01-14,19.01,1.25,59.07,0.0,0.276,0.342,0.331,0.33
Sitapatore,21.66667,79.66667,2025-01-15,19.49,1.67,59.92,0.0,0.273,0.338,0.325,0.324
Sitapatore,21.66667,79.66667,2025-01-16,19.9,1.34,60.84,0.0,0.268,0.336,0.326,0.324
Sitapatore,21.66667,79.66667,2025-01-17,20.36,2.33,60.01,0.0,0.262,0.333,0.326,0.323
Sitapatore,21.66667,79.66667,2025-01-18,19.51,1.87,60.71,0.0,0.255,0.331,0.326,0.322
Sitapatore,21.66667,79.66667,2025-01-19,19.75,1.81,49.12,0.0,0.244,0.328,0.325,0.32
Sitapatore,21.66667,79.66667,2025-01-20,19.92,2.12,47.74,0.0,0.246,0.326,0.325,0.32
Sitapatore,21.66667,79.66667,2025-01-21,21.84,1.2,48.96,0.0,0.243,0.323,0.325,0.319
Sitapatore,21.66667,79.66667,2025-01-22,22.02,1.3,42.41,0.0,0.24,0.321,0.325,0.318
Sitapatore,21.66667,79.66667,2025-01-23,21.71,1.55,45.58,0.0,0.239,0.319,0.325,0.318
Sitapatore,21.66667,79.66667,2025-01-24,22.33,1.73,50.15,0.0,0.238,0.317,0.325,0.317
Sitapatore,21.66667,79.66667,2025-01-25,21.95,1.86,53.05,0.0,0.237,0.315,0.324,0.316
Sitapatore,21.66667,79.66667,2025-01-26,21.59,1.83,40.82,0.0,0.237,0.313,0.324,0.316
Sitapatore,21.66667,79.66667,2025-01-27,21.16,1.62,31.06,0.0,0.236,0.311,0.324,0.315
Sitapatore,21.66667,79.66667,2025-01-28,21.93,1.35,28.73,0.0,0.236,0.309,0.324,0.315
Sitapatore,21.66667,79.66667,2025-01-29,22.28,1.39,36.28,0.0,0.236,0.308,0.323,0.314
Sitapatore,21.66667,79.66667,2025-01-30,23.93,1.79,38.24,0.0,0.235,0.306,0.323,0.313
Sitapatore,21.66667,79.66667,2025-01-31,24.11,1.48,34.56,0.0,0.235,0.305,0.323,0.313
Sitapatore,21.66667,79.66667,2025-02-01,24.97,1.66,39.7,0.0,0.235,0.303,0.323,0.313
Sitapatore,21.66667,79.66667,2025-02-02,24.99,1.7,38.45,0.0,0.235,0.302,0.323,0.312
Sitapatore,21.66667,79.66667,2025-02-03,25.8,1.65,36.93,0.0,0.235,0.301,0.322,0.312
Sitapatore,21.66667,79.66667,2025-02-04,26.74,1.39,34.91,0.0,0.235,0.299,0.322,0.311
Sitapatore,21.66667,79.66667,2025-02-05,26.24,1.57,35.97,0.0,0.235,0.298,0.322,0.311
Sitapatore,21.66667,79.66667,2025-02-06,23.38,3.21,36.4,0.0,0.235,0.297,0.322,0.31
Sitapatore,21.66667,79.66667,2025-02-07,22.7,2.57,29.57,0.0,0.235,0.296,0.321,0.31
Sitapatore,21.66667,79.66667,2025-02-08,23.11,1.99,25.48,0.0,0.235,0.295,0.321,0.31
Sitapatore,21.66667,79.66667,2025-02-09,24.11,1.25,23.21,0.0,0.235,0.294,0.321,0.309
Sitapatore,21.66667,79.66667,2025-02-10,24.94,1.44,33.89,0.0,0.235,0.294,0.321,0.309
Sitapatore,21.66667,79.66667,2025-02-11,26.09,1.43,38.33,0.0,0.235,0.293,0.32,0.309
Sitapatore,21.66667,79.66667,2025-02-12,25.02,2.44,22.78,0.0,0.235,0.292,0.32,0.308
Sitapatore,21.66667,79.66667,2025-02-13,23.43,2.94,23.91,0.0,0.235,0.291,0.32,0.308
Sitapatore,21.66667,79.66667,2025-02-14,22.89,2.39,20.51,0.0,0.235,0.29,0.32,0.308
Sitapatore,21.66667,79.66667,2025-02-15,25.05,1.28,22.6,0.0,0.235,0.29,0.32,0.307
Sitapatore,21.66667,79.66667,2025-02-16,25.74,1.4,23.81,0.0,0.235,0.289,0.319,0.307
Sitapatore,21.66667,79.66667,2025-02-17,26.35,1.2,25.75,0.0,0.235,0.289,0.319,0.307
Sitapatore,21.66667,79.66667,2025-02-18,26.11,1.43,27.17,0.0,0.235,0.288,0.319,0.307
Sitapatore,21.66667,79.66667,2025-02-19,25.83,1.66,29.95,0.0,0.235,0.288,0.319,0.306
Sitapatore,21.66667,79.66667,2025-02-20,25.79,1.96,29.62,0.0,0.24,0.287,0.318,0.306
Sitapatore,21.66667,79.66667,2025-02-21,25.95,1.89,24.16,0.0,0.234,0.287,0.318,0.306
Sitapatore,21.66667,79.66667,2025-02-22,25.37,2.7,26.88,0.0,0.234,0.286,0.318,0.305
Sitapatore,21.66667,79.66667,2025-02-23,24.69,1.95,23.38,0.0,0.234,0.286,0.318,0.305
Sitapatore,21.66667,79.66667,2025-02-24,24.4,1.88,23.76,0.0,0.234,0.285,0.318,0.305
Sitapatore,21.66667,79.66667,2025-02-25,24.73,2.02,26.56,0.0,0.234,0.285,0.317,0.304
Sitapatore,21.66667,79.66667,2025-02-26,24.96,2.41,22.57,0.0,0.234,0.285,0.317,0.304
Sitapatore,21.66667,79.66667,2025-02-27,25.87,1.71,21.93,0.0,0.234,0.284,0.317,0.304
Sitapatore,21.66667,79.66667,2025-02-28,26.61,1.82,23.83,0.0,0.234,0.284,0.317,0.304
Sitapatore,21.66667,79.66667,2025-03-01,27.32,1.79,28.81,0.0,0.234,0.284,0.317,0.304
Sitapatore,21.66667,79.66667,2025-03-02,28.44,1.87,27.11,0.0,0.234,0.283,0.316,0.303
Sitapatore,21.66667,79.66667,2025-03-03,27.94,2.1,24.03,0.0,0.228,0.283,0.316,0.303
Sitapatore,21.66667,79.66667,2025-03-04,28.21,2.48,22.08,0.0,0.228,0.283,0.316,0.303
Sitapatore,21.66667,79.66667,2025-03-05,24.08,4.04,12.78,0.0,0.234,0.283,0.316,0.303
Sitapatore,21.66667,79.66667,2025-03-06,23.37,2.63,9.7,0.0,0.234,0.283,0.316,0.303
Sitapatore,21.66667,79.66667,2025-03-07,25.31,1.81,11.25,0.0,0.234,0.282,0.316,0.303
Sitapatore,21.66667,79.66667,2025-03-08,27.05,1.65,15.5,0.0,0.234,0.282,0.315,0.302
Sitapatore,21.66667,79.66667,2025-03-09,27.25,2.11,17.11,0.0,0.229,0.282,0.315,0.302
Sitapatore,21.66667,79.66667,2025-03-10,26.99,2.17,19.33,0.0,0.229,0.282,0.315,0.302
Sitapatore,21.66667,79.66667,2025-03-11,28.32,1.46,17.4,0.0,0.234,0.282,0.315,0.302
Sitapatore,21.66667,79.66667,2025-03-12,30.49,1.57,17.71,0.0,0.234,0.281,0.315,0.302
Sitapatore,21.66667,79.66667,2025-03-13,30.95,2.12,17.88,0.0,0.234,0.281,0.314,0.301
Sitapatore,21.66667,79.66667,2025-03-14,31.06,2.57,14.95,0.0,0.234,0.281,0.314,0.301
Sitapatore,21.66667,79.66667,2025-03-15,31.27,1.61,16.87,0.0,0.234,0.281,0.314,0.301
Sitapatore,21.66667,79.66667,2025-03-16,31.56,2.14,21.93,0.0,0.234,0.281,0.314,0.301
Sitapatore,21.66667,79.66667,2025-03-17,31.23,1.78,23.45,0.0,0.234,0.281,0.314,0.301
Sitapatore,21.66667,79.66667,2025-03-18,30.53,2.04,21.49,0.0,0.233,0.281,0.314,0.301
Sitapatore,21.66667,79.66667,2025-03-19,30.22,2.51,24.04,0.0,0.233,0.28,0.313,0.3
Sitapatore,21.66667,79.66667,2025-03-20,30.85,2.62,27.68,0.03,0.233,0.28,0.313,0.3
Sitapatore,21.66667,79.66667,2025-03-21,30.34,1.71,22.15,0.41,0.234,0.28,0.313,0.301
Sitapatore,21.66667,79.66667,2025-03-22,29.36,1.6,18.79,0.0,0.239,0.28,0.309,0.298
Sitapatore,21.66667,79.66667,2025-03-23,28.95,1.79,18.18,0.0,0.242,0.28,0.296,0.289
Sitapatore,21.66667,79.66667,2025-03-24,28.17,2.18,14.27,0.0,0.237,0.28,0.296,0.289
Sitapatore,21.66667,79.66667,2025-03-25,28.97,1.88,14.68,0.0,0.241,0.28,0.296,0.289
Sitapatore,21.66667,79.66667,2025-03-26,30.38,1.0,14.39,0.0,0.246,0.28,0.298,0.291
Sitapatore,21.66667,79.66667,2025-03-27,32.15,1.55,14.53,0.0,0.236,0.28,0.304,0.294
Sitapatore,21.66667,79.66667,2025-03-28,32.0,3.26,19.9,0.0,0.235,0.28,0.304,0.294
Sitapatore,21.66667,79.66667,2025-03-29,31.3,2.75,14.65,0.0,0.234,0.279,0.304,0.294
Sitapatore,21.66667,79.66667,2025-03-30,31.57,2.05,10.31,0.0,0.234,0.279,0.304,0.294
Sitapatore,21.66667,79.66667,2025-03-31,31.84,1.93,11.92,0.0,0.234,0.279,0.304,0.294
Sitapatore,21.66667,79.66667,2025-04-01,31.24,1.79,19.95,0.0,0.241,0.279,0.303,0.294
Sitapatore,21.66667,79.66667,2025-04-02,30.59,1.38,29.96,3.66,0.237,0.279,0.302,0.292
Sitapatore,21.66667,79.66667,2025-04-03,30.72,1.38,34.23,1.25,0.29,0.281,0.297,0.293
Sitapatore,21.66667,79.66667,2025-04-04,31.13,0.71,32.29,0.82,0.386,0.286,0.302,0.304
Sitapatore,21.66667,79.66667,2025-04-05,31.43,1.88,24.86,0.0,0.374,0.273,0.276,0.282
Sitapatore,21.66667,79.66667,2025-04-06,31.86,1.68,18.5,0.0,0.36,0.274,0.274,0.28
Sitapatore,21.66667,79.66667,2025-04-07,32.93,0.87,17.68,0.0,0.342,0.276,0.274,0.279
Sitapatore,21.66667,79.66667,2025-04-08,32.66,1.66,21.96,0.0,0.322,0.276,0.274,0.278
Sitapatore,21.66667,79.66667,2025-04-09,32.62,1.68,31.16,4.13,0.292,0.276,0.274,0.276
Sitapatore,21.66667,79.66667,2025-04-10,32.97,1.85,32.14,0.78,0.294,0.277,0.275,0.276
Sitapatore,21.66667,79.66667,2025-04-11,32.7,2.07,22.79,0.33,0.295,0.278,0.275,0.277
Sitapatore,21.66667,79.66667,2025-04-12,32.41,3.0,22.38,0.0,0.271,0.278,0.275,0.275
Sitapatore,21.66667,79.66667,2025-04-13,33.03,1.41,23.78,0.16,0.255,0.278,0.275,0.274
Sitapatore,21.66667,79.66667,2025-04-14,33.3,1.48,24.08,0.8,0.25,0.278,0.276,0.275
Sitapatore,21.66667,79.66667,2025-04-15,33.31,1.51,23.06,0.0,0.25,0.278,0.276,0.275
Sitapatore,21.66667,79.66667,2025-04-16,32.64,1.73,31.99,0.0,0.244,0.278,0.276,0.274
Sitapatore,21.66667,79.66667,2025-04-17,33.99,1.31,29.79,0.03,0.236,0.278,0.276,0.274
Sitapatore,21.66667,79.66667,2025-04-18,35.32,1.93,24.1,0.0,0.235,0.278,0.277,0.274
Sitapatore,21.66667,79.66667,2025-04-19,35.58,2.59,19.39,0.18,0.229,0.278,0.277,0.274
Sitapatore,21.66667,79.66667,2025-04-20,35.26,2.44,17.26,0.0,0.229,0.278,0.277,0.274
Sitapatore,21.66667,79.66667,2025-04-21,35.1,2.36,16.85,0.0,0.234,0.278,0.277,0.275
Sitapatore,21.66667,79.66667,2025-04-22,35.62,2.13,11.99,0.0,0.221,0.278,0.278,0.274
Sitapatore,21.66667,79.66667,2025-04-23,35.52,2.26,12.09,0.0,0.223,0.278,0.278,0.274
Sitapatore,21.66667,79.66667,2025-04-24,35.48,2.95,12.26,0.0,0.223,0.277,0.278,0.274
Sitapatore,21.66667,79.66667,2025-04-25,35.99,2.72,15.36,0.0,0.223,0.277,0.278,0.274
Sitapatore,21.66667,79.66667,2025-04-26,36.01,2.19,17.87,0.0,0.222,0.277,0.279,0.275
Sitapatore,21.66667,79.66667,2025-04-27,34.33,2.44,21.85,1.41,0.233,0.277,0.272,0.27
Sitapatore,21.66667,79.66667,2025-04-28,33.55,2.27,25.12,3.18,0.251,0.277,0.249,0.255
Sitapatore,21.66667,79.66667,2025-04-29,33.58,2.14,29.01,0.87,0.285,0.277,0.248,0.257
Sitapatore,21.66667,79.66667,2025-04-30,34.28,1.71,26.99,0.38,0.322,0.277,0.249,0.26
Sitapatore,21.66667,79.66667,2025-05-01,33.22,3.06,37.72,0.4,0.351,0.278,0.249,0.262
Sitapatore,21.66667,79.66667,2025-05-02,33.6,2.55,35.34,0.07,0.35,0.284,0.249,0.263
Sitapatore,21.66667,79.66667,2025-05-03,34.31,2.28,35.08,0.15,0.347,0.301,0.25,0.267
Sitapatore,21.66667,79.66667,2025-05-04,32.23,2.33,45.2,7.92,0.346,0.306,0.25,0.269
Sitapatore,21.66667,79.66667,2025-05-05,31.11,1.17,49.99,3.02,0.343,0.277,0.25,0.262
Sitapatore,21.66667,79.66667,2025-05-06,31.21,1.56,45.02,1.57,0.338,0.269,0.25,0.26
Sitapatore,21.66667,79.66667,2025-05-07,31.14,2.27,41.46,0.09,0.336,0.269,0.251,0.261
Sitapatore,21.66667,79.66667,2025-05-08,30.53,2.05,40.55,0.14,0.316,0.27,0.251,0.26
Sitapatore,21.66667,79.66667,2025-05-09,31.95,1.78,41.92,0.05,0.302,0.27,0.251,0.259
Sitapatore,21.66667,79.66667,2025-05-10,32.26,1.15,43.3,2.28,0.289,0.27,0.252,0.258
Sitapatore,21.66667,79.66667,2025-05-11,33.99,1.47,41.13,0.24,0.276,0.27,0.252,0.257
Sitapatore,21.66667,79.66667,2025-05-12,35.06,2.03,35.03,0.01,0.283,0.27,0.252,0.258
Sitapatore,21.66667,79.66667,2025-05-13,35.6,2.57,32.39,0.47,0.304,0.27,0.252,0.259
Sitapatore,21.66667,79.66667,2025-05-14,35.81,1.73,33.49,1.04,0.304,0.27,0.253,0.26
Sitapatore,21.66667,79.66667,2025-05-15,34.18,1.92,43.43,6.91,0.296,0.27,0.253,0.26
Sitapatore,21.66667,79.66667,2025-05-16,34.22,1.01,46.22,0.33,0.292,0.27,0.253,0.259
Sitapatore,21.66667,79.66667,2025-05-17,34.84,1.75,41.56,1.25,0.279,0.27,0.253,0.259
Sitapatore,21.66667,79.66667,2025-05-18,33.72,1.45,50.04,6.99,0.278,0.27,0.254,0.259
Sitapatore,21.66667,79.66667,2025-05-19,34.15,2.06,48.85,0.01,0.266,0.27,0.254,0.258
Sitapatore,21.66667,79.66667,2025-05-20,35.45,1.45,42.83,0.02,0.266,0.27,0.254,0.258
Sitapatore,21.66667,79.66667,2025-05-21,33.99,1.86,47.36,15.38,0.272,0.27,0.255,0.259
Sitapatore,21.66667,79.66667,2025-05-22,31.43,1.87,58.97,0.27,0.295,0.27,0.255,0.261
Sitapatore,21.66667,79.66667,2025-05-23,30.67,1.89,59.04,0.19,0.297,0.27,0.255,0.261
Sitapatore,21.66667,79.66667,2025-05-24,27.67,2.14,74.08,1.73,0.326,0.271,0.255,0.263
Sitapatore,21.66667,79.66667,2025-05-25,27.58,2.76,75.67,3.34,0.406,0.279,0.255,0.271
Sitapatore,21.66667,79.66667,2025-05-26,30.57,1.88,64.25,1.56,0.417,0.291,0.256,0.275
Sitapatore,21.66667,79.66667,2025-05-27,31.79,1.35,61.53,4.14,0.387,0.283,0.256,0.271
Sitapatore,21.66667,79.66667,2025-05-28,31.35,2.31,65.56,12.42,0.406,0.294,0.256,0.274
Sitapatore,21.66667,79.66667,2025-05-29,32.02,2.58,61.37,5.62,0.421,0.311,0.256,0.279
Sitapatore,21.66667,79.66667,2025-05-30,32.27,3.31,59.71,0.91,0.423,0.314,0.257,0.281
Sitapatore,21.66667,79.66667,2025-05-31,31.11,3.07,57.52,0.52,0.4,0.327,0.257,0.282
Sitapatore,21.66667,79.66667,2025-06-01,31.72,4.71,49.44,0.0,0.38,0.336,0.257,0.282
Sitapatore,21.66667,79.66667,2025-06-02,30.16,3.33,61.01,1.45,0.355,0.335,0.257,0.281
Sitapatore,21.66667,79.66667,2025-06-03,30.98,3.86,52.07,0.04,0.325,0.326,0.258,0.277
Sitapatore,21.66667,79.66667,2025-06-04,30.82,2.06,53.19,0.3,0.31,0.322,0.259,0.276
Sitapatore,21.66667,79.66667,2025-06-05,32.33,1.57,44.89,1.26,0.309,0.317,0.26,0.275
Sitapatore,21.66667,79.66667,2025-06-06,33.76,1.41,39.28,0.0,0.291,0.313,0.26,0.273
Sitapatore,21.66667,79.66667,2025-06-07,33.76,2.7,37.41,0.0,0.276,0.311,0.26,0.272
Sitapatore,21.66667,79.66667,2025-06-08,35.73,3.57,35.75,0.31,0.269,0.314,0.264,0.275
Sitapatore,21.66667,79.66667,2025-06-09,36.6,3.28,31.35,0.0,0.258,0.313,0.269,0.277
Sitapatore,21.66667,79.66667,2025-06-10,37.12,3.81,29.03,0.43,0.262,0.323,0.276,0.285
Sitapatore,21.66667,79.66667,2025-06-11,33.2,2.87,48.56,3.08,0.278,0.336,0.276,0.289
Sitapatore,21.66667,79.66667,2025-06-12,33.06,2.86,50.08,0.74,0.273,0.333,0.276,0.288
Sitapatore,21.66667,79.66667,2025-06-13,32.78,2.95,54.87,0.57,0.26,0.323,0.277,0.285
Sitapatore,21.66667,79.66667,2025-06-14,32.57,2.26,56.98,7.57,0.246,0.315,0.277,0.283
Sitapatore,21.66667,79.66667,2025-06-15,31.88,2.52,60.02,3.89,0.265,0.325,0.277,0.286
Sitapatore,21.66667,79.66667,2025-06-16,30.38,3.36,66.46,2.37,0.394,0.341,0.276,0.298
Sitapatore,21.66667,79.66667,2025-06-17,29.98,3.24,64.08,2.88,0.422,0.341,0.273,0.298
Sitapatore,21.66667,79.66667,2025-06-18,31.26,3.92,58.45,0.74,0.371,0.331,0.272,0.292
Sitapatore,21.66667,79.66667,2025-06-19,28.28,4.49,74.37,4.28,0.346,0.323,0.27,0.287
Sitapatore,21.66667,79.66667,2025-06-20,27.79,3.83,75.03,9.29,0.405,0.334,0.27,0.293
Sitapatore,21.66667,79.66667,2025-06-21,29.14,3.75,68.05,3.98,0.443,0.389,0.27,0.307
Sitapatore,21.66667,79.66667,2025-06-22,28.23,3.88,68.98,2.71,0.463,0.393,0.271,0.31
Sitapatore,21.66667,79.66667,2025-06-23,27.74,4.67,72.41,4.94,0.474,0.419,0.27,0.316
Sitapatore,21.66667,79.66667,2025-06-24,27.9,3.69,77.07,7.17,0.505,0.488,0.28,0.34
Sitapatore,21.66667,79.66667,2025-06-25,27.11,1.8,82.23,24.65,0.499,0.495,0.306,0.359
Sitapatore,21.66667,79.66667,2025-06-26,27.79,2.08,78.35,7.57,0.505,0.495,0.323,0.372
Sitapatore,21.66667,79.66667,2025-06-27,28.25,3.71,74.7,12.52,0.493,0.486,0.335,0.378
Sitapatore,21.66667,79.66667,2025-06-28,27.53,3.29,75.65,11.78,0.482,0.477,0.34,0.379
Sitapatore,21.66667,79.66667,2025-06-29,25.66,3.94,83.64,11.47,0.496,0.479,0.343,0.383
Sitapatore,21.66667,79.66667,2025-06-30,25.7,5.22,86.09,28.75,0.508,0.506,0.356,0.398
Sitapatore,21.66667,79.66667,2025-07-01,26.25,3.77,86.46,30.35,0.508,0.508,0.376,0.413
Sitapatore,21.66667,79.66667,2025-07-02,25.44,3.75,85.88,9.88,0.494,0.493,0.385,0.415
Sitapatore,21.66667,79.66667,2025-07-03,26.79,3.04,84.51,7.0,0.484,0.479,0.389,0.415
Sitapatore,21.66667,79.66667,2025-07-04,26.4,4.09,84.81,10.92,0.51,0.509,0.404,0.434
Sitapatore,21.66667,79.66667,2025-07-05,26.13,4.78,86.79,8.37,0.496,0.496,0.417,0.439
Sitapatore,21.66667,79.66667,2025-07-06,26.07,3.83,88.26,27.31,0.506,0.506,0.432,0.453
Sitapatore,21.66667,79.66667,2025-07-07,25.51,4.66,92.14,80.57,0.511,0.511,0.505,0.507
Sitapatore,21.66667,79.66667,2025-07-08,25.08,4.53,92.56,93.51,0.51,0.511,0.516,0.514
Sitapatore,21.66667,79.66667,2025-07-09,25.77,3.5,88.89,10.08,0.507,0.507,0.515,0.513
Sitapatore,21.66667,79.66667,2025-07-10,26.47,3.22,85.55,1.79,0.497,0.507,0.513,0.51
Sitapatore,21.66667,79.66667,2025-07-11,26.54,3.13,83.02,1.69,0.495,0.508,0.513,0.511
Sitapatore,21.66667,79.66667,2025-07-12,27.16,3.16,82.83,3.77,0.479,0.487,0.509,0.502
Sitapatore,21.66667,79.66667,2025-07-13,26.87,3.52,84.77,5.7,0.469,0.473,0.504,0.495
Sitapatore,21.66667,79.66667,2025-07-14,27.16,2.74,82.8,2.35,0.472,0.469,0.5,0.491
Sitapatore,21.66667,79.66667,2025-07-15,26.6,1.41,86.5,10.26,0.462,0.464,0.496,0.487
Sitapatore,21.66667,79.66667,2025-07-16,27.76,1.44,82.8,3.44,0.485,0.472,0.494,0.488
Sitapatore,21.66667,79.66667,2025-07-17,26.29,1.01,84.11,7.31,0.493,0.498,0.493,0.494
Sitapatore,21.66667,79.66667,2025-07-18,27.39,1.12,83.26,2.07,0.476,0.487,0.492,0.49
Sitapatore,21.66667,79.66667,2025-07-19,27.42,1.25,79.43,0.74,0.462,0.477,0.49,0.485
Sitapatore,21.66667,79.66667,2025-07-20,28.14,1.26,76.78,4.97,0.45,0.467,0.487,0.48
Sitapatore,21.66667,79.66667,2025-07-21,28.04,1.11,82.13,17.2,0.497,0.48,0.485,0.485
Sitapatore,21.66667,79.66667,2025-07-22,27.83,1.8,85.69,5.04,0.489,0.49,0.486,0.487
Sitapatore,21.66667,79.66667,2025-07-23,26.64,2.87,90.25,37.44,0.503,0.513,0.499,0.502
Sitapatore,21.66667,79.66667,2025-07-24,26.11,3.34,91.05,19.64,0.514,0.513,0.514,0.514
Sitapatore,21.66667,79.66667,2025-07-25,25.89,3.97,92.76,45.16,0.509,0.508,0.517,0.515
Sitapatore,21.66667,79.66667,2025-07-26,25.8,4.37,92.82,18.97,0.511,0.509,0.518,0.516
Sitapatore,21.66667,79.66667,2025-07-27,26.08,5.05,86.87,6.01,0.488,0.495,0.515,0.509
Sitapatore,21.66667,79.66667,2025-07-28,25.14,5.11,89.96,3.35,0.479,0.475,0.509,0.5
Sitapatore,21.66667,79.66667,2025-07-29,24.75,6.76,90.8,8.0,0.504,0.505,0.511,0.509
Sitapatore,21.66667,79.66667,2025-07-30,25.22,3.88,90.48,3.83,0.475,0.486,0.511,0.503
Sitapatore,21.66667,79.66667,2025-07-31,25.96,2.67,85.1,1.17,0.464,0.471,0.507,0.496
Sitapatore,21.66667,79.66667,2025-08-01,26.48,2.31,83.39,1.28,0.458,0.461,0.501,0.489
Sitapatore,21.66667,79.66667,2025-08-02,27.01,2.28,82.82,0.85,0.444,0.452,0.494,0.482
Sitapatore,21.66667,79.66667,2025-08-03,27.36,1.85,81.84,0.51,0.429,0.444,0.488,0.474
Sitapatore,21.66667,79.66667,2025-08-04,27.71,1.32,81.41,0.31,0.416,0.437,0.481,0.467
Sitapatore,21.66667,79.66667,2025-08-05,27.81,1.1,80.91,0.16,0.403,0.432,0.475,0.461
Sitapatore,21.66667,79.66667,2025-08-06,27.92,1.11,79.43,0.14,0.376,0.42,0.469,0.452
Sitapatore,21.66667,79.66667,2025-08-07,27.65,1.44,79.76,2.11,0.388,0.407,0.463,0.446
Sitapatore,21.66667,79.66667,2025-08-08,26.21,1.21,86.03,10.68,0.445,0.398,0.458,0.445
Sitapatore,21.66667,79.66667,2025-08-09,26.09,1.09,83.25,1.69,0.466,0.408,0.453,0.445
Sitapatore,21.66667,79.66667,2025-08-10,27.0,1.39,82.95,0.7,0.432,0.407,0.449,0.439
Sitapatore,21.66667,79.66667,2025-08-11,26.23,2.12,89.28,1.47,0.422,0.397,0.444,0.433
Sitapatore,21.66667,79.66667,2025-08-12,26.56,2.19,87.51,2.25,0.454,0.403,0.436,0.43
Sitapatore,21.66667,79.66667,2025-08-13,26.18,2.1,91.55,25.83,0.503,0.495,0.441,0.457
Sitapatore,21.66667,79.66667,2025-08-14,26.68,1.47,86.01,8.7,0.482,0.496,0.454,0.465
Sitapatore,21.66667,79.66667,2025-08-15,26.82,1.38,85.84,4.91,0.496,0.496,0.456,0.467
Sitapatore,21.66667,79.66667,2025-08-16,26.84,1.93,88.14,25.48,0.498,0.506,0.464,0.476
Sitapatore,21.66667,79.66667,2025-08-17,27.07,2.57,88.49,2.11,0.49,0.5,0.473,0.48
Sitapatore,21.66667,79.66667,2025-08-18,26.86,1.62,87.81,30.67,0.49,0.496,0.478,0.482
Sitapatore,21.66667,79.66667,2025-08-19,27.29,1.18,85.91,29.73,0.504,0.502,0.483,0.489
Sitapatore,21.66667,79.66667,2025-08-20,25.82,2.66,91.19,14.97,0.505,0.513,0.509,0.509
Sitapatore,21.66667,79.66667,2025-08-21,25.91,2.94,88.8,10.45,0.497,0.501,0.514,0.51
Sitapatore,21.66667,79.66667,2025-08-22,26.07,3.39,88.55,12.13,0.495,0.499,0.511,0.507
Sitapatore,21.66667,79.66667,2025-08-23,25.8,3.99,88.46,4.93,0.503,0.507,0.511,0.51
Sitapatore,21.66667,79.66667,2025-08-24,25.16,4.24,89.17,3.41,0.5,0.502,0.512,0.509
Sitapatore,21.66667,79.66667,2025-08-25,25.87,3.08,86.56,0.54,0.496,0.504,0.513,0.51
Sitapatore,21.66667,79.66667,2025-08-26,26.54,1.58,85.59,7.25,0.49,0.496,0.512,0.507
Sitapatore,21.66667,79.66667,2025-08-27,27.43,1.09,83.91,15.63,0.5,0.495,0.509,0.505
Sitapatore,21.66667,79.66667,2025-08-28,27.61,0.65,83.73,15.84,0.493,0.501,0.509,0.506
Sitapatore,21.66667,79.66667,2025-08-29,27.0,1.49,86.19,2.55,0.487,0.488,0.485,0.486
Sitapatore,21.66667,79.66667,2025-08-30,26.9,1.54,87.54,2.28,0.475,0.478,0.467,0.47
Sitapatore,21.66667,79.66667,2025-08-31,26.45,2.65,91.07,8.15,0.491,0.486,0.461,0.468
Sitapatore,21.66667,79.66667,2025-09-01,26.03,2.06,89.4,19.43,0.501,0.506,0.462,0.474
Sitapatore,21.66667,79.66667,2025-09-02,26.58,1.28,86.77,11.62,0.505,0.513,0.476,0.486
Sitapatore,21.66667,79.66667,2025-09-03,26.13,1.15,88.28,14.44,0.504,0.513,0.495,0.499
Sitapatore,21.66667,79.66667,2025-09-04,26.02,2.36,89.79,4.61,0.498,0.507,0.502,0.503
Sitapatore,21.66667,79.66667,2025-09-05,25.78,2.99,89.12,0.51,0.486,0.502,0.501,0.5
Sitapatore,21.66667,79.66667,2025-09-06,25.69,1.86,90.2,0.77,0.475,0.487,0.495,0.492
Sitapatore,21.66667,79.66667,2025-09-07,26.19,1.24,88.46,1.8,0.446,0.475,0.489,0.483
Sitapatore,21.66667,79.66667,2025-09-08,26.48,1.7,86.32,1.55,0.414,0.461,0.483,0.473
Sitapatore,21.66667,79.66667,2025-09-09,26.42,1.37,86.77,4.87,0.449,0.472,0.477,0.474
Sitapatore,21.66667,79.66667,2025-09-10,26.14,2.2,89.36,10.19,0.432,0.468,0.471,0.468
Sitapatore,21.66667,79.66667,2025-09-11,26.14,2.18,88.82,13.57,0.454,0.462,0.466,0.464
Sitapatore,21.66667,79.66667,2025-09-12,25.88,1.89,90.4,21.09,0.483,0.477,0.462,0.466
Sitapatore,21.66667,79.66667,2025-09-13,26.94,1.76,85.47,2.92,0.497,0.503,0.463,0.474
Sitapatore,21.66667,79.66667,2025-09-14,26.73,1.26,88.76,4.36,0.486,0.497,0.47,0.477
Sitapatore,21.66667,79.66667,2025-09-15,26.25,1.37,91.79,9.03,0.494,0.499,0.471,0.478
Sitapatore,21.66667,79.66667,2025-09-16,25.8,1.35,89.79,30.49,0.496,0.499,0.474,0.481
Sitapatore,21.66667,79.66667,2025-09-17,26.56,0.97,86.62,10.48,0.482,0.49,0.472,0.477
Sitapatore,21.66667,79.66667,2025-09-18,26.69,0.82,85.73,11.82,0.485,0.495,0.471,0.477
Sitapatore,21.66667,79.66667,2025-09-19,27.01,0.91,87.04,3.81,0.448,0.48,0.469,0.47
Sitapatore,21.66667,79.66667,2025-09-20,26.85,0.99,87.56,5.22,0.43,0.466,0.465,0.463
Sitapatore,21.66667,79.66667,2025-09-21,27.19,1.61,84.97,0.99,0.418,0.455,0.462,0.457
Sitapatore,21.66667,79.66667,2025-09-22,27.05,1.75,83.95,2.21,0.392,0.442,0.457,0.449
Sitapatore,21.66667,79.66667,2025-09-23,26.46,1.76,82.17,0.08,0.373,0.426,0.453,0.441
Sitapatore,21.66667,79.66667,2025-09-24,26.32,2.5,86.05,5.56,0.358,0.413,0.448,0.434
Sitapatore,21.66667,79.66667,2025-09-25,25.2,2.6,91.3,13.05,0.435,0.409,0.444,0.436
Sitapatore,21.66667,79.66667,2025-09-26,26.62,2.92,88.87,5.98,0.43,0.412,0.44,0.433
Sitapatore,21.66667,79.66667,2025-09-27,26.02,2.5,92.44,26.93,0.467,0.439,0.437,0.44
Sitapatore,21.66667,79.66667,2025-09-28,25.65,2.84,90.48,4.97,0.499,0.494,0.439,0.454
Sitapatore,21.66667,79.66667,2025-09-29,25.8,1.57,88.82,0.76,0.478,0.484,0.441,0.452
Sitapatore,21.66667,79.66667,2025-09-30,26.12,1.19,86.65,7.16,0.443,0.471,0.44,0.447
Sitapatore,21.66667,79.66667,2025-10-01,26.18,1.79,87.35,0.44,0.452,0.461,0.438,0.444
Sitapatore,21.66667,79.66667,2025-10-02,25.85,1.89,87.51,0.36,0.454,0.463,0.433,0.441
Sitapatore,21.66667,79.66667,2025-10-03,25.93,2.21,87.56,1.38,0.421,0.451,0.434,0.436
Sitapatore,21.66667,79.66667,2025-10-04,25.88,1.97,88.54,0.7,0.422,0.438,0.431,0.432
Sitapatore,21.66667,79.66667,2025-10-05,25.23,1.33,89.52,11.31,0.45,0.424,0.422,0.425
Sitapatore,21.66667,79.66667,2025-10-06,24.86,1.25,86.48,11.59,0.49,0.453,0.42,0.432
Sitapatore,21.66667,79.66667,2025-10-07,25.19,1.47,84.87,3.58,0.473,0.473,0.421,0.435
Sitapatore,21.66667,79.66667,2025-10-08,24.95,1.44,83.42,6.43,0.436,0.461,0.42,0.429
Sitapatore,21.66667,79.66667,2025-10-09,23.51,2.1,81.35,1.38,0.41,0.446,0.417,0.423
Sitapatore,21.66667,79.66667,2025-10-10,22.58,2.21,85.58,4.21,0.385,0.431,0.415,0.416
Sitapatore,21.66667,79.66667,2025-10-11,22.11,2.7,89.91,3.59,0.374,0.424,0.413,0.412
Sitapatore,21.66667,79.66667,2025-10-12,22.94,1.94,86.85,0.0,0.359,0.414,0.411,0.408
Sitapatore,21.66667,79.66667,2025-10-13,23.64,1.35,85.3,0.0,0.354,0.405,0.408,0.403
Sitapatore,21.66667,79.66667,2025-10-14,23.59,1.59,86.36,0.0,0.35,0.398,0.406,0.4
Sitapatore,21.66667,79.66667,2025-10-15,23.97,1.72,86.63,0.28,0.333,0.383,0.405,0.395
Sitapatore,21.66667,79.66667,2025-10-16,23.99,1.31,84.15,3.54,0.313,0.363,0.403,0.388
Sitapatore,21.66667,79.66667,2025-10-17,23.94,1.03,84.84,0.32,0.318,0.361,0.401,0.387
Sitapatore,21.66667,79.66667,2025-10-18,23.5,1.11,83.71,0.15,0.318,0.364,0.399,0.386
Sitapatore,21.66667,79.66667,2025-10-19,22.54,1.44,84.01,0.0,0.307,0.365,0.4,0.386
Sitapatore,21.66667,79.66667,2025-10-20,22.81,1.73,84.81,0.01,0.301,0.361,0.396,0.382
Sitapatore,21.66667,79.66667,2025-10-21,24.17,2.07,88.54,0.09,0.305,0.368,0.394,0.382
Sitapatore,21.66667,79.66667,2025-10-22,24.33,1.95,87.18,0.1,0.296,0.364,0.391,0.379
Sitapatore,21.66667,79.66667,2025-10-23,23.79,1.77,86.09,0.0,0.282,0.347,0.383,0.368
Sitapatore,21.66667,79.66667,2025-10-24,23.9,1.74,86.56,0.26,0.27,0.329,0.374,0.358
Sitapatore,21.66667,79.66667,2025-10-25,22.94,1.84,89.28,8.43,0.312,0.321,0.369,0.355
Sitapatore,21.66667,79.66667,2025-10-26,22.87,1.96,92.08,10.87,0.438,0.326,0.366,0.362
Sitapatore,21.66667,79.66667,2025-10-27,24.52,2.13,87.38,0.34,0.434,0.347,0.364,0.365
Sitapatore,21.66667,79.66667,2025-10-28,24.69,3.12,87.26,0.09,0.4,0.35,0.365,0.364
Sitapatore,21.66667,79.66667,2025-10-29,25.08,4.05,88.41,7.48,0.39,0.347,0.364,0.362
Sitapatore,21.66667,79.66667,2025-10-30,24.67,2.69,93.26,5.7,0.473,0.39,0.361,0.375
Sitapatore,21.66667,79.66667,2025-10-31,25.3,1.56,88.88,6.17,0.471,0.434,0.366,0.388
Sitapatore,21.66667,79.66667,2025-11-01,25.62,0.97,85.7,0.27,0.46,0.44,0.37,0.391
Sitapatore,21.66667,79.66667,2025-11-02,25.39,1.03,87.22,5.65,0.443,0.435,0.369,0.388
Sitapatore,21.66667,79.66667,2025-11-03,24.89,1.03,85.17,1.75,0.429,0.428,0.365,0.383
Sitapatore,21.66667,79.66667,2025-11-04,24.39,0.92,80.63,0.0,0.414,0.421,0.357,0.374
Sitapatore,21.66667,79.66667,2025-11-05,23.24,1.57,81.16,0.0,0.402,0.413,0.351,0.367
Sitapatore,21.66667,79.66667,2025-11-06,21.82,1.91,76.27,0.0,0.381,0.404,0.349,0.362
Sitapatore,21.66667,79.66667,2025-11-07,19.62,1.59,67.09,0.0,0.364,0.398,0.352,0.363
Sitapatore,21.66667,79.66667,2025-11-08,18.93,1.16,70.17,0.0,0.349,0.391,0.353,0.361
Sitapatore,21.66667,79.66667,2025-11-09,17.16,1.48,69.69,0.0,0.334,0.384,0.352,0.358
Sitapatore,21.66667,79.66667,2025-11-10,17.93,0.85,59.56,0.0,0.317,0.375,0.349,0.352
Sitapatore,21.66667,79.66667,2025-11-11,18.23,1.04,62.69,0.0,0.312,0.372,0.354,0.355
Sitapatore,21.66667,79.66667,2025-11-12,17.64,1.39,66.53,0.0,0.308,0.37,0.355,0.355
Sitapatore,21.66667,79.66667,2025-11-13,16.69,1.71,69.14,0.0,0.305,0.369,0.358,0.357
Sitapatore,21.66667,79.66667,2025-11-14,16.46,1.66,72.66,0.0,0.305,0.37,0.363,0.36
Sitapatore,21.66667,79.66667,2025-11-15,16.65,1.56,74.56,0.0,0.301,0.366,0.359,0.356
Sitapatore,21.66667,79.66667,2025-11-16,15.67,1.72,71.75,1.53,0.298,0.364,0.358,0.355
Sitapatore,21.66667,79.66667,2025-11-17,15.07,1.88,76.43,0.0,0.289,0.358,0.356,0.351
Sitapatore,21.66667,79.66667,2025-11-18,15.09,1.53,79.06,1.53,0.274,0.347,0.349,0.343
Sitapatore,21.66667,79.66667,2025-11-19,15.84,1.34,78.76,0.0,0.267,0.341,0.348,0.341
Sitapatore,21.66667,79.66667,2025-11-20,16.46,1.43,80.12,0.0,0.264,0.339,0.349,0.341
Sitapatore,21.66667,79.66667,2025-11-21,18.28,0.89,75.68,0.0,0.265,0.338,0.351,0.342
Sitapatore,21.66667,79.66667,2025-11-22,19.14,0.68,71.52,0.0,0.261,0.334,0.349,0.34
Sitapatore,21.66667,79.66667,2025-11-23,19.21,0.94,75.18,0.0,0.272,0.34,0.354,0.346
Sitapatore,21.66667,79.66667,2025-11-24,19.21,1.51,83.41,0.0,0.275,0.344,0.356,0.347
Sitapatore,21.66667,79.66667,2025-11-25,19.55,1.13,82.33,0.0,0.284,0.348,0.357,0.35
Sitapatore,21.66667,79.66667,2025-11-26,18.92,1.35,84.86,0.27,0.29,0.349,0.359,0.352
Sitapatore,21.66667,79.66667,2025-11-27,18.75,1.65,82.59,0.0,0.287,0.347,0.358,0.351
Sitapatore,21.66667,79.66667,2025-11-28,16.01,1.83,75.23,0.0,0.28,0.344,0.357,0.349
Sitapatore,21.66667,79.66667,2025-11-29,16.24,1.59,75.5,0.0,0.27,0.34,0.355,0.346
Sitapatore,21.66667,79.66667,2025-11-30,16.88,1.81,74.64,0.0,0.259,0.334,0.352,0.342
Sitapatore,21.66667,79.66667,2025-12-01,17.84,1.51,77.17,0.0,0.257,0.33,0.349,0.338
Sitapatore,21.66667,79.66667,2025-12-02,17.51,1.5,79.66,0.0,0.244,0.324,0.344,0.333
Sitapatore,21.66667,79.66667,2025-12-03,17.15,1.88,76.06,0.0,0.239,0.322,0.343,0.331
Sitapatore,21.66667,79.66667,2025-12-04,16.77,1.88,77.35,0.0,0.237,0.321,0.344,0.332
Sitapatore,21.66667,79.66667,2025-12-05,16.15,2.13,72.55,0.0,0.24,0.319,0.344,0.332
Sitapatore,21.66667,79.66667,2025-12-06,15.44,1.84,66.89,0.0,0.237,0.316,0.344,0.33
Sitapatore,21.66667,79.66667,2025-12-07,15.24,1.54,67.17,0.0,0.237,0.314,0.343,0.329
Sitapatore,21.66667,79.66667,2025-12-08,16.47,1.86,62.42,0.0,0.236,0.312,0.343,0.329
Sitapatore,21.66667,79.66667,2025-12-09,16.35,2.36,61.53,0.0,0.236,0.31,0.342,0.328
Sitapatore,21.66667,79.66667,2025-12-10,16.17,1.83,57.14,0.0,0.236,0.308,0.342,0.327
Sitapatore,21.66667,79.66667,2025-12-11,16.83,1.2,54.35,0.0,0.236,0.306,0.341,0.326
Sitapatore,21.66667,79.66667,2025-12-12,16.6,1.34,60.81,0.0,0.236,0.304,0.341,0.326
Sitapatore,21.66667,79.66667,2025-12-13,16.29,1.52,66.84,0.0,0.235,0.303,0.34,0.325
Sitapatore,21.66667,79.66667,2025-12-14,15.74,1.63,70.08,0.0,0.235,0.302,0.34,0.324
Sitapatore,21.66667,79.66667,2025-12-15,15.94,1.35,69.59,0.0,0.235,0.301,0.339,0.324
Sitapatore,21.66667,79.66667,2025-12-16,16.32,1.51,66.21,0.0,0.235,0.299,0.339,0.323
Sitapatore,21.66667,79.66667,2025-12-17,16.32,1.69,64.62,0.0,0.235,0.298,0.338,0.323
Sitapatore,21.66667,79.66667,2025-12-18,16.0,2.01,63.56,0.0,0.235,0.297,0.338,0.322
Sitapatore,21.66667,79.66667,2025-12-19,15.23,2.41,68.03,0.0,0.235,0.296,0.338,0.322
Sitapatore,21.66667,79.66667,2025-12-20,14.89,1.97,66.44,0.0,0.234,0.295,0.337,0.321
Sitapatore,21.66667,79.66667,2025-12-21,15.45,1.57,65.05,0.0,0.235,0.295,0.337,0.321
Sitapatore,21.66667,79.66667,2025-12-22,15.93,1.75,67.48,0.0,0.235,0.294,0.337,0.32
Sitapatore,21.66667,79.66667,2025-12-23,16.27,2.12,67.41,0.0,0.235,0.293,0.336,0.32
Sitapatore,21.66667,79.66667,2025-12-24,16.86,1.74,66.5,0.0,0.235,0.292,0.336,0.32
Sitapatore,21.66667,79.66667,2025-12-25,16.69,1.34,66.37,0.0,0.235,0.292,0.336,0.319
Sitapatore,21.66667,79.66667,2025-12-26,15.7,1.6,63.63,0.0,0.235,0.291,0.335,0.319
Sitapatore,21.66667,79.66667,2025-12-27,15.36,1.4,60.6,0.0,0.235,0.29,0.335,0.319
Sitapatore,21.66667,79.66667,2025-12-28,15.42,1.43,58.53,0.0,0.235,0.29,0.335,0.318
Sitapatore,21.66667,79.66667,2025-12-29,15.56,1.53,56.91,0.0,0.235,0.289,0.334,0.318
Sitapatore,21.66667,79.66667,2025-12-30,16.87,1.03,50.39,0.0,0.228,0.289,0.333,0.316
Sitapatore,21.66667,79.66667,2025-12-31,17.89,1.14,49.58,0.0,0.235,0.288,0.333,0.317
Tirodi,21.68351,79.72464,2025-01-01,17.75,2.2,45.48,0.0,0.345,0.318,0.329,0.327
Tirodi,21.68351,79.72464,2025-01-02,17.4,2.23,40.8,0.0,0.338,0.324,0.321,0.323
Tirodi,21.68351,79.72464,2025-01-03,18.02,1.96,43.22,0.0,0.324,0.322,0.321,0.322
Tirodi,21.68351,79.72464,2025-01-04,18.24,1.74,46.42,0.0,0.304,0.318,0.314,0.314
Tirodi,21.68351,79.72464,2025-01-05,18.41,1.49,47.92,0.0,0.289,0.317,0.305,0.307
Tirodi,21.68351,79.72464,2025-01-06,19.69,1.3,50.37,0.0,0.29,0.323,0.297,0.302
Tirodi,21.68351,79.72464,2025-01-07,18.28,2.35,49.0,0.0,0.295,0.331,0.287,0.296
Tirodi,21.68351,79.72464,2025-01-08,15.42,1.7,45.82,0.0,0.292,0.332,0.27,0.285
Tirodi,21.68351,79.72464,2025-01-09,16.78,1.49,40.51,0.0,0.278,0.322,0.266,0.279
Tirodi,21.68351,79.72464,2025-01-10,17.28,1.77,43.67,0.0,0.282,0.32,0.266,0.278
Tirodi,21.68351,79.72464,2025-01-11,18.94,1.9,49.48,0.0,0.283,0.319,0.267,0.279
Tirodi,21.68351,79.72464,2025-01-12,20.09,1.79,59.16,0.03,0.3,0.329,0.266,0.282
Tirodi,21.68351,79.72464,2025-01-13,20.09,1.73,62.74,0.03,0.304,0.334,0.266,0.283
Tirodi,21.68351,79.72464,2025-01-14,19.6,1.1,53.9,0.0,0.314,0.342,0.267,0.286
Tirodi,21.68351,79.72464,2025-01-15,20.02,1.74,54.58,0.0,0.325,0.347,0.267,0.288
Tirodi,21.68351,79.72464,2025-01-16,20.93,1.44,52.2,0.0,0.327,0.347,0.268,0.289
Tirodi,21.68351,79.72464,2025-01-17,20.91,1.94,50.89,0.0,0.324,0.342,0.268,0.288
Tirodi,21.68351,79.72464,2025-01-18,20.24,1.62,53.3,0.0,0.312,0.334,0.269,0.286
Tirodi,21.68351,79.72464,2025-01-19,20.65,1.65,42.41,0.0,0.289,0.325,0.269,0.282
Tirodi,21.68351,79.72464,2025-01-20,20.67,1.89,38.36,0.0,0.276,0.318,0.27,0.28
Tirodi,21.68351,79.72464,2025-01-21,22.2,1.07,43.53,0.0,0.264,0.314,0.27,0.279
Tirodi,21.68351,79.72464,2025-01-22,22.83,1.29,36.44,0.0,0.272,0.316,0.271,0.281
Tirodi,21.68351,79.72464,2025-01-23,22.27,1.63,41.2,0.0,0.284,0.318,0.271,0.282
Tirodi,21.68351,79.72464,2025-01-24,23.09,1.47,42.65,0.0,0.266,0.316,0.272,0.281
Tirodi,21.68351,79.72464,2025-01-25,22.6,1.75,47.8,0.0,0.259,0.314,0.272,0.28
Tirodi,21.68351,79.72464,2025-01-26,22.19,1.68,33.41,0.0,0.259,0.313,0.272,0.28
Tirodi,21.68351,79.72464,2025-01-27,21.59,1.56,25.77,0.0,0.258,0.311,0.273,0.28
Tirodi,21.68351,79.72464,2025-01-28,22.28,1.27,23.12,0.0,0.256,0.308,0.273,0.279
Tirodi,21.68351,79.72464,2025-01-29,22.52,1.53,34.26,0.0,0.254,0.305,0.273,0.279
Tirodi,21.68351,79.72464,2025-01-30,23.92,1.84,39.47,0.0,0.249,0.303,0.274,0.278
Tirodi,21.68351,79.72464,2025-01-31,24.32,1.37,34.32,0.0,0.248,0.301,0.274,0.278
Tirodi,21.68351,79.72464,2025-02-01,25.63,1.6,38.26,0.0,0.252,0.299,0.275,0.278
Tirodi,21.68351,79.72464,2025-02-02,25.47,1.58,38.21,0.0,0.251,0.297,0.275,0.278
Tirodi,21.68351,79.72464,2025-02-03,26.46,1.43,33.92,0.0,0.251,0.295,0.275,0.278
Tirodi,21.68351,79.72464,2025-02-04,26.85,1.31,33.93,0.0,0.251,0.294,0.276,0.278
Tirodi,21.68351,79.72464,2025-02-05,26.72,1.47,32.38,0.0,0.251,0.292,0.276,0.278
Tirodi,21.68351,79.72464,2025-02-06,24.02,3.05,34.45,0.0,0.25,0.291,0.276,0.277
Tirodi,21.68351,79.72464,2025-02-07,22.86,2.54,27.02,0.0,0.25,0.29,0.277,0.278
Tirodi,21.68351,79.72464,2025-02-08,23.25,1.94,21.24,0.0,0.25,0.289,0.277,0.278
Tirodi,21.68351,79.72464,2025-02-09,24.18,1.36,19.21,0.0,0.25,0.288,0.277,0.277
Tirodi,21.68351,79.72464,2025-02-10,24.94,1.48,31.09,0.0,0.25,0.287,0.278,0.278
Tirodi,21.68351,79.72464,2025-02-11,26.23,1.37,37.57,0.0,0.25,0.286,0.278,0.278
Tirodi,21.68351,79.72464,2025-02-12,25.25,2.24,22.52,0.0,0.25,0.285,0.278,0.278
Tirodi,21.68351,79.72464,2025-02-13,23.53,2.87,21.98,0.0,0.25,0.284,0.278,0.278
Tirodi,21.68351,79.72464,2025-02-14,22.7,2.31,18.45,0.0,0.25,0.284,0.279,0.278
Tirodi,21.68351,79.72464,2025-02-15,25.1,1.28,20.35,0.0,0.25,0.283,0.279,0.278
Tirodi,21.68351,79.72464,2025-02-16,25.66,1.57,22.13,0.0,0.25,0.283,0.279,0.278
Tirodi,21.68351,79.72464,2025-02-17,26.47,1.2,23.81,0.0,0.25,0.282,0.28,0.278
Tirodi,21.68351,79.72464,2025-02-18,26.29,1.57,25.21,0.0,0.25,0.282,0.28,0.278
Tirodi,21.68351,79.72464,2025-02-19,26.37,1.61,27.8,0.0,0.25,0.282,0.28,0.278
Tirodi,21.68351,79.72464,2025-02-20,26.2,1.66,28.49,0.0,0.25,0.281,0.28,0.278
Tirodi,21.68351,79.72464,2025-02-21,26.09,1.72,24.6,0.0,0.25,0.281,0.281,0.279
Tirodi,21.68351,79.72464,2025-02-22,25.29,2.55,25.84,0.0,0.25,0.281,0.281,0.279
Tirodi,21.68351,79.72464,2025-02-23,24.76,1.92,22.15,0.0,0.238,0.28,0.281,0.278
Tirodi,21.68351,79.72464,2025-02-24,24.72,1.7,22.81,0.0,0.25,0.28,0.281,0.279
Tirodi,21.68351,79.72464,2025-02-25,24.9,1.86,24.94,0.0,0.25,0.28,0.281,0.279
Tirodi,21.68351,79.72464,2025-02-26,25.2,1.93,20.42,0.0,0.25,0.28,0.282,0.279
Tirodi,21.68351,79.72464,2025-02-27,26.0,1.39,19.96,0.0,0.25,0.28,0.282,0.279
Tirodi,21.68351,79.72464,2025-02-28,26.87,1.8,23.44,0.0,0.247,0.28,0.282,0.279
Tirodi,21.68351,79.72464,2025-03-01,27.43,1.68,25.95,0.0,0.256,0.28,0.282,0.28
Tirodi,21.68351,79.72464,2025-03-02,28.65,1.73,26.24,0.0,0.253,0.279,0.282,0.279
Tirodi,21.68351,79.72464,2025-03-03,27.68,2.13,24.19,0.0,0.251,0.279,0.282,0.279
Tirodi,21.68351,79.72464,2025-03-04,28.39,2.42,21.56,0.0,0.244,0.279,0.283,0.279
Tirodi,21.68351,79.72464,2025-03-05,23.95,3.86,13.66,0.0,0.245,0.279,0.283,0.279
Tirodi,21.68351,79.72464,2025-03-06,22.91,2.47,9.34,0.0,0.25,0.279,0.283,0.28
Tirodi,21.68351,79.72464,2025-03-07,25.23,1.85,10.12,0.0,0.25,0.279,0.283,0.28
Tirodi,21.68351,79.72464,2025-03-08,26.84,1.63,14.08,0.0,0.25,0.279,0.283,0.28
Tirodi,21.68351,79.72464,2025-03-09,27.33,1.92,16.63,0.0,0.269,0.279,0.283,0.281
Tirodi,21.68351,79.72464,2025-03-10,27.19,1.8,19.57,0.0,0.268,0.279,0.283,0.281
Tirodi,21.68351,79.72464,2025-03-11,28.26,1.68,16.24,0.0,0.261,0.279,0.284,0.281
Tirodi,21.68351,79.72464,2025-03-12,30.48,1.49,16.88,0.0,0.253,0.279,0.284,0.281
Tirodi,21.68351,79.72464,2025-03-13,31.11,1.87,17.06,0.0,0.25,0.279,0.284,0.281
Tirodi,21.68351,79.72464,2025-03-14,31.13,2.16,14.41,0.0,0.251,0.279,0.284,0.281
Tirodi,21.68351,79.72464,2025-03-15,31.37,1.43,16.8,0.0,0.25,0.279,0.284,0.281
Tirodi,21.68351,79.72464,2025-03-16,31.31,2.31,24.02,0.0,0.25,0.279,0.284,0.281
Tirodi,21.68351,79.72464,2025-03-17,31.16,1.43,23.44,0.0,0.25,0.279,0.284,0.281
Tirodi,21.68351,79.72464,2025-03-18,30.5,1.91,21.9,0.0,0.25,0.279,0.284,0.281
Tirodi,21.68351,79.72464,2025-03-19,30.28,2.35,24.48,0.0,0.25,0.279,0.284,0.281
Tirodi,21.68351,79.72464,2025-03-20,30.56,2.62,29.12,0.07,0.262,0.279,0.284,0.281
Tirodi,21.68351,79.72464,2025-03-21,30.04,1.83,25.77,0.37,0.253,0.279,0.285,0.281
Tirodi,21.68351,79.72464,2025-03-22,29.43,1.31,20.1,0.0,0.249,0.278,0.285,0.281
Tirodi,21.68351,79.72464,2025-03-23,28.77,1.73,19.24,0.0,0.239,0.278,0.3,0.291
Tirodi,21.68351,79.72464,2025-03-24,28.1,1.93,14.79,0.0,0.211,0.278,0.303,0.291
Tirodi,21.68351,79.72464,2025-03-25,28.95,1.77,14.49,0.0,0.211,0.278,0.313,0.298
Tirodi,21.68351,79.72464,2025-03-26,30.74,1.1,13.59,0.0,0.236,0.278,0.314,0.301
Tirodi,21.68351,79.72464,2025-03-27,32.23,1.22,13.61,0.0,0.226,0.278,0.317,0.303
Tirodi,21.68351,79.72464,2025-03-28,31.58,2.75,18.49,0.0,0.226,0.278,0.318,0.303
Tirodi,21.68351,79.72464,2025-03-29,31.03,2.67,15.32,0.0,0.226,0.278,0.317,0.303
Tirodi,21.68351,79.72464,2025-03-30,31.46,1.99,9.73,0.0,0.226,0.278,0.316,0.302
Tirodi,21.68351,79.72464,2025-03-31,31.99,1.48,10.69,0.0,0.226,0.278,0.316,0.301
Tirodi,21.68351,79.72464,2025-04-01,31.42,1.63,18.9,0.0,0.238,0.278,0.316,0.303
Tirodi,21.68351,79.72464,2025-04-02,31.05,1.06,23.54,0.97,0.226,0.278,0.314,0.301
Tirodi,21.68351,79.72464,2025-04-03,31.25,1.18,26.0,0.49,0.303,0.278,0.308,0.302
Tirodi,21.68351,79.72464,2025-04-04,31.21,0.98,30.83,1.0,0.392,0.282,0.317,0.315
Tirodi,21.68351,79.72464,2025-04-05,31.64,1.78,23.01,0.0,0.375,0.291,0.277,0.287
Tirodi,21.68351,79.72464,2025-04-06,32.01,1.72,16.66,0.0,0.357,0.32,0.271,0.287
Tirodi,21.68351,79.72464,2025-04-07,33.15,1.07,15.9,0.0,0.339,0.343,0.271,0.291
Tirodi,21.68351,79.72464,2025-04-08,32.61,1.63,22.31,0.0,0.317,0.349,0.271,0.291
Tirodi,21.68351,79.72464,2025-04-09,32.44,1.94,31.83,2.69,0.293,0.341,0.271,0.288
Tirodi,21.68351,79.72464,2025-04-10,33.5,1.79,28.41,0.27,0.297,0.338,0.272,0.288
Tirodi,21.68351,79.72464,2025-04-11,33.42,1.55,21.65,0.06,0.284,0.308,0.272,0.28
Tirodi,21.68351,79.72464,2025-04-12,32.69,2.55,20.11,0.0,0.268,0.299,0.272,0.277
Tirodi,21.68351,79.72464,2025-04-13,33.42,1.1,21.65,0.15,0.263,0.303,0.272,0.278
Tirodi,21.68351,79.72464,2025-04-14,33.38,1.65,21.56,0.83,0.271,0.312,0.273,0.281
Tirodi,21.68351,79.72464,2025-04-15,33.04,2.17,24.6,0.0,0.26,0.314,0.273,0.281
Tirodi,21.68351,79.72464,2025-04-16,32.59,2.11,33.74,0.0,0.25,0.319,0.273,0.281
Tirodi,21.68351,79.72464,2025-04-17,34.02,1.81,30.07,0.01,0.256,0.322,0.273,0.282
Tirodi,21.68351,79.72464,2025-04-18,35.07,2.04,26.12,0.0,0.252,0.315,0.273,0.281
Tirodi,21.68351,79.72464,2025-04-19,35.58,2.1,21.84,0.16,0.255,0.313,0.274,0.281
Tirodi,21.68351,79.72464,2025-04-20,35.05,2.09,16.94,0.0,0.255,0.309,0.274,0.28
Tirodi,21.68351,79.72464,2025-04-21,35.14,1.95,17.4,0.0,0.25,0.303,0.274,0.278
Tirodi,21.68351,79.72464,2025-04-22,35.71,1.88,11.61,0.0,0.23,0.294,0.274,0.275
Tirodi,21.68351,79.72464,2025-04-23,35.48,1.57,12.24,0.0,0.242,0.287,0.275,0.275
Tirodi,21.68351,79.72464,2025-04-24,35.26,2.42,11.08,0.0,0.247,0.284,0.275,0.275
Tirodi,21.68351,79.72464,2025-04-25,35.77,2.03,14.1,0.0,0.26,0.28,0.275,0.275
Tirodi,21.68351,79.72464,2025-04-26,36.07,1.74,17.5,0.01,0.258,0.28,0.275,0.275
Tirodi,21.68351,79.72464,2025-04-27,33.62,2.86,27.98,4.93,0.264,0.273,0.275,0.274
Tirodi,21.68351,79.72464,2025-04-28,32.94,2.47,31.41,2.31,0.283,0.258,0.275,0.272
Tirodi,21.68351,79.72464,2025-04-29,32.78,2.62,34.95,1.51,0.316,0.26,0.276,0.276
Tirodi,21.68351,79.72464,2025-04-30,33.1,2.22,34.58,1.11,0.348,0.261,0.276,0.278
Tirodi,21.68351,79.72464,2025-05-01,32.32,3.15,42.26,1.89,0.36,0.263,0.276,0.279
Tirodi,21.68351,79.72464,2025-05-02,32.68,2.43,39.19,0.13,0.326,0.264,0.276,0.277
Tirodi,21.68351,79.72464,2025-05-03,33.27,2.45,40.53,0.92,0.328,0.264,0.276,0.277
Tirodi,21.68351,79.72464,2025-05-04,30.98,2.16,52.72,14.18,0.333,0.265,0.276,0.278
Tirodi,21.68351,79.72464,2025-05-05,30.05,1.39,56.97,3.01,0.317,0.265,0.277,0.277
Tirodi,21.68351,79.72464,2025-05-06,30.5,1.49,50.65,1.03,0.324,0.266,0.277,0.278
Tirodi,21.68351,79.72464,2025-05-07,30.63,1.68,47.48,0.0,0.327,0.266,0.277,0.278
Tirodi,21.68351,79.72464,2025-05-08,30.39,1.66,45.15,0.14,0.309,0.266,0.277,0.277
Tirodi,21.68351,79.72464,2025-05-09,31.17,1.47,48.35,0.01,0.295,0.267,0.277,0.276
Tirodi,21.68351,79.72464,2025-05-10,32.71,1.08,43.08,1.09,0.28,0.267,0.277,0.275
Tirodi,21.68351,79.72464,2025-05-11,33.75,1.59,41.83,0.12,0.276,0.267,0.277,0.275
Tirodi,21.68351,79.72464,2025-05-12,35.21,1.91,35.61,0.01,0.29,0.269,0.278,0.277
Tirodi,21.68351,79.72464,2025-05-13,35.74,2.06,32.92,1.33,0.308,0.268,0.278,0.278
Tirodi,21.68351,79.72464,2025-05-14,34.97,1.57,36.86,3.1,0.306,0.264,0.279,0.278
Tirodi,21.68351,79.72464,2025-05-15,34.1,1.74,44.4,5.25,0.3,0.265,0.279,0.277
Tirodi,21.68351,79.72464,2025-05-16,34.3,0.86,46.82,0.33,0.299,0.265,0.28,0.278
Tirodi,21.68351,79.72464,2025-05-17,34.2,1.5,45.61,5.09,0.287,0.265,0.278,0.276
Tirodi,21.68351,79.72464,2025-05-18,33.18,1.23,52.48,7.87,0.288,0.265,0.277,0.275
Tirodi,21.68351,79.72464,2025-05-19,33.6,2.0,51.82,0.0,0.279,0.265,0.277,0.275
Tirodi,21.68351,79.72464,2025-05-20,35.02,1.48,44.86,0.13,0.281,0.265,0.277,0.275
Tirodi,21.68351,79.72464,2025-05-21,33.51,1.63,50.14,13.63,0.29,0.265,0.277,0.275
Tirodi,21.68351,79.72464,2025-05-22,31.52,1.82,58.33,0.12,0.311,0.265,0.277,0.277
Tirodi,21.68351,79.72464,2025-05-23,30.92,1.67,57.54,0.1,0.313,0.265,0.278,0.278
Tirodi,21.68351,79.72464,2025-05-24,28.45,1.68,71.32,2.87,0.332,0.265,0.278,0.279
Tirodi,21.68351,79.72464,2025-05-25,27.5,2.36,76.7,6.35,0.438,0.292,0.278,0.292
Tirodi,21.68351,79.72464,2025-05-26,30.46,1.52,64.95,1.16,0.421,0.314,0.278,0.295
Tirodi,21.68351,79.72464,2025-05-27,31.63,1.43,61.72,3.44,0.382,0.303,0.281,0.293
Tirodi,21.68351,79.72464,2025-05-28,31.31,1.72,65.09,7.19,0.42,0.313,0.289,0.303
Tirodi,21.68351,79.72464,2025-05-29,31.26,2.02,65.45,10.66,0.436,0.333,0.29,0.309
Tirodi,21.68351,79.72464,2025-05-30,32.38,2.65,61.07,0.61,0.441,0.346,0.291,0.313
Tirodi,21.68351,79.72464,2025-05-31,30.59,2.46,62.26,2.19,0.421,0.358,0.298,0.319
Tirodi,21.68351,79.72464,2025-06-01,32.0,4.1,48.12,0.0,0.406,0.367,0.308,0.327
Tirodi,21.68351,79.72464,2025-06-02,30.42,3.37,60.92,2.31,0.387,0.365,0.305,0.323
Tirodi,21.68351,79.72464,2025-06-03,31.09,3.44,53.65,0.05,0.387,0.357,0.301,0.319
Tirodi,21.68351,79.72464,2025-06-04,30.74,1.68,55.53,0.67,0.369,0.35,0.288,0.307
Tirodi,21.68351,79.72464,2025-06-05,31.97,1.59,47.97,1.59,0.359,0.344,0.276,0.296
Tirodi,21.68351,79.72464,2025-06-06,33.07,1.48,40.96,0.0,0.335,0.338,0.275,0.292
Tirodi,21.68351,79.72464,2025-06-07,33.52,2.08,41.58,0.0,0.318,0.333,0.275,0.29
Tirodi,21.68351,79.72464,2025-06-08,34.93,2.87,40.35,0.15,0.304,0.33,0.275,0.289
Tirodi,21.68351,79.72464,2025-06-09,35.75,2.39,38.46,0.01,0.295,0.328,0.275,0.288
Tirodi,21.68351,79.72464,2025-06-10,36.24,3.19,35.24,0.28,0.301,0.333,0.277,0.291
Tirodi,21.68351,79.72464,2025-06-11,32.3,3.01,53.31,5.12,0.315,0.339,0.278,0.293
Tirodi,21.68351,79.72464,2025-06-12,32.45,3.04,53.32,0.62,0.308,0.335,0.278,0.292
Tirodi,21.68351,79.72464,2025-06-13,32.83,2.41,54.85,0.3,0.291,0.321,0.278,0.288
Tirodi,21.68351,79.72464,2025-06-14,32.74,2.49,55.52,2.81,0.277,0.314,0.28,0.287
Tirodi,21.68351,79.72464,2025-06-15,31.94,2.4,60.28,9.33,0.297,0.325,0.292,0.299
Tirodi,21.68351,79.72464,2025-06-16,30.07,3.19,68.64,5.78,0.409,0.343,0.301,0.317
Tirodi,21.68351,79.72464,2025-06-17,29.3,2.87,69.5,4.58,0.432,0.345,0.305,0.322
Tirodi,21.68351,79.72464,2025-06-18,30.66,3.38,60.83,0.38,0.397,0.337,0.298,0.313
Tirodi,21.68351,79.72464,2025-06-19,27.98,4.2,77.12,5.91,0.373,0.329,0.283,0.299
Tirodi,21.68351,79.72464,2025-06-20,27.57,3.71,78.0,7.78,0.423,0.343,0.269,0.295
Tirodi,21.68351,79.72464,2025-06-21,29.24,3.28,69.33,5.28,0.447,0.398,0.269,0.309
Tirodi,21.68351,79.72464,2025-06-22,28.71,3.55,68.95,3.43,0.463,0.397,0.27,0.31
Tirodi,21.68351,79.72464,2025-06-23,27.88,4.16,72.6,8.4,0.463,0.408,0.27,0.313
Tirodi,21.68351,79.72464,2025-06-24,28.04,3.46,78.58,19.22,0.506,0.487,0.278,0.338
Tirodi,21.68351,79.72464,2025-06-25,27.12,1.69,83.6,20.65,0.498,0.494,0.303,0.357
Tirodi,21.68351,79.72464,2025-06-26,27.93,1.87,79.13,4.48,0.504,0.495,0.315,0.366
Tirodi,21.68351,79.72464,2025-06-27,27.88,3.59,77.62,15.72,0.496,0.488,0.328,0.373
Tirodi,21.68351,79.72464,2025-06-28,26.95,2.87,81.27,18.87,0.491,0.488,0.335,0.378
Tirodi,21.68351,79.72464,2025-06-29,25.84,3.75,83.56,16.88,0.498,0.482,0.34,0.381
Tirodi,21.68351,79.72464,2025-06-30,25.61,5.18,88.23,27.65,0.508,0.506,0.361,0.402
Tirodi,21.68351,79.72464,2025-07-01,26.27,3.23,88.77,41.54,0.508,0.51,0.397,0.428
Tirodi,21.68351,79.72464,2025-07-02,25.4,3.71,87.72,7.56,0.495,0.497,0.41,0.434
Tirodi,21.68351,79.72464,2025-07-03,26.28,3.08,87.97,8.36,0.487,0.483,0.413,0.433
Tirodi,21.68351,79.72464,2025-07-04,26.21,4.07,87.22,11.12,0.507,0.51,0.433,0.455
Tirodi,21.68351,79.72464,2025-07-05,25.88,4.63,89.32,11.47,0.497,0.498,0.45,0.463
Tirodi,21.68351,79.72464,2025-07-06,26.0,3.75,90.49,41.8,0.503,0.507,0.462,0.474
Tirodi,21.68351,79.72464,2025-07-07,25.65,4.38,93.38,84.84,0.508,0.517,0.515,0.515
Tirodi,21.68351,79.72464,2025-07-08,25.35,4.32,94.01,88.81,0.511,0.511,0.516,0.515
Tirodi,21.68351,79.72464,2025-07-09,26.06,3.13,90.99,8.37,0.507,0.511,0.516,0.514
Tirodi,21.68351,79.72464,2025-07-10,26.61,2.85,88.32,3.59,0.502,0.507,0.513,0.511
Tirodi,21.68351,79.72464,2025-07-11,26.41,2.99,87.22,2.59,0.498,0.51,0.513,0.511
Tirodi,21.68351,79.72464,2025-07-12,26.93,2.74,86.55,5.63,0.486,0.492,0.51,0.504
Tirodi,21.68351,79.72464,2025-07-13,26.76,3.11,87.27,5.07,0.48,0.48,0.505,0.498
Tirodi,21.68351,79.72464,2025-07-14,26.6,2.5,86.92,3.1,0.479,0.479,0.501,0.495
Tirodi,21.68351,79.72464,2025-07-15,26.54,1.55,88.54,14.86,0.475,0.474,0.498,0.491
Tirodi,21.68351,79.72464,2025-07-16,27.52,1.35,85.49,5.11,0.495,0.487,0.496,0.494
Tirodi,21.68351,79.72464,2025-07-17,26.67,1.07,83.82,12.52,0.495,0.499,0.496,0.496
Tirodi,21.68351,79.72464,2025-07-18,27.19,1.13,85.43,2.47,0.481,0.49,0.494,0.492
Tirodi,21.68351,79.72464,2025-07-19,27.35,1.04,84.23,4.26,0.465,0.479,0.492,0.487
Tirodi,21.68351,79.72464,2025-07-20,27.62,1.36,82.01,6.21,0.463,0.469,0.489,0.483
Tirodi,21.68351,79.72464,2025-07-21,28.1,0.74,82.77,10.82,0.497,0.495,0.488,0.491
Tirodi,21.68351,79.72464,2025-07-22,27.5,1.69,87.98,7.72,0.496,0.505,0.491,0.494
Tirodi,21.68351,79.72464,2025-07-23,26.74,2.58,92.64,41.48,0.504,0.509,0.507,0.507
Tirodi,21.68351,79.72464,2025-07-24,26.34,3.17,92.17,27.79,0.513,0.503,0.517,0.514
Tirodi,21.68351,79.72464,2025-07-25,26.2,3.39,94.36,55.69,0.511,0.5,0.516,0.513
Tirodi,21.68351,79.72464,2025-07-26,25.87,4.2,94.24,22.32,0.513,0.503,0.517,0.514
Tirodi,21.68351,79.72464,2025-07-27,25.83,4.85,90.1,4.9,0.486,0.48,0.507,0.5
Tirodi,21.68351,79.72464,2025-07-28,25.14,4.86,92.08,2.39,0.481,0.474,0.488,0.485
Tirodi,21.68351,79.72464,2025-07-29,24.71,6.5,92.6,6.55,0.506,0.509,0.486,0.492
Tirodi,21.68351,79.72464,2025-07-30,25.15,4.08,92.87,2.14,0.484,0.495,0.482,0.485
Tirodi,21.68351,79.72464,2025-07-31,25.88,2.69,87.4,1.84,0.47,0.483,0.474,0.475
Tirodi,21.68351,79.72464,2025-08-01,26.35,2.0,85.93,3.46,0.461,0.472,0.465,0.466
Tirodi,21.68351,79.72464,2025-08-02,26.94,1.94,85.62,1.63,0.449,0.461,0.457,0.457
Tirodi,21.68351,79.72464,2025-08-03,27.35,1.64,84.07,1.64,0.435,0.449,0.45,0.449
Tirodi,21.68351,79.72464,2025-08-04,27.87,1.15,82.43,1.11,0.421,0.439,0.444,0.441
Tirodi,21.68351,79.72464,2025-08-05,28.08,0.93,81.01,0.97,0.406,0.43,0.436,0.433
Tirodi,21.68351,79.72464,2025-08-06,27.89,1.02,81.5,0.79,0.381,0.419,0.426,0.421
Tirodi,21.68351,79.72464,2025-08-07,27.56,1.3,81.17,1.99,0.403,0.405,0.411,0.409
Tirodi,21.68351,79.72464,2025-08-08,26.25,1.21,87.58,14.55,0.449,0.394,0.4,0.402
Tirodi,21.68351,79.72464,2025-08-09,25.95,1.11,84.1,2.22,0.475,0.418,0.397,0.407
Tirodi,21.68351,79.72464,2025-08-10,26.77,1.32,83.71,0.32,0.436,0.415,0.394,0.401
Tirodi,21.68351,79.72464,2025-08-11,26.06,1.71,92.21,1.85,0.4,0.397,0.39,0.392
Tirodi,21.68351,79.72464,2025-08-12,26.5,2.05,89.81,1.89,0.423,0.388,0.382,0.386
Tirodi,21.68351,79.72464,2025-08-13,26.44,1.71,92.23,21.7,0.502,0.475,0.379,0.408
Tirodi,21.68351,79.72464,2025-08-14,26.87,1.42,86.35,8.03,0.49,0.493,0.391,0.42
Tirodi,21.68351,79.72464,2025-08-15,26.96,1.26,86.6,5.61,0.495,0.492,0.397,0.423
Tirodi,21.68351,79.72464,2025-08-16,26.92,2.16,88.82,25.34,0.494,0.502,0.405,0.432
Tirodi,21.68351,79.72464,2025-08-17,27.16,2.4,88.42,2.97,0.49,0.494,0.415,0.437
Tirodi,21.68351,79.72464,2025-08-18,26.73,1.75,88.67,29.62,0.494,0.494,0.42,0.441
Tirodi,21.68351,79.72464,2025-08-19,27.1,1.22,87.59,30.75,0.501,0.504,0.431,0.451
Tirodi,21.68351,79.72464,2025-08-20,25.8,2.59,92.89,17.99,0.502,0.509,0.457,0.471
Tirodi,21.68351,79.72464,2025-08-21,25.95,2.85,89.99,7.21,0.495,0.503,0.472,0.48
Tirodi,21.68351,79.72464,2025-08-22,26.16,3.25,90.06,15.65,0.497,0.502,0.476,0.483
Tirodi,21.68351,79.72464,2025-08-23,25.74,3.85,90.16,7.7,0.5,0.508,0.484,0.49
Tirodi,21.68351,79.72464,2025-08-24,25.32,4.31,90.17,3.65,0.5,0.508,0.495,0.498
Tirodi,21.68351,79.72464,2025-08-25,25.89,3.01,87.91,0.36,0.496,0.508,0.504,0.504
Tirodi,21.68351,79.72464,2025-08-26,26.5,1.4,86.67,16.31,0.494,0.502,0.504,0.502
Tirodi,21.68351,79.72464,2025-08-27,27.22,1.14,86.25,13.54,0.503,0.504,0.503,0.504
Tirodi,21.68351,79.72464,2025-08-28,27.7,0.68,83.88,21.57,0.495,0.507,0.51,0.508
Tirodi,21.68351,79.72464,2025-08-29,26.81,1.57,87.6,4.45,0.494,0.492,0.514,0.508
Tirodi,21.68351,79.72464,2025-08-30,26.84,1.38,88.38,2.73,0.469,0.474,0.509,0.498
Tirodi,21.68351,79.72464,2025-08-31,26.56,2.2,91.28,6.8,0.481,0.475,0.504,0.496
Tirodi,21.68351,79.72464,2025-09-01,26.4,1.89,89.36,14.75,0.5,0.503,0.505,0.504
Tirodi,21.68351,79.72464,2025-09-02,26.56,1.09,86.58,10.38,0.507,0.512,0.513,0.512
Tirodi,21.68351,79.72464,2025-09-03,26.46,0.82,85.8,25.74,0.505,0.508,0.516,0.514
Tirodi,21.68351,79.72464,2025-09-04,25.85,2.18,91.45,3.63,0.488,0.493,0.504,0.501
Tirodi,21.68351,79.72464,2025-09-05,25.65,2.6,89.52,0.64,0.482,0.499,0.492,0.493
Tirodi,21.68351,79.72464,2025-09-06,25.71,1.71,90.3,0.3,0.469,0.485,0.479,0.48
Tirodi,21.68351,79.72464,2025-09-07,25.74,1.23,90.06,2.61,0.439,0.472,0.468,0.467
Tirodi,21.68351,79.72464,2025-09-08,26.76,1.12,87.23,3.19,0.411,0.457,0.459,0.455
Tirodi,21.68351,79.72464,2025-09-09,26.7,1.3,88.35,10.84,0.448,0.469,0.452,0.455
Tirodi,21.68351,79.72464,2025-09-10,27.03,1.6,88.38,7.87,0.445,0.466,0.446,0.45
Tirodi,21.68351,79.72464,2025-09-11,26.36,2.17,89.47,13.18,0.461,0.463,0.44,0.446
Tirodi,21.68351,79.72464,2025-09-12,26.35,1.51,90.0,19.36,0.48,0.462,0.437,0.445
Tirodi,21.68351,79.72464,2025-09-13,27.07,1.49,86.97,1.12,0.492,0.481,0.433,0.447
Tirodi,21.68351,79.72464,2025-09-14,26.73,1.26,89.94,5.87,0.481,0.493,0.435,0.45
Tirodi,21.68351,79.72464,2025-09-15,26.09,1.53,93.4,9.99,0.496,0.498,0.44,0.456
Tirodi,21.68351,79.72464,2025-09-16,25.97,1.17,88.62,16.81,0.498,0.5,0.451,0.465
Tirodi,21.68351,79.72464,2025-09-17,26.41,1.13,88.11,7.32,0.493,0.497,0.454,0.465
Tirodi,21.68351,79.72464,2025-09-18,26.67,1.06,87.38,7.23,0.49,0.5,0.456,0.468
Tirodi,21.68351,79.72464,2025-09-19,26.89,1.14,88.53,1.22,0.451,0.481,0.456,0.461
Tirodi,21.68351,79.72464,2025-09-20,26.73,0.92,88.71,2.8,0.443,0.466,0.453,0.455
Tirodi,21.68351,79.72464,2025-09-21,27.29,1.51,84.84,1.16,0.443,0.458,0.45,0.451
Tirodi,21.68351,79.72464,2025-09-22,27.27,1.47,82.81,2.97,0.409,0.446,0.441,0.44
Tirodi,21.68351,79.72464,2025-09-23,26.49,1.68,83.34,0.08,0.393,0.433,0.435,0.431
Tirodi,21.68351,79.72464,2025-09-24,26.08,2.19,88.05,11.65,0.38,0.419,0.431,0.425
Tirodi,21.68351,79.72464,2025-09-25,25.01,2.14,93.02,18.16,0.462,0.427,0.429,0.431
Tirodi,21.68351,79.72464,2025-09-26,26.78,2.25,89.62,4.63,0.444,0.438,0.425,0.429
Tirodi,21.68351,79.72464,2025-09-27,26.03,2.38,92.33,26.93,0.471,0.45,0.421,0.431
Tirodi,21.68351,79.72464,2025-09-28,25.92,2.46,89.73,4.66,0.497,0.486,0.421,0.44
Tirodi,21.68351,79.72464,2025-09-29,25.99,1.45,89.19,2.5,0.478,0.483,0.423,0.439
Tirodi,21.68351,79.72464,2025-09-30,26.32,0.93,86.55,10.3,0.439,0.468,0.423,0.434
Tirodi,21.68351,79.72464,2025-10-01,26.42,1.49,88.63,1.14,0.448,0.457,0.421,0.43
Tirodi,21.68351,79.72464,2025-10-02,25.92,1.83,89.84,1.48,0.446,0.453,0.417,0.427
Tirodi,21.68351,79.72464,2025-10-03,25.83,2.2,89.69,3.3,0.429,0.445,0.418,0.424
Tirodi,21.68351,79.72464,2025-10-04,25.97,1.69,89.63,1.63,0.443,0.435,0.417,0.423
Tirodi,21.68351,79.72464,2025-10-05,25.4,1.16,90.49,12.93,0.472,0.434,0.414,0.422
Tirodi,21.68351,79.72464,2025-10-06,25.1,1.37,87.72,14.16,0.493,0.466,0.413,0.429
Tirodi,21.68351,79.72464,2025-10-07,25.52,1.2,85.5,2.94,0.476,0.477,0.414,0.431
Tirodi,21.68351,79.72464,2025-10-08,25.62,1.15,82.55,5.42,0.443,0.464,0.413,0.426
Tirodi,21.68351,79.72464,2025-10-09,24.18,2.11,85.43,3.25,0.416,0.448,0.411,0.419
Tirodi,21.68351,79.72464,2025-10-10,23.17,1.98,88.95,11.91,0.399,0.431,0.408,0.413
Tirodi,21.68351,79.72464,2025-10-11,23.49,2.06,89.53,6.38,0.395,0.424,0.407,0.41
Tirodi,21.68351,79.72464,2025-10-12,23.82,1.43,87.24,0.0,0.373,0.409,0.406,0.404
Tirodi,21.68351,79.72464,2025-10-13,23.96,1.23,85.28,0.0,0.357,0.397,0.404,0.399
Tirodi,21.68351,79.72464,2025-10-14,23.75,1.57,87.01,0.0,0.351,0.39,0.401,0.396
Tirodi,21.68351,79.72464,2025-10-15,23.89,1.64,86.06,0.08,0.335,0.38,0.399,0.391
Tirodi,21.68351,79.72464,2025-10-16,24.12,1.24,82.88,1.33,0.314,0.365,0.398,0.385
Tirodi,21.68351,79.72464,2025-10-17,23.86,1.1,84.59,0.1,0.317,0.367,0.398,0.386
Tirodi,21.68351,79.72464,2025-10-18,23.19,1.17,83.22,0.0,0.329,0.367,0.395,0.384
Tirodi,21.68351,79.72464,2025-10-19,22.18,1.48,83.55,0.0,0.318,0.365,0.393,0.382
Tirodi,21.68351,79.72464,2025-10-20,22.9,1.65,86.02,0.03,0.314,0.36,0.391,0.379
Tirodi,21.68351,79.72464,2025-10-21,24.24,2.02,88.71,0.01,0.31,0.35,0.387,0.374
Tirodi,21.68351,79.72464,2025-10-22,24.17,1.96,86.97,0.0,0.303,0.339,0.384,0.369
Tirodi,21.68351,79.72464,2025-10-23,23.59,1.67,86.3,0.0,0.289,0.33,0.378,0.361
Tirodi,21.68351,79.72464,2025-10-24,23.89,1.63,86.4,0.06,0.282,0.318,0.371,0.353
Tirodi,21.68351,79.72464,2025-10-25,23.14,1.62,88.33,8.16,0.309,0.327,0.374,0.359
Tirodi,21.68351,79.72464,2025-10-26,23.09,1.74,91.56,13.41,0.4,0.337,0.373,0.367
Tirodi,21.68351,79.72464,2025-10-27,24.57,2.18,87.52,0.11,0.436,0.361,0.371,0.374
Tirodi,21.68351,79.72464,2025-10-28,24.68,3.18,87.59,0.05,0.404,0.361,0.371,0.371
Tirodi,21.68351,79.72464,2025-10-29,25.3,3.96,88.29,4.18,0.406,0.36,0.369,0.369
Tirodi,21.68351,79.72464,2025-10-30,24.79,2.95,93.58,7.83,0.472,0.392,0.361,0.375
Tirodi,21.68351,79.72464,2025-10-31,25.47,2.01,89.96,4.88,0.472,0.44,0.364,0.387
Tirodi,21.68351,79.72464,2025-11-01,25.66,0.86,86.39,0.33,0.457,0.439,0.365,0.387
Tirodi,21.68351,79.72464,2025-11-02,25.42,0.96,87.18,3.07,0.447,0.434,0.366,0.386
Tirodi,21.68351,79.72464,2025-11-03,24.79,0.99,84.3,0.32,0.433,0.427,0.364,0.382
Tirodi,21.68351,79.72464,2025-11-04,24.19,0.88,78.83,0.0,0.416,0.419,0.359,0.375
Tirodi,21.68351,79.72464,2025-11-05,23.4,1.25,81.97,0.0,0.399,0.41,0.354,0.368
Tirodi,21.68351,79.72464,2025-11-06,21.74,1.82,77.74,0.0,0.379,0.399,0.35,0.362
Tirodi,21.68351,79.72464,2025-11-07,19.81,1.43,67.96,0.0,0.366,0.393,0.352,0.361
Tirodi,21.68351,79.72464,2025-11-08,18.62,1.25,72.08,0.0,0.352,0.385,0.35,0.358
Tirodi,21.68351,79.72464,2025-11-09,16.76,1.49,72.42,0.0,0.34,0.377,0.35,0.355
Tirodi,21.68351,79.72464,2025-11-10,17.46,0.95,63.84,0.0,0.326,0.369,0.346,0.35
Tirodi,21.68351,79.72464,2025-11-11,17.7,1.16,64.83,0.0,0.322,0.364,0.345,0.348
Tirodi,21.68351,79.72464,2025-11-12,17.48,1.32,67.14,0.0,0.317,0.361,0.342,0.344
Tirodi,21.68351,79.72464,2025-11-13,16.73,1.57,69.46,0.0,0.317,0.36,0.347,0.348
Tirodi,21.68351,79.72464,2025-11-14,16.56,1.49,71.5,0.0,0.317,0.359,0.352,0.351
Tirodi,21.68351,79.72464,2025-11-15,16.96,1.4,73.52,0.0,0.311,0.355,0.351,0.349
Tirodi,21.68351,79.72464,2025-11-16,16.07,1.48,71.54,0.67,0.311,0.354,0.352,0.35
Tirodi,21.68351,79.72464,2025-11-17,15.25,1.59,75.53,0.0,0.303,0.35,0.351,0.347
Tirodi,21.68351,79.72464,2025-11-18,15.2,1.37,77.47,0.67,0.288,0.34,0.345,0.34
Tirodi,21.68351,79.72464,2025-11-19,16.05,1.29,77.31,0.0,0.282,0.333,0.344,0.337
Tirodi,21.68351,79.72464,2025-11-20,16.85,1.36,79.2,0.0,0.28,0.331,0.342,0.335
Tirodi,21.68351,79.72464,2025-11-21,18.61,0.86,75.63,0.0,0.285,0.331,0.344,0.337
Tirodi,21.68351,79.72464,2025-11-22,19.6,0.69,70.11,0.0,0.286,0.328,0.343,0.336
Tirodi,21.68351,79.72464,2025-11-23,19.27,1.02,74.65,0.0,0.298,0.332,0.347,0.34
Tirodi,21.68351,79.72464,2025-11-24,19.19,1.64,82.32,0.0,0.299,0.334,0.349,0.343
Tirodi,21.68351,79.72464,2025-11-25,19.41,1.21,79.51,0.0,0.303,0.336,0.349,0.343
Tirodi,21.68351,79.72464,2025-11-26,18.93,1.42,80.76,0.08,0.311,0.34,0.352,0.347
Tirodi,21.68351,79.72464,2025-11-27,18.61,1.68,79.08,0.0,0.315,0.342,0.355,0.349
Tirodi,21.68351,79.72464,2025-11-28,16.19,1.61,75.35,0.0,0.309,0.339,0.355,0.349
Tirodi,21.68351,79.72464,2025-11-29,16.94,1.36,72.17,0.0,0.301,0.335,0.354,0.346
Tirodi,21.68351,79.72464,2025-11-30,17.16,1.55,73.73,0.0,0.295,0.332,0.352,0.344
Tirodi,21.68351,79.72464,2025-12-01,18.1,1.45,75.93,0.0,0.293,0.328,0.351,0.342
Tirodi,21.68351,79.72464,2025-12-02,18.02,1.4,77.64,0.0,0.285,0.323,0.346,0.337
Tirodi,21.68351,79.72464,2025-12-03,17.66,1.55,74.92,0.0,0.289,0.322,0.345,0.336
Tirodi,21.68351,79.72464,2025-12-04,17.32,1.7,73.17,0.0,0.281,0.32,0.344,0.335
Tirodi,21.68351,79.72464,2025-12-05,16.67,1.85,69.08,0.0,0.276,0.317,0.342,0.332
Tirodi,21.68351,79.72464,2025-12-06,15.97,1.61,62.0,0.0,0.274,0.312,0.341,0.33
Tirodi,21.68351,79.72464,2025-12-07,15.78,1.37,64.5,0.0,0.278,0.314,0.341,0.331
Tirodi,21.68351,79.72464,2025-12-08,16.92,1.74,60.43,0.0,0.274,0.315,0.34,0.33
Tirodi,21.68351,79.72464,2025-12-09,16.74,2.12,60.22,0.0,0.268,0.313,0.339,0.329
Tirodi,21.68351,79.72464,2025-12-10,16.61,1.72,54.09,0.0,0.266,0.312,0.339,0.328
Tirodi,21.68351,79.72464,2025-12-11,17.14,1.27,52.76,0.0,0.26,0.308,0.338,0.326
Tirodi,21.68351,79.72464,2025-12-12,17.13,1.24,58.75,0.0,0.258,0.306,0.337,0.325
Tirodi,21.68351,79.72464,2025-12-13,16.79,1.43,65.1,0.0,0.256,0.304,0.336,0.324
Tirodi,21.68351,79.72464,2025-12-14,16.37,1.28,66.97,0.0,0.255,0.302,0.336,0.323
Tirodi,21.68351,79.72464,2025-12-15,16.51,1.15,67.2,0.0,0.251,0.301,0.336,0.322
Tirodi,21.68351,79.72464,2025-12-16,17.1,1.26,64.1,0.0,0.253,0.3,0.335,0.322
Tirodi,21.68351,79.72464,2025-12-17,16.58,1.62,63.11,0.0,0.252,0.298,0.335,0.321
Tirodi,21.68351,79.72464,2025-12-18,15.99,1.95,62.9,0.0,0.252,0.297,0.334,0.32
Tirodi,21.68351,79.72464,2025-12-19,15.12,2.17,67.8,0.0,0.252,0.296,0.334,0.32
Tirodi,21.68351,79.72464,2025-12-20,15.3,1.59,64.42,0.0,0.251,0.295,0.333,0.319
Tirodi,21.68351,79.72464,2025-12-21,15.78,1.32,64.6,0.0,0.251,0.294,0.333,0.319
Tirodi,21.68351,79.72464,2025-12-22,16.49,1.41,65.92,0.0,0.251,0.293,0.332,0.318
Tirodi,21.68351,79.72464,2025-12-23,16.73,1.68,65.62,0.0,0.251,0.292,0.332,0.318
Tirodi,21.68351,79.72464,2025-12-24,17.21,1.59,64.3,0.0,0.251,0.291,0.332,0.317
Tirodi,21.68351,79.72464,2025-12-25,17.07,1.14,64.29,0.0,0.251,0.291,0.331,0.317
Tirodi,21.68351,79.72464,2025-12-26,16.12,1.4,63.95,0.0,0.251,0.29,0.331,0.317
Tirodi,21.68351,79.72464,2025-12-27,15.47,1.42,60.76,0.0,0.251,0.289,0.33,0.316
Tirodi,21.68351,79.72464,2025-12-28,15.54,1.47,56.85,0.0,0.25,0.289,0.328,0.314
Tirodi,21.68351,79.72464,2025-12-29,16.1,1.27,55.32,0.0,0.25,0.288,0.329,0.315
Tirodi,21.68351,79.72464,2025-12-30,17.39,0.93,50.89,0.0,0.25,0.287,0.328,0.314
Tirodi,21.68351,79.72464,2025-12-31,17.95,1.17,50.81,0.0,0.25,0.287,0.328,0.314
Ukwa,21.97425,80.46661,2025-01-01,15.94,1.77,47.91,0.0,0.341,0.354,0.345,0.347
Ukwa,21.97425,80.46661,2025-01-02,15.87,1.89,42.76,0.0,0.34,0.355,0.345,0.347
Ukwa,21.97425,80.46661,2025-01-03,16.72,1.85,44.75,0.0,0.326,0.343,0.345,0.343
Ukwa,21.97425,80.46661,2025-01-04,16.57,1.48,49.19,0.0,0.307,0.327,0.344,0.338
Ukwa,21.97425,80.46661,2025-01-05,16.83,1.45,50.54,0.0,0.288,0.312,0.343,0.332
Ukwa,21.97425,80.46661,2025-01-06,18.25,1.15,51.01,0.0,0.281,0.307,0.342,0.33
Ukwa,21.97425,80.46661,2025-01-07,16.47,2.09,51.78,0.0,0.28,0.306,0.341,0.329
Ukwa,21.97425,80.46661,2025-01-08,13.53,1.45,50.07,0.0,0.279,0.306,0.339,0.328
Ukwa,21.97425,80.46661,2025-01-09,15.32,1.34,43.78,0.0,0.271,0.299,0.336,0.324
Ukwa,21.97425,80.46661,2025-01-10,15.96,1.64,46.68,0.0,0.262,0.293,0.339,0.324
Ukwa,21.97425,80.46661,2025-01-11,17.11,1.74,51.85,0.0,0.256,0.289,0.34,0.323
Ukwa,21.97425,80.46661,2025-01-12,18.76,1.6,57.27,0.02,0.259,0.295,0.356,0.336
Ukwa,21.97425,80.46661,2025-01-13,18.32,1.59,63.72,0.02,0.265,0.301,0.372,0.35
Ukwa,21.97425,80.46661,2025-01-14,17.61,0.96,57.47,0.0,0.277,0.317,0.395,0.371
Ukwa,21.97425,80.46661,2025-01-15,18.27,1.24,57.19,0.0,0.291,0.334,0.408,0.384
Ukwa,21.97425,80.46661,2025-01-16,19.25,1.28,55.96,0.0,0.304,0.342,0.404,0.384
Ukwa,21.97425,80.46661,2025-01-17,19.02,1.73,53.11,0.0,0.321,0.351,0.405,0.388
Ukwa,21.97425,80.46661,2025-01-18,18.61,1.28,56.65,0.0,0.328,0.355,0.401,0.386
Ukwa,21.97425,80.46661,2025-01-19,19.06,1.5,43.69,0.0,0.321,0.347,0.392,0.378
Ukwa,21.97425,80.46661,2025-01-20,19.24,1.68,43.72,0.0,0.316,0.344,0.392,0.377
Ukwa,21.97425,80.46661,2025-01-21,20.75,1.04,48.5,0.0,0.308,0.335,0.381,0.367
Ukwa,21.97425,80.46661,2025-01-22,22.1,1.23,34.56,0.0,0.308,0.335,0.386,0.37
Ukwa,21.97425,80.46661,2025-01-23,21.17,1.69,39.12,0.0,0.313,0.34,0.393,0.376
Ukwa,21.97425,80.46661,2025-01-24,21.48,1.72,45.46,0.0,0.32,0.344,0.387,0.373
Ukwa,21.97425,80.46661,2025-01-25,20.36,1.89,49.3,0.0,0.324,0.347,0.39,0.376
Ukwa,21.97425,80.46661,2025-01-26,20.08,1.58,33.06,0.0,0.326,0.348,0.388,0.375
Ukwa,21.97425,80.46661,2025-01-27,19.7,1.61,25.45,0.0,0.339,0.357,0.398,0.385
Ukwa,21.97425,80.46661,2025-01-28,20.66,1.1,23.33,0.0,0.346,0.361,0.399,0.387
Ukwa,21.97425,80.46661,2025-01-29,21.33,1.38,30.86,0.0,0.319,0.349,0.396,0.381
Ukwa,21.97425,80.46661,2025-01-30,22.44,2.13,38.71,0.0,0.314,0.346,0.396,0.379
Ukwa,21.97425,80.46661,2025-01-31,22.54,1.59,33.58,0.0,0.335,0.354,0.393,0.381
Ukwa,21.97425,80.46661,2025-02-01,23.79,1.76,39.46,0.0,0.355,0.361,0.39,0.382
Ukwa,21.97425,80.46661,2025-02-02,24.06,1.61,40.64,0.0,0.374,0.375,0.388,0.384
Ukwa,21.97425,80.46661,2025-02-03,25.25,1.2,34.18,0.0,0.374,0.379,0.385,0.383
Ukwa,21.97425,80.46661,2025-02-04,24.97,1.34,36.39,0.0,0.368,0.377,0.384,0.381
Ukwa,21.97425,80.46661,2025-02-05,25.13,1.84,35.37,0.0,0.361,0.373,0.383,0.379
Ukwa,21.97425,80.46661,2025-02-06,21.93,2.87,35.65,0.0,0.353,0.367,0.382,0.377
Ukwa,21.97425,80.46661,2025-02-07,20.82,2.65,27.58,0.0,0.339,0.358,0.38,0.373
Ukwa,21.97425,80.46661,2025-02-08,21.14,2.02,20.27,0.0,0.331,0.352,0.378,0.369
Ukwa,21.97425,80.46661,2025-02-09,22.77,1.32,18.36,0.0,0.326,0.35,0.382,0.372
Ukwa,21.97425,80.46661,2025-02-10,24.03,1.54,28.82,0.0,0.342,0.354,0.387,0.377
Ukwa,21.97425,80.46661,2025-02-11,24.87,1.48,34.77,0.0,0.323,0.345,0.382,0.37
Ukwa,21.97425,80.46661,2025-02-12,23.73,2.28,22.94,0.0,0.332,0.346,0.384,0.372
Ukwa,21.97425,80.46661,2025-02-13,21.76,2.82,22.86,0.0,0.329,0.346,0.384,0.372
Ukwa,21.97425,80.46661,2025-02-14,21.01,2.3,19.37,0.0,0.32,0.343,0.382,0.37
Ukwa,21.97425,80.46661,2025-02-15,23.05,1.69,22.2,0.0,0.312,0.338,0.38,0.366
Ukwa,21.97425,80.46661,2025-02-16,24.13,1.73,23.04,0.0,0.306,0.334,0.377,0.363
Ukwa,21.97425,80.46661,2025-02-17,24.51,1.52,27.55,0.0,0.299,0.329,0.375,0.36
Ukwa,21.97425,80.46661,2025-02-18,24.81,1.51,25.97,0.0,0.277,0.319,0.372,0.354
Ukwa,21.97425,80.46661,2025-02-19,24.94,1.47,29.75,0.0,0.268,0.314,0.37,0.351
Ukwa,21.97425,80.46661,2025-02-20,24.5,1.75,31.96,0.0,0.261,0.31,0.367,0.348
Ukwa,21.97425,80.46661,2025-02-21,24.33,1.58,28.29,0.0,0.256,0.306,0.364,0.345
Ukwa,21.97425,80.46661,2025-02-22,23.5,2.31,28.34,0.0,0.252,0.303,0.362,0.342
Ukwa,21.97425,80.46661,2025-02-23,22.79,1.92,23.73,0.0,0.234,0.298,0.359,0.338
Ukwa,21.97425,80.46661,2025-02-24,23.03,1.47,26.13,0.0,0.231,0.294,0.357,0.335
Ukwa,21.97425,80.46661,2025-02-25,23.17,1.88,26.0,0.0,0.239,0.29,0.354,0.333
Ukwa,21.97425,80.46661,2025-02-26,23.49,1.81,21.23,0.0,0.24,0.288,0.352,0.331
Ukwa,21.97425,80.46661,2025-02-27,24.97,1.13,22.21,0.0,0.242,0.285,0.349,0.328
Ukwa,21.97425,80.46661,2025-02-28,25.7,1.82,23.2,0.0,0.241,0.283,0.347,0.326
Ukwa,21.97425,80.46661,2025-03-01,25.93,1.94,25.84,0.0,0.208,0.279,0.345,0.322
Ukwa,21.97425,80.46661,2025-03-02,26.8,2.02,27.83,0.0,0.192,0.275,0.343,0.318
Ukwa,21.97425,80.46661,2025-03-03,25.7,2.21,27.27,0.0,0.203,0.271,0.341,0.317
Ukwa,21.97425,80.46661,2025-03-04,26.59,2.57,24.16,0.0,0.194,0.268,0.339,0.314
Ukwa,21.97425,80.46661,2025-03-05,21.79,3.75,15.86,0.0,0.19,0.265,0.337,0.311
Ukwa,21.97425,80.46661,2025-03-06,21.14,2.48,11.2,0.0,0.183,0.262,0.335,0.309
Ukwa,21.97425,80.46661,2025-03-07,23.12,2.03,11.33,0.0,0.206,0.26,0.333,0.308
Ukwa,21.97425,80.46661,2025-03-08,25.23,1.99,14.38,0.0,0.205,0.257,0.331,0.307
Ukwa,21.97425,80.46661,2025-03-09,25.59,1.44,17.8,0.0,0.196,0.255,0.329,0.304
Ukwa,21.97425,80.46661,2025-03-10,25.85,1.93,18.21,0.0,0.188,0.253,0.327,0.302
Ukwa,21.97425,80.46661,2025-03-11,26.72,1.98,17.5,0.0,0.197,0.25,0.325,0.3
Ukwa,21.97425,80.46661,2025-03-12,28.58,1.96,18.01,0.0,0.175,0.248,0.323,0.297
Ukwa,21.97425,80.46661,2025-03-13,29.28,2.24,17.72,0.0,0.164,0.245,0.321,0.294
Ukwa,21.97425,80.46661,2025-03-14,29.14,2.39,14.51,0.0,0.154,0.242,0.319,0.292
Ukwa,21.97425,80.46661,2025-03-15,30.07,1.43,16.65,0.0,0.147,0.239,0.318,0.289
Ukwa,21.97425,80.46661,2025-03-16,29.85,2.38,25.15,0.0,0.142,0.236,0.316,0.287
Ukwa,21.97425,80.46661,2025-03-17,29.03,2.08,24.89,0.0,0.135,0.234,0.314,0.285
Ukwa,21.97425,80.46661,2025-03-18,27.89,2.12,24.96,0.0,0.138,0.231,0.313,0.283
Ukwa,21.97425,80.46661,2025-03-19,28.99,2.14,23.02,0.0,0.133,0.229,0.311,0.281
Ukwa,21.97425,80.46661,2025-03-20,29.09,2.41,29.76,0.26,0.126,0.226,0.309,0.279
Ukwa,21.97425,80.46661,2025-03-21,28.3,2.03,27.56,0.22,0.131,0.227,0.31,0.28
Ukwa,21.97425,80.46661,2025-03-22,27.24,1.65,21.86,0.18,0.149,0.23,0.311,0.282
Ukwa,21.97425,80.46661,2025-03-23,26.9,1.94,21.42,0.14,0.164,0.211,0.289,0.264
Ukwa,21.97425,80.46661,2025-03-24,26.34,1.81,16.95,0.0,0.157,0.174,0.256,0.232
Ukwa,21.97425,80.46661,2025-03-25,27.15,1.61,16.75,0.0,0.157,0.159,0.229,0.21
Ukwa,21.97425,80.46661,2025-03-26,29.17,1.42,15.07,0.0,0.151,0.161,0.224,0.205
Ukwa,21.97425,80.46661,2025-03-27,30.53,1.53,14.64,0.0,0.147,0.176,0.232,0.215
Ukwa,21.97425,80.46661,2025-03-28,29.83,2.58,18.95,0.0,0.144,0.193,0.244,0.226
Ukwa,21.97425,80.46661,2025-03-29,29.28,2.69,15.29,0.0,0.141,0.188,0.237,0.22
Ukwa,21.97425,80.46661,2025-03-30,29.7,2.13,9.45,0.0,0.146,0.179,0.226,0.211
Ukwa,21.97425,80.46661,2025-03-31,30.19,1.59,11.25,0.0,0.155,0.19,0.235,0.22
Ukwa,21.97425,80.46661,2025-04-01,30.08,1.63,15.21,0.0,0.172,0.214,0.251,0.237
Ukwa,21.97425,80.46661,2025-04-02,29.14,1.14,19.63,0.15,0.168,0.222,0.258,0.244
Ukwa,21.97425,80.46661,2025-04-03,28.78,1.67,26.62,0.29,0.167,0.217,0.254,0.24
Ukwa,21.97425,80.46661,2025-04-04,29.17,1.59,32.51,0.92,0.173,0.233,0.262,0.25
Ukwa,21.97425,80.46661,2025-04-05,30.13,1.79,20.29,0.0,0.168,0.238,0.237,0.232
Ukwa,21.97425,80.46661,2025-04-06,30.41,2.02,16.04,0.0,0.165,0.243,0.219,0.221
Ukwa,21.97425,80.46661,2025-04-07,31.64,1.42,16.27,0.0,0.159,0.249,0.228,0.227
Ukwa,21.97425,80.46661,2025-04-08,31.44,1.5,20.48,0.0,0.148,0.248,0.24,0.235
Ukwa,21.97425,80.46661,2025-04-09,30.79,2.11,33.64,3.15,0.15,0.246,0.237,0.233
Ukwa,21.97425,80.46661,2025-04-10,31.54,2.09,29.46,0.26,0.171,0.254,0.218,0.222
Ukwa,21.97425,80.46661,2025-04-11,31.3,1.93,24.11,0.0,0.172,0.251,0.216,0.22
Ukwa,21.97425,80.46661,2025-04-12,31.16,2.55,19.61,0.0,0.172,0.253,0.23,0.231
Ukwa,21.97425,80.46661,2025-04-13,31.46,1.42,22.95,0.12,0.18,0.268,0.252,0.25
Ukwa,21.97425,80.46661,2025-04-14,31.7,1.57,23.11,0.67,0.213,0.283,0.266,0.266
Ukwa,21.97425,80.46661,2025-04-15,31.32,2.05,26.26,0.0,0.208,0.278,0.273,0.27
Ukwa,21.97425,80.46661,2025-04-16,31.25,1.84,32.38,0.0,0.21,0.282,0.282,0.277
Ukwa,21.97425,80.46661,2025-04-17,32.13,2.16,28.72,0.0,0.233,0.285,0.285,0.281
Ukwa,21.97425,80.46661,2025-04-18,33.59,2.2,22.76,0.04,0.243,0.291,0.297,0.292
Ukwa,21.97425,80.46661,2025-04-19,33.6,1.69,22.37,0.06,0.269,0.308,0.317,0.312
Ukwa,21.97425,80.46661,2025-04-20,33.58,2.26,18.83,0.0,0.285,0.324,0.334,0.328
Ukwa,21.97425,80.46661,2025-04-21,33.45,2.44,17.53,0.0,0.281,0.318,0.332,0.325
Ukwa,21.97425,80.46661,2025-04-22,33.46,2.37,11.54,0.0,0.283,0.31,0.326,0.32
Ukwa,21.97425,80.46661,2025-04-23,33.19,2.07,12.01,0.0,0.274,0.299,0.319,0.312
Ukwa,21.97425,80.46661,2025-04-24,33.15,2.64,9.79,0.0,0.277,0.303,0.324,0.317
Ukwa,21.97425,80.46661,2025-04-25,33.68,2.62,11.27,0.0,0.268,0.301,0.327,0.318
Ukwa,21.97425,80.46661,2025-04-26,33.31,2.32,18.78,0.0,0.262,0.299,0.33,0.318
Ukwa,21.97425,80.46661,2025-04-27,31.73,2.58,29.19,4.81,0.258,0.291,0.325,0.313
Ukwa,21.97425,80.46661,2025-04-28,30.89,2.6,32.77,0.66,0.255,0.275,0.313,0.301
Ukwa,21.97425,80.46661,2025-04-29,30.84,2.78,38.11,3.28,0.264,0.293,0.326,0.314
Ukwa,21.97425,80.46661,2025-04-30,30.48,2.42,42.48,1.46,0.323,0.284,0.305,0.302
Ukwa,21.97425,80.46661,2025-05-01,29.88,2.62,47.04,3.22,0.309,0.297,0.304,0.303
Ukwa,21.97425,80.46661,2025-05-02,30.29,1.68,44.57,0.0,0.306,0.323,0.32,0.319
Ukwa,21.97425,80.46661,2025-05-03,30.43,2.26,47.98,2.69,0.325,0.328,0.323,0.325
Ukwa,21.97425,80.46661,2025-05-04,28.92,2.08,55.96,15.31,0.337,0.349,0.352,0.35
Ukwa,21.97425,80.46661,2025-05-05,28.33,1.7,56.15,2.27,0.346,0.361,0.369,0.366
Ukwa,21.97425,80.46661,2025-05-06,29.08,1.83,48.64,0.0,0.335,0.333,0.355,0.349
Ukwa,21.97425,80.46661,2025-05-07,28.63,1.84,49.46,0.0,0.319,0.314,0.337,0.331
Ukwa,21.97425,80.46661,2025-05-08,28.74,1.81,47.32,0.09,0.3,0.303,0.325,0.318
Ukwa,21.97425,80.46661,2025-05-09,30.09,1.2,44.91,0.09,0.291,0.306,0.327,0.32
Ukwa,21.97425,80.46661,2025-05-10,31.33,1.23,44.09,1.1,0.276,0.305,0.332,0.322
Ukwa,21.97425,80.46661,2025-05-11,31.85,1.83,44.46,0.22,0.264,0.301,0.333,0.321
Ukwa,21.97425,80.46661,2025-05-12,33.14,2.11,38.71,0.0,0.259,0.289,0.321,0.31
Ukwa,21.97425,80.46661,2025-05-13,32.98,1.61,43.48,9.09,0.247,0.289,0.333,0.317
Ukwa,21.97425,80.46661,2025-05-14,32.21,1.36,46.05,1.36,0.237,0.287,0.326,0.312
Ukwa,21.97425,80.46661,2025-05-15,31.68,1.47,49.61,2.15,0.236,0.282,0.328,0.312
Ukwa,21.97425,80.46661,2025-05-16,32.17,1.09,48.8,0.21,0.249,0.283,0.331,0.315
Ukwa,21.97425,80.46661,2025-05-17,32.37,1.27,48.81,6.09,0.236,0.284,0.335,0.317
Ukwa,21.97425,80.46661,2025-05-18,32.35,1.31,48.63,0.94,0.237,0.292,0.352,0.332
Ukwa,21.97425,80.46661,2025-05-19,32.98,1.97,46.75,0.03,0.258,0.311,0.374,0.352
Ukwa,21.97425,80.46661,2025-05-20,33.92,1.55,42.35,1.5,0.294,0.326,0.372,0.357
Ukwa,21.97425,80.46661,2025-05-21,32.58,1.59,47.74,5.56,0.291,0.327,0.37,0.356
Ukwa,21.97425,80.46661,2025-05-22,30.95,1.88,53.43,0.0,0.295,0.32,0.363,0.349
Ukwa,21.97425,80.46661,2025-05-23,30.77,1.63,50.16,0.16,0.29,0.312,0.358,0.344
Ukwa,21.97425,80.46661,2025-05-24,28.67,1.35,62.7,4.77,0.301,0.311,0.352,0.34
Ukwa,21.97425,80.46661,2025-05-25,26.94,1.83,74.19,11.51,0.377,0.341,0.349,0.349
Ukwa,21.97425,80.46661,2025-05-26,29.61,1.21,63.76,1.88,0.409,0.398,0.351,0.365
Ukwa,21.97425,80.46661,2025-05-27,30.19,1.45,63.03,5.19,0.404,0.403,0.351,0.365
Ukwa,21.97425,80.46661,2025-05-28,30.23,1.59,65.78,8.05,0.396,0.4,0.357,0.368
Ukwa,21.97425,80.46661,2025-05-29,30.42,1.86,64.74,10.41,0.385,0.389,0.364,0.371
Ukwa,21.97425,80.46661,2025-05-30,30.92,2.47,61.22,1.18,0.378,0.38,0.363,0.368
Ukwa,21.97425,80.46661,2025-05-31,28.72,2.73,66.56,8.34,0.372,0.377,0.364,0.367
Ukwa,21.97425,80.46661,2025-06-01,30.45,3.49,51.54,0.0,0.371,0.378,0.365,0.369
Ukwa,21.97425,80.46661,2025-06-02,28.92,3.04,63.75,4.36,0.357,0.371,0.367,0.367
Ukwa,21.97425,80.46661,2025-06-03,29.45,3.24,56.67,0.21,0.349,0.364,0.365,0.364
Ukwa,21.97425,80.46661,2025-06-04,29.27,1.84,57.24,0.8,0.341,0.354,0.359,0.357
Ukwa,21.97425,80.46661,2025-06-05,29.93,1.42,51.94,5.06,0.334,0.347,0.351,0.349
Ukwa,21.97425,80.46661,2025-06-06,30.97,1.72,43.09,0.0,0.323,0.343,0.356,0.351
Ukwa,21.97425,80.46661,2025-06-07,31.7,2.09,46.73,0.0,0.313,0.338,0.356,0.349
Ukwa,21.97425,80.46661,2025-06-08,33.14,2.31,47.09,0.0,0.31,0.338,0.362,0.353
Ukwa,21.97425,80.46661,2025-06-09,33.18,2.37,45.73,0.0,0.304,0.335,0.366,0.355
Ukwa,21.97425,80.46661,2025-06-10,33.05,2.64,45.35,0.08,0.3,0.333,0.371,0.358
Ukwa,21.97425,80.46661,2025-06-11,29.44,3.01,63.33,7.62,0.305,0.334,0.379,0.365
Ukwa,21.97425,80.46661,2025-06-12,29.85,2.96,60.39,0.04,0.293,0.328,0.378,0.361
Ukwa,21.97425,80.46661,2025-06-13,30.9,2.83,57.91,0.02,0.275,0.316,0.371,0.353
Ukwa,21.97425,80.46661,2025-06-14,31.29,1.87,58.17,2.36,0.29,0.307,0.36,0.344
Ukwa,21.97425,80.46661,2025-06-15,30.45,2.02,64.58,10.62,0.335,0.323,0.362,0.352
Ukwa,21.97425,80.46661,2025-06-16,29.27,2.99,68.94,5.25,0.355,0.342,0.373,0.365
Ukwa,21.97425,80.46661,2025-06-17,27.5,2.7,73.97,4.73,0.381,0.361,0.371,0.369
Ukwa,21.97425,80.46661,2025-06-18,28.87,2.97,64.2,0.44,0.374,0.381,0.362,0.367
Ukwa,21.97425,80.46661,2025-06-19,26.31,4.04,81.89,9.97,0.379,0.375,0.36,0.365
Ukwa,21.97425,80.46661,2025-06-20,25.7,4.31,83.06,8.36,0.416,0.402,0.361,0.373
Ukwa,21.97425,80.46661,2025-06-21,27.34,3.15,74.54,5.97,0.407,0.409,0.371,0.381
Ukwa,21.97425,80.46661,2025-06-22,26.84,3.84,74.91,6.38,0.41,0.405,0.372,0.382
Ukwa,21.97425,80.46661,2025-06-23,25.38,4.3,81.46,18.17,0.414,0.41,0.377,0.387
Ukwa,21.97425,80.46661,2025-06-24,25.51,3.44,88.5,45.38,0.427,0.426,0.391,0.401
Ukwa,21.97425,80.46661,2025-06-25,25.61,2.12,88.17,13.67,0.417,0.418,0.401,0.405
Ukwa,21.97425,80.46661,2025-06-26,26.11,1.53,85.54,6.81,0.426,0.427,0.412,0.416
Ukwa,21.97425,80.46661,2025-06-27,26.29,3.18,83.76,14.65,0.421,0.422,0.418,0.419
Ukwa,21.97425,80.46661,2025-06-28,24.92,3.29,87.89,22.71,0.426,0.426,0.423,0.424
Ukwa,21.97425,80.46661,2025-06-29,25.02,3.79,84.22,10.41,0.418,0.42,0.42,0.42
Ukwa,21.97425,80.46661,2025-06-30,25.36,4.37,88.23,13.43,0.425,0.425,0.42,0.421
Ukwa,21.97425,80.46661,2025-07-01,25.31,3.01,89.73,33.41,0.427,0.428,0.423,0.424
Ukwa,21.97425,80.46661,2025-07-02,25.18,3.36,88.09,9.89,0.424,0.426,0.425,0.425
Ukwa,21.97425,80.46661,2025-07-03,25.48,2.96,89.3,16.53,0.425,0.426,0.423,0.424
Ukwa,21.97425,80.46661,2025-07-04,24.84,4.4,90.81,13.19,0.427,0.428,0.426,0.426
Ukwa,21.97425,80.46661,2025-07-05,24.66,4.4,92.52,24.55,0.425,0.426,0.426,0.425
Ukwa,21.97425,80.46661,2025-07-06,24.91,3.86,92.98,60.03,0.429,0.429,0.428,0.428
Ukwa,21.97425,80.46661,2025-07-07,25.32,3.47,92.74,61.94,0.429,0.429,0.429,0.429
Ukwa,21.97425,80.46661,2025-07-08,26.12,2.64,90.82,49.19,0.426,0.427,0.428,0.428
Ukwa,21.97425,80.46661,2025-07-09,26.65,2.39,88.99,4.91,0.426,0.427,0.428,0.428
Ukwa,21.97425,80.46661,2025-07-10,26.29,2.77,89.35,10.77,0.415,0.418,0.425,0.423
Ukwa,21.97425,80.46661,2025-07-11,25.36,3.35,91.9,10.08,0.417,0.419,0.422,0.421
Ukwa,21.97425,80.46661,2025-07-12,25.55,3.15,90.68,10.22,0.416,0.418,0.422,0.42
Ukwa,21.97425,80.46661,2025-07-13,25.49,3.01,89.66,5.81,0.413,0.417,0.42,0.419
Ukwa,21.97425,80.46661,2025-07-14,24.69,2.58,91.82,8.92,0.407,0.412,0.419,0.417
Ukwa,21.97425,80.46661,2025-07-15,25.61,1.72,88.68,14.84,0.399,0.403,0.417,0.413
Ukwa,21.97425,80.46661,2025-07-16,26.09,2.18,88.96,9.97,0.413,0.409,0.414,0.413
Ukwa,21.97425,80.46661,2025-07-17,24.9,1.52,86.5,11.24,0.411,0.414,0.414,0.414
Ukwa,21.97425,80.46661,2025-07-18,25.61,1.15,87.94,2.05,0.401,0.41,0.413,0.412
Ukwa,21.97425,80.46661,2025-07-19,26.48,0.94,84.7,8.99,0.383,0.398,0.41,0.406
Ukwa,21.97425,80.46661,2025-07-20,26.13,1.2,85.37,9.02,0.389,0.39,0.407,0.402
Ukwa,21.97425,80.46661,2025-07-21,26.96,0.81,84.9,8.82,0.412,0.404,0.404,0.405
Ukwa,21.97425,80.46661,2025-07-22,25.97,1.11,93.47,13.44,0.413,0.411,0.403,0.406
Ukwa,21.97425,80.46661,2025-07-23,26.19,1.91,92.56,34.82,0.422,0.42,0.406,0.41
Ukwa,21.97425,80.46661,2025-07-24,25.58,2.88,93.77,24.64,0.426,0.427,0.418,0.421
Ukwa,21.97425,80.46661,2025-07-25,25.75,2.14,93.28,44.86,0.428,0.428,0.425,0.426
Ukwa,21.97425,80.46661,2025-07-26,25.96,2.75,92.71,20.89,0.429,0.429,0.43,0.429
Ukwa,21.97425,80.46661,2025-07-27,24.88,4.98,92.38,3.01,0.425,0.426,0.429,0.428
Ukwa,21.97425,80.46661,2025-07-28,24.25,4.86,93.29,2.09,0.419,0.42,0.425,0.424
Ukwa,21.97425,80.46661,2025-07-29,24.13,5.61,93.72,5.55,0.427,0.427,0.427,0.427
Ukwa,21.97425,80.46661,2025-07-30,24.57,3.99,93.21,3.17,0.417,0.419,0.426,0.424
Ukwa,21.97425,80.46661,2025-07-31,25.03,2.97,89.2,2.32,0.407,0.412,0.42,0.417
Ukwa,21.97425,80.46661,2025-08-01,25.18,2.21,87.71,5.4,0.396,0.401,0.414,0.41
Ukwa,21.97425,80.46661,2025-08-02,25.67,2.2,87.98,1.13,0.388,0.394,0.408,0.404
Ukwa,21.97425,80.46661,2025-08-03,25.85,1.89,87.1,3.08,0.385,0.388,0.403,0.399
Ukwa,21.97425,80.46661,2025-08-04,26.13,1.37,86.4,3.0,0.373,0.383,0.398,0.393
Ukwa,21.97425,80.46661,2025-08-05,26.45,1.02,84.05,1.03,0.367,0.375,0.394,0.388
Ukwa,21.97425,80.46661,2025-08-06,26.14,1.29,84.62,3.82,0.351,0.361,0.39,0.381
Ukwa,21.97425,80.46661,2025-08-07,26.04,1.66,83.32,0.54,0.34,0.349,0.386,0.375
Ukwa,21.97425,80.46661,2025-08-08,25.01,1.52,88.9,11.79,0.338,0.338,0.381,0.369
Ukwa,21.97425,80.46661,2025-08-09,24.55,1.46,87.04,3.14,0.35,0.339,0.369,0.361
Ukwa,21.97425,80.46661,2025-08-10,25.52,1.2,85.19,0.96,0.341,0.331,0.354,0.348
Ukwa,21.97425,80.46661,2025-08-11,25.88,0.84,88.99,4.33,0.338,0.327,0.34,0.337
Ukwa,21.97425,80.46661,2025-08-12,25.46,2.2,92.94,5.15,0.38,0.345,0.333,0.339
Ukwa,21.97425,80.46661,2025-08-13,25.51,1.76,92.83,16.3,0.419,0.411,0.335,0.356
Ukwa,21.97425,80.46661,2025-08-14,25.63,1.57,88.87,10.45,0.397,0.398,0.342,0.357
Ukwa,21.97425,80.46661,2025-08-15,25.81,1.54,87.83,5.14,0.396,0.395,0.344,0.358
Ukwa,21.97425,80.46661,2025-08-16,25.58,2.42,89.85,17.9,0.391,0.392,0.348,0.36
Ukwa,21.97425,80.46661,2025-08-17,25.99,2.7,89.03,4.27,0.376,0.381,0.349,0.358
Ukwa,21.97425,80.46661,2025-08-18,25.43,1.96,91.02,9.32,0.386,0.376,0.349,0.357
Ukwa,21.97425,80.46661,2025-08-19,25.77,1.93,89.73,23.32,0.403,0.396,0.352,0.365
Ukwa,21.97425,80.46661,2025-08-20,25.32,1.72,92.18,9.05,0.421,0.419,0.366,0.381
Ukwa,21.97425,80.46661,2025-08-21,24.91,2.89,90.98,7.21,0.42,0.416,0.378,0.389
Ukwa,21.97425,80.46661,2025-08-22,25.14,3.36,90.83,19.48,0.421,0.419,0.385,0.395
Ukwa,21.97425,80.46661,2025-08-23,24.47,3.81,92.14,20.36,0.427,0.426,0.399,0.406
Ukwa,21.97425,80.46661,2025-08-24,24.37,4.8,90.96,9.1,0.427,0.427,0.417,0.42
Ukwa,21.97425,80.46661,2025-08-25,24.87,3.11,89.6,4.98,0.422,0.424,0.425,0.425
Ukwa,21.97425,80.46661,2025-08-26,25.57,1.23,87.77,23.82,0.416,0.418,0.423,0.421
Ukwa,21.97425,80.46661,2025-08-27,25.86,1.5,88.43,8.06,0.413,0.417,0.422,0.421
Ukwa,21.97425,80.46661,2025-08-28,26.19,1.0,87.02,16.65,0.417,0.418,0.421,0.42
Ukwa,21.97425,80.46661,2025-08-29,25.71,1.8,88.66,5.27,0.412,0.416,0.419,0.418
Ukwa,21.97425,80.46661,2025-08-30,25.99,1.23,88.51,4.37,0.396,0.405,0.417,0.413
Ukwa,21.97425,80.46661,2025-08-31,25.49,1.85,91.75,5.07,0.393,0.396,0.414,0.409
Ukwa,21.97425,80.46661,2025-09-01,25.55,1.84,89.74,6.85,0.416,0.414,0.412,0.413
Ukwa,21.97425,80.46661,2025-09-02,25.56,1.09,86.88,14.79,0.41,0.41,0.412,0.411
Ukwa,21.97425,80.46661,2025-09-03,24.91,0.95,87.92,34.98,0.422,0.421,0.412,0.415
Ukwa,21.97425,80.46661,2025-09-04,24.46,1.83,93.37,5.65,0.412,0.414,0.414,0.414
Ukwa,21.97425,80.46661,2025-09-05,24.61,2.34,89.7,0.96,0.403,0.408,0.413,0.411
Ukwa,21.97425,80.46661,2025-09-06,24.7,1.79,90.55,0.51,0.383,0.395,0.411,0.405
Ukwa,21.97425,80.46661,2025-09-07,25.31,1.14,88.74,6.47,0.376,0.386,0.407,0.401
Ukwa,21.97425,80.46661,2025-09-08,26.05,0.58,83.93,6.56,0.387,0.386,0.404,0.399
Ukwa,21.97425,80.46661,2025-09-09,26.01,0.81,86.94,13.28,0.385,0.388,0.401,0.397
Ukwa,21.97425,80.46661,2025-09-10,26.23,1.23,87.98,11.78,0.373,0.386,0.399,0.394
Ukwa,21.97425,80.46661,2025-09-11,25.49,1.82,90.45,16.24,0.37,0.374,0.396,0.39
Ukwa,21.97425,80.46661,2025-09-12,25.49,1.33,90.1,10.11,0.388,0.376,0.394,0.389
Ukwa,21.97425,80.46661,2025-09-13,25.88,1.45,87.96,0.49,0.415,0.413,0.395,0.4
Ukwa,21.97425,80.46661,2025-09-14,25.31,1.28,91.87,3.71,0.396,0.406,0.398,0.4
Ukwa,21.97425,80.46661,2025-09-15,24.71,1.5,93.07,14.41,0.407,0.407,0.398,0.4
Ukwa,21.97425,80.46661,2025-09-16,24.86,1.08,88.87,10.93,0.414,0.415,0.4,0.404
Ukwa,21.97425,80.46661,2025-09-17,25.37,1.2,88.89,3.48,0.401,0.409,0.401,0.403
Ukwa,21.97425,80.46661,2025-09-18,25.55,1.19,88.3,3.53,0.39,0.403,0.402,0.401
Ukwa,21.97425,80.46661,2025-09-19,25.78,1.12,89.03,0.33,0.362,0.388,0.4,0.395
Ukwa,21.97425,80.46661,2025-09-20,25.53,1.04,89.99,2.49,0.346,0.364,0.397,0.386
Ukwa,21.97425,80.46661,2025-09-21,25.99,1.59,85.98,0.4,0.341,0.351,0.393,0.38
Ukwa,21.97425,80.46661,2025-09-22,26.01,1.46,82.77,0.37,0.304,0.336,0.388,0.371
Ukwa,21.97425,80.46661,2025-09-23,25.08,1.72,84.5,0.23,0.286,0.322,0.382,0.363
Ukwa,21.97425,80.46661,2025-09-24,24.38,2.16,89.8,14.05,0.308,0.317,0.377,0.359
Ukwa,21.97425,80.46661,2025-09-25,24.06,1.77,93.08,13.55,0.399,0.367,0.373,0.374
Ukwa,21.97425,80.46661,2025-09-26,25.52,2.12,90.51,3.2,0.378,0.368,0.37,0.37
Ukwa,21.97425,80.46661,2025-09-27,24.84,3.25,92.77,21.6,0.409,0.394,0.369,0.377
Ukwa,21.97425,80.46661,2025-09-28,25.0,2.47,90.24,2.76,0.404,0.404,0.373,0.382
Ukwa,21.97425,80.46661,2025-09-29,25.11,1.39,89.52,2.88,0.399,0.399,0.374,0.381
Ukwa,21.97425,80.46661,2025-09-30,25.61,0.89,87.22,16.54,0.395,0.395,0.374,0.38
Ukwa,21.97425,80.46661,2025-10-01,25.66,1.14,88.6,5.44,0.384,0.392,0.373,0.378
Ukwa,21.97425,80.46661,2025-10-02,25.36,1.21,89.4,7.32,0.386,0.388,0.372,0.377
Ukwa,21.97425,80.46661,2025-10-03,24.68,2.61,91.64,7.79,0.398,0.392,0.374,0.379
Ukwa,21.97425,80.46661,2025-10-04,25.07,1.82,90.54,1.85,0.385,0.388,0.373,0.377
Ukwa,21.97425,80.46661,2025-10-05,24.75,1.2,90.12,14.91,0.393,0.386,0.371,0.375
Ukwa,21.97425,80.46661,2025-10-06,23.62,1.4,92.17,12.88,0.408,0.406,0.37,0.38
Ukwa,21.97425,80.46661,2025-10-07,24.16,1.2,87.85,3.7,0.389,0.396,0.374,0.379
Ukwa,21.97425,80.46661,2025-10-08,24.38,1.1,84.41,2.42,0.368,0.381,0.367,0.37
Ukwa,21.97425,80.46661,2025-10-09,23.32,1.91,87.11,3.93,0.356,0.363,0.364,0.363
Ukwa,21.97425,80.46661,2025-10-10,22.33,1.51,89.7,12.29,0.371,0.358,0.363,0.362
Ukwa,21.97425,80.46661,2025-10-11,22.72,1.59,89.43,2.69,0.369,0.365,0.36,0.361
Ukwa,21.97425,80.46661,2025-10-12,22.67,1.14,87.6,0.0,0.35,0.357,0.355,0.355
Ukwa,21.97425,80.46661,2025-10-13,22.68,1.1,86.05,0.0,0.335,0.344,0.351,0.349
Ukwa,21.97425,80.46661,2025-10-14,22.11,1.43,88.21,0.0,0.313,0.329,0.343,0.338
Ukwa,21.97425,80.46661,2025-10-15,22.35,1.34,86.44,0.01,0.288,0.312,0.333,0.325
Ukwa,21.97425,80.46661,2025-10-16,23.14,0.92,82.01,0.77,0.272,0.302,0.332,0.321
Ukwa,21.97425,80.46661,2025-10-17,22.7,1.04,81.82,0.01,0.277,0.304,0.338,0.326
Ukwa,21.97425,80.46661,2025-10-18,21.65,1.08,80.65,0.0,0.273,0.301,0.333,0.322
Ukwa,21.97425,80.46661,2025-10-19,20.83,1.37,82.26,0.0,0.268,0.297,0.333,0.321
Ukwa,21.97425,80.46661,2025-10-20,21.64,1.55,87.15,0.2,0.26,0.288,0.326,0.313
Ukwa,21.97425,80.46661,2025-10-21,22.79,1.95,89.9,0.03,0.265,0.286,0.329,0.316
Ukwa,21.97425,80.46661,2025-10-22,22.43,1.79,86.67,0.0,0.255,0.284,0.328,0.313
Ukwa,21.97425,80.46661,2025-10-23,21.85,1.49,87.51,0.0,0.245,0.28,0.327,0.312
Ukwa,21.97425,80.46661,2025-10-24,22.13,1.31,86.45,0.0,0.233,0.273,0.325,0.308
Ukwa,21.97425,80.46661,2025-10-25,21.79,1.14,88.29,3.93,0.25,0.269,0.32,0.305
Ukwa,21.97425,80.46661,2025-10-26,22.14,1.68,89.22,13.11,0.297,0.273,0.32,0.309
Ukwa,21.97425,80.46661,2025-10-27,23.09,2.2,89.3,0.6,0.313,0.28,0.316,0.308
Ukwa,21.97425,80.46661,2025-10-28,23.31,3.17,89.79,0.24,0.304,0.284,0.313,0.306
Ukwa,21.97425,80.46661,2025-10-29,24.06,4.12,89.66,1.07,0.315,0.291,0.316,0.311
Ukwa,21.97425,80.46661,2025-10-30,23.88,3.06,93.37,10.67,0.373,0.309,0.314,0.317
Ukwa,21.97425,80.46661,2025-10-31,24.32,2.26,90.91,2.31,0.369,0.332,0.314,0.322
Ukwa,21.97425,80.46661,2025-11-01,23.8,1.16,88.62,0.2,0.352,0.335,0.314,0.321
Ukwa,21.97425,80.46661,2025-11-02,23.45,1.29,87.72,0.17,0.337,0.334,0.314,0.32
Ukwa,21.97425,80.46661,2025-11-03,22.42,1.23,85.46,0.0,0.323,0.327,0.31,0.314
Ukwa,21.97425,80.46661,2025-11-04,22.4,0.8,74.62,0.0,0.31,0.321,0.308,0.311
Ukwa,21.97425,80.46661,2025-11-05,21.8,1.48,84.32,0.0,0.293,0.311,0.305,0.305
Ukwa,21.97425,80.46661,2025-11-06,20.34,1.72,77.23,0.0,0.278,0.301,0.301,0.299
Ukwa,21.97425,80.46661,2025-11-07,18.72,1.08,67.1,0.0,0.269,0.296,0.3,0.297
Ukwa,21.97425,80.46661,2025-11-08,17.04,1.24,72.07,0.0,0.257,0.289,0.299,0.294
Ukwa,21.97425,80.46661,2025-11-09,15.44,1.33,72.38,0.0,0.246,0.282,0.297,0.29
Ukwa,21.97425,80.46661,2025-11-10,16.19,0.88,64.07,0.0,0.236,0.274,0.294,0.285
Ukwa,21.97425,80.46661,2025-11-11,16.21,1.1,65.5,0.0,0.227,0.268,0.292,0.283
Ukwa,21.97425,80.46661,2025-11-12,16.45,1.27,66.69,0.0,0.221,0.264,0.291,0.28
Ukwa,21.97425,80.46661,2025-11-13,15.6,1.47,68.67,0.0,0.213,0.259,0.289,0.278
Ukwa,21.97425,80.46661,2025-11-14,15.65,1.43,70.46,0.0,0.206,0.255,0.29,0.277
Ukwa,21.97425,80.46661,2025-11-15,15.97,1.28,70.26,0.0,0.199,0.25,0.288,0.274
Ukwa,21.97425,80.46661,2025-11-16,15.04,1.31,69.06,0.73,0.194,0.248,0.29,0.275
Ukwa,21.97425,80.46661,2025-11-17,14.0,1.47,76.63,0.0,0.183,0.239,0.285,0.269
Ukwa,21.97425,80.46661,2025-11-18,14.07,1.29,78.85,0.73,0.171,0.231,0.281,0.263
Ukwa,21.97425,80.46661,2025-11-19,14.96,1.24,79.73,0.0,0.169,0.229,0.281,0.262
Ukwa,21.97425,80.46661,2025-11-20,15.92,1.18,81.07,0.0,0.163,0.225,0.28,0.26
Ukwa,21.97425,80.46661,2025-11-21,17.73,0.66,71.99,0.0,0.158,0.222,0.279,0.259
Ukwa,21.97425,80.46661,2025-11-22,18.56,0.46,66.21,0.0,0.155,0.22,0.28,0.259
Ukwa,21.97425,80.46661,2025-11-23,18.02,0.85,72.01,0.0,0.164,0.228,0.291,0.269
Ukwa,21.97425,80.46661,2025-11-24,17.64,1.38,82.4,0.0,0.166,0.231,0.297,0.274
Ukwa,21.97425,80.46661,2025-11-25,18.27,1.01,76.14,0.0,0.17,0.235,0.303,0.279
Ukwa,21.97425,80.46661,2025-11-26,17.65,1.23,80.05,0.01,0.176,0.241,0.309,0.286
Ukwa,21.97425,80.46661,2025-11-27,16.81,1.7,75.73,0.0,0.18,0.244,0.313,0.289
Ukwa,21.97425,80.46661,2025-11-28,14.79,1.56,77.91,0.0,0.179,0.241,0.31,0.287
Ukwa,21.97425,80.46661,2025-11-29,15.61,1.26,73.49,0.0,0.174,0.238,0.309,0.284
Ukwa,21.97425,80.46661,2025-11-30,16.19,1.42,74.0,0.0,0.176,0.239,0.31,0.286
Ukwa,21.97425,80.46661,2025-12-01,16.81,1.35,78.11,0.0,0.176,0.24,0.31,0.286
Ukwa,21.97425,80.46661,2025-12-02,17.02,1.23,77.14,0.0,0.179,0.242,0.314,0.289
Ukwa,21.97425,80.46661,2025-12-03,16.31,1.44,73.43,0.0,0.188,0.249,0.321,0.297
Ukwa,21.97425,80.46661,2025-12-04,16.01,1.49,75.69,0.0,0.191,0.249,0.319,0.295
Ukwa,21.97425,80.46661,2025-12-05,15.05,1.59,67.9,0.0,0.181,0.242,0.313,0.289
Ukwa,21.97425,80.46661,2025-12-06,14.72,1.38,61.26,0.0,0.186,0.244,0.315,0.291
Ukwa,21.97425,80.46661,2025-12-07,15.27,1.34,60.05,0.0,0.194,0.253,0.324,0.3
Ukwa,21.97425,80.46661,2025-12-08,15.91,1.67,59.8,0.0,0.203,0.264,0.334,0.31
Ukwa,21.97425,80.46661,2025-12-09,15.6,2.06,57.26,0.0,0.199,0.268,0.34,0.315
Ukwa,21.97425,80.46661,2025-12-10,15.35,1.64,53.12,0.0,0.208,0.285,0.361,0.334
Ukwa,21.97425,80.46661,2025-12-11,15.92,1.28,54.72,0.0,0.215,0.293,0.371,0.344
Ukwa,21.97425,80.46661,2025-12-12,15.98,1.3,59.63,0.0,0.215,0.29,0.369,0.341
Ukwa,21.97425,80.46661,2025-12-13,15.74,1.38,62.52,0.0,0.221,0.29,0.368,0.341
Ukwa,21.97425,80.46661,2025-12-14,14.89,1.18,68.37,0.0,0.221,0.286,0.363,0.337
Ukwa,21.97425,80.46661,2025-12-15,15.37,1.08,68.11,0.0,0.226,0.285,0.36,0.335
Ukwa,21.97425,80.46661,2025-12-16,16.05,1.13,61.61,0.0,0.238,0.292,0.365,0.341
Ukwa,21.97425,80.46661,2025-12-17,15.66,1.6,61.64,0.0,0.247,0.297,0.368,0.345
Ukwa,21.97425,80.46661,2025-12-18,14.52,1.77,64.62,0.0,0.243,0.294,0.364,0.341
Ukwa,21.97425,80.46661,2025-12-19,13.59,1.86,69.69,0.0,0.233,0.286,0.356,0.333
Ukwa,21.97425,80.46661,2025-12-20,14.05,1.41,62.44,0.0,0.23,0.284,0.353,0.33
Ukwa,21.97425,80.46661,2025-12-21,14.49,1.15,61.97,0.0,0.231,0.285,0.354,0.331
Ukwa,21.97425,80.46661,2025-12-22,15.43,1.18,64.84,0.0,0.236,0.288,0.356,0.333
Ukwa,21.97425,80.46661,2025-12-23,15.72,1.48,63.71,0.0,0.245,0.292,0.359,0.337
Ukwa,21.97425,80.46661,2025-12-24,16.13,1.57,64.66,0.0,0.246,0.293,0.359,0.337
Ukwa,21.97425,80.46661,2025-12-25,15.56,1.1,64.39,0.0,0.24,0.287,0.353,0.331
Ukwa,21.97425,80.46661,2025-12-26,14.71,1.2,59.3,0.0,0.233,0.285,0.352,0.329
Ukwa,21.97425,80.46661,2025-12-27,14.08,1.49,57.84,0.0,0.23,0.282,0.349,0.327
Ukwa,21.97425,80.46661,2025-12-28,14.36,1.25,56.51,0.0,0.231,0.281,0.347,0.325
Ukwa,21.97425,80.46661,2025-12-29,15.12,1.1,53.25,0.0,0.232,0.278,0.344,0.322
Ukwa,21.97425,80.46661,2025-12-30,16.51,1.08,47.5,0.0,0.234,0.275,0.341,0.319
Ukwa,21.97425,80.46661,2025-12-31,16.78,1.24,49.91,0.0,0.239,0.282,0.346,0.325
