Mine,State,Latitude,Longitude,Blue_B02,Green_B03,Red_B04,NIR_B08,SWIR1_B11,SWIR2_B12,NDVI,Distance_to_Manganese_km,Manganese_Presence,Lithology,GLiM_ID,Elevation_mean_m,Elevation_min_m,Elevation_max_m,Slope_mean_degrees,Slope_min_degrees,Slope_max_degrees,LST_mean_C,LST_min_C,LST_max_C,SWIR1_NIR_Ratio,SWIR2_NIR_Ratio,SWIR1_SWIR2_Ratio,Red_SWIR1_Ratio,NIR_SWIR1_Ratio,Elevation_range_m,Slope_range_degrees,LST_range_C,Source_Citation,Dataset_Version
Adilabad_Gollaghat,Telangana,19.66622,78.532374,0.1903,0.2206,0.2432,0.3678,0.3922,0.33,0.2039,0.25,1,Metamorphics,IND2497,263,248.0,298.0,2.9490480422973633,0.0,27.95,35.39000000000004,33.89,37.19,1.0663,0.8972,1.1885,0.6201,0.9378,50.0,27.95,3.3,Mindat (loc-301970) / IBM MCDR Inspection Reports / Telangana DGM,newly_added_v2
Adilabad_Gollaghat,Telangana,19.664179,78.533119,0.1912,0.2192,0.2447,0.3465,0.3933,0.3335,0.1722,0.119,1,Metamorphics,IND2497,265,250.0,300.0,0.9274099469184875,0.0,25.93,35.39000000000004,33.89,37.19,1.1351,0.9625,1.1793,0.6222,0.881,50.0,25.93,3.3,Mindat (loc-301970) / IBM MCDR Inspection Reports / Telangana DGM,newly_added_v2
Adilabad_Gollaghat,Telangana,19.662862,78.529563,0.1586,0.1811,0.2054,0.3386,0.4054,0.3124,0.2449,0.285,1,Metamorphics,IND2497,267,252.0,302.0,2.1762282848358154,0.0,27.18,35.39000000000004,33.89,37.19,1.1973,0.9226,1.2977,0.5067,0.8352,50.0,27.18,3.3,Mindat (loc-301970) / IBM MCDR Inspection Reports / Telangana DGM,newly_added_v2
Adilabad_Gollaghat,Telangana,19.666619,78.533691,0.2776,0.3095,0.3353,0.3732,0.4202,0.3802,0.0535,0.341,1,Metamorphics,IND2497,264,249.0,299.0,2.099315643310547,0.0,27.1,35.39000000000004,33.89,37.19,1.1259,1.0188,1.1052,0.798,0.8881,50.0,27.1,3.3,Mindat (loc-301970) / IBM MCDR Inspection Reports / Telangana DGM,newly_added_v2
Adilabad_Gollaghat,Telangana,19.665517,78.532305,0.2625,0.2878,0.3126,0.3473,0.3915,0.3622,0.0526,0.172,1,Metamorphics,IND2497,265,250.0,300.0,1.3526511192321777,0.0,26.35,35.39000000000004,33.89,37.19,1.1273,1.0429,1.0809,0.7985,0.8871,50.0,26.35,3.3,Mindat (loc-301970) / IBM MCDR Inspection Reports / Telangana DGM,newly_added_v2
Adilabad_Gollaghat,Telangana,19.663114,78.531968,0.1847,0.2208,0.2456,0.4458,0.4127,0.3361,0.2896,0.099,1,Metamorphics,IND2497,265,250.0,300.0,3.0939102172851562,0.09,28.09,35.39000000000004,33.89,37.19,0.9258,0.7539,1.2279,0.5951,1.0802,50.0,28.0,3.3,Mindat (loc-301970) / IBM MCDR Inspection Reports / Telangana DGM,newly_added_v2
Adilabad_Gollaghat,Telangana,19.664084,78.532267,0.209,0.2279,0.2478,0.3078,0.3668,0.3364,0.108,0.03,1,Metamorphics,IND2497,266,251.0,301.0,1.352644920349121,0.0,26.35,35.39000000000004,33.89,37.19,1.1917,1.0929,1.0904,0.6756,0.8391,50.0,26.35,3.3,Mindat (loc-301970) / IBM MCDR Inspection Reports / Telangana DGM,newly_added_v2
Adilabad_Gollaghat,Telangana,19.661809,78.531325,0.1797,0.2075,0.2375,0.3296,0.3787,0.3156,0.1624,0.254,1,Metamorphics,IND2497,270,255.0,305.0,2.1762189865112305,0.0,27.18,35.39000000000004,33.89,37.19,1.149,0.9575,1.1999,0.6271,0.8703,50.0,27.18,3.3,Mindat (loc-301970) / IBM MCDR Inspection Reports / Telangana DGM,newly_added_v2
Adilabad_Gollaghat,Telangana,19.663244,78.531496,0.1799,0.212,0.2336,0.3403,0.3906,0.3419,0.1859,0.099,1,Metamorphics,IND2497,265,250.0,300.0,2.09930682182312,0.0,27.1,35.39000000000004,33.89,37.19,1.1478,1.0047,1.1424,0.5981,0.8712,50.0,27.1,3.3,Mindat (loc-301970) / IBM MCDR Inspection Reports / Telangana DGM,newly_added_v2
Adilabad_Gollaghat,Telangana,19.666795,78.532121,0.218,0.2592,0.3084,0.4134,0.447,0.3926,0.1455,0.311,1,Metamorphics,IND2497,261,246.0,296.0,2.952223539352417,0.0,27.95,35.29000000000002,33.79,37.09,1.0813,0.9497,1.1386,0.6899,0.9248,50.0,27.95,3.3,Mindat (loc-301970) / IBM MCDR Inspection Reports / Telangana DGM,newly_added_v2
Adilabad_Gollaghat,Telangana,19.663108,78.529198,0.166,0.1868,0.2,0.3222,0.3761,0.3239,0.234,0.31,1,Metamorphics,IND2497,268,253.0,303.0,2.7037739753723145,0.0,27.7,35.39000000000004,33.89,37.19,1.1673,1.0053,1.1612,0.5318,0.8567,50.0,27.7,3.3,Mindat (loc-301970) / IBM MCDR Inspection Reports / Telangana DGM,newly_added_v2
Adilabad_Gollaghat,Telangana,19.664716,78.533127,0.2423,0.2637,0.2873,0.3257,0.3687,0.3412,0.0626,0.142,1,Metamorphics,IND2497,263,248.0,298.0,2.1762497425079346,0.0,27.18,35.39000000000004,33.89,37.19,1.132,1.0476,1.0806,0.7792,0.8834,50.0,27.18,3.3,Mindat (loc-301970) / IBM MCDR Inspection Reports / Telangana DGM,newly_added_v2
Adilabad_Gollaghat,Telangana,19.662305,78.534976,0.3465,0.3107,0.2996,0.4433,0.4493,0.4175,0.1934,0.365,1,Metamorphics,IND2497,268,253.0,303.0,4.73011589050293,1.73,29.73,35.39000000000004,33.89,37.19,1.0135,0.9418,1.0762,0.6668,0.9866,50.0,28.0,3.3,Mindat (loc-301970) / IBM MCDR Inspection Reports / Telangana DGM,newly_added_v2
Adilabad_Gollaghat,Telangana,19.664394,78.532291,0.1856,0.2026,0.2098,0.317,0.3448,0.309,0.2035,0.053,1,Metamorphics,IND2497,267,252.0,302.0,0.9274099469184875,0.0,25.93,35.39000000000004,33.89,37.19,1.0877,0.9748,1.1159,0.6085,0.9194,50.0,25.93,3.3,Mindat (loc-301970) / IBM MCDR Inspection Reports / Telangana DGM,newly_added_v2
Adilabad_Gollaghat,Telangana,19.661678,78.530119,0.1526,0.1788,0.2043,0.3479,0.3836,0.2944,0.2601,0.325,1,Metamorphics,IND2497,275,260.0,310.0,0.9848185777664185,0.0,25.98,35.39000000000004,33.89,37.19,1.1026,0.8462,1.303,0.5326,0.9069,50.0,25.98,3.3,Mindat (loc-301970) / IBM MCDR Inspection Reports / Telangana DGM,newly_added_v2
Adilabad_Gollaghat,Telangana,19.663646,78.529061,0.189,0.2105,0.2267,0.3138,0.3421,0.3158,0.1611,0.311,1,Metamorphics,IND2497,271,256.0,306.0,0.0,0.0,25.0,35.870000000000005,34.37,37.67,1.0902,1.0064,1.0833,0.6627,0.9173,50.0,25.0,3.3,Mindat (loc-301970) / IBM MCDR Inspection Reports / Telangana DGM,newly_added_v2
Adilabad_Gollaghat,Telangana,19.665887,78.531658,0.1632,0.1887,0.2189,0.3482,0.4032,0.3242,0.228,0.213,1,Metamorphics,IND2497,263,248.0,298.0,0.9274099469184875,0.0,25.93,35.39000000000004,33.89,37.19,1.158,0.9311,1.2437,0.5429,0.8636,50.0,25.93,3.3,Mindat (loc-301970) / IBM MCDR Inspection Reports / Telangana DGM,newly_added_v2
Adilabad_Gollaghat,Telangana,19.662671,78.531521,0.1729,0.2002,0.2185,0.336,0.3566,0.3081,0.2119,0.156,1,Metamorphics,IND2497,268,253.0,303.0,2.0993053913116455,0.0,27.1,35.39000000000004,33.89,37.19,1.0613,0.917,1.1574,0.6127,0.9422,50.0,27.1,3.3,Mindat (loc-301970) / IBM MCDR Inspection Reports / Telangana DGM,newly_added_v2
Adilabad_Gollaghat,Telangana,19.661896,78.52994,0.1499,0.1749,0.1995,0.3256,0.3889,0.2982,0.2401,0.319,1,Metamorphics,IND2497,274,259.0,309.0,1.8543341159820557,0.0,26.85,35.39000000000004,33.89,37.19,1.1944,0.9158,1.3042,0.513,0.8372,50.0,26.85,3.3,Mindat (loc-301970) / IBM MCDR Inspection Reports / Telangana DGM,newly_added_v2
Adilabad_Gollaghat,Telangana,19.661377,78.530529,0.1744,0.2012,0.226,0.3314,0.4053,0.3402,0.1891,0.33,1,Metamorphics,IND2497,273,258.0,308.0,2.099301338195801,0.0,27.1,35.39000000000004,33.89,37.19,1.223,1.0266,1.1914,0.5576,0.8177,50.0,27.1,3.3,Mindat (loc-301970) / IBM MCDR Inspection Reports / Telangana DGM,newly_added_v2
Adilabad_Gollaghat,Telangana,19.666357,78.532741,0.2166,0.2503,0.2851,0.369,0.3898,0.3482,0.1283,0.274,1,Metamorphics,IND2497,263,248.0,298.0,2.0993149280548096,0.0,27.1,35.39000000000004,33.89,37.19,1.0564,0.9436,1.1195,0.7314,0.9466,50.0,27.1,3.3,Mindat (loc-301970) / IBM MCDR Inspection Reports / Telangana DGM,newly_added_v2
Adilabad_Gollaghat,Telangana,19.663775,78.532944,0.1676,0.1973,0.2275,0.3342,0.4064,0.3304,0.19,0.102,1,Metamorphics,IND2497,263,248.0,298.0,2.9490435123443604,0.0,27.95,35.39000000000004,33.89,37.19,1.216,0.9886,1.23,0.5598,0.8223,50.0,27.95,3.3,Mindat (loc-301970) / IBM MCDR Inspection Reports / Telangana DGM,newly_added_v2
Adilabad_Gollaghat,Telangana,19.664047,78.532462,0.2222,0.2427,0.2657,0.3208,0.3799,0.364,0.0939,0.049,1,Metamorphics,IND2497,266,251.0,301.0,1.352644920349121,0.0,26.35,35.39000000000004,33.89,37.19,1.1842,1.1347,1.0437,0.6994,0.8444,50.0,26.35,3.3,Mindat (loc-301970) / IBM MCDR Inspection Reports / Telangana DGM,newly_added_v2
Adilabad_Gollaghat,Telangana,19.663911,78.532529,0.2297,0.2466,0.2677,0.3149,0.3792,0.3599,0.081,0.056,1,Metamorphics,IND2497,265,250.0,300.0,3.4844980239868164,0.48,28.48,35.39000000000004,33.89,37.19,1.2042,1.1429,1.0536,0.706,0.8304,50.0,28.0,3.3,Mindat (loc-301970) / IBM MCDR Inspection Reports / Telangana DGM,newly_added_v2
Adilabad_Gollaghat,Telangana,19.662523,78.533782,0.1742,0.2057,0.2347,0.3713,0.4234,0.3464,0.2254,0.249,1,Metamorphics,IND2497,267,252.0,302.0,2.099304437637329,0.0,27.1,35.39000000000004,33.89,37.19,1.1403,0.9329,1.2223,0.5543,0.8769,50.0,27.1,3.3,Mindat (loc-301970) / IBM MCDR Inspection Reports / Telangana DGM,newly_added_v2
Adilabad_Gollaghat,Telangana,19.664347,78.533415,0.2416,0.2642,0.2883,0.3352,0.3815,0.3531,0.0752,0.153,1,Metamorphics,IND2497,264,249.0,299.0,1.8543341159820557,0.0,26.85,35.39000000000004,33.89,37.19,1.1381,1.0534,1.0804,0.7557,0.8786,50.0,26.85,3.3,Mindat (loc-301970) / IBM MCDR Inspection Reports / Telangana DGM,newly_added_v2
Adilabad_Gollaghat,Telangana,19.664962,78.531571,0.184,0.2148,0.2377,0.3414,0.3629,0.3159,0.1791,0.116,1,Metamorphics,IND2497,266,251.0,301.0,4.346244812011719,1.35,29.35,35.39000000000004,33.89,37.19,1.063,0.9253,1.1488,0.655,0.9408,50.0,28.0,3.3,Mindat (loc-301970) / IBM MCDR Inspection Reports / Telangana DGM,newly_added_v2
Adilabad_Gollaghat,Telangana,19.662239,78.53047,0.1878,0.2126,0.2257,0.3593,0.3726,0.3073,0.2284,0.253,1,Metamorphics,IND2497,270,255.0,305.0,1.3526362180709839,0.0,26.35,35.39000000000004,33.89,37.19,1.037,0.8553,1.2125,0.6057,0.9643,50.0,26.35,3.3,Mindat (loc-301970) / IBM MCDR Inspection Reports / Telangana DGM,newly_added_v2
Adilabad_Gollaghat,Telangana,19.663904,78.531228,0.1582,0.1881,0.205,0.3906,0.3725,0.2945,0.3116,0.082,1,Metamorphics,IND2497,268,253.0,303.0,4.051916599273682,1.05,29.05,35.39000000000004,33.89,37.19,0.9537,0.754,1.2649,0.5503,1.0486,50.0,28.0,3.3,Mindat (loc-301970) / IBM MCDR Inspection Reports / Telangana DGM,newly_added_v2
Adilabad_Gollaghat,Telangana,19.663485,78.532517,0.2282,0.2493,0.2696,0.3078,0.3667,0.3447,0.0662,0.079,1,Metamorphics,IND2497,264,249.0,299.0,3.0939199924468994,0.09,28.09,35.39000000000004,33.89,37.19,1.1914,1.1199,1.0638,0.7352,0.8394,50.0,28.0,3.3,Mindat (loc-301970) / IBM MCDR Inspection Reports / Telangana DGM,newly_added_v2
Adilabad_Gollaghat,Telangana,19.661846,78.529235,0.1627,0.1958,0.2065,0.3927,0.3543,0.279,0.3107,0.376,1,Metamorphics,IND2497,272,257.0,307.0,3.09389066696167,0.09,28.09,35.39000000000004,33.89,37.19,0.9022,0.7105,1.2699,0.5828,1.1084,50.0,28.0,3.3,Mindat (loc-301970) / IBM MCDR Inspection Reports / Telangana DGM,newly_added_v2
Adilabad_Gollaghat,Telangana,19.663209,78.530072,0.1463,0.1712,0.1751,0.354,0.3212,0.2544,0.3381,0.221,1,Metamorphics,IND2497,270,255.0,305.0,1.352641224861145,0.0,26.35,35.39000000000004,33.89,37.19,0.9073,0.7186,1.2626,0.5451,1.1021,50.0,26.35,3.3,Mindat (loc-301970) / IBM MCDR Inspection Reports / Telangana DGM,newly_added_v2
Adilabad_Gollaghat,Telangana,19.664473,78.528956,0.1978,0.2169,0.2416,0.2704,0.32,0.2953,0.0562,0.323,1,Metamorphics,IND2497,270,255.0,305.0,1.3526462316513062,0.0,26.35,35.870000000000005,34.37,37.67,1.1834,1.0921,1.0836,0.755,0.845,50.0,26.35,3.3,Mindat (loc-301970) / IBM MCDR Inspection Reports / Telangana DGM,newly_added_v2
Adilabad_Gollaghat,Telangana,19.664902,78.532196,0.2342,0.26,0.2865,0.3361,0.3822,0.3545,0.0797,0.102,1,Metamorphics,IND2497,266,251.0,301.0,2.099311590194702,0.0,27.1,35.39000000000004,33.89,37.19,1.1372,1.0547,1.0781,0.7496,0.8794,50.0,27.1,3.3,Mindat (loc-301970) / IBM MCDR Inspection Reports / Telangana DGM,newly_added_v2
Adilabad_Gollaghat,Telangana,19.663867,78.533266,0.1871,0.219,0.2552,0.363,0.4124,0.3445,0.1744,0.134,1,Metamorphics,IND2497,264,249.0,299.0,2.099308490753174,0.0,27.1,35.39000000000004,33.89,37.19,1.1361,0.949,1.1971,0.6188,0.8802,50.0,27.1,3.3,Mindat (loc-301970) / IBM MCDR Inspection Reports / Telangana DGM,newly_added_v2
Adilabad_Gollaghat,Telangana,19.664807,78.531679,0.184,0.2148,0.2377,0.3414,0.3629,0.3159,0.1791,0.096,1,Metamorphics,IND2497,266,251.0,301.0,4.346244812011719,1.35,29.35,35.39000000000004,33.89,37.19,1.063,0.9253,1.1488,0.655,0.9408,50.0,28.0,3.3,Mindat (loc-301970) / IBM MCDR Inspection Reports / Telangana DGM,newly_added_v2
Adilabad_Gollaghat,Telangana,19.662809,78.53494,0.2182,0.2316,0.2474,0.304,0.3612,0.3297,0.1026,0.335,1,Metamorphics,IND2497,265,250.0,300.0,2.1762282848358154,0.0,27.18,35.39000000000004,33.89,37.19,1.1882,1.0845,1.0955,0.6849,0.8416,50.0,27.18,3.3,Mindat (loc-301970) / IBM MCDR Inspection Reports / Telangana DGM,newly_added_v2
Adilabad_Gollaghat,Telangana,19.662178,78.533489,0.1811,0.2068,0.2162,0.357,0.3607,0.3087,0.2456,0.256,1,Metamorphics,IND2497,269,254.0,304.0,2.703766345977783,0.0,27.7,35.39000000000004,33.89,37.19,1.0104,0.8647,1.1684,0.5994,0.9897,50.0,27.7,3.3,Mindat (loc-301970) / IBM MCDR Inspection Reports / Telangana DGM,newly_added_v2
Adilabad_Gollaghat,Telangana,19.660967,78.532852,0.1481,0.174,0.1957,0.3426,0.3819,0.2956,0.2729,0.349,1,Metamorphics,IND2497,270,255.0,305.0,4.912479400634766,1.91,29.91,35.39000000000004,33.89,37.19,1.1147,0.8628,1.2919,0.5124,0.8971,50.0,28.0,3.3,Mindat (loc-301970) / IBM MCDR Inspection Reports / Telangana DGM,newly_added_v2
Adilabad_Gollaghat,Telangana,19.664022,78.5331,0.1912,0.2192,0.2447,0.3465,0.3933,0.3335,0.1722,0.115,1,Metamorphics,IND2497,265,250.0,300.0,0.9274099469184875,0.0,25.93,35.39000000000004,33.89,37.19,1.1351,0.9625,1.1793,0.6222,0.881,50.0,25.93,3.3,Mindat (loc-301970) / IBM MCDR Inspection Reports / Telangana DGM,newly_added_v2
Adilabad_Gollaghat,Telangana,19.66384,78.534112,0.2993,0.3239,0.3454,0.3983,0.4431,0.4087,0.0711,0.222,1,Metamorphics,IND2497,264,249.0,299.0,1.3526437282562256,0.0,26.35,35.39000000000004,33.89,37.19,1.1125,1.0261,1.0842,0.7795,0.8989,50.0,26.35,3.3,Mindat (loc-301970) / IBM MCDR Inspection Reports / Telangana DGM,newly_added_v2
Adilabad_Gollaghat,Telangana,19.665658,78.530684,0.1836,0.2131,0.2372,0.3419,0.3633,0.3145,0.1808,0.23,1,Metamorphics,IND2497,267,252.0,302.0,0.9274099469184875,0.0,25.93,35.39000000000004,33.89,37.19,1.0626,0.9199,1.1552,0.6529,0.9411,50.0,25.93,3.3,Mindat (loc-301970) / IBM MCDR Inspection Reports / Telangana DGM,newly_added_v2
Adilabad_Gollaghat,Telangana,19.664282,78.533533,0.2264,0.259,0.2841,0.3353,0.3715,0.3406,0.0827,0.164,1,Metamorphics,IND2497,264,249.0,299.0,0.9274099469184875,0.0,25.93,35.39000000000004,33.89,37.19,1.108,1.0158,1.0907,0.7647,0.9026,50.0,25.93,3.3,Mindat (loc-301970) / IBM MCDR Inspection Reports / Telangana DGM,newly_added_v2
Adilabad_Gollaghat,Telangana,19.6606,78.531784,0.1679,0.1984,0.2171,0.3505,0.3649,0.2994,0.235,0.379,1,Metamorphics,IND2497,274,259.0,309.0,4.730113983154297,1.73,29.73,35.39000000000004,33.89,37.19,1.0411,0.8542,1.2188,0.595,0.9605,50.0,28.0,3.3,Mindat (loc-301970) / IBM MCDR Inspection Reports / Telangana DGM,newly_added_v2
Adilabad_Gollaghat,Telangana,19.664453,78.532147,0.1856,0.2026,0.2098,0.317,0.3448,0.309,0.2035,0.053,1,Metamorphics,IND2497,267,252.0,302.0,0.9274099469184875,0.0,25.93,35.39000000000004,33.89,37.19,1.0877,0.9748,1.1159,0.6085,0.9194,50.0,25.93,3.3,Mindat (loc-301970) / IBM MCDR Inspection Reports / Telangana DGM,newly_added_v2
Adilabad_Gollaghat,Telangana,19.644937,78.511125,0.18,0.2118,0.2432,0.3452,0.427,0.3528,0.1734,3.048,0,Metamorphics,IND2497,271,256.0,306.0,2.1760311126708984,0.0,27.18,36.170000000000016,34.67,37.97,1.237,1.022,1.2103,0.5696,0.8084,50.0,27.18,3.3,Mindat (loc-301970) / IBM MCDR Inspection Reports / Telangana DGM,newly_added_v2
Adilabad_Gollaghat,Telangana,19.612769,78.560954,0.1432,0.1682,0.1592,0.4658,0.3157,0.2254,0.4906,6.46,0,Metamorphics,IND2497,281,266.0,316.0,0.0,0.0,25.0,37.110000000000014,35.61,38.91,0.6778,0.4839,1.4006,0.5043,1.4755,50.0,25.0,3.3,Mindat (loc-301970) / IBM MCDR Inspection Reports / Telangana DGM,newly_added_v2
Adilabad_Gollaghat,Telangana,19.645374,78.550199,0.1702,0.1931,0.2115,0.3461,0.3931,0.311,0.2414,2.818,0,Metamorphics,IND2497,264,249.0,299.0,2.7802884578704834,0.0,27.78,36.950000000000045,35.45,38.75,1.1358,0.8986,1.264,0.538,0.8804,50.0,27.78,3.3,Mindat (loc-301970) / IBM MCDR Inspection Reports / Telangana DGM,newly_added_v2
Adilabad_Gollaghat,Telangana,19.597922,78.519019,0.1636,0.1865,0.2184,0.3399,0.4349,0.3402,0.2176,7.481,0,Metamorphics,IND2497,319,304.0,354.0,5.3944091796875,2.39,30.39,36.370000000000005,34.87,38.17,1.2795,1.0009,1.2784,0.5022,0.7816,50.0,28.0,3.3,Mindat (loc-301970) / IBM MCDR Inspection Reports / Telangana DGM,newly_added_v2
Adilabad_Gollaghat,Telangana,19.706366,78.478156,0.1777,0.2068,0.2382,0.3292,0.3561,0.3038,0.1604,7.355,0,Metamorphics,IND2497,257,242.0,292.0,1.352833867073059,0.0,26.35,34.55000000000001,33.05,36.35,1.0817,0.9228,1.1722,0.6689,0.9245,50.0,26.35,3.3,Mindat (loc-301970) / IBM MCDR Inspection Reports / Telangana DGM,newly_added_v2
Adilabad_Gollaghat,Telangana,19.659798,78.508015,0.1703,0.2146,0.2568,0.3942,0.4832,0.3966,0.2111,2.557,0,Metamorphics,IND2497,265,250.0,300.0,1.3526251316070557,0.0,26.35,36.210000000000036,34.71,38.01,1.2258,1.0061,1.2184,0.5315,0.8158,50.0,26.35,3.3,Mindat (loc-301970) / IBM MCDR Inspection Reports / Telangana DGM,newly_added_v2
Adilabad_Gollaghat,Telangana,19.612348,78.519025,0.1714,0.183,0.2246,0.2989,0.4114,0.3545,0.1419,5.909,0,Metamorphics,IND2497,311,296.0,346.0,4.3450798988342285,1.35,29.35,35.23000000000002,33.73,37.03,1.3764,1.186,1.1605,0.5459,0.7265,50.0,28.0,3.3,Mindat (loc-301970) / IBM MCDR Inspection Reports / Telangana DGM,newly_added_v2
Adilabad_Gollaghat,Telangana,19.642206,78.503678,0.18,0.2115,0.2552,0.3854,0.4892,0.3836,0.2032,3.834,0,Metamorphics,IND2497,275,260.0,310.0,1.8543341159820557,0.0,26.85,36.170000000000016,34.67,37.97,1.2693,0.9953,1.2753,0.5217,0.7878,50.0,26.85,3.3,Mindat (loc-301970) / IBM MCDR Inspection Reports / Telangana DGM,newly_added_v2
Adilabad_Gollaghat,Telangana,19.638807,78.543624,0.1825,0.2081,0.2438,0.3492,0.5185,0.419,0.1777,3.058,0,Metamorphics,IND2497,276,261.0,311.0,5.481758117675781,2.48,30.48,37.23000000000002,35.73,39.03,1.4848,1.1999,1.2375,0.4702,0.6735,50.0,28.0,3.3,Mindat (loc-301970) / IBM MCDR Inspection Reports / Telangana DGM,newly_added_v2
Adilabad_Gollaghat,Telangana,19.705046,78.518984,0.1626,0.1813,0.2055,0.2936,0.36,0.2878,0.1765,4.769,0,Metamorphics,IND2497,248,233.0,283.0,0.9850850105285645,0.0,25.99,35.150000000000034,33.65,36.95,1.2262,0.9802,1.2509,0.5708,0.8156,50.0,25.99,3.3,Mindat (loc-301970) / IBM MCDR Inspection Reports / Telangana DGM,newly_added_v2
Adilabad_Gollaghat,Telangana,19.658807,78.597392,0.196,0.2337,0.2879,0.3844,0.4884,0.3893,0.1435,6.879,0,Metamorphics,IND2497,260,245.0,295.0,3.09383225440979,0.09,28.09,36.63000000000005,35.13,38.43,1.2706,1.0127,1.2546,0.5895,0.7871,50.0,28.0,3.3,Mindat (loc-301970) / IBM MCDR Inspection Reports / Telangana DGM,newly_added_v2
Adilabad_Gollaghat,Telangana,19.683479,78.575009,0.146,0.1698,0.1787,0.2825,0.2981,0.2458,0.2251,5.003,0,Metamorphics,IND2497,247,232.0,282.0,4.730143070220947,1.73,29.73,36.55000000000001,35.05,38.35,1.0552,0.8701,1.2128,0.5995,0.9477,50.0,28.0,3.3,Mindat (loc-301970) / IBM MCDR Inspection Reports / Telangana DGM,newly_added_v2
Adilabad_Gollaghat,Telangana,19.707584,78.483034,0.1425,0.1811,0.1682,0.447,0.356,0.2596,0.4532,7.063,0,Metamorphics,IND2497,254,239.0,289.0,4.052499771118164,1.05,29.05,34.97000000000003,33.47,36.77,0.7964,0.5808,1.3713,0.4725,1.2556,50.0,28.0,3.3,Mindat (loc-301970) / IBM MCDR Inspection Reports / Telangana DGM,newly_added_v2
Adilabad_Gollaghat,Telangana,19.640958,78.502817,0.1756,0.2026,0.2431,0.3534,0.4778,0.3843,0.1849,3.992,0,Metamorphics,IND2497,276,261.0,311.0,2.9489963054656982,0.0,27.95,36.57000000000005,35.07,38.37,1.352,1.0874,1.2433,0.5088,0.7396,50.0,27.95,3.3,Mindat (loc-301970) / IBM MCDR Inspection Reports / Telangana DGM,newly_added_v2
Adilabad_Gollaghat,Telangana,19.692554,78.575341,0.1672,0.1918,0.2178,0.3526,0.3954,0.3128,0.2363,5.545,0,Metamorphics,IND2497,228,213.0,263.0,1.3527729511260986,0.0,26.35,35.85000000000002,34.35,37.65,1.1214,0.8871,1.2641,0.5508,0.8918,50.0,26.35,3.3,Mindat (loc-301970) / IBM MCDR Inspection Reports / Telangana DGM,newly_added_v2
Adilabad_Gollaghat,Telangana,19.609021,78.517252,0.1577,0.1828,0.2089,0.296,0.3957,0.3378,0.1725,6.313,0,Metamorphics,IND2497,321,306.0,356.0,5.025296688079834,2.03,30.03,35.23000000000002,33.73,37.03,1.3368,1.1412,1.1714,0.5279,0.748,50.0,28.0,3.3,Mindat (loc-301970) / IBM MCDR Inspection Reports / Telangana DGM,newly_added_v2
Adilabad_Gollaghat,Telangana,19.607611,78.520439,0.1577,0.1822,0.2197,0.3074,0.4279,0.3617,0.1664,6.393,0,Metamorphics,IND2497,330,315.0,365.0,2.9489283561706543,0.0,27.95,35.89000000000004,34.39,37.69,1.392,1.1766,1.183,0.5134,0.7184,50.0,27.95,3.3,Mindat (loc-301970) / IBM MCDR Inspection Reports / Telangana DGM,newly_added_v2
Adilabad_Gollaghat,Telangana,19.653899,78.553331,0.1836,0.2224,0.2628,0.3782,0.4794,0.3895,0.18,2.503,0,Metamorphics,IND2497,256,241.0,291.0,2.0992796421051025,0.0,27.1,36.690000000000055,35.19,38.49,1.2676,1.0299,1.2308,0.5482,0.7889,50.0,27.1,3.3,Mindat (loc-301970) / IBM MCDR Inspection Reports / Telangana DGM,newly_added_v2
Adilabad_Gollaghat,Telangana,19.685055,78.521323,0.2062,0.2344,0.249,0.3497,0.3756,0.3292,0.1682,2.597,0,Metamorphics,IND2497,245,230.0,280.0,0.0,0.0,25.0,36.09000000000003,34.59,37.89,1.0741,0.9414,1.1409,0.6629,0.931,50.0,25.0,3.3,Mindat (loc-301970) / IBM MCDR Inspection Reports / Telangana DGM,newly_added_v2
Adilabad_Gollaghat,Telangana,19.694399,78.474708,0.1808,0.2063,0.2436,0.3204,0.3604,0.3021,0.1362,6.894,0,Metamorphics,IND2497,261,246.0,296.0,1.3527804613113403,0.0,26.35,34.07000000000005,32.57,35.87,1.1248,0.9429,1.193,0.6759,0.889,50.0,26.35,3.3,Mindat (loc-301970) / IBM MCDR Inspection Reports / Telangana DGM,newly_added_v2
Adilabad_Gollaghat,Telangana,19.697894,78.545711,0.173,0.1932,0.2183,0.32,0.3739,0.303,0.1889,4.038,0,Metamorphics,IND2497,240,225.0,275.0,0.9274099469184875,0.0,25.93,35.79000000000002,34.29,37.59,1.1684,0.9469,1.234,0.5838,0.8558,50.0,25.93,3.3,Mindat (loc-301970) / IBM MCDR Inspection Reports / Telangana DGM,newly_added_v2
Adilabad_Gollaghat,Telangana,19.722487,78.510495,0.1494,0.1749,0.1746,0.3504,0.3264,0.2456,0.3349,6.89,0,Metamorphics,IND2497,252,237.0,287.0,0.9274099469184875,0.0,25.93,34.59000000000003,33.09,36.39,0.9315,0.7009,1.329,0.5349,1.0735,50.0,25.93,3.3,Mindat (loc-301970) / IBM MCDR Inspection Reports / Telangana DGM,newly_added_v2
Adilabad_Gollaghat,Telangana,19.637797,78.534456,0.1844,0.2086,0.2557,0.3594,0.5087,0.4114,0.1686,2.928,0,Metamorphics,IND2497,280,265.0,315.0,1.352527141571045,0.0,26.35,36.59000000000003,35.09,38.39,1.4154,1.1447,1.2365,0.5027,0.7065,50.0,26.35,3.3,Mindat (loc-301970) / IBM MCDR Inspection Reports / Telangana DGM,newly_added_v2
Adilabad_Gollaghat,Telangana,19.665702,78.50491,0.141,0.1799,0.148,0.4417,0.3202,0.218,0.498,2.846,0,Metamorphics,IND2497,256,241.0,291.0,2.703796148300171,0.0,27.7,36.210000000000036,34.71,38.01,0.7249,0.4935,1.4688,0.4622,1.3795,50.0,27.7,3.3,Mindat (loc-301970) / IBM MCDR Inspection Reports / Telangana DGM,newly_added_v2
Adilabad_Gollaghat,Telangana,19.703337,78.575593,0.1432,0.1655,0.1728,0.3189,0.3329,0.2572,0.2971,6.329,0,Metamorphics,IND2497,237,222.0,272.0,3.405442953109741,0.41,28.41,34.870000000000005,33.37,36.67,1.0439,0.8065,1.2943,0.5191,0.9579,50.0,28.0,3.3,Mindat (loc-301970) / IBM MCDR Inspection Reports / Telangana DGM,newly_added_v2
Adilabad_Gollaghat,Telangana,19.622322,78.51768,0.1564,0.1703,0.2086,0.3018,0.4234,0.3274,0.1826,4.876,0,Metamorphics,IND2497,284,269.0,319.0,4.345300197601318,1.35,29.35,35.73000000000002,34.23,37.53,1.4029,1.0848,1.2932,0.4927,0.7128,50.0,28.0,3.3,Mindat (loc-301970) / IBM MCDR Inspection Reports / Telangana DGM,newly_added_v2
Adilabad_Gollaghat,Telangana,19.687903,78.505784,0.1671,0.1992,0.2116,0.3757,0.3517,0.2838,0.2794,3.825,0,Metamorphics,IND2497,253,238.0,288.0,2.949092388153076,0.0,27.95,34.73000000000002,33.23,36.53,0.9361,0.7554,1.2393,0.6016,1.0682,50.0,27.95,3.3,Mindat (loc-301970) / IBM MCDR Inspection Reports / Telangana DGM,newly_added_v2
Adilabad_Gollaghat,Telangana,19.673857,78.574769,0.1581,0.1828,0.2084,0.303,0.3802,0.313,0.185,4.616,0,Metamorphics,IND2497,249,234.0,284.0,0.0,0.0,25.0,37.03000000000003,35.53,38.83,1.2548,1.033,1.2147,0.5481,0.7969,50.0,25.0,3.3,Mindat (loc-301970) / IBM MCDR Inspection Reports / Telangana DGM,newly_added_v2
Adilabad_Gollaghat,Telangana,19.658129,78.482822,0.1572,0.1822,0.1792,0.3935,0.3581,0.2678,0.3742,5.196,0,Metamorphics,IND2497,262,247.0,297.0,0.0,0.0,25.0,34.650000000000034,33.15,36.45,0.91,0.6806,1.3372,0.5004,1.0989,50.0,25.0,3.3,Mindat (loc-301970) / IBM MCDR Inspection Reports / Telangana DGM,newly_added_v2
Adilabad_Gollaghat,Telangana,19.652092,78.56296,0.1583,0.1865,0.2111,0.286,0.3129,0.2652,0.1507,3.506,0,Metamorphics,IND2497,262,247.0,297.0,0.9274099469184875,0.0,25.93,36.43000000000001,34.93,38.23,1.0941,0.9273,1.1799,0.6747,0.914,50.0,25.93,3.3,Mindat (loc-301970) / IBM MCDR Inspection Reports / Telangana DGM,newly_added_v2
Adilabad_Gollaghat,Telangana,19.624485,78.474338,0.1555,0.1802,0.1924,0.3957,0.4038,0.3071,0.3457,7.476,0,Metamorphics,IND2497,297,282.0,332.0,2.948962926864624,0.0,27.95,35.210000000000036,33.71,37.01,1.0205,0.7761,1.3149,0.4765,0.9799,50.0,27.95,3.3,Mindat (loc-301970) / IBM MCDR Inspection Reports / Telangana DGM,newly_added_v2
Adilabad_Gollaghat,Telangana,19.622121,78.527069,0.1587,0.1954,0.2212,0.3631,0.4498,0.343,0.2429,4.691,0,Metamorphics,IND2497,285,270.0,320.0,2.0991880893707275,0.0,27.1,36.51000000000005,35.01,38.31,1.2388,0.9446,1.3114,0.4918,0.8072,50.0,27.1,3.3,Mindat (loc-301970) / IBM MCDR Inspection Reports / Telangana DGM,newly_added_v2
Adilabad_Gollaghat,Telangana,19.668416,78.561247,0.1706,0.2044,0.2428,0.2948,0.352,0.3129,0.0967,3.105,0,Metamorphics,IND2497,252,237.0,287.0,2.1762900352478027,0.0,27.18,36.93000000000001,35.43,38.73,1.194,1.0614,1.125,0.6898,0.8375,50.0,27.18,3.3,Mindat (loc-301970) / IBM MCDR Inspection Reports / Telangana DGM,newly_added_v2
Adilabad_Gollaghat,Telangana,19.632004,78.510941,0.1441,0.1677,0.16,0.1311,0.1325,0.126,-0.0993,4.19,0,Metamorphics,IND2497,269,254.0,304.0,5.246790409088135,2.25,30.25,36.35000000000002,34.85,38.15,1.0107,0.9611,1.0516,1.2075,0.9894,50.0,28.0,3.3,Mindat (loc-301970) / IBM MCDR Inspection Reports / Telangana DGM,newly_added_v2
Adilabad_Gollaghat,Telangana,19.670101,78.566216,0.2087,0.2565,0.3088,0.3665,0.3886,0.3474,0.0854,3.651,0,Metamorphics,IND2497,251,236.0,286.0,2.952284812927246,0.0,27.95,36.93000000000001,35.43,38.73,1.0603,0.9479,1.1186,0.7946,0.9431,50.0,27.95,3.3,Mindat (loc-301970) / IBM MCDR Inspection Reports / Telangana DGM,newly_added_v2
Adilabad_Gollaghat,Telangana,19.646574,78.512018,0.2058,0.237,0.2905,0.3795,0.5036,0.4311,0.1328,2.855,0,Metamorphics,IND2497,269,254.0,304.0,4.345839500427246,1.35,29.35,36.170000000000016,34.67,37.97,1.327,1.136,1.1682,0.5768,0.7536,50.0,28.0,3.3,Mindat (loc-301970) / IBM MCDR Inspection Reports / Telangana DGM,newly_added_v2
Adilabad_Gollaghat,Telangana,19.691128,78.512533,0.1405,0.1677,0.1572,0.4611,0.3236,0.2296,0.4915,3.645,0,Metamorphics,IND2497,246,231.0,281.0,4.346822261810303,1.35,29.35,35.190000000000055,33.69,36.99,0.7018,0.4979,1.4094,0.4858,1.4249,50.0,28.0,3.3,Mindat (loc-301970) / IBM MCDR Inspection Reports / Telangana DGM,newly_added_v2
Adilabad_Gollaghat,Telangana,19.719116,78.559928,0.1814,0.2039,0.249,0.3256,0.3983,0.3314,0.1333,6.798,0,Metamorphics,IND2497,232,217.0,267.0,5.962316989898682,2.96,30.96,35.03000000000003,33.53,36.83,1.2233,1.0178,1.2019,0.6252,0.8175,50.0,28.0,3.3,Mindat (loc-301970) / IBM MCDR Inspection Reports / Telangana DGM,newly_added_v2
Adilabad_Gollaghat,Telangana,19.647845,78.501263,0.1741,0.1992,0.2438,0.3448,0.5059,0.4053,0.1716,3.69,0,Metamorphics,IND2497,274,259.0,309.0,0.0,0.0,25.0,35.57000000000005,34.07,37.37,1.4672,1.1755,1.2482,0.4819,0.6816,50.0,25.0,3.3,Mindat (loc-301970) / IBM MCDR Inspection Reports / Telangana DGM,newly_added_v2
Adilabad_Gollaghat,Telangana,19.685619,78.55717,0.1585,0.1862,0.2122,0.2898,0.3585,0.2942,0.1546,3.571,0,Metamorphics,IND2497,247,232.0,282.0,1.9693489074707031,0.0,26.97,35.43000000000001,33.93,37.23,1.2371,1.0152,1.2186,0.5919,0.8084,50.0,26.97,3.3,Mindat (loc-301970) / IBM MCDR Inspection Reports / Telangana DGM,newly_added_v2
Adilabad_Gollaghat,Telangana,19.605841,78.502442,0.1585,0.1834,0.221,0.2979,0.433,0.361,0.1482,7.178,0,Metamorphics,IND2497,303,288.0,338.0,2.099141836166382,0.0,27.1,36.49000000000001,34.99,38.29,1.4535,1.2118,1.1994,0.5104,0.688,50.0,27.1,3.3,Mindat (loc-301970) / IBM MCDR Inspection Reports / Telangana DGM,newly_added_v2
Adilabad_Gollaghat,Telangana,19.673428,78.4867,0.1692,0.1956,0.2221,0.3269,0.4636,0.3702,0.1909,4.863,0,Metamorphics,IND2497,257,242.0,292.0,0.0,0.0,25.0,34.150000000000034,32.65,35.95,1.4182,1.1325,1.2523,0.4791,0.7051,50.0,25.0,3.3,Mindat (loc-301970) / IBM MCDR Inspection Reports / Telangana DGM,newly_added_v2
Adilabad_Gollaghat,Telangana,19.685478,78.590043,0.1496,0.1841,0.1801,0.4965,0.3259,0.2294,0.4676,6.537,0,Metamorphics,IND2497,248,233.0,283.0,1.8543341159820557,0.0,26.85,35.93000000000001,34.43,37.73,0.6564,0.462,1.4207,0.5526,1.5235,50.0,26.85,3.3,Mindat (loc-301970) / IBM MCDR Inspection Reports / Telangana DGM,newly_added_v2
Adilabad_Gollaghat,Telangana,19.639665,78.543952,0.1705,0.1956,0.2444,0.3403,0.5136,0.4176,0.164,2.985,0,Metamorphics,IND2497,272,257.0,307.0,2.099238157272339,0.0,27.1,37.23000000000002,35.73,39.03,1.5093,1.2272,1.2299,0.4759,0.6626,50.0,27.1,3.3,Mindat (loc-301970) / IBM MCDR Inspection Reports / Telangana DGM,newly_added_v2
Adilabad_Gollaghat,Telangana,19.623404,78.541062,0.1576,0.1823,0.2342,0.3341,0.4674,0.3671,0.1758,4.618,0,Metamorphics,IND2497,320,305.0,355.0,6.732412815093994,3.73,31.73,37.23000000000002,35.73,39.03,1.399,1.0988,1.2732,0.5011,0.7148,50.0,28.0,3.3,Mindat (loc-301970) / IBM MCDR Inspection Reports / Telangana DGM,newly_added_v2
Adilabad_Tamsi,Telangana,19.690025,78.409111,0.151,0.1782,0.1808,0.4125,0.3371,0.2456,0.3905,0.282,1,Metamorphics,IND2497,299,284.0,334.0,3.832792282104492,0.83,28.83,37.97000000000003,36.47,39.77,0.8172,0.5954,1.3726,0.5363,1.2237,50.0,28.0,3.3,Geological Survey of India / IBM Mineral Inventory,newly_added_v2
Adilabad_Tamsi,Telangana,19.69394,78.41357,0.1558,0.1833,0.1915,0.3594,0.36,0.273,0.3048,0.374,1,Metamorphics,IND2497,284,269.0,319.0,1.8543341159820557,0.0,26.85,34.73000000000002,33.23,36.53,1.0017,0.7596,1.3187,0.5319,0.9983,50.0,26.85,3.3,Geological Survey of India / IBM Mineral Inventory,newly_added_v2
Adilabad_Tamsi,Telangana,19.690412,78.412832,0.1513,0.1776,0.1703,0.4868,0.323,0.226,0.4817,0.165,1,Metamorphics,IND2497,291,276.0,326.0,3.704791784286499,0.7,28.7,35.85000000000002,34.35,37.65,0.6635,0.4643,1.4292,0.5272,1.5071,50.0,28.0,3.3,Geological Survey of India / IBM Mineral Inventory,newly_added_v2
Adilabad_Tamsi,Telangana,19.691225,78.41465,0.1521,0.1828,0.165,0.5044,0.3182,0.2068,0.507,0.33,1,Metamorphics,IND2497,290,275.0,325.0,0.9274099469184875,0.0,25.93,35.85000000000002,34.35,37.65,0.6308,0.41,1.5387,0.5185,1.5852,50.0,25.93,3.3,Geological Survey of India / IBM Mineral Inventory,newly_added_v2
Adilabad_Tamsi,Telangana,19.690446,78.411768,0.162,0.1914,0.2094,0.3929,0.3352,0.2593,0.3047,0.088,1,Metamorphics,IND2497,289,274.0,324.0,1.9694104194641113,0.0,26.97,35.85000000000002,34.35,37.65,0.8531,0.66,1.2927,0.6247,1.1721,50.0,26.97,3.3,Geological Survey of India / IBM Mineral Inventory,newly_added_v2
Adilabad_Tamsi,Telangana,19.690925,78.413114,0.1396,0.1697,0.1537,0.4184,0.302,0.211,0.4627,0.172,1,Metamorphics,IND2497,290,275.0,325.0,2.9526731967926025,0.0,27.95,35.85000000000002,34.35,37.65,0.7218,0.5043,1.4313,0.5089,1.3854,50.0,27.95,3.3,Geological Survey of India / IBM Mineral Inventory,newly_added_v2
Adilabad_Tamsi,Telangana,19.692075,78.411014,0.1489,0.1883,0.166,0.5354,0.34,0.2196,0.5267,0.11,1,Metamorphics,IND2497,290,275.0,325.0,1.352770447731018,0.0,26.35,34.73000000000002,33.23,36.53,0.635,0.4102,1.5483,0.4882,1.5747,50.0,26.35,3.3,Geological Survey of India / IBM Mineral Inventory,newly_added_v2
Adilabad_Tamsi,Telangana,19.692238,78.41019,0.1472,0.1856,0.1703,0.4958,0.3337,0.2386,0.4887,0.18,1,Metamorphics,IND2497,290,275.0,325.0,1.352770447731018,0.0,26.35,36.49000000000001,34.99,38.29,0.6731,0.4812,1.3986,0.5103,1.4858,50.0,26.35,3.3,Geological Survey of India / IBM Mineral Inventory,newly_added_v2
Adilabad_Tamsi,Telangana,19.693061,78.41215,0.1519,0.1781,0.1901,0.3419,0.364,0.2775,0.2853,0.218,1,Metamorphics,IND2497,288,273.0,323.0,3.484951972961426,0.48,28.48,34.73000000000002,33.23,36.53,1.0646,0.8116,1.3117,0.5223,0.9393,50.0,28.0,3.3,Geological Survey of India / IBM Mineral Inventory,newly_added_v2
Adilabad_Tamsi,Telangana,19.692955,78.408393,0.153,0.1865,0.1995,0.3911,0.337,0.2554,0.3244,0.38,1,Metamorphics,IND2497,290,275.0,325.0,1.3527729511260986,0.0,26.35,36.49000000000001,34.99,38.29,0.8617,0.653,1.3195,0.592,1.1605,50.0,26.35,3.3,Geological Survey of India / IBM Mineral Inventory,newly_added_v2
Adilabad_Tamsi,Telangana,19.694165,78.409929,0.1533,0.1786,0.1684,0.5262,0.3178,0.2158,0.5151,0.369,1,Metamorphics,IND2497,289,274.0,324.0,0.0,0.0,25.0,36.49000000000001,34.99,38.29,0.604,0.4101,1.4727,0.5299,1.6558,50.0,25.0,3.3,Geological Survey of India / IBM Mineral Inventory,newly_added_v2
Adilabad_Tamsi,Telangana,19.692668,78.414186,0.1439,0.175,0.1616,0.493,0.3118,0.2192,0.5063,0.326,1,Metamorphics,IND2497,288,273.0,323.0,3.484947681427002,0.48,28.48,34.73000000000002,33.23,36.53,0.6325,0.4446,1.4224,0.5183,1.5811,50.0,28.0,3.3,Geological Survey of India / IBM Mineral Inventory,newly_added_v2
Adilabad_Tamsi,Telangana,19.691595,78.413311,0.1503,0.184,0.1722,0.495,0.3247,0.2149,0.4838,0.195,1,Metamorphics,IND2497,290,275.0,325.0,0.9274099469184875,0.0,25.93,35.85000000000002,34.35,37.65,0.656,0.4341,1.5109,0.5303,1.5245,50.0,25.93,3.3,Geological Survey of India / IBM Mineral Inventory,newly_added_v2
Adilabad_Tamsi,Telangana,19.692578,78.412065,0.1606,0.1843,0.2121,0.3279,0.3968,0.314,0.2144,0.164,1,Metamorphics,IND2497,287,272.0,322.0,2.1765615940093994,0.0,27.18,34.73000000000002,33.23,36.53,1.2101,0.9576,1.2637,0.5345,0.8264,50.0,27.18,3.3,Geological Survey of India / IBM Mineral Inventory,newly_added_v2
Adilabad_Tamsi,Telangana,19.692599,78.411362,0.1595,0.1867,0.2101,0.3588,0.39,0.306,0.2614,0.156,1,Metamorphics,IND2497,289,274.0,324.0,4.8124589920043945,1.81,29.81,34.73000000000002,33.23,36.53,1.087,0.8528,1.2745,0.5387,0.92,50.0,28.0,3.3,Geological Survey of India / IBM Mineral Inventory,newly_added_v2
Adilabad_Tamsi,Telangana,19.69142,78.410423,0.1464,0.1777,0.167,0.49,0.3204,0.2255,0.4916,0.115,1,Metamorphics,IND2497,289,274.0,324.0,1.8543341159820557,0.0,26.85,35.85000000000002,34.35,37.65,0.6539,0.4602,1.4208,0.5212,1.5293,50.0,26.85,3.3,Geological Survey of India / IBM Mineral Inventory,newly_added_v2
Adilabad_Tamsi,Telangana,19.689738,78.412316,0.1374,0.1634,0.1555,0.3675,0.3198,0.2279,0.4054,0.184,1,Metamorphics,IND2497,293,278.0,328.0,2.949096441268921,0.0,27.95,35.85000000000002,34.35,37.65,0.8702,0.6201,1.4032,0.4862,1.1492,50.0,27.95,3.3,Geological Survey of India / IBM Mineral Inventory,newly_added_v2
Adilabad_Tamsi,Telangana,19.694474,78.4114,0.1568,0.182,0.1968,0.3274,0.3444,0.2691,0.2491,0.365,1,Metamorphics,IND2497,287,272.0,322.0,0.9850200414657593,0.0,25.99,36.49000000000001,34.99,38.29,1.0519,0.8219,1.2798,0.5714,0.9506,50.0,25.99,3.3,Geological Survey of India / IBM Mineral Inventory,newly_added_v2
Adilabad_Tamsi,Telangana,19.69081,78.409441,0.1486,0.1785,0.1559,0.4933,0.3182,0.2168,0.5197,0.22,1,Metamorphics,IND2497,297,282.0,332.0,2.099385976791382,0.0,27.1,37.97000000000003,36.47,39.77,0.645,0.4395,1.4677,0.4899,1.5503,50.0,27.1,3.3,Geological Survey of India / IBM Mineral Inventory,newly_added_v2
Adilabad_Tamsi,Telangana,19.691003,78.412192,0.1498,0.1738,0.1801,0.3504,0.334,0.2536,0.321,0.076,1,Metamorphics,IND2497,290,275.0,325.0,3.48492169380188,0.48,28.48,35.85000000000002,34.35,37.65,0.9532,0.7237,1.317,0.5392,1.0491,50.0,28.0,3.3,Geological Survey of India / IBM Mineral Inventory,newly_added_v2
Adilabad_Tamsi,Telangana,19.688289,78.409821,0.1598,0.1803,0.2112,0.2923,0.322,0.2746,0.1611,0.369,1,Metamorphics,IND2497,305,290.0,340.0,2.099378824234009,0.0,27.1,35.85000000000002,34.35,37.65,1.1016,0.9394,1.1726,0.6559,0.9078,50.0,27.1,3.3,Geological Survey of India / IBM Mineral Inventory,newly_added_v2
Adilabad_Tamsi,Telangana,19.691175,78.409447,0.1462,0.1752,0.1619,0.4716,0.3183,0.2226,0.4889,0.215,1,Metamorphics,IND2497,290,275.0,325.0,6.7868266105651855,3.79,31.79,37.97000000000003,36.47,39.77,0.6749,0.472,1.4299,0.5086,1.4816,50.0,28.0,3.3,Geological Survey of India / IBM Mineral Inventory,newly_added_v2
Adilabad_Tamsi,Telangana,19.690885,78.411305,0.1723,0.2094,0.2556,0.3875,0.4148,0.3175,0.2051,0.041,1,Metamorphics,IND2497,292,277.0,327.0,5.88265323638916,2.88,30.88,35.85000000000002,34.35,37.65,1.0705,0.8194,1.3065,0.6162,0.9342,50.0,28.0,3.3,Geological Survey of India / IBM Mineral Inventory,newly_added_v2
Adilabad_Tamsi,Telangana,19.692286,78.409968,0.1479,0.1843,0.1678,0.5233,0.3334,0.2266,0.5144,0.201,1,Metamorphics,IND2497,292,277.0,327.0,1.9694342613220215,0.0,26.97,36.49000000000001,34.99,38.29,0.6371,0.433,1.4713,0.5033,1.5696,50.0,26.97,3.3,Geological Survey of India / IBM Mineral Inventory,newly_added_v2
Adilabad_Tamsi,Telangana,19.691868,78.411322,0.1546,0.1835,0.1837,0.4587,0.3288,0.2368,0.4281,0.077,1,Metamorphics,IND2497,289,274.0,324.0,0.0,0.0,25.0,34.73000000000002,33.23,36.53,0.7168,0.5162,1.3885,0.5587,1.3951,50.0,25.0,3.3,Geological Survey of India / IBM Mineral Inventory,newly_added_v2
Adilabad_Tamsi,Telangana,19.691372,78.411929,0.1697,0.1944,0.223,0.4351,0.3465,0.2682,0.3223,0.049,1,Metamorphics,IND2497,292,277.0,327.0,0.985001266002655,0.0,25.99,35.85000000000002,34.35,37.65,0.7964,0.6164,1.2919,0.6436,1.2557,50.0,25.99,3.3,Geological Survey of India / IBM Mineral Inventory,newly_added_v2
Adilabad_Tamsi,Telangana,19.690247,78.409508,0.1463,0.1753,0.1524,0.4835,0.323,0.2155,0.5207,0.234,1,Metamorphics,IND2497,298,283.0,333.0,1.8543341159820557,0.0,26.85,37.97000000000003,36.47,39.77,0.668,0.4457,1.4988,0.4718,1.4969,50.0,26.85,3.3,Geological Survey of India / IBM Mineral Inventory,newly_added_v2
Adilabad_Tamsi,Telangana,19.691886,78.412183,0.1566,0.1814,0.1677,0.4962,0.3254,0.2169,0.4948,0.105,1,Metamorphics,IND2497,289,274.0,324.0,2.7802884578704834,0.0,27.78,34.73000000000002,33.23,36.53,0.6558,0.4371,1.5002,0.5154,1.5249,50.0,27.78,3.3,Geological Survey of India / IBM Mineral Inventory,newly_added_v2
Adilabad_Tamsi,Telangana,19.691273,78.414748,0.1521,0.1828,0.165,0.5044,0.3182,0.2068,0.507,0.341,1,Metamorphics,IND2497,290,275.0,325.0,0.9274099469184875,0.0,25.93,35.85000000000002,34.35,37.65,0.6308,0.41,1.5387,0.5185,1.5852,50.0,25.93,3.3,Geological Survey of India / IBM Mineral Inventory,newly_added_v2
Adilabad_Tamsi,Telangana,19.689662,78.409978,0.1496,0.1728,0.1924,0.3196,0.3496,0.2719,0.2484,0.234,1,Metamorphics,IND2497,300,285.0,335.0,3.934157609939575,0.93,28.93,35.85000000000002,34.35,37.65,1.0939,0.8508,1.2858,0.5503,0.9142,50.0,28.0,3.3,Geological Survey of India / IBM Mineral Inventory,newly_added_v2
Adilabad_Tamsi,Telangana,19.689872,78.410682,0.1753,0.199,0.2342,0.323,0.4026,0.3187,0.1594,0.171,1,Metamorphics,IND2497,297,282.0,332.0,0.9849927425384521,0.0,25.98,35.85000000000002,34.35,37.65,1.2464,0.9867,1.2633,0.5817,0.8023,50.0,25.98,3.3,Geological Survey of India / IBM Mineral Inventory,newly_added_v2
Adilabad_Tamsi,Telangana,19.692915,78.410708,0.1464,0.1864,0.1654,0.5299,0.3366,0.2327,0.5242,0.208,1,Metamorphics,IND2497,289,274.0,324.0,3.484947681427002,0.48,28.48,36.49000000000001,34.99,38.29,0.6352,0.4391,1.4465,0.4914,1.5743,50.0,28.0,3.3,Geological Survey of India / IBM Mineral Inventory,newly_added_v2
Adilabad_Tamsi,Telangana,19.691023,78.410628,0.1482,0.1781,0.1706,0.4102,0.3347,0.2464,0.4125,0.094,1,Metamorphics,IND2497,290,275.0,325.0,4.732369422912598,1.73,29.73,35.85000000000002,34.35,37.65,0.8159,0.6007,1.3584,0.5097,1.2256,50.0,28.0,3.3,Geological Survey of India / IBM Mineral Inventory,newly_added_v2
Adilabad_Tamsi,Telangana,19.690445,78.412115,0.1566,0.1878,0.196,0.4126,0.3386,0.2589,0.3559,0.106,1,Metamorphics,IND2497,289,274.0,324.0,0.9849961400032043,0.0,25.98,35.85000000000002,34.35,37.65,0.8206,0.6275,1.3078,0.5789,1.2185,50.0,25.98,3.3,Geological Survey of India / IBM Mineral Inventory,newly_added_v2
Adilabad_Tamsi,Telangana,19.690473,78.413876,0.1607,0.1833,0.2078,0.295,0.3407,0.2811,0.1734,0.262,1,Metamorphics,IND2497,293,278.0,328.0,0.9274099469184875,0.0,25.93,35.85000000000002,34.35,37.65,1.1549,0.9529,1.212,0.6099,0.8659,50.0,25.93,3.3,Geological Survey of India / IBM Mineral Inventory,newly_added_v2
Adilabad_Tamsi,Telangana,19.691214,78.410223,0.1481,0.1807,0.1696,0.5284,0.3199,0.2198,0.514,0.134,1,Metamorphics,IND2497,289,274.0,324.0,3.704791784286499,0.7,28.7,37.97000000000003,36.47,39.77,0.6054,0.416,1.4554,0.5302,1.6518,50.0,28.0,3.3,Geological Survey of India / IBM Mineral Inventory,newly_added_v2
Adilabad_Tamsi,Telangana,19.6908,78.411614,0.1659,0.2,0.2196,0.406,0.3537,0.2751,0.298,0.046,1,Metamorphics,IND2497,290,275.0,325.0,0.9274099469184875,0.0,25.93,35.85000000000002,34.35,37.65,0.8712,0.6776,1.2857,0.6209,1.1479,50.0,25.93,3.3,Geological Survey of India / IBM Mineral Inventory,newly_added_v2
Adilabad_Tamsi,Telangana,19.694608,78.411411,0.1568,0.182,0.1968,0.3274,0.3444,0.2691,0.2491,0.379,1,Metamorphics,IND2497,287,272.0,322.0,0.9850200414657593,0.0,25.99,36.49000000000001,34.99,38.29,1.0519,0.8219,1.2798,0.5714,0.9506,50.0,25.99,3.3,Geological Survey of India / IBM Mineral Inventory,newly_added_v2
Adilabad_Tamsi,Telangana,19.691296,78.411931,0.1697,0.1944,0.223,0.4351,0.3465,0.2682,0.3223,0.046,1,Metamorphics,IND2497,292,277.0,327.0,0.985001266002655,0.0,25.99,35.85000000000002,34.35,37.65,0.7964,0.6164,1.2919,0.6436,1.2557,50.0,25.99,3.3,Geological Survey of India / IBM Mineral Inventory,newly_added_v2
Adilabad_Tamsi,Telangana,19.692147,78.411051,0.1489,0.1883,0.166,0.5354,0.34,0.2196,0.5267,0.115,1,Metamorphics,IND2497,290,275.0,325.0,1.352770447731018,0.0,26.35,34.73000000000002,33.23,36.53,0.635,0.4102,1.5483,0.4882,1.5747,50.0,26.35,3.3,Geological Survey of India / IBM Mineral Inventory,newly_added_v2
Adilabad_Tamsi,Telangana,19.693398,78.409287,0.1626,0.1958,0.2074,0.4077,0.3741,0.293,0.3256,0.337,1,Metamorphics,IND2497,290,275.0,325.0,1.9694445133209229,0.0,26.97,36.49000000000001,34.99,38.29,0.9176,0.7187,1.2768,0.5544,1.0898,50.0,26.97,3.3,Geological Survey of India / IBM Mineral Inventory,newly_added_v2
Adilabad_Tamsi,Telangana,19.691953,78.412722,0.1679,0.1981,0.2077,0.3945,0.3947,0.3062,0.3102,0.153,1,Metamorphics,IND2497,289,274.0,324.0,0.9274099469184875,0.0,25.93,34.73000000000002,33.23,36.53,1.0005,0.7762,1.289,0.5262,0.9995,50.0,25.93,3.3,Geological Survey of India / IBM Mineral Inventory,newly_added_v2
Adilabad_Tamsi,Telangana,19.690372,78.408575,0.1552,0.1751,0.2106,0.3028,0.3851,0.3047,0.1796,0.32,1,Metamorphics,IND2497,298,283.0,333.0,5.633240699768066,2.63,30.63,37.97000000000003,36.47,39.77,1.2718,1.0063,1.2639,0.5469,0.7863,50.0,28.0,3.3,Geological Survey of India / IBM Mineral Inventory,newly_added_v2
Adilabad_Tamsi,Telangana,19.693351,78.411316,0.1497,0.1821,0.1748,0.5091,0.354,0.2528,0.4888,0.24,1,Metamorphics,IND2497,289,274.0,324.0,2.099393367767334,0.0,27.1,36.49000000000001,34.99,38.29,0.6953,0.4966,1.4003,0.4938,1.4381,50.0,27.1,3.3,Geological Survey of India / IBM Mineral Inventory,newly_added_v2
Adilabad_Tamsi,Telangana,19.693492,78.41162,0.1486,0.1975,0.1759,0.5253,0.3342,0.2298,0.4983,0.255,1,Metamorphics,IND2497,285,270.0,320.0,1.3527754545211792,0.0,26.35,34.73000000000002,33.23,36.53,0.6362,0.4375,1.4543,0.5263,1.5718,50.0,26.35,3.3,Geological Survey of India / IBM Mineral Inventory,newly_added_v2
Adilabad_Tamsi,Telangana,19.673139,78.471333,0.1701,0.196,0.2181,0.2941,0.3416,0.2845,0.1484,6.586,0,Metamorphics,IND2497,267,252.0,302.0,0.9274099469184875,0.0,25.93,33.39000000000004,31.89,35.19,1.1615,0.9674,1.2007,0.6385,0.8609,50.0,25.93,3.3,Geological Survey of India / IBM Mineral Inventory,newly_added_v2
Adilabad_Tamsi,Telangana,19.739654,78.390723,0.1709,0.1982,0.2432,0.3177,0.4179,0.3335,0.1328,5.817,0,Metamorphics,IND2497,307,292.0,342.0,4.347893714904785,1.35,29.35,37.870000000000005,36.37,39.67,1.3154,1.0497,1.2531,0.582,0.7602,50.0,28.0,3.3,Geological Survey of India / IBM Mineral Inventory,newly_added_v2
Adilabad_Tamsi,Telangana,19.712519,78.431572,0.1626,0.186,0.2279,0.285,0.41,0.3506,0.1113,3.171,0,Metamorphics,IND2497,294,279.0,329.0,1.3528612852096558,0.0,26.35,36.49000000000001,34.99,38.29,1.4386,1.2302,1.1694,0.5559,0.6951,50.0,26.35,3.3,Geological Survey of India / IBM Mineral Inventory,newly_added_v2
Adilabad_Tamsi,Telangana,19.665445,78.401995,0.1541,0.178,0.2005,0.3047,0.3303,0.2629,0.2063,3.035,0,Metamorphics,IND2497,300,285.0,335.0,4.998555660247803,2.0,30.0,36.29000000000002,34.79,38.09,1.084,0.8628,1.2564,0.607,0.9225,50.0,28.0,3.3,Geological Survey of India / IBM Mineral Inventory,newly_added_v2
Adilabad_Tamsi,Telangana,19.663766,78.388949,0.1359,0.1656,0.1571,0.358,0.3304,0.2432,0.39,3.862,0,Metamorphics,IND2497,305,290.0,340.0,2.9521725177764893,0.0,27.95,36.09000000000003,34.59,37.89,0.9229,0.6793,1.3586,0.4755,1.0835,50.0,27.95,3.3,Geological Survey of India / IBM Mineral Inventory,newly_added_v2
Adilabad_Tamsi,Telangana,19.70692,78.467135,0.1802,0.2117,0.247,0.3415,0.3757,0.3062,0.1606,6.088,0,Metamorphics,IND2497,268,253.0,303.0,0.0,0.0,25.0,33.97000000000003,32.47,35.77,1.1001,0.8966,1.227,0.6574,0.909,50.0,25.0,3.3,Geological Survey of India / IBM Mineral Inventory,newly_added_v2
Adilabad_Tamsi,Telangana,19.68673,78.4654,0.1473,0.1855,0.1681,0.4973,0.364,0.254,0.4947,5.671,0,Metamorphics,IND2497,264,249.0,299.0,1.352745532989502,0.0,26.35,32.83000000000004,31.33,34.63,0.732,0.5108,1.4331,0.4618,1.3662,50.0,26.35,3.3,Geological Survey of India / IBM Mineral Inventory,newly_added_v2
Adilabad_Tamsi,Telangana,19.727975,78.385076,0.1796,0.2058,0.2435,0.3292,0.419,0.3449,0.1496,4.943,0,Metamorphics,IND2497,311,296.0,346.0,2.9491748809814453,0.0,27.95,37.31,35.81,39.11,1.2728,1.0477,1.2148,0.5811,0.7857,50.0,27.95,3.3,Geological Survey of India / IBM Mineral Inventory,newly_added_v2
Adilabad_Tamsi,Telangana,19.741776,78.446688,0.1564,0.1773,0.2079,0.3062,0.3496,0.2952,0.1912,6.731,0,Metamorphics,IND2497,266,251.0,301.0,0.9853110313415527,0.0,25.99,35.110000000000014,33.61,36.91,1.1417,0.9641,1.1843,0.5947,0.8759,50.0,25.99,3.3,Geological Survey of India / IBM Mineral Inventory,newly_added_v2
Adilabad_Tamsi,Telangana,19.684278,78.454942,0.1447,0.1674,0.1683,0.3309,0.3173,0.236,0.3257,4.618,0,Metamorphics,IND2497,264,249.0,299.0,1.9693318605422974,0.0,26.97,32.31,30.81,34.11,0.9589,0.7132,1.3445,0.5304,1.0429,50.0,26.97,3.3,Geological Survey of India / IBM Mineral Inventory,newly_added_v2
Adilabad_Tamsi,Telangana,19.694192,78.387689,0.1516,0.171,0.2044,0.289,0.375,0.3042,0.1715,2.518,0,Metamorphics,IND2497,311,296.0,346.0,1.8543341159820557,0.0,26.85,37.110000000000014,35.61,38.91,1.2976,1.0526,1.2327,0.5451,0.7707,50.0,26.85,3.3,Geological Survey of India / IBM Mineral Inventory,newly_added_v2
Adilabad_Tamsi,Telangana,19.687367,78.465593,0.1557,0.1876,0.1728,0.4674,0.3582,0.2552,0.4602,5.686,0,Metamorphics,IND2497,264,249.0,299.0,2.0993757247924805,0.0,27.1,32.83000000000004,31.33,34.63,0.7664,0.546,1.4036,0.4824,1.3049,50.0,27.1,3.3,Geological Survey of India / IBM Mineral Inventory,newly_added_v2
Adilabad_Tamsi,Telangana,19.638363,78.392609,0.1596,0.1836,0.2165,0.3315,0.4209,0.3269,0.2099,6.206,0,Metamorphics,IND2497,298,283.0,333.0,4.051579475402832,1.05,29.05,35.81,34.31,37.61,1.2697,0.9861,1.2875,0.5144,0.7876,50.0,28.0,3.3,Geological Survey of India / IBM Mineral Inventory,newly_added_v2
Adilabad_Tamsi,Telangana,19.732791,78.414187,0.1691,0.1957,0.2416,0.3396,0.4096,0.3217,0.1686,4.638,0,Metamorphics,IND2497,358,343.0,393.0,20.70086669921875,17.7,45.7,37.370000000000005,35.87,39.17,1.2061,0.9473,1.2732,0.5898,0.8291,50.0,28.0,3.3,Geological Survey of India / IBM Mineral Inventory,newly_added_v2
Adilabad_Tamsi,Telangana,19.710376,78.393109,0.1538,0.1714,0.2054,0.2567,0.3131,0.2727,0.111,2.876,0,Metamorphics,IND2497,317,302.0,352.0,2.7041983604431152,0.0,27.7,37.610000000000014,36.11,39.41,1.2197,1.0623,1.1481,0.656,0.8199,50.0,27.7,3.3,Geological Survey of India / IBM Mineral Inventory,newly_added_v2
Adilabad_Tamsi,Telangana,19.630711,78.392576,0.1667,0.1928,0.2313,0.3194,0.412,0.322,0.16,7.02,0,Metamorphics,IND2497,373,358.0,408.0,25.53265953063965,22.53,50.53,36.55000000000001,35.05,38.35,1.2899,1.0081,1.2795,0.5614,0.7752,50.0,28.0,3.3,Geological Survey of India / IBM Mineral Inventory,newly_added_v2
Adilabad_Tamsi,Telangana,19.639132,78.379952,0.172,0.2012,0.2444,0.3438,0.3982,0.339,0.169,6.673,0,Metamorphics,IND2497,306,291.0,341.0,0.9274099469184875,0.0,25.93,35.79000000000002,34.29,37.59,1.1582,0.986,1.1746,0.6138,0.8634,50.0,25.93,3.3,Geological Survey of India / IBM Mineral Inventory,newly_added_v2
Adilabad_Tamsi,Telangana,19.711465,78.433695,0.1683,0.1979,0.24,0.3526,0.4263,0.3395,0.19,3.24,0,Metamorphics,IND2497,296,281.0,331.0,4.041840076446533,1.04,29.04,36.49000000000001,34.99,38.29,1.209,0.9628,1.2557,0.563,0.8271,50.0,28.0,3.3,Geological Survey of India / IBM Mineral Inventory,newly_added_v2
Adilabad_Tamsi,Telangana,19.720433,78.388637,0.1747,0.2006,0.239,0.3108,0.3882,0.3251,0.1306,4.041,0,Metamorphics,IND2497,337,322.0,372.0,7.10538387298584,4.11,32.11,38.190000000000055,36.69,39.99,1.249,1.046,1.1941,0.6157,0.8006,50.0,28.0,3.3,Geological Survey of India / IBM Mineral Inventory,newly_added_v2
Adilabad_Tamsi,Telangana,19.728506,78.364032,0.1667,0.1927,0.2299,0.3208,0.4178,0.335,0.1651,6.481,0,Metamorphics,IND2497,303,288.0,338.0,7.631705284118652,4.63,32.63,38.670000000000016,37.17,40.47,1.3024,1.0443,1.2472,0.5503,0.7678,50.0,28.0,3.3,Geological Survey of India / IBM Mineral Inventory,newly_added_v2
Adilabad_Tamsi,Telangana,19.706797,78.476147,0.1475,0.1777,0.1536,0.525,0.34,0.2291,0.5473,6.995,0,Metamorphics,IND2497,257,242.0,292.0,1.9696118831634521,0.0,26.97,34.55000000000001,33.05,36.35,0.6476,0.4364,1.4841,0.4518,1.5441,50.0,26.97,3.3,Geological Survey of India / IBM Mineral Inventory,newly_added_v2
Adilabad_Tamsi,Telangana,19.718084,78.433022,0.1778,0.208,0.2496,0.3492,0.4059,0.318,0.1663,3.748,0,Metamorphics,IND2497,282,267.0,317.0,1.8543341159820557,0.0,26.85,35.33000000000004,33.83,37.13,1.1624,0.9107,1.2764,0.6149,0.8603,50.0,26.85,3.3,Geological Survey of India / IBM Mineral Inventory,newly_added_v2
Adilabad_Tamsi,Telangana,19.734122,78.370866,0.1676,0.1862,0.2247,0.2767,0.3679,0.3003,0.1037,6.401,0,Metamorphics,IND2497,307,292.0,342.0,3.8328616619110107,0.83,28.83,39.27000000000004,37.77,41.07,1.3296,1.0853,1.2251,0.6108,0.7521,50.0,28.0,3.3,Geological Survey of India / IBM Mineral Inventory,newly_added_v2
Adilabad_Tamsi,Telangana,19.661639,78.38177,0.2053,0.2386,0.2768,0.3577,0.4153,0.3417,0.1275,4.532,0,Metamorphics,IND2497,312,297.0,347.0,2.176215887069702,0.0,27.18,36.690000000000055,35.19,38.49,1.161,0.9553,1.2154,0.6665,0.8613,50.0,27.18,3.3,Geological Survey of India / IBM Mineral Inventory,newly_added_v2
Adilabad_Tamsi,Telangana,19.717792,78.398184,0.1906,0.2248,0.2712,0.3448,0.4004,0.3405,0.1195,3.273,0,Metamorphics,IND2497,329,314.0,364.0,5.882762908935547,2.88,30.88,36.870000000000005,35.37,38.67,1.1613,0.9875,1.1759,0.6773,0.8611,50.0,28.0,3.3,Geological Survey of India / IBM Mineral Inventory,newly_added_v2
Adilabad_Tamsi,Telangana,19.751808,78.401804,0.1669,0.1871,0.2182,0.3446,0.402,0.3035,0.2246,6.823,0,Metamorphics,IND2497,450,435.0,485.0,18.467018127441406,15.47,43.47,37.690000000000055,36.19,39.49,1.1666,0.8807,1.3245,0.5428,0.8572,50.0,28.0,3.3,Geological Survey of India / IBM Mineral Inventory,newly_added_v2
Adilabad_Tamsi,Telangana,19.734474,78.369102,0.1546,0.1739,0.2062,0.2881,0.3667,0.2904,0.1657,6.554,0,Metamorphics,IND2497,309,294.0,344.0,1.8543341159820557,0.0,26.85,38.99000000000001,37.49,40.79,1.2728,1.008,1.2627,0.5623,0.7857,50.0,26.85,3.3,Geological Survey of India / IBM Mineral Inventory,newly_added_v2
Adilabad_Tamsi,Telangana,19.689213,78.386554,0.1584,0.1821,0.2105,0.2952,0.3776,0.3034,0.1675,2.624,0,Metamorphics,IND2497,313,298.0,348.0,2.9490952491760254,0.0,27.95,37.13000000000005,35.63,38.93,1.2791,1.0278,1.2446,0.5575,0.7818,50.0,27.95,3.3,Geological Survey of India / IBM Mineral Inventory,newly_added_v2
Adilabad_Tamsi,Telangana,19.725102,78.394781,0.1545,0.1724,0.1982,0.2518,0.3416,0.2938,0.1191,4.161,0,Metamorphics,IND2497,387,372.0,422.0,19.83069610595703,16.83,44.83,37.51000000000005,36.01,39.31,1.3566,1.1668,1.1627,0.5802,0.7371,50.0,28.0,3.3,Geological Survey of India / IBM Mineral Inventory,newly_added_v2
Adilabad_Tamsi,Telangana,19.729622,78.36466,0.1731,0.1994,0.2436,0.3149,0.4412,0.3479,0.1277,6.511,0,Metamorphics,IND2497,307,292.0,342.0,7.0971760749816895,4.1,32.1,38.670000000000016,37.17,40.47,1.4011,1.1048,1.2682,0.5521,0.7137,50.0,28.0,3.3,Geological Survey of India / IBM Mineral Inventory,newly_added_v2
Adilabad_Tamsi,Telangana,19.684995,78.473681,0.1675,0.198,0.2185,0.3342,0.3255,0.2665,0.2093,6.554,0,Metamorphics,IND2497,265,250.0,300.0,1.9693421125411987,0.0,26.97,33.25000000000006,31.75,35.05,0.974,0.7974,1.2214,0.6713,1.0267,50.0,26.97,3.3,Geological Survey of India / IBM Mineral Inventory,newly_added_v2
Adilabad_Tamsi,Telangana,19.736191,78.450078,0.1551,0.1738,0.1986,0.2882,0.3556,0.297,0.1841,6.437,0,Metamorphics,IND2497,271,256.0,306.0,2.9491920471191406,0.0,27.95,35.31,33.81,37.11,1.2339,1.0305,1.1973,0.5585,0.8105,50.0,27.95,3.3,Geological Survey of India / IBM Mineral Inventory,newly_added_v2
Adilabad_Tamsi,Telangana,19.730064,78.360696,0.1702,0.1931,0.2369,0.309,0.3979,0.3163,0.1321,6.861,0,Metamorphics,IND2497,312,297.0,347.0,2.099498987197876,0.0,27.1,38.670000000000016,37.17,40.47,1.2877,1.0236,1.258,0.5954,0.7766,50.0,27.1,3.3,Geological Survey of India / IBM Mineral Inventory,newly_added_v2
Adilabad_Tamsi,Telangana,19.704383,78.380009,0.144,0.1672,0.179,0.3501,0.2894,0.2321,0.3234,3.612,0,Metamorphics,IND2497,320,305.0,355.0,0.9274099469184875,0.0,25.93,37.29000000000002,35.79,39.09,0.8266,0.663,1.2469,0.6185,1.2097,50.0,25.93,3.3,Geological Survey of India / IBM Mineral Inventory,newly_added_v2
Adilabad_Tamsi,Telangana,19.676541,78.454585,0.1733,0.1989,0.2274,0.3404,0.4197,0.3283,0.199,4.802,0,Metamorphics,IND2497,275,260.0,310.0,0.0,0.0,25.0,32.35000000000002,30.85,34.15,1.233,0.9645,1.2784,0.5418,0.8111,50.0,25.0,3.3,Geological Survey of India / IBM Mineral Inventory,newly_added_v2
Adilabad_Tamsi,Telangana,19.699363,78.472684,0.1544,0.1909,0.1868,0.3902,0.3138,0.2372,0.3525,6.477,0,Metamorphics,IND2497,262,247.0,297.0,1.9695196151733398,0.0,26.97,33.55000000000001,32.05,35.35,0.8042,0.6079,1.3229,0.5953,1.2435,50.0,26.97,3.3,Geological Survey of India / IBM Mineral Inventory,newly_added_v2
Adilabad_Tamsi,Telangana,19.699427,78.434904,0.1737,0.201,0.2204,0.3156,0.344,0.2794,0.1776,2.618,0,Metamorphics,IND2497,288,273.0,323.0,0.0,0.0,25.0,34.39000000000004,32.89,36.19,1.09,0.8853,1.2312,0.6407,0.9174,50.0,25.0,3.3,Geological Survey of India / IBM Mineral Inventory,newly_added_v2
Adilabad_Tamsi,Telangana,19.715688,78.381755,0.1553,0.1775,0.2117,0.3322,0.4025,0.3083,0.2215,4.141,0,Metamorphics,IND2497,339,324.0,374.0,6.945010185241699,3.95,31.95,37.43000000000001,35.93,39.23,1.2116,0.9281,1.3055,0.526,0.8253,50.0,28.0,3.3,Geological Survey of India / IBM Mineral Inventory,newly_added_v2
Adilabad_Tamsi,Telangana,19.67921,78.48031,0.1601,0.1864,0.2059,0.3525,0.3606,0.2883,0.2625,7.334,0,Metamorphics,IND2497,268,253.0,303.0,0.9274099469184875,0.0,25.93,33.79000000000002,32.29,35.59,1.023,0.8179,1.2508,0.571,0.9775,50.0,25.93,3.3,Geological Survey of India / IBM Mineral Inventory,newly_added_v2
Adilabad_Tamsi,Telangana,19.649782,78.443597,0.1704,0.1987,0.2297,0.3622,0.421,0.3346,0.2239,5.707,0,Metamorphics,IND2497,291,276.0,326.0,1.8543341159820557,0.0,26.85,33.910000000000025,32.41,35.71,1.1623,0.9238,1.2582,0.5456,0.8603,50.0,26.85,3.3,Geological Survey of India / IBM Mineral Inventory,newly_added_v2
Adilabad_Tamsi,Telangana,19.626388,78.39556,0.1787,0.205,0.2493,0.3331,0.4002,0.3251,0.1439,7.406,0,Metamorphics,IND2497,312,297.0,347.0,4.911430358886719,1.91,29.91,36.55000000000001,35.05,38.35,1.2014,0.976,1.231,0.6229,0.8323,50.0,28.0,3.3,Geological Survey of India / IBM Mineral Inventory,newly_added_v2
Adilabad_Tamsi,Telangana,19.739598,78.457016,0.1506,0.1686,0.1893,0.2703,0.3194,0.269,0.1762,7.196,0,Metamorphics,IND2497,264,249.0,299.0,0.0,0.0,25.0,35.55000000000001,34.05,37.35,1.1817,0.9952,1.1874,0.5927,0.8463,50.0,25.0,3.3,Geological Survey of India / IBM Mineral Inventory,newly_added_v2
Adilabad_Tamsi,Telangana,19.719857,78.474699,0.1615,0.1804,0.2091,0.2843,0.3897,0.327,0.1524,7.352,0,Metamorphics,IND2497,269,254.0,304.0,1.8543341159820557,0.0,26.85,33.690000000000055,32.19,35.49,1.3707,1.1502,1.1917,0.5366,0.7295,50.0,26.85,3.3,Geological Survey of India / IBM Mineral Inventory,newly_added_v2
Adilabad_Tamsi,Telangana,19.684826,78.480941,0.1513,0.1792,0.1669,0.5544,0.3096,0.2108,0.5372,7.313,0,Metamorphics,IND2497,260,245.0,295.0,3.4848222732543945,0.48,28.48,34.690000000000055,33.19,36.49,0.5584,0.3802,1.4687,0.5391,1.7907,50.0,28.0,3.3,Geological Survey of India / IBM Mineral Inventory,newly_added_v2
Adilabad_Tamsi,Telangana,19.666151,78.4231,0.1737,0.1994,0.2323,0.3271,0.3736,0.308,0.1695,3.042,0,Metamorphics,IND2497,278,263.0,313.0,0.9274099469184875,0.0,25.93,35.49000000000001,33.99,37.29,1.1422,0.9416,1.213,0.6218,0.8755,50.0,25.93,3.3,Geological Survey of India / IBM Mineral Inventory,newly_added_v2
Adilabad_Pippalkoti,Telangana,19.781012,78.583482,0.1772,0.2085,0.246,0.3099,0.3726,0.297,0.1149,0.282,1,Metamorphics,IND2497,216,201.0,251.0,2.7802884578704834,0.0,27.78,37.03000000000003,35.53,38.83,1.2023,0.9584,1.2545,0.6602,0.8317,50.0,27.78,3.3,Geological Survey of India Bulletin Series A,newly_added_v2
Adilabad_Pippalkoti,Telangana,19.779865,78.580837,0.1826,0.2124,0.2567,0.3352,0.4016,0.3212,0.1326,0.238,1,Metamorphics,IND2497,215,200.0,250.0,3.4863102436065674,0.49,28.49,37.03000000000003,35.53,38.83,1.1981,0.9582,1.2503,0.6392,0.8347,50.0,28.0,3.3,Geological Survey of India Bulletin Series A,newly_added_v2
Adilabad_Pippalkoti,Telangana,19.780737,78.580299,0.231,0.2654,0.3029,0.3509,0.4082,0.3734,0.0734,0.159,1,Metamorphics,IND2497,210,195.0,245.0,4.8142218589782715,1.81,29.81,37.03000000000003,35.53,38.83,1.1633,1.0641,1.0932,0.742,0.8596,50.0,28.0,3.3,Geological Survey of India Bulletin Series A,newly_added_v2
Adilabad_Pippalkoti,Telangana,19.781743,78.579969,0.2132,0.2389,0.2682,0.3014,0.316,0.2853,0.0583,0.112,1,Metamorphics,IND2497,209,194.0,244.0,4.348838806152344,1.35,29.35,37.03000000000003,35.53,38.83,1.0484,0.9466,1.1076,0.8487,0.9538,50.0,28.0,3.3,Geological Survey of India Bulletin Series A,newly_added_v2
Adilabad_Pippalkoti,Telangana,19.782165,78.580911,0.1774,0.2053,0.235,0.3556,0.4074,0.3286,0.2042,0.021,1,Metamorphics,IND2497,218,203.0,253.0,4.043534278869629,1.04,29.04,37.03000000000003,35.53,38.83,1.1457,0.9241,1.2398,0.5768,0.8729,50.0,28.0,3.3,Geological Survey of India Bulletin Series A,newly_added_v2
Adilabad_Pippalkoti,Telangana,19.781633,78.578996,0.1816,0.2084,0.2467,0.3308,0.3963,0.3245,0.1456,0.214,1,Metamorphics,IND2497,216,201.0,251.0,6.735913276672363,3.74,31.74,37.03000000000003,35.53,38.83,1.198,0.981,1.2213,0.6225,0.8347,50.0,28.0,3.3,Geological Survey of India Bulletin Series A,newly_added_v2
Adilabad_Pippalkoti,Telangana,19.780766,78.578593,0.185,0.2114,0.2522,0.3314,0.3988,0.3294,0.1357,0.287,1,Metamorphics,IND2497,217,202.0,252.0,3.405993938446045,0.41,28.41,37.03000000000003,35.53,38.83,1.2034,0.994,1.2107,0.6324,0.831,50.0,28.0,3.3,Geological Survey of India Bulletin Series A,newly_added_v2
Adilabad_Pippalkoti,Telangana,19.783228,78.581614,0.1797,0.209,0.2414,0.3555,0.4248,0.3348,0.1912,0.151,1,Metamorphics,IND2497,218,203.0,253.0,3.0960216522216797,0.1,28.1,37.03000000000003,35.53,38.83,1.1949,0.9418,1.2688,0.5683,0.8369,50.0,28.0,3.3,Geological Survey of India Bulletin Series A,newly_added_v2
Adilabad_Pippalkoti,Telangana,19.780876,78.583166,0.1922,0.2229,0.2633,0.3644,0.3999,0.3188,0.1611,0.259,1,Metamorphics,IND2497,215,200.0,250.0,2.0996463298797607,0.0,27.1,37.03000000000003,35.53,38.83,1.0974,0.8749,1.2544,0.6584,0.9112,50.0,27.1,3.3,Geological Survey of India Bulletin Series A,newly_added_v2
Adilabad_Pippalkoti,Telangana,19.78269,78.579964,0.2117,0.2354,0.2633,0.2817,0.3033,0.2762,0.0338,0.133,1,Metamorphics,IND2497,209,194.0,244.0,2.09965181350708,0.0,27.1,37.03000000000003,35.53,38.83,1.0767,0.9805,1.0981,0.8681,0.9288,50.0,27.1,3.3,Geological Survey of India Bulletin Series A,newly_added_v2
Adilabad_Pippalkoti,Telangana,19.78122,78.583532,0.1878,0.2194,0.2593,0.3458,0.3902,0.3182,0.143,0.279,1,Metamorphics,IND2497,218,203.0,253.0,1.8543341159820557,0.0,26.85,37.03000000000003,35.53,38.83,1.1284,0.9202,1.2263,0.6645,0.8862,50.0,26.85,3.3,Geological Survey of India Bulletin Series A,newly_added_v2
Adilabad_Pippalkoti,Telangana,19.78101,78.581683,0.1599,0.185,0.1989,0.3439,0.3596,0.2867,0.2671,0.131,1,Metamorphics,IND2497,215,200.0,250.0,2.949284076690674,0.0,27.95,37.03000000000003,35.53,38.83,1.0457,0.8337,1.2543,0.5531,0.9563,50.0,27.95,3.3,Geological Survey of India Bulletin Series A,newly_added_v2
Adilabad_Pippalkoti,Telangana,19.781581,78.58251,0.1695,0.1954,0.2194,0.3275,0.3621,0.3046,0.1977,0.165,1,Metamorphics,IND2497,217,202.0,252.0,0.0,0.0,25.0,37.03000000000003,35.53,38.83,1.1056,0.9301,1.1888,0.6059,0.9044,50.0,25.0,3.3,Geological Survey of India Bulletin Series A,newly_added_v2
Adilabad_Pippalkoti,Telangana,19.781481,78.581301,0.1765,0.1999,0.2255,0.3531,0.3415,0.289,0.2205,0.066,1,Metamorphics,IND2497,218,203.0,253.0,4.053494930267334,1.05,29.05,37.03000000000003,35.53,38.83,0.9671,0.8185,1.1817,0.6603,1.034,50.0,28.0,3.3,Geological Survey of India Bulletin Series A,newly_added_v2
Adilabad_Pippalkoti,Telangana,19.78058,78.577928,0.1787,0.2042,0.2437,0.342,0.4069,0.3276,0.1678,0.359,1,Metamorphics,IND2497,216,201.0,251.0,1.9705196619033813,0.0,26.97,36.610000000000014,35.11,38.41,1.1898,0.9579,1.2421,0.5989,0.8405,50.0,26.97,3.3,Geological Survey of India Bulletin Series A,newly_added_v2
Adilabad_Pippalkoti,Telangana,19.779682,78.578814,0.1466,0.1655,0.1528,0.1592,0.1588,0.1432,0.0205,0.345,1,Metamorphics,IND2497,210,195.0,245.0,1.8543341159820557,0.0,26.85,37.03000000000003,35.53,38.83,0.9975,0.8995,1.1089,0.9622,1.0025,50.0,26.85,3.3,Geological Survey of India Bulletin Series A,newly_added_v2
Adilabad_Pippalkoti,Telangana,19.780899,78.580637,0.1836,0.2114,0.2467,0.3684,0.4209,0.3204,0.1979,0.128,1,Metamorphics,IND2497,215,200.0,250.0,3.9363956451416016,0.94,28.94,37.03000000000003,35.53,38.83,1.1425,0.8697,1.3137,0.5861,0.8753,50.0,28.0,3.3,Geological Survey of India Bulletin Series A,newly_added_v2
Adilabad_Pippalkoti,Telangana,19.781958,78.581187,0.1757,0.2033,0.235,0.3755,0.3843,0.3138,0.2301,0.02,1,Metamorphics,IND2497,219,204.0,254.0,3.0960021018981934,0.1,28.1,37.03000000000003,35.53,38.83,1.0234,0.8357,1.2247,0.6115,0.9771,50.0,28.0,3.3,Geological Survey of India Bulletin Series A,newly_added_v2
Adilabad_Pippalkoti,Telangana,19.780624,78.580196,0.2382,0.2738,0.3114,0.3522,0.4059,0.3717,0.0615,0.175,1,Metamorphics,IND2497,212,197.0,247.0,4.05348014831543,1.05,29.05,37.03000000000003,35.53,38.83,1.1525,1.0554,1.092,0.7672,0.8677,50.0,28.0,3.3,Geological Survey of India Bulletin Series A,newly_added_v2
Adilabad_Pippalkoti,Telangana,19.779758,78.581533,0.1873,0.217,0.2568,0.3418,0.3789,0.3028,0.142,0.256,1,Metamorphics,IND2497,219,204.0,254.0,3.4059860706329346,0.41,28.41,37.03000000000003,35.53,38.83,1.1085,0.8859,1.2513,0.6778,0.9021,50.0,28.0,3.3,Geological Survey of India Bulletin Series A,newly_added_v2
Adilabad_Pippalkoti,Telangana,19.782364,78.582666,0.1883,0.2186,0.2652,0.3513,0.4018,0.3365,0.1397,0.179,1,Metamorphics,IND2497,222,207.0,257.0,3.48634934425354,0.49,28.49,37.03000000000003,35.53,38.83,1.1438,0.9579,1.1941,0.66,0.8743,50.0,28.0,3.3,Geological Survey of India Bulletin Series A,newly_added_v2
Adilabad_Pippalkoti,Telangana,19.783391,78.579943,0.1843,0.2108,0.2243,0.3312,0.3178,0.2856,0.1924,0.19,1,Metamorphics,IND2497,207,192.0,242.0,6.276553153991699,3.28,31.28,37.31,35.81,39.11,0.9595,0.8623,1.1127,0.7058,1.0422,50.0,28.0,3.3,Geological Survey of India Bulletin Series A,newly_added_v2
Adilabad_Pippalkoti,Telangana,19.783331,78.583562,0.1698,0.1948,0.226,0.3268,0.3668,0.2924,0.1823,0.307,1,Metamorphics,IND2497,224,209.0,259.0,0.9274099469184875,0.0,25.93,37.31,35.81,39.11,1.1224,0.8947,1.2544,0.6161,0.8909,50.0,25.93,3.3,Geological Survey of India Bulletin Series A,newly_added_v2
Adilabad_Pippalkoti,Telangana,19.781548,78.580953,0.1775,0.1986,0.2166,0.3837,0.3304,0.2631,0.2784,0.051,1,Metamorphics,IND2497,216,201.0,251.0,4.814238548278809,1.81,29.81,37.03000000000003,35.53,38.83,0.8611,0.6857,1.2558,0.6556,1.1613,50.0,28.0,3.3,Geological Survey of India Bulletin Series A,newly_added_v2
Adilabad_Pippalkoti,Telangana,19.780864,78.583035,0.1922,0.2229,0.2633,0.3644,0.3999,0.3188,0.1611,0.248,1,Metamorphics,IND2497,215,200.0,250.0,2.0996463298797607,0.0,27.1,37.03000000000003,35.53,38.83,1.0974,0.8749,1.2544,0.6584,0.9112,50.0,27.1,3.3,Geological Survey of India Bulletin Series A,newly_added_v2
Adilabad_Pippalkoti,Telangana,19.78202,78.577996,0.175,0.1973,0.2325,0.3147,0.387,0.3234,0.1502,0.315,1,Metamorphics,IND2497,216,201.0,251.0,2.704841375350952,0.0,27.7,36.610000000000014,35.11,38.41,1.2297,1.0276,1.1967,0.6008,0.8132,50.0,27.7,3.3,Geological Survey of India Bulletin Series A,newly_added_v2
Adilabad_Pippalkoti,Telangana,19.782374,78.583471,0.1804,0.2077,0.2507,0.3419,0.3852,0.3229,0.1539,0.262,1,Metamorphics,IND2497,224,209.0,259.0,5.883027076721191,2.88,30.88,37.03000000000003,35.53,38.83,1.1266,0.9444,1.1929,0.6508,0.8876,50.0,28.0,3.3,Geological Survey of India Bulletin Series A,newly_added_v2
Adilabad_Pippalkoti,Telangana,19.782814,78.581134,0.1717,0.1994,0.234,0.3485,0.4046,0.3161,0.1966,0.092,1,Metamorphics,IND2497,218,203.0,253.0,3.0960216522216797,0.1,28.1,37.03000000000003,35.53,38.83,1.161,0.907,1.28,0.5783,0.8613,50.0,28.0,3.3,Geological Survey of India Bulletin Series A,newly_added_v2
Adilabad_Pippalkoti,Telangana,19.78104,78.581161,0.1552,0.178,0.1889,0.3237,0.334,0.266,0.263,0.108,1,Metamorphics,IND2497,215,200.0,250.0,1.353169560432434,0.0,26.35,37.03000000000003,35.53,38.83,1.0318,0.8217,1.2556,0.5656,0.9692,50.0,26.35,3.3,Geological Survey of India Bulletin Series A,newly_added_v2
Adilabad_Pippalkoti,Telangana,19.784626,78.582375,0.1516,0.1723,0.1908,0.2812,0.3195,0.2644,0.1915,0.326,1,Metamorphics,IND2497,221,206.0,256.0,4.733438968658447,1.73,29.73,37.31,35.81,39.11,1.1362,0.9403,1.2084,0.5972,0.8801,50.0,28.0,3.3,Geological Survey of India Bulletin Series A,newly_added_v2
Adilabad_Pippalkoti,Telangana,19.780958,78.579824,0.1962,0.226,0.2339,0.2975,0.2887,0.2596,0.1197,0.169,1,Metamorphics,IND2497,206,191.0,241.0,4.0435075759887695,1.04,29.04,37.03000000000003,35.53,38.83,0.9704,0.8726,1.1121,0.8102,1.0305,50.0,28.0,3.3,Geological Survey of India Bulletin Series A,newly_added_v2
Adilabad_Pippalkoti,Telangana,19.781733,78.580189,0.1453,0.1601,0.1486,0.1515,0.1648,0.1519,0.0097,0.09,1,Metamorphics,IND2497,208,193.0,243.0,2.099649429321289,0.0,27.1,37.03000000000003,35.53,38.83,1.0878,1.0026,1.0849,0.9017,0.9193,50.0,27.1,3.3,Geological Survey of India Bulletin Series A,newly_added_v2
Adilabad_Pippalkoti,Telangana,19.782067,78.582889,0.1904,0.2243,0.2714,0.3387,0.3836,0.3356,0.1103,0.198,1,Metamorphics,IND2497,220,205.0,255.0,5.547544956207275,2.55,30.55,37.03000000000003,35.53,38.83,1.1326,0.9908,1.143,0.7075,0.883,50.0,28.0,3.3,Geological Survey of India Bulletin Series A,newly_added_v2
Adilabad_Pippalkoti,Telangana,19.7843,78.581085,0.159,0.1803,0.2019,0.2884,0.3444,0.2758,0.1764,0.256,1,Metamorphics,IND2497,219,204.0,254.0,0.0,0.0,25.0,37.31,35.81,39.11,1.1942,0.9563,1.2487,0.5862,0.8374,50.0,25.0,3.3,Geological Survey of India Bulletin Series A,newly_added_v2
Adilabad_Pippalkoti,Telangana,19.782328,78.57825,0.1682,0.1894,0.2221,0.3052,0.3572,0.294,0.1576,0.29,1,Metamorphics,IND2497,214,199.0,249.0,0.9855632781982422,0.0,25.99,36.610000000000014,35.11,38.41,1.1704,0.9633,1.215,0.6218,0.8544,50.0,25.99,3.3,Geological Survey of India Bulletin Series A,newly_added_v2
Adilabad_Pippalkoti,Telangana,19.781533,78.581253,0.1765,0.1999,0.2255,0.3531,0.3415,0.289,0.2205,0.058,1,Metamorphics,IND2497,218,203.0,253.0,4.053494930267334,1.05,29.05,37.03000000000003,35.53,38.83,0.9671,0.8185,1.1817,0.6603,1.034,50.0,28.0,3.3,Geological Survey of India Bulletin Series A,newly_added_v2
Adilabad_Pippalkoti,Telangana,19.782723,78.580792,0.1734,0.2043,0.2164,0.4084,0.3876,0.2942,0.3073,0.083,1,Metamorphics,IND2497,209,194.0,244.0,7.889414310455322,4.89,32.89,37.03000000000003,35.53,38.83,0.9491,0.7204,1.3175,0.5583,1.0537,50.0,28.0,3.3,Geological Survey of India Bulletin Series A,newly_added_v2
Adilabad_Pippalkoti,Telangana,19.783763,78.581612,0.1717,0.1955,0.2281,0.3315,0.3954,0.315,0.1848,0.206,1,Metamorphics,IND2497,220,205.0,255.0,2.177574396133423,0.0,27.18,37.31,35.81,39.11,1.1928,0.9502,1.2552,0.5769,0.8384,50.0,27.18,3.3,Geological Survey of India Bulletin Series A,newly_added_v2
Adilabad_Pippalkoti,Telangana,19.782571,78.580146,0.2243,0.2461,0.2669,0.291,0.2913,0.262,0.0432,0.11,1,Metamorphics,IND2497,208,193.0,243.0,2.177565097808838,0.0,27.18,37.03000000000003,35.53,38.83,1.001,0.9003,1.1118,0.9162,0.999,50.0,27.18,3.3,Geological Survey of India Bulletin Series A,newly_added_v2
Adilabad_Pippalkoti,Telangana,19.782526,78.579331,0.2122,0.239,0.2699,0.2951,0.3261,0.2945,0.0446,0.184,1,Metamorphics,IND2497,211,196.0,246.0,9.403095245361328,6.4,34.4,37.03000000000003,35.53,38.83,1.105,0.998,1.1073,0.8277,0.9049,50.0,28.0,3.3,Geological Survey of India Bulletin Series A,newly_added_v2
Adilabad_Pippalkoti,Telangana,19.784332,78.580811,0.1568,0.1779,0.2013,0.2891,0.3412,0.2737,0.179,0.26,1,Metamorphics,IND2497,219,204.0,254.0,2.9492902755737305,0.0,27.95,37.31,35.81,39.11,1.1802,0.9467,1.2466,0.59,0.8473,50.0,27.95,3.3,Geological Survey of India Bulletin Series A,newly_added_v2
Adilabad_Pippalkoti,Telangana,19.784002,78.580309,0.1764,0.2013,0.2358,0.3335,0.4021,0.3229,0.1716,0.234,1,Metamorphics,IND2497,215,200.0,250.0,4.6273674964904785,1.63,29.63,37.31,35.81,39.11,1.2057,0.9682,1.2453,0.5864,0.8294,50.0,28.0,3.3,Geological Survey of India Bulletin Series A,newly_added_v2
Adilabad_Pippalkoti,Telangana,19.779673,78.578884,0.1466,0.1655,0.1528,0.1592,0.1588,0.1432,0.0205,0.341,1,Metamorphics,IND2497,210,195.0,245.0,1.8543341159820557,0.0,26.85,37.03000000000003,35.53,38.83,0.9975,0.8995,1.1089,0.9622,1.0025,50.0,26.85,3.3,Geological Survey of India Bulletin Series A,newly_added_v2
Adilabad_Pippalkoti,Telangana,19.779495,78.58092,0.1892,0.2187,0.2611,0.3388,0.3765,0.3115,0.1295,0.279,1,Metamorphics,IND2497,220,205.0,255.0,2.7048163414001465,0.0,27.7,37.03000000000003,35.53,38.83,1.1113,0.9194,1.2087,0.6935,0.8999,50.0,27.7,3.3,Geological Survey of India Bulletin Series A,newly_added_v2
Adilabad_Pippalkoti,Telangana,19.779263,78.580098,0.1866,0.2185,0.2629,0.3468,0.4165,0.3316,0.1376,0.319,1,Metamorphics,IND2497,216,201.0,251.0,4.916099548339844,1.92,29.92,37.03000000000003,35.53,38.83,1.201,0.9562,1.256,0.6312,0.8327,50.0,28.0,3.3,Geological Survey of India Bulletin Series A,newly_added_v2
Adilabad_Pippalkoti,Telangana,19.779499,78.514361,0.1848,0.21,0.2519,0.3291,0.4738,0.3885,0.1329,6.986,0,Metamorphics,IND2497,239,224.0,274.0,0.0,0.0,25.0,36.55000000000001,35.05,38.35,1.4397,1.1805,1.2196,0.5317,0.6946,50.0,25.0,3.3,Geological Survey of India Bulletin Series A,newly_added_v2
Adilabad_Pippalkoti,Telangana,19.779473,78.627446,0.1572,0.1793,0.1999,0.273,0.2996,0.2414,0.1546,4.873,0,Metamorphics,IND2497,223,208.0,258.0,1.353162169456482,0.0,26.35,38.25000000000006,36.75,40.05,1.0974,0.8842,1.2411,0.6672,0.9112,50.0,26.35,3.3,Geological Survey of India Bulletin Series A,newly_added_v2
Adilabad_Pippalkoti,Telangana,19.760229,78.553855,0.1432,0.1806,0.1614,0.4804,0.3217,0.2182,0.497,3.736,0,Metamorphics,IND2497,234,219.0,269.0,1.8543341159820557,0.0,26.85,37.57000000000005,36.07,39.37,0.6697,0.4542,1.4743,0.5017,1.4933,50.0,26.85,3.3,Geological Survey of India Bulletin Series A,newly_added_v2
Adilabad_Pippalkoti,Telangana,19.725654,78.572938,0.1481,0.1657,0.1895,0.2556,0.2996,0.248,0.1485,6.329,0,Metamorphics,IND2497,237,222.0,272.0,0.9274099469184875,0.0,25.93,36.09000000000003,34.59,37.89,1.1721,0.9703,1.2081,0.6325,0.8531,50.0,25.93,3.3,Geological Survey of India Bulletin Series A,newly_added_v2
Adilabad_Pippalkoti,Telangana,19.77421,78.634141,0.1533,0.188,0.1746,0.3801,0.3003,0.2254,0.3705,5.634,0,Metamorphics,IND2497,224,209.0,259.0,0.9855117201805115,0.0,25.99,37.670000000000016,36.17,39.47,0.7901,0.593,1.3323,0.5814,1.2657,50.0,25.99,3.3,Geological Survey of India Bulletin Series A,newly_added_v2
Adilabad_Pippalkoti,Telangana,19.776226,78.607873,0.1647,0.1893,0.2093,0.2712,0.3166,0.2564,0.1288,2.887,0,Metamorphics,IND2497,226,211.0,261.0,0.9855237603187561,0.0,25.99,38.13000000000005,36.63,39.93,1.1674,0.9454,1.2348,0.6611,0.8566,50.0,25.99,3.3,Geological Survey of India Bulletin Series A,newly_added_v2
Adilabad_Pippalkoti,Telangana,19.767299,78.614359,0.1525,0.1826,0.1945,0.3788,0.3172,0.2416,0.3215,3.859,0,Metamorphics,IND2497,227,212.0,262.0,1.3531070947647095,0.0,26.35,37.53000000000003,36.03,39.33,0.8374,0.6378,1.3129,0.6132,1.1942,50.0,26.35,3.3,Geological Survey of India Bulletin Series A,newly_added_v2
Adilabad_Pippalkoti,Telangana,19.812146,78.61893,0.1868,0.204,0.2389,0.3159,0.3639,0.3097,0.1388,5.201,0,Metamorphics,IND2497,213,198.0,248.0,6.538327693939209,3.54,31.54,36.950000000000045,35.45,38.75,1.1519,0.9804,1.175,0.6565,0.8681,50.0,28.0,3.3,Geological Survey of India Bulletin Series A,newly_added_v2
Adilabad_Pippalkoti,Telangana,19.77067,78.548237,0.177,0.2001,0.2321,0.321,0.3618,0.3025,0.1607,3.656,0,Metamorphics,IND2497,224,209.0,259.0,2.949262857437134,0.0,27.95,37.670000000000016,36.17,39.47,1.1271,0.9424,1.196,0.6415,0.8872,50.0,27.95,3.3,Geological Survey of India Bulletin Series A,newly_added_v2
Adilabad_Pippalkoti,Telangana,19.831834,78.603614,0.1623,0.1878,0.2107,0.3101,0.3295,0.264,0.1909,6.032,0,Metamorphics,IND2497,222,207.0,257.0,2.9493885040283203,0.0,27.95,38.03000000000003,36.53,39.83,1.0626,0.8513,1.2481,0.6395,0.9411,50.0,27.95,3.3,Geological Survey of India Bulletin Series A,newly_added_v2
Adilabad_Pippalkoti,Telangana,19.742687,78.569539,0.1601,0.1934,0.1929,0.4656,0.3373,0.2534,0.4141,4.538,0,Metamorphics,IND2497,226,211.0,261.0,0.9853178858757019,0.0,25.99,35.07000000000005,33.57,36.87,0.7244,0.5442,1.3311,0.5719,1.3804,50.0,25.99,3.3,Geological Survey of India Bulletin Series A,newly_added_v2
Adilabad_Pippalkoti,Telangana,19.79302,78.623114,0.1724,0.1933,0.2189,0.2872,0.302,0.2448,0.135,4.579,0,Metamorphics,IND2497,221,206.0,256.0,0.9274099469184875,0.0,25.93,37.33000000000004,35.83,39.13,1.0515,0.8524,1.2337,0.7248,0.951,50.0,25.93,3.3,Geological Survey of India Bulletin Series A,newly_added_v2
Adilabad_Pippalkoti,Telangana,19.816159,78.556276,0.1691,0.1925,0.2242,0.3111,0.3227,0.2677,0.1623,4.601,0,Metamorphics,IND2497,221,206.0,256.0,0.9857714176177979,0.0,25.99,37.25000000000006,35.75,39.05,1.0373,0.8605,1.2055,0.6948,0.9641,50.0,25.99,3.3,Geological Survey of India Bulletin Series A,newly_added_v2
Adilabad_Pippalkoti,Telangana,19.765657,78.532256,0.1595,0.1865,0.2333,0.3163,0.409,0.3412,0.151,5.42,0,Metamorphics,IND2497,236,221.0,271.0,2.099601984024048,0.0,27.1,36.55000000000001,35.05,38.35,1.2931,1.0787,1.1987,0.5704,0.7733,50.0,27.1,3.3,Geological Survey of India Bulletin Series A,newly_added_v2
Adilabad_Pippalkoti,Telangana,19.787961,78.516551,0.156,0.1758,0.2062,0.2849,0.3844,0.3141,0.1603,6.784,0,Metamorphics,IND2497,244,229.0,279.0,3.486436605453491,0.49,28.49,36.89000000000004,35.39,38.69,1.3492,1.1025,1.2238,0.5364,0.7412,50.0,28.0,3.3,Geological Survey of India Bulletin Series A,newly_added_v2
Adilabad_Pippalkoti,Telangana,19.821516,78.582556,0.1715,0.1918,0.235,0.2891,0.336,0.2917,0.1032,4.402,0,Metamorphics,IND2497,216,201.0,251.0,2.099763870239258,0.0,27.1,37.75000000000006,36.25,39.55,1.1622,1.009,1.1519,0.6994,0.8604,50.0,27.1,3.3,Geological Survey of India Bulletin Series A,newly_added_v2
Adilabad_Pippalkoti,Telangana,19.782835,78.540353,0.1712,0.1906,0.2077,0.3064,0.3604,0.2973,0.192,4.259,0,Metamorphics,IND2497,220,205.0,255.0,0.9274099469184875,0.0,25.93,37.39000000000004,35.89,39.19,1.1762,0.9703,1.2122,0.5763,0.8502,50.0,25.93,3.3,Geological Survey of India Bulletin Series A,newly_added_v2
Adilabad_Pippalkoti,Telangana,19.840207,78.562365,0.1696,0.1892,0.2086,0.3051,0.3638,0.2959,0.1879,6.767,0,Metamorphics,IND2497,234,219.0,269.0,0.9274099368611016,0.0,25.93,38.25000000000006,36.75,40.05,1.1924,0.9698,1.2295,0.5734,0.8386,50.0,25.93,3.3,Geological Survey of India Bulletin Series A,newly_added_v2
Adilabad_Pippalkoti,Telangana,19.781356,78.537138,0.1714,0.1954,0.2285,0.3196,0.377,0.3246,0.1662,4.595,0,Metamorphics,IND2497,221,206.0,256.0,1.9705299139022827,0.0,26.97,37.39000000000004,35.89,39.19,1.1796,1.0156,1.1614,0.6061,0.8477,50.0,26.97,3.3,Geological Survey of India Bulletin Series A,newly_added_v2
Adilabad_Pippalkoti,Telangana,19.744559,78.55083,0.1841,0.2175,0.2619,0.3732,0.43,0.354,0.1752,5.231,0,Metamorphics,IND2497,236,221.0,271.0,2.099541664123535,0.0,27.1,36.610000000000014,35.11,38.41,1.1522,0.9486,1.2147,0.6091,0.8679,50.0,27.1,3.3,Geological Survey of India Bulletin Series A,newly_added_v2
Adilabad_Pippalkoti,Telangana,19.78818,78.61476,0.1552,0.1757,0.1963,0.2765,0.2978,0.2441,0.1696,3.603,0,Metamorphics,IND2497,223,208.0,258.0,1.8543341159820557,0.0,26.85,38.01000000000005,36.51,39.81,1.077,0.8828,1.22,0.6592,0.9285,50.0,26.85,3.3,Geological Survey of India Bulletin Series A,newly_added_v2
Adilabad_Pippalkoti,Telangana,19.823337,78.589101,0.1778,0.2003,0.2464,0.3067,0.3426,0.3124,0.109,4.679,0,Metamorphics,IND2497,222,207.0,257.0,2.705211639404297,0.0,27.71,37.75000000000006,36.25,39.55,1.1171,1.0186,1.0967,0.7192,0.8952,50.0,27.71,3.3,Geological Survey of India Bulletin Series A,newly_added_v2
Adilabad_Pippalkoti,Telangana,19.765827,78.54498,0.1706,0.1957,0.2364,0.3206,0.3923,0.3218,0.1512,4.181,0,Metamorphics,IND2497,238,223.0,273.0,1.9703377485275269,0.0,26.97,37.79000000000002,36.29,39.59,1.2236,1.0037,1.2191,0.6026,0.8172,50.0,26.97,3.3,Geological Survey of India Bulletin Series A,newly_added_v2
Adilabad_Pippalkoti,Telangana,19.802666,78.61816,0.1519,0.1805,0.1715,0.4638,0.3152,0.2285,0.4601,4.522,0,Metamorphics,IND2497,215,200.0,250.0,0.9274099469184875,0.0,25.93,36.690000000000055,35.19,38.49,0.6796,0.4927,1.3794,0.5441,1.4714,50.0,25.93,3.3,Geological Survey of India Bulletin Series A,newly_added_v2
Adilabad_Pippalkoti,Telangana,19.812213,78.614186,0.1625,0.1817,0.1752,0.1972,0.1973,0.1816,0.0591,4.837,0,Metamorphics,IND2497,201,186.0,236.0,0.9274099469184875,0.0,25.93,36.950000000000045,35.45,38.75,1.0005,0.9209,1.0865,0.888,0.9995,50.0,25.93,3.3,Geological Survey of India Bulletin Series A,newly_added_v2
Adilabad_Pippalkoti,Telangana,19.831685,78.590033,0.1736,0.197,0.232,0.3216,0.3857,0.3109,0.1618,5.611,0,Metamorphics,IND2497,223,208.0,258.0,0.9274099469184875,0.0,25.93,38.33000000000004,36.83,40.13,1.1993,0.9667,1.2406,0.6015,0.8338,50.0,25.93,3.3,Geological Survey of India Bulletin Series A,newly_added_v2
Adilabad_Pippalkoti,Telangana,19.745087,78.564202,0.1567,0.1764,0.2018,0.282,0.3503,0.2857,0.1658,4.47,0,Metamorphics,IND2497,227,212.0,262.0,1.3530083894729614,0.0,26.35,35.63000000000005,34.13,37.43,1.2422,1.0131,1.2261,0.5761,0.805,50.0,26.35,3.3,Geological Survey of India Bulletin Series A,newly_added_v2
Adilabad_Pippalkoti,Telangana,19.767226,78.56134,0.1782,0.2074,0.2446,0.3146,0.333,0.2843,0.1252,2.636,0,Metamorphics,IND2497,225,210.0,260.0,1.8543341159820557,0.0,26.85,37.150000000000034,35.65,38.95,1.0585,0.9037,1.1713,0.7345,0.9447,50.0,26.85,3.3,Geological Survey of India Bulletin Series A,newly_added_v2
Adilabad_Pippalkoti,Telangana,19.75427,78.588232,0.1544,0.1724,0.2015,0.2666,0.33,0.2747,0.1391,3.178,0,Metamorphics,IND2497,233,218.0,268.0,0.9853898882865906,0.0,25.99,35.27000000000004,33.77,37.07,1.2378,1.0304,1.2013,0.6106,0.8079,50.0,25.99,3.3,Geological Survey of India Bulletin Series A,newly_added_v2
Adilabad_Pippalkoti,Telangana,19.764078,78.599088,0.1458,0.1613,0.1648,0.27,0.2564,0.2146,0.242,2.751,0,Metamorphics,IND2497,231,216.0,266.0,1.8543341159820557,0.0,26.85,36.150000000000034,34.65,37.95,0.9496,0.7948,1.1948,0.6427,1.053,50.0,26.85,3.3,Geological Survey of India Bulletin Series A,newly_added_v2
Adilabad_Pippalkoti,Telangana,19.767159,78.611086,0.1638,0.187,0.2027,0.2686,0.31,0.2508,0.1398,3.558,0,Metamorphics,IND2497,229,214.0,264.0,0.9274099469184875,0.0,25.93,37.53000000000003,36.03,39.33,1.1541,0.9337,1.236,0.6539,0.8665,50.0,25.93,3.3,Geological Survey of India Bulletin Series A,newly_added_v2
Adilabad_Pippalkoti,Telangana,19.740918,78.622451,0.1587,0.1895,0.2025,0.3727,0.3344,0.2619,0.2959,6.306,0,Metamorphics,IND2497,231,216.0,266.0,1.8543341159820557,0.0,26.85,37.55000000000001,36.05,39.35,0.8972,0.7027,1.2768,0.6056,1.1145,50.0,26.85,3.3,Geological Survey of India Bulletin Series A,newly_added_v2
Adilabad_Pippalkoti,Telangana,19.809685,78.528983,0.1675,0.1896,0.221,0.2739,0.2983,0.2564,0.1069,6.26,0,Metamorphics,IND2497,226,211.0,261.0,1.8543341159820557,0.0,26.85,36.35000000000002,34.85,38.15,1.0891,0.9361,1.1634,0.7409,0.9182,50.0,26.85,3.3,Geological Survey of India Bulletin Series A,newly_added_v2
Adilabad_Pippalkoti,Telangana,19.811412,78.598674,0.161,0.1864,0.2058,0.3448,0.349,0.2781,0.2525,3.761,0,Metamorphics,IND2497,212,197.0,247.0,5.002943992614746,2.0,30.0,36.75000000000006,35.25,38.55,1.0122,0.8066,1.2549,0.5897,0.988,50.0,28.0,3.3,Geological Survey of India Bulletin Series A,newly_added_v2
Adilabad_Pippalkoti,Telangana,19.759383,78.574922,0.1623,0.1892,0.2115,0.3133,0.3694,0.3011,0.194,2.597,0,Metamorphics,IND2497,225,210.0,260.0,1.353072166442871,0.0,26.35,36.59000000000003,35.09,38.39,1.1791,0.9611,1.2268,0.5726,0.8481,50.0,26.35,3.3,Geological Survey of India Bulletin Series A,newly_added_v2
Adilabad_Pippalkoti,Telangana,19.742415,78.638931,0.1709,0.196,0.2196,0.2862,0.3254,0.278,0.1317,7.5,0,Metamorphics,IND2497,225,210.0,260.0,0.9274099469184875,0.0,25.93,37.27000000000004,35.77,39.07,1.137,0.9713,1.1705,0.6749,0.8795,50.0,25.93,3.3,Geological Survey of India Bulletin Series A,newly_added_v2
Adilabad_Pippalkoti,Telangana,19.792073,78.527155,0.1601,0.1821,0.2043,0.2835,0.3304,0.2709,0.1624,5.751,0,Metamorphics,IND2497,237,222.0,272.0,2.7049312591552734,0.0,27.7,37.79000000000002,36.29,39.59,1.1654,0.9556,1.2196,0.6183,0.8581,50.0,27.7,3.3,Geological Survey of India Bulletin Series A,newly_added_v2
Adilabad_Pippalkoti,Telangana,19.783376,78.526043,0.1669,0.1867,0.223,0.2899,0.3843,0.3268,0.1304,5.759,0,Metamorphics,IND2497,234,219.0,269.0,4.814271926879883,1.81,29.81,37.59000000000003,36.09,39.39,1.3256,1.1273,1.1759,0.5803,0.7544,50.0,28.0,3.3,Geological Survey of India Bulletin Series A,newly_added_v2
Adilabad_Pippalkoti,Telangana,19.802369,78.64672,0.176,0.2012,0.2297,0.3026,0.347,0.2936,0.137,7.248,0,Metamorphics,IND2497,213,198.0,248.0,2.099708318710327,0.0,27.1,35.89000000000004,34.39,37.69,1.1467,0.9703,1.1819,0.662,0.872,50.0,27.1,3.3,Geological Survey of India Bulletin Series A,newly_added_v2
Adilabad_Pippalkoti,Telangana,19.795454,78.601311,0.1463,0.169,0.1552,0.4073,0.3023,0.2152,0.4482,2.602,0,Metamorphics,IND2497,219,204.0,254.0,2.1777048110961914,0.0,27.18,36.77000000000004,35.27,38.57,0.7422,0.5284,1.4047,0.5134,1.3473,50.0,27.18,3.3,Geological Survey of India Bulletin Series A,newly_added_v2
Adilabad_Pippalkoti,Telangana,19.768366,78.554855,0.1674,0.1922,0.2228,0.3147,0.3658,0.3007,0.171,3.131,0,Metamorphics,IND2497,225,210.0,260.0,0.9854756593704224,0.0,25.99,37.150000000000034,35.65,38.95,1.1624,0.9555,1.2165,0.6091,0.8603,50.0,25.99,3.3,Geological Survey of India Bulletin Series A,newly_added_v2
Adilabad_Pippalkoti,Telangana,19.791554,78.63076,0.1677,0.1898,0.2199,0.29,0.3407,0.2754,0.1375,5.32,0,Metamorphics,IND2497,221,206.0,256.0,0.9274099469184875,0.0,25.93,38.150000000000034,36.65,39.95,1.1748,0.9497,1.2371,0.6454,0.8512,50.0,25.93,3.3,Geological Survey of India Bulletin Series A,newly_added_v2
Adilabad_Pippalkoti,Telangana,19.787709,78.524069,0.1675,0.189,0.2245,0.3052,0.3836,0.3171,0.1524,5.997,0,Metamorphics,IND2497,235,220.0,270.0,2.0996663570404053,0.0,27.1,37.59000000000003,36.09,39.39,1.2569,1.039,1.2097,0.5852,0.7956,50.0,27.1,3.3,Geological Survey of India Bulletin Series A,newly_added_v2
Adilabad_Pippalkoti,Telangana,19.758562,78.56111,0.1583,0.1844,0.1973,0.3221,0.3219,0.2597,0.2403,3.339,0,Metamorphics,IND2497,229,214.0,264.0,0.9854156374931335,0.0,25.99,37.110000000000014,35.61,38.91,0.9994,0.8063,1.2395,0.6129,1.0006,50.0,25.99,3.3,Geological Survey of India Bulletin Series A,newly_added_v2
Adilabad_Pippalkoti,Telangana,19.824153,78.620261,0.161,0.1813,0.2039,0.2755,0.3128,0.2612,0.1494,6.24,0,Metamorphics,IND2497,216,201.0,251.0,2.1780283451080322,0.0,27.18,37.31,35.81,39.11,1.1354,0.9481,1.1975,0.6519,0.8808,50.0,27.18,3.3,Geological Survey of India Bulletin Series A,newly_added_v2
Joda_West,Odisha,22.01276,85.409329,0.1369,0.156,0.1547,0.2455,0.2941,0.2195,0.2269,0.315,1,Metamorphics,IND2497,617,602.0,652.0,13.765460968017578,10.77,38.77,28.250000000000057,26.75,30.05,1.198,0.8941,1.3399,0.526,0.8348,50.0,28.0,3.3,Tata Steel Ltd / MoEFCC EC J-11015/86/2004-IA.II(M) / IBM IMYB,newly_added_v2
Joda_West,Odisha,22.010522,85.410092,0.1358,0.1615,0.1478,0.3435,0.3055,0.2077,0.3983,0.059,1,Metamorphics,IND2497,610,595.0,645.0,23.68241310119629,20.68,48.68,28.350000000000023,26.85,30.15,0.8894,0.6047,1.4709,0.4838,1.1244,50.0,28.0,3.3,Tata Steel Ltd / MoEFCC EC J-11015/86/2004-IA.II(M) / IBM IMYB,newly_added_v2
Joda_West,Odisha,22.009476,85.408849,0.1363,0.1561,0.1561,0.3076,0.2968,0.2173,0.3267,0.132,1,Metamorphics,IND2497,660,645.0,695.0,15.098312377929688,12.1,40.1,28.350000000000023,26.85,30.15,0.9649,0.7064,1.3659,0.5259,1.0364,50.0,28.0,3.3,Tata Steel Ltd / MoEFCC EC J-11015/86/2004-IA.II(M) / IBM IMYB,newly_added_v2
Joda_West,Odisha,22.007389,85.412138,0.1363,0.153,0.1692,0.2659,0.3182,0.2578,0.2222,0.365,1,Metamorphics,IND2497,551,536.0,586.0,15.577960014343262,12.58,40.58,28.410000000000025,26.91,30.21,1.1967,0.9695,1.2343,0.5317,0.8356,50.0,28.0,3.3,Tata Steel Ltd / MoEFCC EC J-11015/86/2004-IA.II(M) / IBM IMYB,newly_added_v2
Joda_West,Odisha,22.012213,85.411235,0.1324,0.1583,0.1506,0.3073,0.2991,0.2113,0.3422,0.277,1,Metamorphics,IND2497,560,545.0,595.0,21.841665267944336,18.84,46.84,28.350000000000023,26.85,30.15,0.9733,0.6876,1.4155,0.5035,1.0274,50.0,28.0,3.3,Tata Steel Ltd / MoEFCC EC J-11015/86/2004-IA.II(M) / IBM IMYB,newly_added_v2
Joda_West,Odisha,22.008318,85.408134,0.1332,0.1527,0.1496,0.2951,0.2918,0.201,0.3272,0.269,1,Metamorphics,IND2497,670,655.0,705.0,14.829950332641602,11.83,39.83,28.350000000000023,26.85,30.15,0.9888,0.6811,1.4517,0.5127,1.0113,50.0,28.0,3.3,Tata Steel Ltd / MoEFCC EC J-11015/86/2004-IA.II(M) / IBM IMYB,newly_added_v2
Joda_West,Odisha,22.010072,85.409456,0.1368,0.1561,0.1577,0.2858,0.3029,0.2161,0.2888,0.057,1,Metamorphics,IND2497,642,627.0,677.0,21.841405868530273,18.84,46.84,28.350000000000023,26.85,30.15,1.0598,0.7561,1.4017,0.5206,0.9435,50.0,28.0,3.3,Tata Steel Ltd / MoEFCC EC J-11015/86/2004-IA.II(M) / IBM IMYB,newly_added_v2
Joda_West,Odisha,22.007634,85.408136,0.1362,0.1538,0.1509,0.2892,0.2908,0.2075,0.3142,0.326,1,Metamorphics,IND2497,654,639.0,689.0,10.767171859741211,7.77,35.77,28.410000000000025,26.91,30.21,1.0055,0.7175,1.4014,0.5189,0.9945,50.0,28.0,3.3,Tata Steel Ltd / MoEFCC EC J-11015/86/2004-IA.II(M) / IBM IMYB,newly_added_v2
Joda_West,Odisha,22.010568,85.409938,0.1358,0.1615,0.1478,0.3435,0.3055,0.2077,0.3983,0.064,1,Metamorphics,IND2497,610,595.0,645.0,23.68241310119629,20.68,48.68,28.350000000000023,26.85,30.15,0.8894,0.6047,1.4709,0.4838,1.1244,50.0,28.0,3.3,Tata Steel Ltd / MoEFCC EC J-11015/86/2004-IA.II(M) / IBM IMYB,newly_added_v2
Joda_West,Odisha,22.008445,85.412395,0.1462,0.1648,0.1917,0.2689,0.3625,0.2851,0.1676,0.302,1,Metamorphics,IND2497,566,551.0,601.0,8.004204750061035,5.0,33.0,28.350000000000023,26.85,30.15,1.3481,1.0602,1.2715,0.5288,0.7418,50.0,28.0,3.3,Tata Steel Ltd / MoEFCC EC J-11015/86/2004-IA.II(M) / IBM IMYB,newly_added_v2
Joda_West,Odisha,22.008925,85.411226,0.1445,0.1631,0.1952,0.2949,0.3572,0.2853,0.2034,0.174,1,Metamorphics,IND2497,596,581.0,631.0,16.555315017700195,13.56,41.56,28.350000000000023,26.85,30.15,1.2113,0.9674,1.252,0.5465,0.8256,50.0,28.0,3.3,Tata Steel Ltd / MoEFCC EC J-11015/86/2004-IA.II(M) / IBM IMYB,newly_added_v2
Joda_West,Odisha,22.009015,85.411646,0.1501,0.1677,0.2173,0.2847,0.3697,0.3101,0.1343,0.202,1,Metamorphics,IND2497,587,572.0,622.0,18.37328338623047,15.37,43.37,28.350000000000023,26.85,30.15,1.2986,1.0892,1.1922,0.5878,0.7701,50.0,28.0,3.3,Tata Steel Ltd / MoEFCC EC J-11015/86/2004-IA.II(M) / IBM IMYB,newly_added_v2
Joda_West,Odisha,22.011285,85.407163,0.1406,0.1594,0.1611,0.3054,0.3079,0.2128,0.3093,0.326,1,Metamorphics,IND2497,670,655.0,705.0,9.655937194824219,6.66,34.66,28.250000000000057,26.75,30.05,1.0082,0.6968,1.4469,0.5232,0.9919,50.0,28.0,3.3,Tata Steel Ltd / MoEFCC EC J-11015/86/2004-IA.II(M) / IBM IMYB,newly_added_v2
Joda_West,Odisha,22.010505,85.409863,0.1358,0.1615,0.1478,0.3435,0.3055,0.2077,0.3983,0.058,1,Metamorphics,IND2497,610,595.0,645.0,23.68241310119629,20.68,48.68,28.350000000000023,26.85,30.15,0.8894,0.6047,1.4709,0.4838,1.1244,50.0,28.0,3.3,Tata Steel Ltd / MoEFCC EC J-11015/86/2004-IA.II(M) / IBM IMYB,newly_added_v2
Joda_West,Odisha,22.011061,85.407878,0.1358,0.1564,0.1527,0.2868,0.2875,0.2076,0.3051,0.249,1,Metamorphics,IND2497,674,659.0,709.0,8.130226135253906,5.13,33.13,28.250000000000057,26.75,30.05,1.0024,0.7238,1.3849,0.5311,0.9976,50.0,28.0,3.3,Tata Steel Ltd / MoEFCC EC J-11015/86/2004-IA.II(M) / IBM IMYB,newly_added_v2
Joda_West,Odisha,22.007733,85.411049,0.1556,0.1707,0.2082,0.2712,0.3421,0.2902,0.1314,0.275,1,Metamorphics,IND2497,587,572.0,622.0,11.969846725463867,8.97,36.97,28.410000000000025,26.91,30.21,1.2614,1.0701,1.1788,0.6086,0.7928,50.0,28.0,3.3,Tata Steel Ltd / MoEFCC EC J-11015/86/2004-IA.II(M) / IBM IMYB,newly_added_v2
Joda_West,Odisha,22.012493,85.409407,0.1388,0.1573,0.1609,0.2505,0.2995,0.2308,0.2178,0.284,1,Metamorphics,IND2497,618,603.0,653.0,13.54918098449707,10.55,38.55,28.250000000000057,26.75,30.05,1.1956,0.9214,1.2977,0.5372,0.8364,50.0,28.0,3.3,Tata Steel Ltd / MoEFCC EC J-11015/86/2004-IA.II(M) / IBM IMYB,newly_added_v2
Joda_West,Odisha,22.010377,85.408939,0.1371,0.1595,0.154,0.3009,0.2966,0.2172,0.3229,0.117,1,Metamorphics,IND2497,656,641.0,691.0,19.31888198852539,16.32,44.32,28.350000000000023,26.85,30.15,0.9857,0.7218,1.3656,0.5192,1.0145,50.0,28.0,3.3,Tata Steel Ltd / MoEFCC EC J-11015/86/2004-IA.II(M) / IBM IMYB,newly_added_v2
Joda_West,Odisha,22.00809,85.410214,0.1318,0.1559,0.1452,0.3329,0.3002,0.2087,0.3926,0.214,1,Metamorphics,IND2497,611,596.0,646.0,17.34400749206543,14.34,42.34,28.410000000000025,26.91,30.21,0.9018,0.6269,1.4384,0.4837,1.1089,50.0,28.0,3.3,Tata Steel Ltd / MoEFCC EC J-11015/86/2004-IA.II(M) / IBM IMYB,newly_added_v2
Joda_West,Odisha,22.009811,85.408299,0.135,0.1573,0.1561,0.2714,0.2838,0.2093,0.2697,0.177,1,Metamorphics,IND2497,677,662.0,712.0,10.909628868103027,7.91,35.91,28.350000000000023,26.85,30.15,1.0457,0.7712,1.3559,0.55,0.9563,50.0,28.0,3.3,Tata Steel Ltd / MoEFCC EC J-11015/86/2004-IA.II(M) / IBM IMYB,newly_added_v2
Joda_West,Odisha,22.010625,85.409093,0.1364,0.1567,0.1529,0.2863,0.2958,0.208,0.3037,0.117,1,Metamorphics,IND2497,643,628.0,678.0,20.297914505004883,17.3,45.3,28.350000000000023,26.85,30.15,1.0332,0.7265,1.4221,0.5169,0.9679,50.0,28.0,3.3,Tata Steel Ltd / MoEFCC EC J-11015/86/2004-IA.II(M) / IBM IMYB,newly_added_v2
Joda_West,Odisha,22.012452,85.411601,0.1306,0.1561,0.1431,0.3299,0.2982,0.2078,0.3949,0.319,1,Metamorphics,IND2497,547,532.0,582.0,15.708081245422363,12.71,40.71,28.350000000000023,26.85,30.15,0.9039,0.6299,1.435,0.4799,1.1063,50.0,28.0,3.3,Tata Steel Ltd / MoEFCC EC J-11015/86/2004-IA.II(M) / IBM IMYB,newly_added_v2
Joda_West,Odisha,22.010117,85.413267,0.1405,0.1627,0.1686,0.3165,0.3334,0.2501,0.3049,0.337,1,Metamorphics,IND2497,537,522.0,572.0,10.89343547821045,7.89,35.89,28.350000000000023,26.85,30.15,1.0534,0.7902,1.3331,0.5057,0.9493,50.0,28.0,3.3,Tata Steel Ltd / MoEFCC EC J-11015/86/2004-IA.II(M) / IBM IMYB,newly_added_v2
Joda_West,Odisha,22.008706,85.40884,0.1327,0.1503,0.1472,0.3073,0.2907,0.2061,0.3523,0.187,1,Metamorphics,IND2497,648,633.0,683.0,12.571115493774414,9.57,37.57,28.350000000000023,26.85,30.15,0.946,0.6707,1.4105,0.5064,1.0571,50.0,28.0,3.3,Tata Steel Ltd / MoEFCC EC J-11015/86/2004-IA.II(M) / IBM IMYB,newly_added_v2
Joda_West,Odisha,22.011382,85.410272,0.1317,0.1545,0.1449,0.3332,0.2993,0.2064,0.3939,0.156,1,Metamorphics,IND2497,600,585.0,635.0,28.954132080078125,25.95,53.95,28.350000000000023,26.85,30.15,0.8983,0.6194,1.4501,0.4841,1.1133,50.0,28.0,3.3,Tata Steel Ltd / MoEFCC EC J-11015/86/2004-IA.II(M) / IBM IMYB,newly_added_v2
Joda_West,Odisha,22.011217,85.412876,0.1325,0.1594,0.1461,0.3457,0.3105,0.2139,0.4059,0.326,1,Metamorphics,IND2497,528,513.0,563.0,4.100702285766602,1.1,29.1,28.350000000000023,26.85,30.15,0.8982,0.6187,1.4516,0.4705,1.1134,50.0,28.0,3.3,Tata Steel Ltd / MoEFCC EC J-11015/86/2004-IA.II(M) / IBM IMYB,newly_added_v2
Joda_West,Odisha,22.010256,85.409108,0.1375,0.1585,0.1556,0.2982,0.2978,0.2133,0.3142,0.096,1,Metamorphics,IND2497,646,631.0,681.0,21.84143829345703,18.84,46.84,28.350000000000023,26.85,30.15,0.9987,0.7153,1.3962,0.5225,1.0013,50.0,28.0,3.3,Tata Steel Ltd / MoEFCC EC J-11015/86/2004-IA.II(M) / IBM IMYB,newly_added_v2
Joda_West,Odisha,22.010935,85.409057,0.1349,0.1567,0.1502,0.309,0.2988,0.2104,0.3458,0.143,1,Metamorphics,IND2497,643,628.0,678.0,19.268766403198242,16.27,44.27,28.350000000000023,26.85,30.15,0.967,0.6809,1.4202,0.5027,1.0341,50.0,28.0,3.3,Tata Steel Ltd / MoEFCC EC J-11015/86/2004-IA.II(M) / IBM IMYB,newly_added_v2
Joda_West,Odisha,22.009598,85.412604,0.1426,0.1609,0.1719,0.3076,0.3318,0.248,0.283,0.272,1,Metamorphics,IND2497,553,538.0,588.0,13.068077087402344,10.07,38.07,28.350000000000023,26.85,30.15,1.0787,0.8062,1.3379,0.5181,0.9271,50.0,28.0,3.3,Tata Steel Ltd / MoEFCC EC J-11015/86/2004-IA.II(M) / IBM IMYB,newly_added_v2
Joda_West,Odisha,22.010201,85.409927,0.1373,0.161,0.1501,0.3388,0.3062,0.2147,0.386,0.024,1,Metamorphics,IND2497,615,600.0,650.0,21.180070877075195,18.18,46.18,28.350000000000023,26.85,30.15,0.9038,0.6337,1.4262,0.4902,1.1065,50.0,28.0,3.3,Tata Steel Ltd / MoEFCC EC J-11015/86/2004-IA.II(M) / IBM IMYB,newly_added_v2
Joda_West,Odisha,22.009915,85.409516,0.1368,0.1561,0.1577,0.2858,0.3029,0.2161,0.2888,0.051,1,Metamorphics,IND2497,642,627.0,677.0,21.841405868530273,18.84,46.84,28.350000000000023,26.85,30.15,1.0598,0.7561,1.4017,0.5206,0.9435,50.0,28.0,3.3,Tata Steel Ltd / MoEFCC EC J-11015/86/2004-IA.II(M) / IBM IMYB,newly_added_v2
Joda_West,Odisha,22.01009,85.408104,0.1385,0.1586,0.1632,0.2694,0.2948,0.226,0.2455,0.196,1,Metamorphics,IND2497,682,667.0,717.0,12.819941520690918,9.82,37.82,28.350000000000023,26.85,30.15,1.0943,0.8389,1.3044,0.5536,0.9138,50.0,28.0,3.3,Tata Steel Ltd / MoEFCC EC J-11015/86/2004-IA.II(M) / IBM IMYB,newly_added_v2
Joda_West,Odisha,22.008532,85.407934,0.1347,0.1542,0.1512,0.2977,0.2914,0.2028,0.3264,0.269,1,Metamorphics,IND2497,673,658.0,708.0,8.87674331665039,5.88,33.88,28.350000000000023,26.85,30.15,0.9788,0.6812,1.4369,0.5189,1.0216,50.0,28.0,3.3,Tata Steel Ltd / MoEFCC EC J-11015/86/2004-IA.II(M) / IBM IMYB,newly_added_v2
Joda_West,Odisha,22.010471,85.408163,0.1364,0.1561,0.1568,0.2985,0.2912,0.2081,0.3112,0.197,1,Metamorphics,IND2497,678,663.0,713.0,11.758246421813965,8.76,36.76,28.250000000000057,26.75,30.05,0.9755,0.6972,1.3993,0.5385,1.0251,50.0,28.0,3.3,Tata Steel Ltd / MoEFCC EC J-11015/86/2004-IA.II(M) / IBM IMYB,newly_added_v2
Joda_West,Odisha,22.010085,85.41051,0.14,0.1631,0.1606,0.3297,0.3179,0.2295,0.3449,0.053,1,Metamorphics,IND2497,609,594.0,644.0,18.791549682617188,15.79,43.79,28.350000000000023,26.85,30.15,0.9642,0.6961,1.3852,0.5052,1.0371,50.0,28.0,3.3,Tata Steel Ltd / MoEFCC EC J-11015/86/2004-IA.II(M) / IBM IMYB,newly_added_v2
Joda_West,Odisha,22.009164,85.412446,0.1436,0.1635,0.1905,0.2833,0.361,0.2808,0.1959,0.269,1,Metamorphics,IND2497,563,548.0,598.0,14.191092491149902,11.19,39.19,28.350000000000023,26.85,30.15,1.2743,0.9912,1.2856,0.5277,0.7848,50.0,28.0,3.3,Tata Steel Ltd / MoEFCC EC J-11015/86/2004-IA.II(M) / IBM IMYB,newly_added_v2
Joda_West,Odisha,22.007969,85.410372,0.1321,0.1562,0.1431,0.3443,0.2971,0.2036,0.4128,0.229,1,Metamorphics,IND2497,609,594.0,644.0,16.898839950561523,13.9,41.9,28.410000000000025,26.91,30.21,0.8629,0.5913,1.4592,0.4817,1.1589,50.0,28.0,3.3,Tata Steel Ltd / MoEFCC EC J-11015/86/2004-IA.II(M) / IBM IMYB,newly_added_v2
Joda_West,Odisha,22.008307,85.410923,0.1512,0.1694,0.2163,0.2717,0.3456,0.2932,0.1135,0.211,1,Metamorphics,IND2497,599,584.0,634.0,15.3744535446167,12.37,40.37,28.350000000000023,26.85,30.15,1.272,1.0791,1.1787,0.6259,0.7862,50.0,28.0,3.3,Tata Steel Ltd / MoEFCC EC J-11015/86/2004-IA.II(M) / IBM IMYB,newly_added_v2
Joda_West,Odisha,22.00874,85.412443,0.1453,0.1645,0.1871,0.2878,0.3594,0.2818,0.212,0.289,1,Metamorphics,IND2497,565,550.0,600.0,11.021574020385742,8.02,36.02,28.350000000000023,26.85,30.15,1.2488,0.9792,1.2754,0.5206,0.8008,50.0,28.0,3.3,Tata Steel Ltd / MoEFCC EC J-11015/86/2004-IA.II(M) / IBM IMYB,newly_added_v2
Joda_West,Odisha,22.009679,85.412623,0.1391,0.1639,0.1604,0.3541,0.3204,0.2296,0.3765,0.273,1,Metamorphics,IND2497,552,537.0,587.0,11.970025062561035,8.97,36.97,28.350000000000023,26.85,30.15,0.9048,0.6484,1.3955,0.5006,1.1052,50.0,28.0,3.3,Tata Steel Ltd / MoEFCC EC J-11015/86/2004-IA.II(M) / IBM IMYB,newly_added_v2
Joda_West,Odisha,22.010721,85.410736,0.137,0.1587,0.1432,0.3537,0.2958,0.2029,0.4236,0.111,1,Metamorphics,IND2497,575,560.0,610.0,17.202228546142578,14.2,42.2,28.350000000000023,26.85,30.15,0.8363,0.5736,1.4579,0.4841,1.1957,50.0,28.0,3.3,Tata Steel Ltd / MoEFCC EC J-11015/86/2004-IA.II(M) / IBM IMYB,newly_added_v2
Joda_West,Odisha,22.010587,85.410591,0.1362,0.159,0.1442,0.3505,0.3004,0.2041,0.417,0.089,1,Metamorphics,IND2497,592,577.0,627.0,22.23270606994629,19.23,47.23,28.350000000000023,26.85,30.15,0.8571,0.5823,1.4718,0.48,1.1668,50.0,28.0,3.3,Tata Steel Ltd / MoEFCC EC J-11015/86/2004-IA.II(M) / IBM IMYB,newly_added_v2
Joda_West,Odisha,22.010146,85.407943,0.1375,0.1554,0.1562,0.2676,0.2932,0.2156,0.2629,0.213,1,Metamorphics,IND2497,688,673.0,723.0,8.977075576782227,5.98,33.98,28.250000000000057,26.75,30.05,1.0957,0.8057,1.3599,0.5327,0.9127,50.0,28.0,3.3,Tata Steel Ltd / MoEFCC EC J-11015/86/2004-IA.II(M) / IBM IMYB,newly_added_v2
Joda_West,Odisha,22.010163,85.410821,0.1399,0.166,0.1595,0.3321,0.3178,0.2232,0.3511,0.087,1,Metamorphics,IND2497,595,580.0,630.0,18.386188507080078,15.39,43.39,28.350000000000023,26.85,30.15,0.9569,0.6721,1.4238,0.5019,1.045,50.0,28.0,3.3,Tata Steel Ltd / MoEFCC EC J-11015/86/2004-IA.II(M) / IBM IMYB,newly_added_v2
Joda_West,Odisha,22.009722,85.408141,0.1387,0.157,0.162,0.2662,0.2946,0.2293,0.2433,0.194,1,Metamorphics,IND2497,682,667.0,717.0,9.945785522460938,6.95,34.95,28.350000000000023,26.85,30.15,1.1067,0.8614,1.2848,0.5499,0.9036,50.0,28.0,3.3,Tata Steel Ltd / MoEFCC EC J-11015/86/2004-IA.II(M) / IBM IMYB,newly_added_v2
Joda_West,Odisha,21.94447,85.39897,0.1362,0.1527,0.196,0.2355,0.3489,0.3153,0.0915,7.383,0,Metamorphics,IND2497,630,615.0,665.0,10.961225509643555,7.96,35.96,29.150000000000034,27.65,30.95,1.4815,1.3389,1.1066,0.5618,0.675,50.0,28.0,3.3,Tata Steel Ltd / MoEFCC EC J-11015/86/2004-IA.II(M) / IBM IMYB,newly_added_v2
Joda_West,Odisha,22.038384,85.432398,0.1641,0.1841,0.1996,0.2815,0.3042,0.2611,0.1702,3.915,0,Metamorphics,IND2497,474,459.0,509.0,4.402688503265381,1.4,29.4,29.150000000000034,27.65,30.95,1.0806,0.9275,1.1651,0.6561,0.9254,50.0,28.0,3.3,Tata Steel Ltd / MoEFCC EC J-11015/86/2004-IA.II(M) / IBM IMYB,newly_added_v2
Joda_West,Odisha,22.014396,85.443292,0.1444,0.1537,0.1787,0.2322,0.3696,0.3201,0.1302,3.471,0,Metamorphics,IND2497,594,579.0,629.0,10.06987190246582,7.07,35.07,29.07000000000005,27.57,30.87,1.5917,1.3786,1.1546,0.4835,0.6282,50.0,28.0,3.3,Tata Steel Ltd / MoEFCC EC J-11015/86/2004-IA.II(M) / IBM IMYB,newly_added_v2
Joda_West,Odisha,22.040397,85.412922,0.1318,0.1562,0.1445,0.3144,0.2808,0.194,0.3702,3.397,0,Metamorphics,IND2497,533,518.0,568.0,13.783370971679688,10.78,38.78,28.250000000000057,26.75,30.05,0.8931,0.617,1.4474,0.5146,1.1197,50.0,28.0,3.3,Tata Steel Ltd / MoEFCC EC J-11015/86/2004-IA.II(M) / IBM IMYB,newly_added_v2
Joda_West,Odisha,22.002932,85.459517,0.148,0.1721,0.2032,0.2691,0.348,0.2862,0.1395,5.171,0,Metamorphics,IND2497,443,428.0,478.0,3.523625373840332,0.52,28.52,29.130000000000052,27.63,30.93,1.2932,1.0635,1.2159,0.5839,0.7733,50.0,28.0,3.3,Tata Steel Ltd / MoEFCC EC J-11015/86/2004-IA.II(M) / IBM IMYB,newly_added_v2
Joda_West,Odisha,21.947468,85.3865,0.1424,0.1587,0.2095,0.2154,0.3633,0.3442,0.0139,7.371,0,Metamorphics,IND2497,686,671.0,721.0,8.337213516235352,5.34,33.34,28.710000000000036,27.21,30.51,1.6866,1.598,1.0555,0.5767,0.5929,50.0,28.0,3.3,Tata Steel Ltd / MoEFCC EC J-11015/86/2004-IA.II(M) / IBM IMYB,newly_added_v2
Joda_West,Odisha,22.047723,85.451348,0.1367,0.1557,0.1531,0.3173,0.2691,0.2096,0.3491,5.987,0,Metamorphics,IND2497,451,436.0,486.0,2.1067254543304443,0.0,27.11,29.090000000000032,27.59,30.89,0.8481,0.6606,1.2839,0.5689,1.1791,50.0,27.11,3.3,Tata Steel Ltd / MoEFCC EC J-11015/86/2004-IA.II(M) / IBM IMYB,newly_added_v2
Joda_West,Odisha,21.948636,85.413797,0.1396,0.1638,0.1657,0.3102,0.3275,0.245,0.3036,6.842,0,Metamorphics,IND2497,602,587.0,637.0,9.642343521118164,6.64,34.64,29.370000000000005,27.87,31.17,1.0558,0.7898,1.3367,0.506,0.9472,50.0,28.0,3.3,Tata Steel Ltd / MoEFCC EC J-11015/86/2004-IA.II(M) / IBM IMYB,newly_added_v2
Joda_West,Odisha,21.9549,85.380157,0.1406,0.1682,0.1562,0.3473,0.3015,0.2185,0.3795,6.864,0,Metamorphics,IND2497,712,697.0,747.0,18.29121208190918,15.29,43.29,28.33000000000004,26.83,30.13,0.8681,0.6291,1.3799,0.5181,1.1519,50.0,28.0,3.3,Tata Steel Ltd / MoEFCC EC J-11015/86/2004-IA.II(M) / IBM IMYB,newly_added_v2
Joda_West,Odisha,21.96947,85.42716,0.1363,0.1583,0.1712,0.3148,0.327,0.256,0.2955,4.847,0,Metamorphics,IND2497,558,543.0,593.0,4.7603840827941895,1.76,29.76,29.150000000000034,27.65,30.95,1.0388,0.8132,1.2773,0.5235,0.9627,50.0,28.0,3.3,Tata Steel Ltd / MoEFCC EC J-11015/86/2004-IA.II(M) / IBM IMYB,newly_added_v2
Joda_West,Odisha,22.039151,85.420518,0.1451,0.1603,0.1827,0.2215,0.2961,0.2565,0.096,3.422,0,Metamorphics,IND2497,500,485.0,535.0,4.733377933502197,1.73,29.73,29.05000000000001,27.55,30.85,1.3368,1.158,1.1544,0.617,0.7481,50.0,28.0,3.3,Tata Steel Ltd / MoEFCC EC J-11015/86/2004-IA.II(M) / IBM IMYB,newly_added_v2
Joda_West,Odisha,21.945906,85.419737,0.1339,0.1504,0.1728,0.2365,0.3162,0.2674,0.1556,7.205,0,Metamorphics,IND2497,521,506.0,556.0,0.9998481869697571,0.0,26.0,29.410000000000025,27.91,31.21,1.337,1.1307,1.1825,0.5465,0.7479,50.0,26.0,3.3,Tata Steel Ltd / MoEFCC EC J-11015/86/2004-IA.II(M) / IBM IMYB,newly_added_v2
Joda_West,Odisha,21.961803,85.447418,0.1712,0.1995,0.2367,0.3115,0.4072,0.3431,0.1364,6.611,0,Metamorphics,IND2497,459,444.0,494.0,3.9937636852264404,0.99,28.99,28.83000000000004,27.33,30.63,1.3072,1.1014,1.1868,0.5813,0.765,50.0,28.0,3.3,Tata Steel Ltd / MoEFCC EC J-11015/86/2004-IA.II(M) / IBM IMYB,newly_added_v2
Joda_West,Odisha,21.992283,85.389792,0.141,0.1671,0.1892,0.3226,0.3541,0.2759,0.2606,2.87,0,Metamorphics,IND2497,580,565.0,615.0,6.101762771606445,3.1,31.1,28.27000000000004,26.77,30.07,1.0976,0.8552,1.2834,0.5343,0.911,50.0,28.0,3.3,Tata Steel Ltd / MoEFCC EC J-11015/86/2004-IA.II(M) / IBM IMYB,newly_added_v2
Joda_West,Odisha,22.024717,85.431618,0.1461,0.1628,0.1682,0.2787,0.2722,0.2252,0.2473,2.768,0,Metamorphics,IND2497,469,454.0,504.0,3.836759567260742,0.84,28.84,29.27000000000004,27.77,31.07,0.9767,0.808,1.2087,0.6179,1.0239,50.0,28.0,3.3,Tata Steel Ltd / MoEFCC EC J-11015/86/2004-IA.II(M) / IBM IMYB,newly_added_v2
Joda_West,Odisha,21.994158,85.458573,0.1453,0.1664,0.183,0.2784,0.3308,0.2603,0.2068,5.314,0,Metamorphics,IND2497,457,442.0,492.0,9.24754810333252,6.25,34.25,29.010000000000048,27.51,30.81,1.1882,0.935,1.2708,0.5532,0.8416,50.0,28.0,3.3,Tata Steel Ltd / MoEFCC EC J-11015/86/2004-IA.II(M) / IBM IMYB,newly_added_v2
Joda_West,Odisha,22.059358,85.459028,0.1416,0.159,0.1687,0.2898,0.3247,0.2498,0.2641,7.47,0,Metamorphics,IND2497,464,449.0,499.0,5.982669353485107,2.98,30.98,29.27000000000004,27.77,31.07,1.1204,0.862,1.2998,0.5196,0.8925,50.0,28.0,3.3,Tata Steel Ltd / MoEFCC EC J-11015/86/2004-IA.II(M) / IBM IMYB,newly_added_v2
Joda_West,Odisha,21.965414,85.372055,0.1323,0.1539,0.1631,0.2721,0.2745,0.2114,0.2505,6.322,0,Metamorphics,IND2497,591,576.0,626.0,15.6038179397583,12.6,40.6,28.170000000000016,26.67,29.97,1.0088,0.7769,1.2985,0.5942,0.9913,50.0,28.0,3.3,Tata Steel Ltd / MoEFCC EC J-11015/86/2004-IA.II(M) / IBM IMYB,newly_added_v2
Joda_West,Odisha,22.018822,85.471804,0.1548,0.1826,0.188,0.3059,0.3563,0.2714,0.2387,6.454,0,Metamorphics,IND2497,432,417.0,467.0,2.0001161098480225,0.0,27.0,29.350000000000023,27.85,31.15,1.1648,0.8872,1.3128,0.5276,0.8585,50.0,27.0,3.3,Tata Steel Ltd / MoEFCC EC J-11015/86/2004-IA.II(M) / IBM IMYB,newly_added_v2
Joda_West,Odisha,21.966273,85.425156,0.1458,0.1556,0.1947,0.229,0.4179,0.3964,0.081,5.113,0,Metamorphics,IND2497,515,500.0,550.0,2.7258918285369873,0.0,27.73,29.010000000000048,27.51,30.81,1.8249,1.731,1.0542,0.4659,0.548,50.0,27.73,3.3,Tata Steel Ltd / MoEFCC EC J-11015/86/2004-IA.II(M) / IBM IMYB,newly_added_v2
Joda_West,Odisha,22.037024,85.37484,0.1421,0.1657,0.168,0.3222,0.3192,0.2408,0.3146,4.714,0,Metamorphics,IND2497,517,502.0,552.0,5.074893951416016,2.07,30.07,28.630000000000052,27.13,30.43,0.9907,0.7474,1.3256,0.5263,1.0094,50.0,28.0,3.3,Tata Steel Ltd / MoEFCC EC J-11015/86/2004-IA.II(M) / IBM IMYB,newly_added_v2
Joda_West,Odisha,21.987179,85.47786,0.1499,0.1632,0.1942,0.2454,0.3329,0.2712,0.1165,7.45,0,Metamorphics,IND2497,499,484.0,534.0,7.639279365539551,4.64,32.64,29.150000000000034,27.65,30.95,1.3566,1.1051,1.2275,0.5834,0.7372,50.0,28.0,3.3,Tata Steel Ltd / MoEFCC EC J-11015/86/2004-IA.II(M) / IBM IMYB,newly_added_v2
Joda_West,Odisha,21.971129,85.375479,0.133,0.1579,0.1576,0.2652,0.2705,0.2062,0.2545,5.605,0,Metamorphics,IND2497,565,550.0,600.0,13.865392684936523,10.87,38.87,27.99000000000001,26.49,29.79,1.02,0.7775,1.3118,0.5826,0.9804,50.0,28.0,3.3,Tata Steel Ltd / MoEFCC EC J-11015/86/2004-IA.II(M) / IBM IMYB,newly_added_v2
Joda_West,Odisha,22.062707,85.390572,0.1432,0.163,0.1805,0.2981,0.3046,0.2534,0.2457,6.2,0,Metamorphics,IND2497,495,480.0,530.0,3.139172077178955,0.14,28.14,28.610000000000014,27.11,30.41,1.0218,0.8501,1.2021,0.5926,0.9787,50.0,28.0,3.3,Tata Steel Ltd / MoEFCC EC J-11015/86/2004-IA.II(M) / IBM IMYB,newly_added_v2
Joda_West,Odisha,22.017708,85.443267,0.1421,0.1512,0.2141,0.2184,0.3901,0.3832,0.0099,3.539,0,Metamorphics,IND2497,626,611.0,661.0,15.286900520324707,12.29,40.29,28.410000000000025,26.91,30.21,1.7862,1.7546,1.018,0.5488,0.5599,50.0,28.0,3.3,Tata Steel Ltd / MoEFCC EC J-11015/86/2004-IA.II(M) / IBM IMYB,newly_added_v2
Joda_West,Odisha,22.038737,85.456902,0.1346,0.1677,0.154,0.3518,0.2797,0.2015,0.3911,5.802,0,Metamorphics,IND2497,489,474.0,524.0,7.115991115570068,4.12,32.12,28.53000000000003,27.03,30.33,0.7951,0.5728,1.3881,0.5506,1.2578,50.0,28.0,3.3,Tata Steel Ltd / MoEFCC EC J-11015/86/2004-IA.II(M) / IBM IMYB,newly_added_v2
Joda_West,Odisha,22.03696,85.424832,0.151,0.1705,0.1815,0.29,0.3086,0.2581,0.2301,3.369,0,Metamorphics,IND2497,477,462.0,512.0,2.9990344047546387,0.0,28.0,29.150000000000034,27.65,30.95,1.0641,0.89,1.1957,0.5881,0.9397,50.0,28.0,3.3,Tata Steel Ltd / MoEFCC EC J-11015/86/2004-IA.II(M) / IBM IMYB,newly_added_v2
Joda_West,Odisha,21.988505,85.417452,0.1374,0.1512,0.1638,0.2602,0.3217,0.2514,0.2274,2.513,0,Metamorphics,IND2497,548,533.0,583.0,8.158592224121094,5.16,33.16,29.230000000000018,27.73,31.03,1.2364,0.9662,1.2796,0.5092,0.8088,50.0,28.0,3.3,Tata Steel Ltd / MoEFCC EC J-11015/86/2004-IA.II(M) / IBM IMYB,newly_added_v2
Joda_West,Odisha,21.997406,85.461221,0.1419,0.1636,0.1784,0.3078,0.3445,0.2464,0.2661,5.469,0,Metamorphics,IND2497,446,431.0,481.0,0.9274099469184875,0.0,25.93,29.010000000000048,27.51,30.81,1.1192,0.8005,1.3981,0.5179,0.8935,50.0,25.93,3.3,Tata Steel Ltd / MoEFCC EC J-11015/86/2004-IA.II(M) / IBM IMYB,newly_added_v2
Joda_West,Odisha,22.001222,85.375851,0.1397,0.1624,0.1604,0.3147,0.2921,0.2139,0.3248,3.657,0,Metamorphics,IND2497,715,700.0,750.0,11.465861320495605,8.47,36.47,28.33000000000004,26.83,30.13,0.9282,0.6797,1.3656,0.5491,1.0774,50.0,28.0,3.3,Tata Steel Ltd / MoEFCC EC J-11015/86/2004-IA.II(M) / IBM IMYB,newly_added_v2
Joda_West,Odisha,21.958205,85.4266,0.1309,0.1449,0.1545,0.2354,0.2687,0.2204,0.2075,6.015,0,Metamorphics,IND2497,499,484.0,534.0,6.048912525177002,3.05,31.05,29.29000000000002,27.79,31.09,1.1415,0.9363,1.2191,0.575,0.8761,50.0,28.0,3.3,Tata Steel Ltd / MoEFCC EC J-11015/86/2004-IA.II(M) / IBM IMYB,newly_added_v2
Joda_West,Odisha,22.057352,85.383534,0.137,0.1507,0.1536,0.2646,0.2779,0.2215,0.2654,5.937,0,Metamorphics,IND2497,483,468.0,518.0,2.7802884578704834,0.0,27.78,29.57000000000005,28.07,31.37,1.0503,0.8371,1.2546,0.5527,0.9521,50.0,27.78,3.3,Tata Steel Ltd / MoEFCC EC J-11015/86/2004-IA.II(M) / IBM IMYB,newly_added_v2
Joda_West,Odisha,21.969113,85.365867,0.1375,0.1652,0.1604,0.3012,0.2741,0.1939,0.305,6.439,0,Metamorphics,IND2497,600,585.0,635.0,4.760376453399658,1.76,29.76,27.99000000000001,26.49,29.79,0.91,0.6438,1.4136,0.5852,1.0989,50.0,28.0,3.3,Tata Steel Ltd / MoEFCC EC J-11015/86/2004-IA.II(M) / IBM IMYB,newly_added_v2
Joda_West,Odisha,22.057691,85.387227,0.1487,0.1654,0.1788,0.2597,0.2823,0.2354,0.1845,5.806,0,Metamorphics,IND2497,486,471.0,521.0,2.1067590713500977,0.0,27.11,29.57000000000005,28.07,31.37,1.087,0.9064,1.1992,0.6334,0.9199,50.0,27.11,3.3,Tata Steel Ltd / MoEFCC EC J-11015/86/2004-IA.II(M) / IBM IMYB,newly_added_v2
Joda_West,Odisha,21.970065,85.397614,0.1373,0.1546,0.1634,0.2964,0.3042,0.2241,0.2893,4.626,0,Metamorphics,IND2497,683,668.0,718.0,19.630510330200195,16.63,44.63,28.07000000000005,26.57,29.87,1.0263,0.7561,1.3574,0.5371,0.9744,50.0,28.0,3.3,Tata Steel Ltd / MoEFCC EC J-11015/86/2004-IA.II(M) / IBM IMYB,newly_added_v2
Joda_West,Odisha,22.053244,85.379742,0.1475,0.1661,0.1777,0.3158,0.3231,0.2757,0.2798,5.738,0,Metamorphics,IND2497,491,476.0,526.0,2.204787254333496,0.0,27.2,29.690000000000055,28.19,31.49,1.0231,0.873,1.1719,0.55,0.9774,50.0,27.2,3.3,Tata Steel Ltd / MoEFCC EC J-11015/86/2004-IA.II(M) / IBM IMYB,newly_added_v2
Joda_West,Odisha,22.063689,85.437879,0.1559,0.18,0.1904,0.3537,0.3855,0.2918,0.3001,6.633,0,Metamorphics,IND2497,507,492.0,542.0,6.588836669921875,3.59,31.59,27.730000000000018,26.23,29.53,1.0899,0.825,1.3211,0.4939,0.9175,50.0,28.0,3.3,Tata Steel Ltd / MoEFCC EC J-11015/86/2004-IA.II(M) / IBM IMYB,newly_added_v2
Joda_West,Odisha,21.999408,85.440171,0.1296,0.1453,0.1497,0.3213,0.2951,0.2188,0.3643,3.33,0,Metamorphics,IND2497,563,548.0,598.0,12.187028884887695,9.19,37.19,28.950000000000045,27.45,30.75,0.9185,0.681,1.3487,0.5073,1.0888,50.0,28.0,3.3,Tata Steel Ltd / MoEFCC EC J-11015/86/2004-IA.II(M) / IBM IMYB,newly_added_v2
Joda_West,Odisha,21.959123,85.38451,0.1384,0.168,0.1615,0.3461,0.3154,0.222,0.3637,6.245,0,Metamorphics,IND2497,626,611.0,661.0,17.534374237060547,14.53,42.53,28.53000000000003,27.03,30.33,0.9113,0.6414,1.4207,0.512,1.0973,50.0,28.0,3.3,Tata Steel Ltd / MoEFCC EC J-11015/86/2004-IA.II(M) / IBM IMYB,newly_added_v2
Joda_West,Odisha,22.035148,85.436905,0.1312,0.1513,0.1454,0.3229,0.2982,0.2136,0.379,3.943,0,Metamorphics,IND2497,458,443.0,493.0,2.0003435611724854,0.0,27.0,28.850000000000023,27.35,30.65,0.9235,0.6615,1.3961,0.4876,1.0828,50.0,27.0,3.3,Tata Steel Ltd / MoEFCC EC J-11015/86/2004-IA.II(M) / IBM IMYB,newly_added_v2
Joda_West,Odisha,21.993417,85.355261,0.1334,0.1525,0.1573,0.2956,0.27,0.2032,0.3054,5.943,0,Metamorphics,IND2497,627,612.0,662.0,15.207558631896973,12.21,40.21,27.590000000000032,26.09,29.39,0.9134,0.6874,1.3287,0.5826,1.0948,50.0,28.0,3.3,Tata Steel Ltd / MoEFCC EC J-11015/86/2004-IA.II(M) / IBM IMYB,newly_added_v2
Joda_West,Odisha,21.945202,85.409793,0.1327,0.1524,0.1677,0.2656,0.324,0.2583,0.2259,7.213,0,Metamorphics,IND2497,581,566.0,616.0,14.696763038635254,11.7,39.7,29.370000000000005,27.87,31.17,1.2199,0.9725,1.2544,0.5176,0.8198,50.0,28.0,3.3,Tata Steel Ltd / MoEFCC EC J-11015/86/2004-IA.II(M) / IBM IMYB,newly_added_v2
Joda_West,Odisha,22.049056,85.433311,0.1401,0.175,0.1664,0.3948,0.3088,0.2098,0.407,4.969,0,Metamorphics,IND2497,568,553.0,603.0,20.31453514099121,17.31,45.31,28.27000000000004,26.77,30.07,0.7822,0.5314,1.4719,0.5389,1.2785,50.0,28.0,3.3,Tata Steel Ltd / MoEFCC EC J-11015/86/2004-IA.II(M) / IBM IMYB,newly_added_v2
Joda_West,Odisha,21.98793,85.420833,0.144,0.1605,0.191,0.2388,0.3166,0.2907,0.1112,2.699,0,Metamorphics,IND2497,514,499.0,549.0,3.5233564376831055,0.52,28.52,29.230000000000018,27.73,31.03,1.3258,1.2173,1.0891,0.6033,0.7543,50.0,28.0,3.3,Tata Steel Ltd / MoEFCC EC J-11015/86/2004-IA.II(M) / IBM IMYB,newly_added_v2
Joda_West,Odisha,22.009915,85.449838,0.1349,0.1564,0.1616,0.3061,0.2957,0.2176,0.309,4.112,0,Metamorphics,IND2497,495,480.0,530.0,14.028493881225586,11.03,39.03,28.710000000000036,27.21,30.51,0.966,0.7109,1.3589,0.5465,1.0352,50.0,28.0,3.3,Tata Steel Ltd / MoEFCC EC J-11015/86/2004-IA.II(M) / IBM IMYB,newly_added_v2
Kasia,Odisha,22.062461,85.434879,0.1431,0.1667,0.1524,0.3513,0.2961,0.2045,0.3949,0.053,1,Metamorphics,IND2497,565,550.0,600.0,22.452056884765625,19.45,47.45,27.730000000000018,26.23,29.53,0.8429,0.5821,1.4479,0.5147,1.1864,50.0,28.0,3.3,Essel Mining & Industries / IBM IMYB,newly_added_v2
Kasia,Odisha,22.059433,85.433584,0.1413,0.1675,0.1628,0.3631,0.319,0.2236,0.3809,0.321,1,Metamorphics,IND2497,602,587.0,637.0,8.16242790222168,5.16,33.16,27.730000000000018,26.23,29.53,0.8785,0.6158,1.4267,0.5103,1.1382,50.0,28.0,3.3,Essel Mining & Industries / IBM IMYB,newly_added_v2
Kasia,Odisha,22.065254,85.434991,0.1327,0.1571,0.1413,0.3708,0.2853,0.1962,0.4482,0.362,1,Metamorphics,IND2497,558,543.0,593.0,18.427722930908203,15.43,43.43,27.730000000000018,26.23,29.53,0.7694,0.5291,1.4541,0.4953,1.2997,50.0,28.0,3.3,Essel Mining & Industries / IBM IMYB,newly_added_v2
Kasia,Odisha,22.061712,85.437521,0.139,0.1627,0.163,0.3152,0.3,0.2176,0.3183,0.262,1,Metamorphics,IND2497,532,517.0,567.0,8.980265617370605,5.98,33.98,27.730000000000018,26.23,29.53,0.9518,0.6904,1.3787,0.5433,1.0507,50.0,28.0,3.3,Essel Mining & Industries / IBM IMYB,newly_added_v2
Kasia,Odisha,22.062012,85.434666,0.143,0.1684,0.1524,0.3702,0.2873,0.2051,0.4168,0.034,1,Metamorphics,IND2497,585,570.0,620.0,18.05305290222168,15.05,43.05,27.730000000000018,26.23,29.53,0.7761,0.554,1.4008,0.5305,1.2885,50.0,28.0,3.3,Essel Mining & Industries / IBM IMYB,newly_added_v2
Kasia,Odisha,22.061013,85.433505,0.1387,0.1646,0.1563,0.3506,0.2865,0.196,0.3833,0.189,1,Metamorphics,IND2497,591,576.0,626.0,6.588730812072754,3.59,31.59,27.730000000000018,26.23,29.53,0.8172,0.559,1.4617,0.5455,1.2237,50.0,28.0,3.3,Essel Mining & Industries / IBM IMYB,newly_added_v2
Kasia,Odisha,22.063311,85.438081,0.1526,0.1786,0.1939,0.3454,0.402,0.301,0.2809,0.35,1,Metamorphics,IND2497,510,495.0,545.0,8.520659446716309,5.52,33.52,27.730000000000018,26.23,29.53,1.1639,0.8715,1.3355,0.4823,0.8592,50.0,28.0,3.3,Essel Mining & Industries / IBM IMYB,newly_added_v2
Kasia,Odisha,22.060627,85.433325,0.1375,0.1657,0.1595,0.3559,0.3092,0.223,0.3811,0.231,1,Metamorphics,IND2497,593,578.0,628.0,9.173013687133789,6.17,34.17,27.730000000000018,26.23,29.53,0.8688,0.6266,1.3865,0.5158,1.151,50.0,28.0,3.3,Essel Mining & Industries / IBM IMYB,newly_added_v2
Kasia,Odisha,22.063487,85.436036,0.1397,0.1628,0.1672,0.3276,0.2974,0.2116,0.3242,0.197,1,Metamorphics,IND2497,539,524.0,574.0,7.20860481262207,4.21,32.21,27.730000000000018,26.23,29.53,0.9078,0.6459,1.4055,0.5622,1.1015,50.0,28.0,3.3,Essel Mining & Industries / IBM IMYB,newly_added_v2
Kasia,Odisha,22.061348,85.43622,0.1338,0.1567,0.1443,0.3328,0.2842,0.1972,0.3951,0.145,1,Metamorphics,IND2497,563,548.0,598.0,20.43357276916504,17.43,45.43,27.730000000000018,26.23,29.53,0.854,0.5925,1.4412,0.5077,1.171,50.0,28.0,3.3,Essel Mining & Industries / IBM IMYB,newly_added_v2
Kasia,Odisha,22.06347,85.433026,0.1367,0.1644,0.1593,0.3305,0.2845,0.2031,0.3495,0.261,1,Metamorphics,IND2497,581,566.0,616.0,8.877803802490234,5.88,33.88,27.730000000000018,26.23,29.53,0.8608,0.6145,1.4008,0.5599,1.1617,50.0,28.0,3.3,Essel Mining & Industries / IBM IMYB,newly_added_v2
Kasia,Odisha,22.061568,85.433739,0.1392,0.1667,0.1513,0.3379,0.2696,0.1924,0.3814,0.139,1,Metamorphics,IND2497,593,578.0,628.0,10.098540306091309,7.1,35.1,27.730000000000018,26.23,29.53,0.7979,0.5694,1.4012,0.5612,1.2533,50.0,28.0,3.3,Essel Mining & Industries / IBM IMYB,newly_added_v2
Kasia,Odisha,22.063046,85.434595,0.1368,0.1568,0.1467,0.3703,0.2871,0.1968,0.4325,0.124,1,Metamorphics,IND2497,542,527.0,577.0,24.35601234436035,21.36,49.36,27.730000000000018,26.23,29.53,0.7753,0.5315,1.4588,0.511,1.2898,50.0,28.0,3.3,Essel Mining & Industries / IBM IMYB,newly_added_v2
Kasia,Odisha,22.059327,85.434061,0.1408,0.1657,0.161,0.3435,0.2881,0.2114,0.3617,0.313,1,Metamorphics,IND2497,606,591.0,641.0,8.980127334594727,5.98,33.98,27.730000000000018,26.23,29.53,0.8387,0.6154,1.3628,0.5588,1.1923,50.0,28.0,3.3,Essel Mining & Industries / IBM IMYB,newly_added_v2
Kasia,Odisha,22.061349,85.436637,0.1351,0.1588,0.1522,0.3262,0.2853,0.2033,0.3637,0.184,1,Metamorphics,IND2497,546,531.0,581.0,13.007694244384766,10.01,38.01,27.730000000000018,26.23,29.53,0.8746,0.6232,1.4033,0.5335,1.1434,50.0,28.0,3.3,Essel Mining & Industries / IBM IMYB,newly_added_v2
Kasia,Odisha,22.063204,85.434754,0.1383,0.1564,0.1443,0.3611,0.2875,0.1965,0.429,0.136,1,Metamorphics,IND2497,537,522.0,572.0,22.687068939208984,19.69,47.69,27.730000000000018,26.23,29.53,0.7962,0.5442,1.4631,0.5019,1.256,50.0,28.0,3.3,Essel Mining & Industries / IBM IMYB,newly_added_v2
Kasia,Odisha,22.06052,85.434853,0.1578,0.1809,0.2053,0.2856,0.3272,0.252,0.1636,0.166,1,Metamorphics,IND2497,610,595.0,645.0,4.403255462646484,1.4,29.4,27.730000000000018,26.23,29.53,1.1457,0.8824,1.2984,0.6274,0.8729,50.0,28.0,3.3,Essel Mining & Industries / IBM IMYB,newly_added_v2
Kasia,Odisha,22.06015,85.431954,0.1368,0.1604,0.1583,0.3355,0.3045,0.2089,0.3588,0.376,1,Metamorphics,IND2497,580,565.0,615.0,2.106767416000366,0.0,27.11,27.730000000000018,26.23,29.53,0.9076,0.6227,1.4576,0.5199,1.1018,50.0,27.11,3.3,Essel Mining & Industries / IBM IMYB,newly_added_v2
Kasia,Odisha,22.060346,85.436082,0.1349,0.1565,0.1497,0.3287,0.2932,0.205,0.3742,0.215,1,Metamorphics,IND2497,570,555.0,605.0,21.62083625793457,18.62,46.62,27.730000000000018,26.23,29.53,0.892,0.6237,1.4302,0.5106,1.1211,50.0,28.0,3.3,Essel Mining & Industries / IBM IMYB,newly_added_v2
Kasia,Odisha,22.061492,85.435648,0.1406,0.162,0.1644,0.3242,0.3117,0.2251,0.3271,0.088,1,Metamorphics,IND2497,575,560.0,610.0,23.32192039489746,20.32,48.32,27.730000000000018,26.23,29.53,0.9614,0.6943,1.3847,0.5274,1.0401,50.0,28.0,3.3,Essel Mining & Industries / IBM IMYB,newly_added_v2
Kasia,Odisha,22.060148,85.432991,0.1348,0.1637,0.1539,0.3518,0.2944,0.2052,0.3913,0.292,1,Metamorphics,IND2497,584,569.0,619.0,7.208460807800293,4.21,32.21,27.730000000000018,26.23,29.53,0.8368,0.5833,1.4347,0.5228,1.195,50.0,28.0,3.3,Essel Mining & Industries / IBM IMYB,newly_added_v2
Kasia,Odisha,22.062759,85.437725,0.1353,0.1568,0.1486,0.325,0.2994,0.2145,0.3725,0.294,1,Metamorphics,IND2497,522,507.0,557.0,7.4449286460876465,4.44,32.44,27.730000000000018,26.23,29.53,0.9212,0.66,1.3958,0.4963,1.0855,50.0,28.0,3.3,Essel Mining & Industries / IBM IMYB,newly_added_v2
Kasia,Odisha,22.063757,85.434074,0.1376,0.1551,0.1584,0.2644,0.2933,0.2129,0.2507,0.218,1,Metamorphics,IND2497,564,549.0,599.0,27.051694869995117,24.05,52.05,27.730000000000018,26.23,29.53,1.1093,0.8052,1.3776,0.5401,0.9015,50.0,28.0,3.3,Essel Mining & Industries / IBM IMYB,newly_added_v2
Kasia,Odisha,22.06149,85.433368,0.1389,0.1653,0.1522,0.2981,0.2758,0.1972,0.324,0.178,1,Metamorphics,IND2497,590,575.0,625.0,7.494675159454346,4.49,32.49,27.730000000000018,26.23,29.53,0.9252,0.6615,1.3986,0.5518,1.0809,50.0,28.0,3.3,Essel Mining & Industries / IBM IMYB,newly_added_v2
Kasia,Odisha,22.062564,85.434896,0.1431,0.1667,0.1524,0.3513,0.2961,0.2045,0.3949,0.064,1,Metamorphics,IND2497,565,550.0,600.0,22.452056884765625,19.45,47.45,27.730000000000018,26.23,29.53,0.8429,0.5821,1.4479,0.5147,1.1864,50.0,28.0,3.3,Essel Mining & Industries / IBM IMYB,newly_added_v2
Kasia,Odisha,22.062144,85.437313,0.1365,0.1628,0.1533,0.3058,0.2954,0.2097,0.3322,0.239,1,Metamorphics,IND2497,532,517.0,567.0,6.297684192657471,3.3,31.3,27.730000000000018,26.23,29.53,0.966,0.6857,1.4087,0.519,1.0352,50.0,28.0,3.3,Essel Mining & Industries / IBM IMYB,newly_added_v2
Kasia,Odisha,22.061343,85.434766,0.1389,0.1584,0.1598,0.3179,0.2987,0.2157,0.331,0.077,1,Metamorphics,IND2497,605,590.0,640.0,9.464231491088867,6.46,34.46,27.730000000000018,26.23,29.53,0.9396,0.6785,1.3848,0.535,1.0643,50.0,28.0,3.3,Essel Mining & Industries / IBM IMYB,newly_added_v2
Kasia,Odisha,22.063638,85.436172,0.1395,0.1586,0.1505,0.2811,0.2787,0.1971,0.3026,0.219,1,Metamorphics,IND2497,535,520.0,570.0,13.341460227966309,10.34,38.34,27.730000000000018,26.23,29.53,0.9915,0.7012,1.414,0.54,1.0086,50.0,28.0,3.3,Essel Mining & Industries / IBM IMYB,newly_added_v2
Kasia,Odisha,22.064894,85.433098,0.1395,0.1546,0.1662,0.2793,0.2936,0.2248,0.2539,0.377,1,Metamorphics,IND2497,597,582.0,632.0,11.467690467834473,8.47,36.47,27.730000000000018,26.23,29.53,1.0512,0.8049,1.306,0.5661,0.9513,50.0,28.0,3.3,Essel Mining & Industries / IBM IMYB,newly_added_v2
Kasia,Odisha,22.063237,85.436214,0.1378,0.163,0.156,0.3445,0.2904,0.2045,0.3766,0.186,1,Metamorphics,IND2497,537,522.0,572.0,13.741212844848633,10.74,38.74,27.730000000000018,26.23,29.53,0.843,0.5936,1.42,0.5372,1.1863,50.0,28.0,3.3,Essel Mining & Industries / IBM IMYB,newly_added_v2
Kasia,Odisha,22.059129,85.435032,0.1613,0.1821,0.2252,0.2792,0.351,0.2791,0.1071,0.32,1,Metamorphics,IND2497,604,589.0,639.0,9.34304428100586,6.34,34.34,27.730000000000018,26.23,29.53,1.2572,0.9996,1.2576,0.6416,0.7954,50.0,28.0,3.3,Essel Mining & Industries / IBM IMYB,newly_added_v2
Kasia,Odisha,22.059507,85.43485,0.1681,0.1898,0.2222,0.2734,0.3532,0.2858,0.1033,0.278,1,Metamorphics,IND2497,611,596.0,646.0,3.996518611907959,1.0,29.0,27.730000000000018,26.23,29.53,1.2919,1.0454,1.2358,0.6291,0.7741,50.0,28.0,3.3,Essel Mining & Industries / IBM IMYB,newly_added_v2
Kasia,Odisha,22.06254,85.434011,0.1472,0.1692,0.1824,0.2892,0.3202,0.2592,0.2265,0.118,1,Metamorphics,IND2497,574,559.0,609.0,10.2849702835083,7.28,35.28,27.730000000000018,26.23,29.53,1.1072,0.8963,1.2353,0.5696,0.9032,50.0,28.0,3.3,Essel Mining & Industries / IBM IMYB,newly_added_v2
Kasia,Odisha,22.062132,85.438612,0.1369,0.1638,0.1562,0.3522,0.308,0.2158,0.3855,0.373,1,Metamorphics,IND2497,526,511.0,561.0,3.9965813159942627,1.0,29.0,27.730000000000018,26.23,29.53,0.8745,0.6127,1.4272,0.5071,1.1435,50.0,28.0,3.3,Essel Mining & Industries / IBM IMYB,newly_added_v2
Kasia,Odisha,22.06054,85.436414,0.1413,0.1617,0.1644,0.314,0.3053,0.2199,0.3127,0.218,1,Metamorphics,IND2497,560,545.0,595.0,17.98597526550293,14.99,42.99,27.730000000000018,26.23,29.53,0.9723,0.7003,1.3884,0.5385,1.0285,50.0,28.0,3.3,Essel Mining & Industries / IBM IMYB,newly_added_v2
Kasia,Odisha,22.058843,85.434823,0.1423,0.1615,0.1696,0.3013,0.3263,0.2474,0.2797,0.352,1,Metamorphics,IND2497,609,594.0,644.0,10.072866439819336,7.07,35.07,27.730000000000018,26.23,29.53,1.083,0.8211,1.3189,0.5198,0.9234,50.0,28.0,3.3,Essel Mining & Industries / IBM IMYB,newly_added_v2
Kasia,Odisha,22.063985,85.43254,0.14,0.1605,0.1682,0.3036,0.2988,0.2282,0.287,0.337,1,Metamorphics,IND2497,587,572.0,622.0,4.6273674964904785,1.63,29.63,27.730000000000018,26.23,29.53,0.9842,0.7516,1.3094,0.5629,1.0161,50.0,28.0,3.3,Essel Mining & Industries / IBM IMYB,newly_added_v2
Kasia,Odisha,22.062267,85.433879,0.143,0.1681,0.1712,0.3373,0.2916,0.2221,0.3266,0.119,1,Metamorphics,IND2497,581,566.0,616.0,10.144030570983887,7.14,35.14,27.730000000000018,26.23,29.53,0.8645,0.6585,1.3129,0.5871,1.1567,50.0,28.0,3.3,Essel Mining & Industries / IBM IMYB,newly_added_v2
Kasia,Odisha,22.063394,85.434341,0.1352,0.1545,0.1445,0.2822,0.2792,0.1974,0.3227,0.169,1,Metamorphics,IND2497,549,534.0,584.0,28.815874099731445,25.82,53.82,27.730000000000018,26.23,29.53,0.9894,0.6995,1.4144,0.5176,1.0107,50.0,28.0,3.3,Essel Mining & Industries / IBM IMYB,newly_added_v2
Kasia,Odisha,22.062781,85.433224,0.1369,0.1617,0.1579,0.3179,0.2798,0.208,0.3363,0.203,1,Metamorphics,IND2497,576,561.0,611.0,2.9995810985565186,0.0,28.0,27.730000000000018,26.23,29.53,0.8802,0.6543,1.3452,0.5643,1.1362,50.0,28.0,3.3,Essel Mining & Industries / IBM IMYB,newly_added_v2
Kasia,Odisha,22.061671,85.436126,0.1345,0.1594,0.1478,0.3384,0.2985,0.2057,0.392,0.122,1,Metamorphics,IND2497,554,539.0,589.0,12.81398868560791,9.81,37.81,27.730000000000018,26.23,29.53,0.8821,0.6079,1.4511,0.4951,1.1337,50.0,28.0,3.3,Essel Mining & Industries / IBM IMYB,newly_added_v2
Kasia,Odisha,22.064078,85.434985,0.1293,0.1496,0.1376,0.3242,0.2813,0.1922,0.4041,0.231,1,Metamorphics,IND2497,524,509.0,559.0,11.302099227905273,8.3,36.3,27.730000000000018,26.23,29.53,0.8677,0.5928,1.4636,0.4892,1.1525,50.0,28.0,3.3,Essel Mining & Industries / IBM IMYB,newly_added_v2
Kasia,Odisha,22.063049,85.436529,0.1352,0.1591,0.1588,0.3383,0.3019,0.2149,0.3611,0.196,1,Metamorphics,IND2497,525,510.0,560.0,3.996612548828125,1.0,29.0,27.730000000000018,26.23,29.53,0.8924,0.6352,1.4048,0.526,1.1206,50.0,28.0,3.3,Essel Mining & Industries / IBM IMYB,newly_added_v2
Kasia,Odisha,22.060919,85.436714,0.133,0.1525,0.144,0.321,0.2781,0.1952,0.3806,0.214,1,Metamorphics,IND2497,550,535.0,585.0,13.872529029846191,10.87,38.87,27.730000000000018,26.23,29.53,0.8664,0.6081,1.4247,0.5178,1.1543,50.0,28.0,3.3,Essel Mining & Industries / IBM IMYB,newly_added_v2
Kasia,Odisha,22.060108,85.434429,0.143,0.1656,0.175,0.3046,0.3129,0.2362,0.2702,0.219,1,Metamorphics,IND2497,611,596.0,646.0,0.0,0.0,25.0,27.730000000000018,26.23,29.53,1.0272,0.7754,1.3247,0.5593,0.9735,50.0,25.0,3.3,Essel Mining & Industries / IBM IMYB,newly_added_v2
Kasia,Odisha,22.043297,85.476671,0.1466,0.1683,0.1745,0.3132,0.3549,0.2608,0.2844,4.777,0,Metamorphics,IND2497,437,422.0,472.0,2.1067097187042236,0.0,27.11,29.810000000000002,28.31,31.61,1.1331,0.8327,1.3608,0.4917,0.8825,50.0,27.11,3.3,Essel Mining & Industries / IBM IMYB,newly_added_v2
Kasia,Odisha,22.051981,85.403425,0.1367,0.159,0.1525,0.3029,0.286,0.207,0.3303,3.443,0,Metamorphics,IND2497,540,525.0,575.0,6.588392734527588,3.59,31.59,27.670000000000016,26.17,29.47,0.9442,0.6834,1.3816,0.5332,1.0591,50.0,28.0,3.3,Essel Mining & Industries / IBM IMYB,newly_added_v2
Kasia,Odisha,22.066963,85.486667,0.1422,0.1707,0.1783,0.3415,0.3634,0.2693,0.314,5.359,0,Metamorphics,IND2497,466,451.0,501.0,2.999669313430786,0.0,28.0,29.250000000000057,27.75,31.05,1.0641,0.7886,1.3494,0.4906,0.9397,50.0,28.0,3.3,Essel Mining & Industries / IBM IMYB,newly_added_v2
Kasia,Odisha,22.117151,85.451742,0.1332,0.1503,0.1463,0.3333,0.276,0.1936,0.3899,6.378,0,Metamorphics,IND2497,678,663.0,713.0,11.675124168395996,8.68,36.68,27.230000000000018,25.73,29.03,0.8281,0.5809,1.4256,0.5301,1.2076,50.0,28.0,3.3,Essel Mining & Industries / IBM IMYB,newly_added_v2
Kasia,Odisha,22.046479,85.377048,0.1437,0.172,0.1858,0.3489,0.3365,0.2473,0.305,6.224,0,Metamorphics,IND2497,497,482.0,532.0,2.726717710494995,0.0,27.73,29.310000000000002,27.81,31.11,0.9645,0.7088,1.3607,0.5522,1.0368,50.0,27.73,3.3,Essel Mining & Industries / IBM IMYB,newly_added_v2
Kasia,Odisha,22.017553,85.476706,0.1496,0.1688,0.1867,0.2723,0.3541,0.2739,0.1865,6.557,0,Metamorphics,IND2497,436,421.0,471.0,3.4231348037719727,0.42,28.42,29.630000000000052,28.13,31.43,1.3004,1.0059,1.2928,0.5273,0.769,50.0,28.0,3.3,Essel Mining & Industries / IBM IMYB,newly_added_v2
Kasia,Odisha,22.084476,85.384084,0.1333,0.1479,0.1495,0.2251,0.2745,0.2218,0.2018,5.818,0,Metamorphics,IND2497,484,469.0,519.0,1.0008264780044556,0.0,26.0,29.07000000000005,27.57,30.87,1.2195,0.9853,1.2376,0.5446,0.82,50.0,26.0,3.3,Essel Mining & Industries / IBM IMYB,newly_added_v2
Kasia,Odisha,21.995517,85.437106,0.1303,0.1509,0.1431,0.3321,0.299,0.2098,0.3977,7.404,0,Metamorphics,IND2497,568,553.0,603.0,14.018263816833496,11.02,39.02,28.950000000000045,27.45,30.75,0.9003,0.6317,1.4252,0.4786,1.1107,50.0,28.0,3.3,Essel Mining & Industries / IBM IMYB,newly_added_v2
Kasia,Odisha,22.037882,85.434625,0.2178,0.2148,0.2273,0.3215,0.3679,0.347,0.1716,2.685,0,Metamorphics,IND2497,470,455.0,505.0,9.195145606994629,6.2,34.2,28.850000000000023,27.35,30.65,1.1443,1.0793,1.0602,0.6178,0.8739,50.0,28.0,3.3,Essel Mining & Industries / IBM IMYB,newly_added_v2
Kasia,Odisha,22.095452,85.396417,0.1376,0.1675,0.164,0.3452,0.3134,0.2236,0.3559,5.451,0,Metamorphics,IND2497,522,507.0,557.0,10.028889656066895,7.03,35.03,28.910000000000025,27.41,30.71,0.9079,0.6477,1.4016,0.5233,1.1015,50.0,28.0,3.3,Essel Mining & Industries / IBM IMYB,newly_added_v2
Kasia,Odisha,22.004568,85.459398,0.1397,0.1662,0.1671,0.3106,0.292,0.2236,0.3004,6.871,0,Metamorphics,IND2497,438,423.0,473.0,2.106581211090088,0.0,27.11,29.130000000000052,27.63,30.93,0.9401,0.7199,1.3059,0.5723,1.0637,50.0,27.11,3.3,Essel Mining & Industries / IBM IMYB,newly_added_v2
Kasia,Odisha,22.017596,85.448293,0.1363,0.1585,0.1503,0.3416,0.3133,0.2179,0.3889,5.13,0,Metamorphics,IND2497,541,526.0,576.0,17.340436935424805,14.34,42.34,28.410000000000025,26.91,30.21,0.9172,0.6379,1.4378,0.4797,1.0903,50.0,28.0,3.3,Essel Mining & Industries / IBM IMYB,newly_added_v2
Kasia,Odisha,22.015645,85.466752,0.1418,0.1602,0.172,0.2579,0.3007,0.2397,0.1998,6.112,0,Metamorphics,IND2497,483,468.0,518.0,16.092926025390625,13.09,41.09,29.010000000000048,27.51,30.81,1.166,0.9294,1.2545,0.572,0.8577,50.0,28.0,3.3,Essel Mining & Industries / IBM IMYB,newly_added_v2
Kasia,Odisha,22.091326,85.481161,0.1485,0.1699,0.1846,0.291,0.3282,0.2695,0.2237,5.774,0,Metamorphics,IND2497,480,465.0,515.0,6.260769844055176,3.26,31.26,29.170000000000016,27.67,30.97,1.1278,0.9261,1.2178,0.5625,0.8867,50.0,28.0,3.3,Essel Mining & Industries / IBM IMYB,newly_added_v2
Kasia,Odisha,22.104733,85.425965,0.1372,0.1558,0.1592,0.3388,0.3059,0.2227,0.3606,4.847,0,Metamorphics,IND2497,621,606.0,656.0,15.107464790344238,12.11,40.11,28.630000000000052,27.13,30.43,0.9029,0.6573,1.3736,0.5204,1.1076,50.0,28.0,3.3,Essel Mining & Industries / IBM IMYB,newly_added_v2
Kasia,Odisha,22.048732,85.396965,0.1377,0.1611,0.1638,0.327,0.3142,0.2371,0.3325,4.193,0,Metamorphics,IND2497,520,505.0,555.0,1.8543341159820557,0.0,26.85,27.99000000000001,26.49,29.79,0.9609,0.7251,1.3252,0.5213,1.0407,50.0,26.85,3.3,Essel Mining & Industries / IBM IMYB,newly_added_v2
Kasia,Odisha,22.092818,85.390283,0.1356,0.1645,0.1427,0.3559,0.2683,0.1892,0.4276,5.749,0,Metamorphics,IND2497,536,521.0,571.0,4.992264747619629,1.99,29.99,28.910000000000025,27.41,30.71,0.7539,0.5316,1.4181,0.5319,1.3265,50.0,28.0,3.3,Essel Mining & Industries / IBM IMYB,newly_added_v2
Kasia,Odisha,22.100524,85.384328,0.153,0.1619,0.1813,0.2164,0.2696,0.2542,0.0883,6.762,0,Metamorphics,IND2497,472,457.0,507.0,2.106902837753296,0.0,27.11,29.610000000000014,28.11,31.41,1.2458,1.1747,1.0606,0.6725,0.8027,50.0,27.11,3.3,Essel Mining & Industries / IBM IMYB,newly_added_v2
Kasia,Odisha,22.045925,85.473962,0.144,0.1633,0.1706,0.2757,0.3253,0.2386,0.2355,4.4,0,Metamorphics,IND2497,439,424.0,474.0,1.3641283512115479,0.0,26.36,29.670000000000016,28.17,31.47,1.1799,0.8654,1.3634,0.5244,0.8475,50.0,26.36,3.3,Essel Mining & Industries / IBM IMYB,newly_added_v2
Kasia,Odisha,22.065232,85.376039,0.1465,0.1674,0.1716,0.3134,0.3532,0.276,0.2924,6.094,0,Metamorphics,IND2497,474,459.0,509.0,1.8543341159820557,0.0,26.85,29.510000000000048,28.01,31.31,1.127,0.8807,1.2797,0.4858,0.8873,50.0,26.85,3.3,Essel Mining & Industries / IBM IMYB,newly_added_v2
Kasia,Odisha,22.12208,85.449875,0.1322,0.1499,0.1438,0.3354,0.2755,0.1943,0.3998,6.862,0,Metamorphics,IND2497,668,653.0,703.0,14.837106704711914,11.84,39.84,27.230000000000018,25.73,29.03,0.8214,0.5793,1.4179,0.522,1.2174,50.0,28.0,3.3,Essel Mining & Industries / IBM IMYB,newly_added_v2
Kasia,Odisha,22.044659,85.414781,0.1314,0.1548,0.1461,0.322,0.2862,0.2028,0.3758,2.842,0,Metamorphics,IND2497,528,513.0,563.0,13.044341087341309,10.04,38.04,27.890000000000043,26.39,29.69,0.8888,0.6298,1.4112,0.5105,1.1251,50.0,28.0,3.3,Essel Mining & Industries / IBM IMYB,newly_added_v2
Kasia,Odisha,22.125813,85.433886,0.1424,0.1693,0.1578,0.3645,0.3106,0.2119,0.3957,7.105,0,Metamorphics,IND2497,634,619.0,669.0,15.937424659729004,12.94,40.94,27.630000000000052,26.13,29.43,0.8521,0.5813,1.4658,0.508,1.1735,50.0,28.0,3.3,Essel Mining & Industries / IBM IMYB,newly_added_v2
Kasia,Odisha,22.010751,85.459355,0.1354,0.1549,0.1522,0.2607,0.2751,0.204,0.2628,6.234,0,Metamorphics,IND2497,455,440.0,490.0,2.954230785369873,0.0,27.95,28.510000000000048,27.01,30.31,1.0552,0.7825,1.3485,0.5533,0.9477,50.0,27.95,3.3,Essel Mining & Industries / IBM IMYB,newly_added_v2
Kasia,Odisha,22.044066,85.413396,0.1299,0.1631,0.1403,0.3537,0.2638,0.187,0.432,2.992,0,Metamorphics,IND2497,554,539.0,589.0,12.140828132629395,9.14,37.14,27.890000000000043,26.39,29.69,0.7458,0.5287,1.4107,0.5318,1.3408,50.0,28.0,3.3,Essel Mining & Industries / IBM IMYB,newly_added_v2
Kasia,Odisha,22.00417,85.458052,0.147,0.1658,0.1776,0.2012,0.2279,0.1878,0.0623,6.863,0,Metamorphics,IND2497,433,418.0,468.0,1.0002589225769043,0.0,26.0,28.930000000000007,27.43,30.73,1.1327,0.9334,1.2135,0.7793,0.8828,50.0,26.0,3.3,Essel Mining & Industries / IBM IMYB,newly_added_v2
Kasia,Odisha,22.106055,85.402002,0.1569,0.1783,0.1989,0.3196,0.3848,0.3026,0.2328,5.97,0,Metamorphics,IND2497,484,469.0,519.0,3.140049934387207,0.14,28.14,29.57000000000005,28.07,31.37,1.204,0.9468,1.2716,0.5169,0.8306,50.0,28.0,3.3,Essel Mining & Industries / IBM IMYB,newly_added_v2
Kasia,Odisha,22.069011,85.409643,0.1295,0.1554,0.1356,0.3914,0.2555,0.1727,0.4854,2.73,0,Metamorphics,IND2497,596,581.0,631.0,5.321496486663818,2.32,30.32,27.670000000000016,26.17,29.47,0.6528,0.4412,1.4794,0.5307,1.5319,50.0,28.0,3.3,Essel Mining & Industries / IBM IMYB,newly_added_v2
Kasia,Odisha,22.036828,85.462215,0.1416,0.1672,0.1691,0.3576,0.3415,0.261,0.3579,3.967,0,Metamorphics,IND2497,464,449.0,499.0,2.2045772075653076,0.0,27.2,29.250000000000057,27.75,31.05,0.955,0.7299,1.3084,0.4952,1.0471,50.0,27.2,3.3,Essel Mining & Industries / IBM IMYB,newly_added_v2
Kasia,Odisha,22.033558,85.428912,0.1427,0.161,0.1678,0.2877,0.34,0.2504,0.2632,3.228,0,Metamorphics,IND2497,466,451.0,501.0,5.507126808166504,2.51,30.51,29.150000000000034,27.65,30.95,1.1818,0.8704,1.3578,0.4935,0.8462,50.0,28.0,3.3,Essel Mining & Industries / IBM IMYB,newly_added_v2
Kasia,Odisha,22.074639,85.385173,0.1567,0.178,0.199,0.3037,0.3462,0.2862,0.2083,5.33,0,Metamorphics,IND2497,479,464.0,514.0,2.0009050369262695,0.0,27.0,29.590000000000032,28.09,31.39,1.1399,0.9424,1.2096,0.5748,0.8772,50.0,27.0,3.3,Essel Mining & Industries / IBM IMYB,newly_added_v2
Kasia,Odisha,22.088464,85.450458,0.1325,0.1579,0.142,0.3862,0.263,0.1872,0.4623,3.35,0,Metamorphics,IND2497,748,733.0,783.0,3.423718214035034,0.42,28.42,27.55000000000001,26.05,29.35,0.681,0.4847,1.4049,0.5399,1.4684,50.0,28.0,3.3,Essel Mining & Industries / IBM IMYB,newly_added_v2
Kasia,Odisha,22.017039,85.389609,0.1411,0.1572,0.168,0.2721,0.3014,0.2346,0.2365,6.854,0,Metamorphics,IND2497,677,662.0,712.0,6.297236442565918,3.3,31.3,28.610000000000014,27.11,30.41,1.1077,0.8622,1.2847,0.5574,0.9028,50.0,28.0,3.3,Essel Mining & Industries / IBM IMYB,newly_added_v2
Kasia,Odisha,22.090407,85.416304,0.1423,0.1699,0.1716,0.3287,0.3248,0.2503,0.314,3.704,0,Metamorphics,IND2497,536,521.0,571.0,4.40401554107666,1.4,29.4,28.49000000000001,26.99,30.29,0.9881,0.7615,1.2976,0.5283,1.012,50.0,28.0,3.3,Essel Mining & Industries / IBM IMYB,newly_added_v2
Kasia,Odisha,22.03397,85.442533,0.1343,0.153,0.1567,0.2929,0.2905,0.2276,0.3029,3.216,0,Metamorphics,IND2497,501,486.0,536.0,7.952631950378418,4.95,32.95,28.410000000000025,26.91,30.21,0.9918,0.7771,1.2764,0.5394,1.0083,50.0,28.0,3.3,Essel Mining & Industries / IBM IMYB,newly_added_v2
Kasia,Odisha,22.060867,85.47152,0.1289,0.1417,0.1384,0.2832,0.2355,0.1753,0.3435,3.77,0,Metamorphics,IND2497,452,437.0,487.0,3.8368256092071533,0.84,28.84,29.410000000000025,27.91,31.21,0.8316,0.619,1.3434,0.5877,1.2025,50.0,28.0,3.3,Essel Mining & Industries / IBM IMYB,newly_added_v2
Kasia,Odisha,22.069701,85.411753,0.1362,0.1567,0.1551,0.3246,0.2658,0.1966,0.3533,2.547,0,Metamorphics,IND2497,611,596.0,646.0,8.75556468963623,5.76,33.76,27.670000000000016,26.17,29.47,0.8189,0.6057,1.352,0.5835,1.2212,50.0,28.0,3.3,Essel Mining & Industries / IBM IMYB,newly_added_v2
Kasia,Odisha,22.034351,85.373995,0.1322,0.1557,0.1513,0.3162,0.2903,0.2072,0.3527,7.006,0,Metamorphics,IND2497,523,508.0,558.0,0.9274099469184875,0.0,25.93,28.630000000000052,27.13,30.43,0.9181,0.6553,1.4011,0.5212,1.0892,50.0,25.93,3.3,Essel Mining & Industries / IBM IMYB,newly_added_v2
Kasia,Odisha,22.034405,85.446416,0.1401,0.1644,0.1649,0.2576,0.2931,0.2232,0.2194,3.29,0,Metamorphics,IND2497,568,553.0,603.0,7.953103542327881,4.95,32.95,28.410000000000025,26.91,30.21,1.1378,0.8665,1.3132,0.5626,0.8789,50.0,28.0,3.3,Essel Mining & Industries / IBM IMYB,newly_added_v2
Kasia,Odisha,22.029626,85.413572,0.1342,0.1641,0.1477,0.3585,0.2689,0.191,0.4164,4.228,0,Metamorphics,IND2497,520,505.0,555.0,7.4932427406311035,4.49,32.49,28.750000000000057,27.25,30.55,0.7501,0.5328,1.4079,0.5493,1.3332,50.0,28.0,3.3,Essel Mining & Industries / IBM IMYB,newly_added_v2
Kasia,Odisha,22.016521,85.460273,0.1377,0.1608,0.152,0.3333,0.2927,0.1971,0.3736,5.695,0,Metamorphics,IND2497,556,541.0,591.0,17.34035873413086,14.34,42.34,28.510000000000048,27.01,30.31,0.8782,0.5914,1.485,0.5193,1.1387,50.0,28.0,3.3,Essel Mining & Industries / IBM IMYB,newly_added_v2
Kasia,Odisha,22.08099,85.404972,0.1311,0.1589,0.1387,0.3215,0.2399,0.1739,0.3972,3.75,0,Metamorphics,IND2497,529,514.0,564.0,2.1068363189697266,0.0,27.11,28.250000000000057,26.75,30.05,0.7462,0.5409,1.3795,0.5782,1.3401,50.0,27.11,3.3,Essel Mining & Industries / IBM IMYB,newly_added_v2
Kasia,Odisha,22.038482,85.457459,0.1352,0.164,0.1612,0.3099,0.3022,0.2247,0.3156,3.496,0,Metamorphics,IND2497,486,471.0,521.0,8.347606658935547,5.35,33.35,28.53000000000003,27.03,30.33,0.9752,0.7251,1.3449,0.5334,1.0255,50.0,28.0,3.3,Essel Mining & Industries / IBM IMYB,newly_added_v2
Kasia,Odisha,22.065546,85.482497,0.1671,0.1929,0.2149,0.3068,0.3902,0.3147,0.1762,4.916,0,Metamorphics,IND2497,448,433.0,483.0,2.9543612003326416,0.0,27.95,29.27000000000004,27.77,31.07,1.2718,1.0257,1.2399,0.5507,0.7863,50.0,27.95,3.3,Essel Mining & Industries / IBM IMYB,newly_added_v2
Kasia,Odisha,22.019076,85.41147,0.1451,0.1693,0.159,0.3505,0.2706,0.2094,0.3759,5.36,0,Metamorphics,IND2497,575,560.0,610.0,7.582135200500488,4.58,32.58,28.470000000000027,26.97,30.27,0.772,0.5974,1.2923,0.5876,1.2953,50.0,28.0,3.3,Essel Mining & Industries / IBM IMYB,newly_added_v2
Koira,Odisha,21.90405,85.248507,0.1537,0.1826,0.1887,0.3643,0.3905,0.2924,0.3175,0.377,1,Metamorphics,IND2497,577,562.0,612.0,2.106245994567871,0.0,27.11,29.650000000000034,28.15,31.45,1.0719,0.8026,1.3355,0.4832,0.9329,50.0,27.11,3.3,OMC / IBM IMYB,newly_added_v2
Koira,Odisha,21.903178,85.24198,0.1435,0.1619,0.1738,0.2659,0.2914,0.2424,0.2095,0.372,1,Metamorphics,IND2497,579,564.0,614.0,1.3633928298950195,0.0,26.36,29.710000000000036,28.21,31.51,1.0959,0.9116,1.2021,0.5964,0.9125,50.0,26.36,3.3,OMC / IBM IMYB,newly_added_v2
Koira,Odisha,21.904023,85.244537,0.1429,0.1642,0.1721,0.2673,0.2846,0.2322,0.2167,0.119,1,Metamorphics,IND2497,572,557.0,607.0,0.9274099469184875,0.0,25.93,29.710000000000036,28.21,31.51,1.0647,0.8687,1.2257,0.6047,0.9392,50.0,25.93,3.3,OMC / IBM IMYB,newly_added_v2
Koira,Odisha,21.90492,85.242417,0.1668,0.1879,0.2244,0.263,0.3165,0.2932,0.0792,0.267,1,Metamorphics,IND2497,573,558.0,608.0,0.9274099469184875,0.0,25.93,29.710000000000036,28.21,31.51,1.2034,1.1148,1.0795,0.709,0.831,50.0,25.93,3.3,OMC / IBM IMYB,newly_added_v2
Koira,Odisha,21.904735,85.244774,0.1335,0.1532,0.1513,0.2846,0.3105,0.23,0.3058,0.038,1,Metamorphics,IND2497,571,556.0,606.0,0.9274099469184875,0.0,25.93,29.710000000000036,28.21,31.51,1.091,0.8082,1.35,0.4873,0.9166,50.0,25.93,3.3,OMC / IBM IMYB,newly_added_v2
Koira,Odisha,21.906472,85.24391,0.1587,0.1781,0.2147,0.2406,0.2956,0.2795,0.0569,0.199,1,Metamorphics,IND2497,577,562.0,612.0,0.0,0.0,25.0,29.710000000000036,28.21,31.51,1.2286,1.1617,1.0576,0.7263,0.8139,50.0,25.0,3.3,OMC / IBM IMYB,newly_added_v2
Koira,Odisha,21.905334,85.243865,0.1406,0.1596,0.1697,0.2659,0.3352,0.2672,0.2208,0.123,1,Metamorphics,IND2497,575,560.0,610.0,2.7802884578704834,0.0,27.78,29.710000000000036,28.21,31.51,1.2606,1.0049,1.2545,0.5063,0.7933,50.0,27.78,3.3,OMC / IBM IMYB,newly_added_v2
Koira,Odisha,21.903715,85.246849,0.1426,0.1602,0.1702,0.2713,0.3169,0.2562,0.229,0.239,1,Metamorphics,IND2497,578,563.0,613.0,2.202883243560791,0.0,27.2,29.650000000000034,28.15,31.45,1.1681,0.9443,1.2369,0.5371,0.8561,50.0,27.2,3.3,OMC / IBM IMYB,newly_added_v2
Koira,Odisha,21.903377,85.243339,0.1625,0.1863,0.228,0.2508,0.2884,0.2669,0.0476,0.249,1,Metamorphics,IND2497,574,559.0,609.0,3.836538076400757,0.84,28.84,29.710000000000036,28.21,31.51,1.1499,1.0642,1.0806,0.7906,0.8696,50.0,28.0,3.3,OMC / IBM IMYB,newly_added_v2
Koira,Odisha,21.904569,85.242486,0.1478,0.1693,0.185,0.2844,0.3394,0.2664,0.2118,0.264,1,Metamorphics,IND2497,571,556.0,606.0,2.725257635116577,0.0,27.73,29.710000000000036,28.21,31.51,1.1934,0.9367,1.274,0.5451,0.8379,50.0,27.73,3.3,OMC / IBM IMYB,newly_added_v2
Koira,Odisha,21.906218,85.242883,0.1618,0.1777,0.2131,0.2396,0.3047,0.2895,0.0585,0.257,1,Metamorphics,IND2497,576,561.0,611.0,6.296142101287842,3.3,31.3,29.710000000000036,28.21,31.51,1.2717,1.2083,1.0525,0.6994,0.7863,50.0,28.0,3.3,OMC / IBM IMYB,newly_added_v2
Koira,Odisha,21.906816,85.243641,0.1468,0.166,0.1825,0.2689,0.2992,0.2573,0.1914,0.246,1,Metamorphics,IND2497,577,562.0,612.0,2.953984022140503,0.0,27.95,29.710000000000036,28.21,31.51,1.1127,0.9569,1.1628,0.61,0.8987,50.0,27.95,3.3,OMC / IBM IMYB,newly_added_v2
Koira,Odisha,21.904179,85.247281,0.1429,0.1621,0.1723,0.2976,0.3488,0.2544,0.2667,0.253,1,Metamorphics,IND2497,577,562.0,612.0,1.9985032081604004,0.0,27.0,29.650000000000034,28.15,31.45,1.172,0.8548,1.3711,0.494,0.8532,50.0,27.0,3.3,OMC / IBM IMYB,newly_added_v2
Koira,Odisha,21.903591,85.244171,0.1576,0.1764,0.1991,0.2076,0.2287,0.2132,0.0209,0.179,1,Metamorphics,IND2497,575,560.0,610.0,1.8543341159820557,0.0,26.85,29.710000000000036,28.21,31.51,1.1016,1.027,1.0727,0.8706,0.9077,50.0,26.85,3.3,OMC / IBM IMYB,newly_added_v2
Koira,Odisha,21.90715,85.246473,0.1551,0.1708,0.1804,0.2239,0.2478,0.213,0.1076,0.284,1,Metamorphics,IND2497,583,568.0,618.0,1.3634114265441895,0.0,26.36,29.710000000000036,28.21,31.51,1.1067,0.9513,1.1634,0.728,0.9036,50.0,26.36,3.3,OMC / IBM IMYB,newly_added_v2
Koira,Odisha,21.904982,85.243778,0.1598,0.1861,0.2085,0.3073,0.3449,0.3009,0.1915,0.126,1,Metamorphics,IND2497,572,557.0,607.0,2.202897310256958,0.0,27.2,29.710000000000036,28.21,31.51,1.1224,0.9792,1.1462,0.6045,0.891,50.0,27.2,3.3,OMC / IBM IMYB,newly_added_v2
Koira,Odisha,21.905504,85.245595,0.1518,0.1768,0.1879,0.3159,0.3886,0.3032,0.2541,0.083,1,Metamorphics,IND2497,576,561.0,611.0,2.9539806842803955,0.0,27.95,29.710000000000036,28.21,31.51,1.2301,0.9598,1.2817,0.4835,0.8129,50.0,27.95,3.3,OMC / IBM IMYB,newly_added_v2
Koira,Odisha,21.906893,85.24463,0.1456,0.1638,0.1848,0.2441,0.292,0.2568,0.1383,0.214,1,Metamorphics,IND2497,578,563.0,613.0,4.733182907104492,1.73,29.73,29.710000000000036,28.21,31.51,1.1962,1.052,1.1371,0.6329,0.836,50.0,28.0,3.3,OMC / IBM IMYB,newly_added_v2
Koira,Odisha,21.906623,85.243943,0.1587,0.1781,0.2147,0.2406,0.2956,0.2795,0.0569,0.211,1,Metamorphics,IND2497,577,562.0,612.0,0.0,0.0,25.0,29.710000000000036,28.21,31.51,1.2286,1.1617,1.0576,0.7263,0.8139,50.0,25.0,3.3,OMC / IBM IMYB,newly_added_v2
Koira,Odisha,21.904875,85.248085,0.1563,0.1825,0.1984,0.3515,0.3967,0.3057,0.2784,0.319,1,Metamorphics,IND2497,576,561.0,611.0,0.9274099469184875,0.0,25.93,29.650000000000034,28.15,31.45,1.1286,0.8697,1.2977,0.5001,0.8861,50.0,25.93,3.3,OMC / IBM IMYB,newly_added_v2
Koira,Odisha,21.902172,85.245349,0.1547,0.1747,0.2094,0.2669,0.3055,0.2711,0.1207,0.317,1,Metamorphics,IND2497,582,567.0,617.0,4.759495258331299,1.76,29.76,29.650000000000034,28.15,31.45,1.1446,1.0157,1.1269,0.6854,0.8736,50.0,28.0,3.3,OMC / IBM IMYB,newly_added_v2
Koira,Odisha,21.90494,85.241996,0.1593,0.1814,0.2082,0.2521,0.2992,0.2715,0.0954,0.31,1,Metamorphics,IND2497,573,558.0,608.0,2.7802884578704834,0.0,27.78,29.710000000000036,28.21,31.51,1.1868,1.077,1.102,0.6959,0.8426,50.0,27.78,3.3,OMC / IBM IMYB,newly_added_v2
Koira,Odisha,21.905956,85.24591,0.1333,0.1516,0.1542,0.2413,0.2972,0.2332,0.2202,0.142,1,Metamorphics,IND2497,577,562.0,612.0,1.8543341159820557,0.0,26.85,29.710000000000036,28.21,31.51,1.2317,0.9664,1.2744,0.5188,0.8119,50.0,26.85,3.3,OMC / IBM IMYB,newly_added_v2
Koira,Odisha,21.907087,85.247746,0.1402,0.155,0.1723,0.2431,0.254,0.2167,0.1704,0.367,1,Metamorphics,IND2497,579,564.0,614.0,3.704791784286499,0.7,28.7,29.650000000000034,28.15,31.45,1.0448,0.8914,1.1721,0.6783,0.9571,50.0,28.0,3.3,OMC / IBM IMYB,newly_added_v2
Koira,Odisha,21.907109,85.242257,0.13,0.1421,0.1474,0.2483,0.2507,0.2108,0.255,0.368,1,Metamorphics,IND2497,584,569.0,619.0,8.347497940063477,5.35,33.35,29.710000000000036,28.21,31.51,1.0097,0.849,1.1893,0.588,0.9904,50.0,28.0,3.3,OMC / IBM IMYB,newly_added_v2
Koira,Odisha,21.907502,85.244658,0.1458,0.1657,0.1782,0.2743,0.3101,0.2508,0.2124,0.281,1,Metamorphics,IND2497,585,570.0,620.0,7.3788604736328125,4.38,32.38,29.710000000000036,28.21,31.51,1.1305,0.9143,1.2364,0.5747,0.8846,50.0,28.0,3.3,OMC / IBM IMYB,newly_added_v2
Koira,Odisha,21.906112,85.241643,0.1505,0.1707,0.1947,0.249,0.3089,0.2805,0.1224,0.368,1,Metamorphics,IND2497,573,558.0,608.0,1.8543341159820557,0.0,26.85,29.710000000000036,28.21,31.51,1.2406,1.1265,1.1012,0.6303,0.8061,50.0,26.85,3.3,OMC / IBM IMYB,newly_added_v2
Koira,Odisha,21.905345,85.243579,0.1434,0.1624,0.1752,0.2797,0.3166,0.2485,0.2297,0.152,1,Metamorphics,IND2497,575,560.0,610.0,3.8365421295166016,0.84,28.84,29.710000000000036,28.21,31.51,1.1319,0.8885,1.274,0.5534,0.8834,50.0,28.0,3.3,OMC / IBM IMYB,newly_added_v2
Koira,Odisha,21.904781,85.244945,0.1336,0.1536,0.1527,0.2656,0.3064,0.2293,0.2699,0.025,1,Metamorphics,IND2497,571,556.0,606.0,1.3633999824523926,0.0,26.36,29.710000000000036,28.21,31.51,1.1536,0.8633,1.3362,0.4984,0.8668,50.0,26.36,3.3,OMC / IBM IMYB,newly_added_v2
Koira,Odisha,21.904231,85.243426,0.1421,0.1612,0.168,0.242,0.2447,0.2019,0.1805,0.184,1,Metamorphics,IND2497,573,558.0,608.0,2.2028868198394775,0.0,27.2,29.710000000000036,28.21,31.51,1.0112,0.8343,1.212,0.6866,0.989,50.0,27.2,3.3,OMC / IBM IMYB,newly_added_v2
Koira,Odisha,21.902971,85.243715,0.1429,0.1635,0.1754,0.2768,0.297,0.2396,0.2242,0.262,1,Metamorphics,IND2497,576,561.0,611.0,2.7802884578704834,0.0,27.78,29.710000000000036,28.21,31.51,1.073,0.8656,1.2396,0.5906,0.932,50.0,27.78,3.3,OMC / IBM IMYB,newly_added_v2
Koira,Odisha,21.907642,85.243879,0.135,0.1501,0.1615,0.2619,0.286,0.2316,0.2371,0.316,1,Metamorphics,IND2497,584,569.0,619.0,7.444785118103027,4.44,32.44,29.710000000000036,28.21,31.51,1.092,0.8843,1.2349,0.5647,0.9157,50.0,28.0,3.3,OMC / IBM IMYB,newly_added_v2
Koira,Odisha,21.905054,85.245568,0.1318,0.1516,0.1486,0.2741,0.3015,0.2235,0.2969,0.059,1,Metamorphics,IND2497,572,557.0,607.0,0.9995614886283875,0.0,26.0,29.710000000000036,28.21,31.51,1.1,0.8154,1.349,0.4929,0.9091,50.0,26.0,3.3,OMC / IBM IMYB,newly_added_v2
Koira,Odisha,21.905195,85.244813,0.1574,0.1843,0.2001,0.3281,0.4095,0.326,0.2423,0.029,1,Metamorphics,IND2497,573,558.0,608.0,4.733180522918701,1.73,29.73,29.710000000000036,28.21,31.51,1.2481,0.9936,1.2561,0.4886,0.8012,50.0,28.0,3.3,OMC / IBM IMYB,newly_added_v2
Koira,Odisha,21.906719,85.243908,0.1512,0.173,0.1993,0.2778,0.3143,0.2722,0.1645,0.222,1,Metamorphics,IND2497,577,562.0,612.0,2.7802884578704834,0.0,27.78,29.710000000000036,28.21,31.51,1.1314,0.9798,1.1547,0.6341,0.8839,50.0,27.78,3.3,OMC / IBM IMYB,newly_added_v2
Koira,Odisha,21.905826,85.245373,0.1323,0.1498,0.1511,0.26,0.2978,0.2362,0.2649,0.1,1,Metamorphics,IND2497,576,561.0,611.0,0.9274099469184875,0.0,25.93,29.710000000000036,28.21,31.51,1.1454,0.9085,1.2608,0.5074,0.8731,50.0,25.93,3.3,OMC / IBM IMYB,newly_added_v2
Koira,Odisha,21.907395,85.243348,0.1475,0.1734,0.2114,0.3007,0.3396,0.2913,0.1744,0.317,1,Metamorphics,IND2497,582,567.0,617.0,11.407057762145996,8.41,36.41,29.710000000000036,28.21,31.51,1.1294,0.9687,1.1658,0.6225,0.8855,50.0,28.0,3.3,OMC / IBM IMYB,newly_added_v2
Koira,Odisha,21.90403,85.245679,0.1526,0.1844,0.1972,0.3142,0.3236,0.2529,0.2288,0.129,1,Metamorphics,IND2497,574,559.0,609.0,3.4222071170806885,0.42,28.42,29.710000000000036,28.21,31.51,1.0299,0.8049,1.2796,0.6094,0.971,50.0,28.0,3.3,OMC / IBM IMYB,newly_added_v2
Koira,Odisha,21.905596,85.244774,0.1538,0.1812,0.187,0.3165,0.3864,0.3013,0.2572,0.07,1,Metamorphics,IND2497,576,561.0,611.0,3.8365421295166016,0.84,28.84,29.710000000000036,28.21,31.51,1.2209,0.952,1.2824,0.484,0.8191,50.0,28.0,3.3,OMC / IBM IMYB,newly_added_v2
Koira,Odisha,21.903837,85.245058,0.138,0.1706,0.1515,0.1424,0.1323,0.1263,-0.031,0.13,1,Metamorphics,IND2497,576,561.0,611.0,2.1062450408935547,0.0,27.11,29.710000000000036,28.21,31.51,0.9291,0.8869,1.0475,1.1451,1.0763,50.0,27.11,3.3,OMC / IBM IMYB,newly_added_v2
Koira,Odisha,21.905375,85.244654,0.1538,0.1812,0.187,0.3165,0.3864,0.3013,0.2572,0.055,1,Metamorphics,IND2497,576,561.0,611.0,3.8365421295166016,0.84,28.84,29.710000000000036,28.21,31.51,1.2209,0.952,1.2824,0.484,0.8191,50.0,28.0,3.3,OMC / IBM IMYB,newly_added_v2
Koira,Odisha,21.904408,85.245191,0.1468,0.1765,0.1893,0.267,0.2545,0.2118,0.1703,0.069,1,Metamorphics,IND2497,573,558.0,608.0,3.704791784286499,0.7,28.7,29.710000000000036,28.21,31.51,0.9532,0.7933,1.2016,0.7438,1.0491,50.0,28.0,3.3,OMC / IBM IMYB,newly_added_v2
Koira,Odisha,21.904899,85.242472,0.1668,0.1879,0.2244,0.263,0.3165,0.2932,0.0792,0.261,1,Metamorphics,IND2497,573,558.0,608.0,0.9274099469184875,0.0,25.93,29.710000000000036,28.21,31.51,1.2034,1.1148,1.0795,0.709,0.831,50.0,25.93,3.3,OMC / IBM IMYB,newly_added_v2
Koira,Odisha,21.90217,85.246699,0.1472,0.1659,0.1851,0.2579,0.2961,0.2581,0.1643,0.361,1,Metamorphics,IND2497,580,565.0,615.0,2.202862024307251,0.0,27.2,29.650000000000034,28.15,31.45,1.1481,1.0008,1.1472,0.6251,0.871,50.0,27.2,3.3,OMC / IBM IMYB,newly_added_v2
Koira,Odisha,21.906457,85.247295,0.1416,0.1682,0.169,0.3128,0.3237,0.2523,0.2985,0.287,1,Metamorphics,IND2497,576,561.0,611.0,4.733182430267334,1.73,29.73,29.650000000000034,28.15,31.45,1.0348,0.8066,1.283,0.5221,0.9663,50.0,28.0,3.3,OMC / IBM IMYB,newly_added_v2
Koira,Odisha,21.938392,85.270812,0.144,0.1688,0.18,0.3205,0.331,0.2528,0.2807,4.574,0,Metamorphics,IND2497,659,644.0,694.0,8.770770072937012,5.77,33.77,27.970000000000027,26.47,29.77,1.0328,0.7888,1.3093,0.5438,0.9683,50.0,28.0,3.3,OMC / IBM IMYB,newly_added_v2
Koira,Odisha,21.867765,85.27114,0.1446,0.1727,0.1662,0.3554,0.3069,0.2064,0.3627,4.947,0,Metamorphics,IND2497,735,720.0,770.0,22.858800888061523,19.86,47.86,27.350000000000023,25.85,29.15,0.8635,0.5808,1.4869,0.5415,1.158,50.0,28.0,3.3,OMC / IBM IMYB,newly_added_v2
Koira,Odisha,21.968823,85.259343,0.1419,0.1595,0.1834,0.2523,0.3393,0.2896,0.1581,7.258,0,Metamorphics,IND2497,597,582.0,632.0,4.861261367797852,1.86,29.86,28.370000000000005,26.87,30.17,1.3448,1.1478,1.1716,0.5405,0.7436,50.0,28.0,3.3,OMC / IBM IMYB,newly_added_v2
Koira,Odisha,21.868348,85.259677,0.14,0.1747,0.155,0.4292,0.2995,0.2006,0.4694,4.353,0,Metamorphics,IND2497,818,803.0,853.0,16.531597137451172,13.53,41.53,27.850000000000023,26.35,29.65,0.6978,0.4674,1.493,0.5175,1.4331,50.0,28.0,3.3,OMC / IBM IMYB,newly_added_v2
Koira,Odisha,21.945078,85.189635,0.1259,0.1455,0.131,0.3358,0.2494,0.1733,0.4387,7.253,0,Metamorphics,IND2497,650,635.0,685.0,8.408754348754883,5.41,33.41,26.630000000000052,25.13,28.43,0.7427,0.5161,1.4391,0.5253,1.3464,50.0,28.0,3.3,OMC / IBM IMYB,newly_added_v2
Koira,Odisha,21.894414,85.218322,0.1403,0.1629,0.1749,0.3048,0.3648,0.2832,0.2708,2.997,0,Metamorphics,IND2497,579,564.0,614.0,2.202763319015503,0.0,27.2,30.05000000000001,28.55,31.85,1.1969,0.9291,1.2881,0.4794,0.8355,50.0,27.2,3.3,OMC / IBM IMYB,newly_added_v2
Koira,Odisha,21.951459,85.237983,0.134,0.1453,0.1415,0.2355,0.2608,0.1909,0.2493,5.222,0,Metamorphics,IND2497,566,551.0,601.0,2.7257401943206787,0.0,27.73,27.430000000000007,25.93,29.23,1.1074,0.8106,1.3662,0.5426,0.903,50.0,27.73,3.3,OMC / IBM IMYB,newly_added_v2
Koira,Odisha,21.874065,85.269825,0.1289,0.1516,0.1463,0.3432,0.2681,0.1934,0.4022,4.293,0,Metamorphics,IND2497,679,664.0,714.0,23.485206604003906,20.49,48.49,27.670000000000016,26.17,29.47,0.7812,0.5635,1.3862,0.5457,1.2801,50.0,28.0,3.3,OMC / IBM IMYB,newly_added_v2
Koira,Odisha,21.927296,85.268188,0.1333,0.1655,0.1459,0.297,0.2605,0.184,0.3412,3.449,0,Metamorphics,IND2497,654,639.0,689.0,18.759361267089844,15.76,43.76,28.07000000000005,26.57,29.87,0.8771,0.6195,1.4158,0.5601,1.1401,50.0,28.0,3.3,OMC / IBM IMYB,newly_added_v2
Koira,Odisha,21.846887,85.263318,0.1385,0.1666,0.1568,0.353,0.2867,0.2001,0.3849,6.74,0,Metamorphics,IND2497,753,738.0,788.0,17.188758850097656,14.19,42.19,27.670000000000016,26.17,29.47,0.8122,0.5669,1.4328,0.5469,1.2313,50.0,28.0,3.3,OMC / IBM IMYB,newly_added_v2
Koira,Odisha,21.872142,85.201246,0.1539,0.1796,0.1997,0.3379,0.3886,0.3066,0.2571,5.814,0,Metamorphics,IND2497,602,587.0,637.0,2.1061389446258545,0.0,27.11,28.950000000000045,27.45,30.75,1.15,0.9074,1.2674,0.5139,0.8695,50.0,27.11,3.3,OMC / IBM IMYB,newly_added_v2
Koira,Odisha,21.953836,85.252106,0.1311,0.1507,0.1522,0.2656,0.2952,0.2179,0.2714,5.486,0,Metamorphics,IND2497,557,542.0,592.0,1.3636516332626343,0.0,26.36,28.350000000000023,26.85,30.15,1.1114,0.8204,1.3547,0.5156,0.8997,50.0,26.36,3.3,OMC / IBM IMYB,newly_added_v2
Koira,Odisha,21.907335,85.307244,0.1534,0.1847,0.2099,0.3438,0.4139,0.3284,0.2418,6.434,0,Metamorphics,IND2497,599,584.0,634.0,3.422231912612915,0.42,28.42,29.610000000000014,28.11,31.41,1.2039,0.9552,1.2604,0.5071,0.8306,50.0,28.0,3.3,OMC / IBM IMYB,newly_added_v2
Koira,Odisha,21.879169,85.23304,0.1446,0.1686,0.1826,0.3052,0.3865,0.2852,0.2513,3.13,0,Metamorphics,IND2497,626,611.0,661.0,4.206649303436279,1.21,29.21,29.03000000000003,27.53,30.83,1.2664,0.9345,1.3552,0.4724,0.7897,50.0,28.0,3.3,OMC / IBM IMYB,newly_added_v2
Koira,Odisha,21.907429,85.217598,0.1502,0.1777,0.1891,0.3176,0.3586,0.2872,0.2536,2.843,0,Metamorphics,IND2497,568,553.0,603.0,3.136044979095459,0.14,28.14,29.930000000000007,28.43,31.73,1.1291,0.9043,1.2486,0.5273,0.8857,50.0,28.0,3.3,OMC / IBM IMYB,newly_added_v2
Koira,Odisha,21.911743,85.278454,0.1441,0.17,0.1751,0.3393,0.337,0.2351,0.3192,3.536,0,Metamorphics,IND2497,674,659.0,709.0,14.431114196777344,11.43,39.43,28.510000000000048,27.01,30.31,0.9932,0.6929,1.4334,0.5196,1.0068,50.0,28.0,3.3,OMC / IBM IMYB,newly_added_v2
Koira,Odisha,21.875851,85.303393,0.1534,0.1797,0.193,0.335,0.4414,0.3352,0.2689,6.848,0,Metamorphics,IND2497,626,611.0,661.0,2.9539105892181396,0.0,27.95,29.55000000000001,28.05,31.35,1.3176,1.0006,1.3168,0.4372,0.7589,50.0,27.95,3.3,OMC / IBM IMYB,newly_added_v2
Koira,Odisha,21.928587,85.226659,0.1507,0.1534,0.1799,0.1804,0.2456,0.2588,0.0014,3.238,0,Metamorphics,IND2497,557,542.0,592.0,2.1063272953033447,0.0,27.11,30.27000000000004,28.77,32.07,1.3614,1.4346,0.949,0.7325,0.7345,50.0,27.11,3.3,OMC / IBM IMYB,newly_added_v2
Koira,Odisha,21.919221,85.226089,0.1538,0.1736,0.1824,0.2603,0.2706,0.2453,0.176,2.514,0,Metamorphics,IND2497,558,543.0,593.0,2.7254059314727783,0.0,27.73,30.170000000000016,28.67,31.97,1.0396,0.9424,1.1031,0.6741,0.9619,50.0,27.73,3.3,OMC / IBM IMYB,newly_added_v2
Koira,Odisha,21.924823,85.26775,0.1324,0.1568,0.1488,0.3145,0.2712,0.1891,0.3577,3.223,0,Metamorphics,IND2497,680,665.0,715.0,4.2069525718688965,1.21,29.21,28.29000000000002,26.79,30.09,0.8623,0.6013,1.4342,0.5487,1.1597,50.0,28.0,3.3,OMC / IBM IMYB,newly_added_v2
Koira,Odisha,21.920402,85.277327,0.1304,0.1581,0.1452,0.3536,0.2864,0.1961,0.4178,3.753,0,Metamorphics,IND2497,735,720.0,770.0,20.410831451416016,17.41,45.41,27.99000000000001,26.49,29.79,0.81,0.5546,1.4605,0.507,1.2346,50.0,28.0,3.3,OMC / IBM IMYB,newly_added_v2
Koira,Odisha,21.956467,85.254065,0.1323,0.1537,0.1584,0.2799,0.2999,0.224,0.2772,5.805,0,Metamorphics,IND2497,561,546.0,596.0,1.3636659383773804,0.0,26.36,28.350000000000023,26.85,30.15,1.0715,0.8003,1.3388,0.5282,0.9333,50.0,26.36,3.3,OMC / IBM IMYB,newly_added_v2
Koira,Odisha,21.910749,85.220858,0.1353,0.1567,0.1578,0.27,0.2841,0.2159,0.2623,2.574,0,Metamorphics,IND2497,562,547.0,597.0,1.8543341159820557,0.0,26.85,30.350000000000023,28.85,32.15,1.0522,0.7996,1.3159,0.5554,0.9504,50.0,26.85,3.3,OMC / IBM IMYB,newly_added_v2
Koira,Odisha,21.890181,85.276954,0.1666,0.1964,0.2839,0.3113,0.4599,0.4064,0.046,3.69,0,Metamorphics,IND2497,655,640.0,690.0,1.9983047246932983,0.0,27.0,29.03000000000003,27.53,30.83,1.4774,1.3055,1.1316,0.6173,0.6769,50.0,27.0,3.3,OMC / IBM IMYB,newly_added_v2
Koira,Odisha,21.933658,85.255553,0.1331,0.1578,0.1571,0.3164,0.2792,0.1971,0.3364,3.371,0,Metamorphics,IND2497,633,618.0,668.0,5.4388346672058105,2.44,30.44,28.07000000000005,26.57,29.87,0.8824,0.6229,1.4165,0.5627,1.1332,50.0,28.0,3.3,OMC / IBM IMYB,newly_added_v2
Koira,Odisha,21.849975,85.235192,0.1325,0.1576,0.1479,0.3754,0.2968,0.1915,0.4347,6.209,0,Metamorphics,IND2497,840,825.0,875.0,20.135562896728516,17.14,45.14,27.210000000000036,25.71,29.01,0.7906,0.5101,1.5499,0.4983,1.2648,50.0,28.0,3.3,OMC / IBM IMYB,newly_added_v2
Koira,Odisha,21.849672,85.253967,0.1423,0.1646,0.1729,0.2799,0.3675,0.2712,0.2363,6.228,0,Metamorphics,IND2497,731,716.0,766.0,8.125338554382324,5.13,33.13,27.710000000000036,26.21,29.51,1.313,0.9689,1.3551,0.4705,0.7616,50.0,28.0,3.3,OMC / IBM IMYB,newly_added_v2
Koira,Odisha,21.847796,85.23986,0.1333,0.1574,0.1673,0.3362,0.3323,0.239,0.3355,6.39,0,Metamorphics,IND2497,923,908.0,958.0,3.836437463760376,0.84,28.84,27.610000000000014,26.11,29.41,0.9884,0.7109,1.3904,0.5035,1.0117,50.0,28.0,3.3,OMC / IBM IMYB,newly_added_v2
Koira,Odisha,21.877652,85.244289,0.159,0.1808,0.2269,0.2816,0.373,0.3184,0.1076,3.045,0,Metamorphics,IND2497,752,737.0,787.0,5.7008819580078125,2.7,30.7,28.49000000000001,26.99,30.29,1.3246,1.1307,1.1715,0.6083,0.755,50.0,28.0,3.3,OMC / IBM IMYB,newly_added_v2
Koira,Odisha,21.967527,85.263831,0.1573,0.1785,0.2163,0.23,0.4291,0.4144,0.0307,7.227,0,Metamorphics,IND2497,588,573.0,623.0,7.949413299560547,4.95,32.95,28.370000000000005,26.87,30.17,1.8657,1.8017,1.0355,0.5041,0.536,50.0,28.0,3.3,OMC / IBM IMYB,newly_added_v2
Koira,Odisha,21.943651,85.198917,0.134,0.161,0.1467,0.3542,0.2708,0.1811,0.4143,6.416,0,Metamorphics,IND2497,644,629.0,679.0,7.539142608642578,4.54,32.54,26.83000000000004,25.33,28.63,0.7645,0.5113,1.4953,0.5417,1.308,50.0,28.0,3.3,OMC / IBM IMYB,newly_added_v2
Koira,Odisha,21.860706,85.257886,0.1396,0.161,0.1659,0.3173,0.3323,0.2308,0.3133,5.107,0,Metamorphics,IND2497,768,753.0,803.0,25.372631072998047,22.37,50.37,28.110000000000014,26.61,29.91,1.0473,0.7274,1.4398,0.4992,0.9549,50.0,28.0,3.3,OMC / IBM IMYB,newly_added_v2
Koira,Odisha,21.966013,85.271432,0.1363,0.1588,0.1585,0.2991,0.3054,0.2218,0.3073,7.32,0,Metamorphics,IND2497,587,572.0,622.0,12.76917839050293,9.77,37.77,28.730000000000018,27.23,30.53,1.0211,0.7416,1.3769,0.519,0.9794,50.0,28.0,3.3,OMC / IBM IMYB,newly_added_v2
Koira,Odisha,21.869166,85.272466,0.1377,0.1613,0.1518,0.3143,0.2897,0.1982,0.3486,4.895,0,Metamorphics,IND2497,736,721.0,771.0,23.66474151611328,20.66,48.66,27.350000000000023,25.85,29.15,0.9217,0.6306,1.4617,0.524,1.0849,50.0,28.0,3.3,OMC / IBM IMYB,newly_added_v2
Koira,Odisha,21.851825,85.248509,0.1317,0.1541,0.1443,0.3235,0.3104,0.2077,0.3831,5.93,0,Metamorphics,IND2497,769,754.0,804.0,15.412485122680664,12.41,40.41,27.910000000000025,26.41,29.71,0.9595,0.642,1.4945,0.4649,1.0422,50.0,28.0,3.3,OMC / IBM IMYB,newly_added_v2
Koira,Odisha,21.961686,85.275404,0.1365,0.1552,0.1604,0.2988,0.3074,0.2213,0.3014,7.049,0,Metamorphics,IND2497,580,565.0,615.0,3.836644411087036,0.84,28.84,28.370000000000005,26.87,30.17,1.0288,0.7406,1.3891,0.5218,0.972,50.0,28.0,3.3,OMC / IBM IMYB,newly_added_v2
Koira,Odisha,21.884723,85.227311,0.1558,0.1828,0.205,0.3647,0.4066,0.3222,0.2803,2.904,0,Metamorphics,IND2497,603,588.0,638.0,2.2026398181915283,0.0,27.2,30.250000000000057,28.75,32.05,1.1149,0.8835,1.2619,0.5042,0.897,50.0,27.2,3.3,OMC / IBM IMYB,newly_added_v2
Koira,Odisha,21.901023,85.272047,0.1771,0.2039,0.2807,0.31,0.4821,0.3866,0.0496,2.828,0,Metamorphics,IND2497,653,638.0,688.0,13.859850883483887,10.86,38.86,29.27000000000004,27.77,31.07,1.5552,1.2471,1.247,0.5822,0.643,50.0,28.0,3.3,OMC / IBM IMYB,newly_added_v2
Koira,Odisha,21.856438,85.228589,0.1319,0.1551,0.1397,0.3746,0.2748,0.1827,0.4567,5.665,0,Metamorphics,IND2497,811,796.0,846.0,11.37475872039795,8.37,36.37,26.850000000000023,25.35,28.65,0.7336,0.4877,1.5041,0.5084,1.3632,50.0,28.0,3.3,OMC / IBM IMYB,newly_added_v2
Koira,Odisha,21.942043,85.243652,0.1392,0.1532,0.1656,0.2354,0.2942,0.2488,0.1741,4.126,0,Metamorphics,IND2497,552,537.0,587.0,5.547544956207275,2.55,30.55,28.57000000000005,27.07,30.37,1.2498,1.0569,1.1825,0.5629,0.8001,50.0,28.0,3.3,OMC / IBM IMYB,newly_added_v2
Koira,Odisha,21.860656,85.259305,0.134,0.1553,0.1621,0.2831,0.3296,0.2364,0.2718,5.153,0,Metamorphics,IND2497,737,722.0,772.0,15.617868423461914,12.62,40.62,28.110000000000014,26.61,29.91,1.1643,0.835,1.3942,0.4918,0.8589,50.0,28.0,3.3,OMC / IBM IMYB,newly_added_v2
Koira,Odisha,21.945318,85.276231,0.1448,0.1694,0.1782,0.3105,0.3128,0.2425,0.2707,5.527,0,Metamorphics,IND2497,639,624.0,674.0,5.439067363739014,2.44,30.44,28.27000000000004,26.77,30.07,1.0074,0.781,1.2899,0.5697,0.9926,50.0,28.0,3.3,OMC / IBM IMYB,newly_added_v2
Koira,Odisha,21.937489,85.19854,0.1376,0.1602,0.1567,0.2909,0.2932,0.2078,0.2998,6.009,0,Metamorphics,IND2497,660,645.0,695.0,7.951882362365723,4.95,32.95,27.190000000000055,25.69,28.99,1.0079,0.7143,1.411,0.5344,0.9922,50.0,28.0,3.3,OMC / IBM IMYB,newly_added_v2
Koira,Odisha,21.911145,85.189678,0.136,0.163,0.161,0.3412,0.3174,0.2202,0.3588,5.755,0,Metamorphics,IND2497,659,644.0,694.0,16.729087829589844,13.73,41.73,28.230000000000018,26.73,30.03,0.9302,0.6454,1.4414,0.5072,1.075,50.0,28.0,3.3,OMC / IBM IMYB,newly_added_v2
Koira,Odisha,21.916954,85.30268,0.1583,0.1835,0.2048,0.2778,0.3463,0.2913,0.1513,6.104,0,Metamorphics,IND2497,603,588.0,638.0,2.106288433074951,0.0,27.11,29.05000000000001,27.55,30.85,1.2466,1.0486,1.1888,0.5914,0.8022,50.0,27.11,3.3,OMC / IBM IMYB,newly_added_v2
Siljora_Kalimati,Odisha,21.945221,85.386752,0.1381,0.1553,0.1777,0.26,0.3393,0.2833,0.188,0.183,1,Metamorphics,IND2497,676,661.0,711.0,7.9519429206848145,4.95,32.95,28.710000000000036,27.21,30.51,1.305,1.0896,1.1977,0.5237,0.7663,50.0,28.0,3.3,Tata Steel / IBM MCDR Reports,newly_added_v2
Siljora_Kalimati,Odisha,21.943778,85.385396,0.162,0.1701,0.232,0.2757,0.4478,0.4397,0.0861,0.142,1,Metamorphics,IND2497,688,673.0,723.0,2.7802884578704834,0.0,27.78,28.710000000000036,27.21,30.51,1.6242,1.5948,1.0184,0.5181,0.6157,50.0,27.78,3.3,Tata Steel / IBM MCDR Reports,newly_added_v2
Siljora_Kalimati,Odisha,21.946261,85.385925,0.1514,0.1655,0.2236,0.2383,0.4021,0.4,0.0318,0.17,1,Metamorphics,IND2497,675,660.0,710.0,2.203420400619507,0.0,27.2,28.710000000000036,27.21,30.51,1.6874,1.6786,1.0052,0.5561,0.5926,50.0,27.2,3.3,Tata Steel / IBM MCDR Reports,newly_added_v2
Siljora_Kalimati,Odisha,21.944207,85.383552,0.156,0.1672,0.2219,0.2329,0.4226,0.4095,0.0242,0.174,1,Metamorphics,IND2497,690,675.0,725.0,1.8543341159820557,0.0,26.85,28.710000000000036,27.21,30.51,1.8145,1.7583,1.032,0.5251,0.5511,50.0,26.85,3.3,Tata Steel / IBM MCDR Reports,newly_added_v2
Siljora_Kalimati,Odisha,21.945798,85.386227,0.1461,0.1644,0.2133,0.2627,0.3777,0.3496,0.1038,0.155,1,Metamorphics,IND2497,673,658.0,708.0,4.09891939163208,1.1,29.1,28.710000000000036,27.21,30.51,1.4378,1.3308,1.0804,0.5647,0.6955,50.0,28.0,3.3,Tata Steel / IBM MCDR Reports,newly_added_v2
Siljora_Kalimati,Odisha,21.947887,85.386397,0.1449,0.159,0.2041,0.2145,0.3861,0.3598,0.0248,0.352,1,Metamorphics,IND2497,689,674.0,724.0,8.870752334594727,5.87,33.87,28.710000000000036,27.21,30.51,1.8,1.6774,1.0731,0.5286,0.5556,50.0,28.0,3.3,Tata Steel / IBM MCDR Reports,newly_added_v2
Siljora_Kalimati,Odisha,21.947391,85.38671,0.1407,0.1578,0.197,0.2322,0.3532,0.3258,0.082,0.319,1,Metamorphics,IND2497,686,671.0,721.0,8.337213516235352,5.34,33.34,28.710000000000036,27.21,30.51,1.5211,1.4031,1.0841,0.5578,0.6574,50.0,28.0,3.3,Tata Steel / IBM MCDR Reports,newly_added_v2
Siljora_Kalimati,Odisha,21.944965,85.384471,0.1481,0.162,0.2255,0.228,0.3803,0.3542,0.0055,0.055,1,Metamorphics,IND2497,692,677.0,727.0,4.098896503448486,1.1,29.1,28.710000000000036,27.21,30.51,1.668,1.5535,1.0737,0.593,0.5995,50.0,28.0,3.3,Tata Steel / IBM MCDR Reports,newly_added_v2
Siljora_Kalimati,Odisha,21.942369,85.383951,0.1455,0.1583,0.2091,0.1812,0.2412,0.2293,-0.0715,0.312,1,Metamorphics,IND2497,687,672.0,722.0,8.926406860351562,5.93,33.93,28.710000000000036,27.21,30.51,1.3311,1.2655,1.0519,0.8669,0.7512,50.0,28.0,3.3,Tata Steel / IBM MCDR Reports,newly_added_v2
Siljora_Kalimati,Odisha,21.943077,85.384155,0.1418,0.1537,0.2011,0.2074,0.3499,0.3349,0.0154,0.231,1,Metamorphics,IND2497,682,667.0,717.0,6.048282623291016,3.05,31.05,28.710000000000036,27.21,30.51,1.6871,1.6148,1.0448,0.5747,0.5927,50.0,28.0,3.3,Tata Steel / IBM MCDR Reports,newly_added_v2
Siljora_Kalimati,Odisha,21.945896,85.385933,0.1471,0.1619,0.2144,0.2407,0.3795,0.3644,0.0578,0.139,1,Metamorphics,IND2497,675,660.0,710.0,4.09891939163208,1.1,29.1,28.710000000000036,27.21,30.51,1.5767,1.5139,1.0414,0.565,0.6343,50.0,28.0,3.3,Tata Steel / IBM MCDR Reports,newly_added_v2
Siljora_Kalimati,Odisha,21.944329,85.383771,0.1668,0.1762,0.2339,0.239,0.4543,0.4476,0.0108,0.147,1,Metamorphics,IND2497,690,675.0,725.0,4.6273674964904785,1.63,29.63,28.710000000000036,27.21,30.51,1.9008,1.8728,1.015,0.5149,0.5261,50.0,28.0,3.3,Tata Steel / IBM MCDR Reports,newly_added_v2
Siljora_Kalimati,Odisha,21.946761,85.382929,0.155,0.169,0.2308,0.2416,0.3727,0.3442,0.0229,0.29,1,Metamorphics,IND2497,709,694.0,744.0,1.363615870475769,0.0,26.36,28.710000000000036,27.21,30.51,1.5426,1.4247,1.0828,0.6193,0.6482,50.0,26.36,3.3,Tata Steel / IBM MCDR Reports,newly_added_v2
Siljora_Kalimati,Odisha,21.947462,85.384466,0.1425,0.1548,0.1945,0.1994,0.3369,0.3214,0.0124,0.28,1,Metamorphics,IND2497,693,678.0,728.0,8.156396865844727,5.16,33.16,28.710000000000036,27.21,30.51,1.6896,1.6118,1.0482,0.5773,0.5919,50.0,28.0,3.3,Tata Steel / IBM MCDR Reports,newly_added_v2
Siljora_Kalimati,Odisha,21.943735,85.386836,0.1781,0.1765,0.2303,0.2872,0.3662,0.4226,0.11,0.236,1,Metamorphics,IND2497,686,671.0,721.0,4.400279521942139,1.4,29.4,29.010000000000048,27.51,30.81,1.2751,1.4714,0.8665,0.6289,0.7843,50.0,28.0,3.3,Tata Steel / IBM MCDR Reports,newly_added_v2
Siljora_Kalimati,Odisha,21.945475,85.387148,0.1425,0.1585,0.2004,0.2542,0.3612,0.329,0.1183,0.228,1,Metamorphics,IND2497,673,658.0,708.0,9.455307006835938,6.46,34.46,28.710000000000036,27.21,30.51,1.4209,1.2943,1.0979,0.5548,0.7038,50.0,28.0,3.3,Tata Steel / IBM MCDR Reports,newly_added_v2
Siljora_Kalimati,Odisha,21.945371,85.387451,0.1419,0.1525,0.1972,0.2061,0.3425,0.3401,0.0221,0.256,1,Metamorphics,IND2497,670,655.0,705.0,7.581061840057373,4.58,32.58,29.010000000000048,27.51,30.81,1.6618,1.6502,1.0071,0.5758,0.6018,50.0,28.0,3.3,Tata Steel / IBM MCDR Reports,newly_added_v2
Siljora_Kalimati,Odisha,21.945299,85.384528,0.1455,0.1612,0.2297,0.2342,0.413,0.3895,0.0097,0.059,1,Metamorphics,IND2497,688,673.0,723.0,8.973093032836914,5.97,33.97,28.710000000000036,27.21,30.51,1.7635,1.6631,1.0603,0.5562,0.5671,50.0,28.0,3.3,Tata Steel / IBM MCDR Reports,newly_added_v2
Siljora_Kalimati,Odisha,21.945108,85.383529,0.1998,0.2191,0.3076,0.3246,0.4462,0.4272,0.0269,0.152,1,Metamorphics,IND2497,693,678.0,728.0,4.207085609436035,1.21,29.21,28.710000000000036,27.21,30.51,1.3746,1.3161,1.0445,0.6894,0.7275,50.0,28.0,3.3,Tata Steel / IBM MCDR Reports,newly_added_v2
Siljora_Kalimati,Odisha,21.945716,85.382945,0.1581,0.1662,0.2134,0.2267,0.394,0.3906,0.0302,0.227,1,Metamorphics,IND2497,698,683.0,733.0,10.514636993408203,7.51,35.51,28.710000000000036,27.21,30.51,1.738,1.723,1.0087,0.5416,0.5754,50.0,28.0,3.3,Tata Steel / IBM MCDR Reports,newly_added_v2
Siljora_Kalimati,Odisha,21.947876,85.3845,0.1464,0.1572,0.2095,0.2141,0.3603,0.3518,0.0109,0.324,1,Metamorphics,IND2497,694,679.0,729.0,7.025501251220703,4.03,32.03,28.710000000000036,27.21,30.51,1.6829,1.6432,1.0242,0.5815,0.5942,50.0,28.0,3.3,Tata Steel / IBM MCDR Reports,newly_added_v2
Siljora_Kalimati,Odisha,21.942863,85.383005,0.1574,0.1707,0.233,0.2358,0.3341,0.3243,0.006,0.315,1,Metamorphics,IND2497,695,680.0,730.0,4.084630489349365,1.08,29.08,28.710000000000036,27.21,30.51,1.4169,1.3753,1.0302,0.6974,0.7058,50.0,28.0,3.3,Tata Steel / IBM MCDR Reports,newly_added_v2
Siljora_Kalimati,Odisha,21.947227,85.3854,0.1443,0.1581,0.2275,0.2368,0.4017,0.3831,0.02,0.251,1,Metamorphics,IND2497,686,671.0,721.0,3.4225587844848633,0.42,28.42,28.710000000000036,27.21,30.51,1.6964,1.6178,1.0486,0.5663,0.5895,50.0,28.0,3.3,Tata Steel / IBM MCDR Reports,newly_added_v2
Siljora_Kalimati,Odisha,21.946525,85.381986,0.1598,0.1653,0.2016,0.2039,0.3357,0.3309,0.0057,0.354,1,Metamorphics,IND2497,709,694.0,744.0,6.540432929992676,3.54,31.54,28.710000000000036,27.21,30.51,1.6464,1.6229,1.0145,0.6005,0.6074,50.0,28.0,3.3,Tata Steel / IBM MCDR Reports,newly_added_v2
Siljora_Kalimati,Odisha,21.945442,85.38602,0.2093,0.2112,0.279,0.3773,0.4166,0.5053,0.1498,0.116,1,Metamorphics,IND2497,675,660.0,710.0,4.20708703994751,1.21,29.21,28.710000000000036,27.21,30.51,1.1042,1.3393,0.8245,0.6697,0.9057,50.0,28.0,3.3,Tata Steel / IBM MCDR Reports,newly_added_v2
Siljora_Kalimati,Odisha,21.944112,85.387464,0.1424,0.1511,0.186,0.2336,0.2921,0.3376,0.1134,0.273,1,Metamorphics,IND2497,681,666.0,716.0,5.7028889656066895,2.7,30.7,29.010000000000048,27.51,30.81,1.2504,1.4452,0.8652,0.6368,0.7997,50.0,28.0,3.3,Tata Steel / IBM MCDR Reports,newly_added_v2
Siljora_Kalimati,Odisha,21.946278,85.385053,0.156,0.1763,0.232,0.2537,0.4076,0.3912,0.0447,0.142,1,Metamorphics,IND2497,680,665.0,715.0,7.539224624633789,4.54,32.54,28.710000000000036,27.21,30.51,1.6066,1.542,1.0419,0.5692,0.6224,50.0,28.0,3.3,Tata Steel / IBM MCDR Reports,newly_added_v2
Siljora_Kalimati,Odisha,21.942263,85.383694,0.1424,0.1572,0.2089,0.2154,0.2486,0.219,0.0153,0.333,1,Metamorphics,IND2497,692,677.0,727.0,7.489311695098877,4.49,32.49,28.710000000000036,27.21,30.51,1.1541,1.0167,1.1352,0.8403,0.8665,50.0,28.0,3.3,Tata Steel / IBM MCDR Reports,newly_added_v2
Siljora_Kalimati,Odisha,21.945927,85.386238,0.1461,0.1644,0.2133,0.2627,0.3777,0.3496,0.1038,0.164,1,Metamorphics,IND2497,673,658.0,708.0,4.09891939163208,1.1,29.1,28.710000000000036,27.21,30.51,1.4378,1.3308,1.0804,0.5647,0.6955,50.0,28.0,3.3,Tata Steel / IBM MCDR Reports,newly_added_v2
Siljora_Kalimati,Odisha,21.947186,85.38546,0.1443,0.1581,0.2275,0.2368,0.4017,0.3831,0.02,0.248,1,Metamorphics,IND2497,686,671.0,721.0,3.4225587844848633,0.42,28.42,28.710000000000036,27.21,30.51,1.6964,1.6178,1.0486,0.5663,0.5895,50.0,28.0,3.3,Tata Steel / IBM MCDR Reports,newly_added_v2
Siljora_Kalimati,Odisha,21.945563,85.387728,0.1443,0.1567,0.2051,0.2155,0.3423,0.3313,0.0247,0.289,1,Metamorphics,IND2497,665,650.0,700.0,6.787408828735352,3.79,31.79,29.010000000000048,27.51,30.81,1.5884,1.5374,1.0332,0.5992,0.6296,50.0,28.0,3.3,Tata Steel / IBM MCDR Reports,newly_added_v2
Siljora_Kalimati,Odisha,21.944169,85.386394,0.1498,0.1654,0.217,0.2343,0.3591,0.3492,0.0383,0.171,1,Metamorphics,IND2497,685,670.0,720.0,3.136786460876465,0.14,28.14,28.710000000000036,27.21,30.51,1.5327,1.4904,1.0284,0.6043,0.6525,50.0,28.0,3.3,Tata Steel / IBM MCDR Reports,newly_added_v2
Siljora_Kalimati,Odisha,21.944756,85.38354,0.1802,0.1951,0.2693,0.2833,0.4329,0.4134,0.0253,0.153,1,Metamorphics,IND2497,691,676.0,726.0,3.522580862045288,0.52,28.52,28.710000000000036,27.21,30.51,1.5281,1.4592,1.0472,0.6221,0.6544,50.0,28.0,3.3,Tata Steel / IBM MCDR Reports,newly_added_v2
Siljora_Kalimati,Odisha,21.942547,85.383804,0.144,0.1599,0.2083,0.1848,0.2715,0.2312,-0.0598,0.3,1,Metamorphics,IND2497,687,672.0,722.0,9.899580955505371,6.9,34.9,28.710000000000036,27.21,30.51,1.4692,1.2511,1.1743,0.7672,0.6807,50.0,28.0,3.3,Tata Steel / IBM MCDR Reports,newly_added_v2
Siljora_Kalimati,Odisha,21.94543,85.385159,0.1412,0.1575,0.1901,0.2636,0.3537,0.3363,0.162,0.051,1,Metamorphics,IND2497,680,665.0,715.0,10.171636581420898,7.17,35.17,28.710000000000036,27.21,30.51,1.3418,1.2758,1.0517,0.5375,0.7453,50.0,28.0,3.3,Tata Steel / IBM MCDR Reports,newly_added_v2
Siljora_Kalimati,Odisha,21.944492,85.384499,0.1466,0.1605,0.2277,0.2293,0.3895,0.3661,0.0035,0.077,1,Metamorphics,IND2497,692,677.0,727.0,4.2070817947387695,1.21,29.21,28.710000000000036,27.21,30.51,1.6986,1.5966,1.0639,0.5846,0.5887,50.0,28.0,3.3,Tata Steel / IBM MCDR Reports,newly_added_v2
Siljora_Kalimati,Odisha,21.944673,85.387519,0.1453,0.159,0.2142,0.2238,0.3623,0.364,0.0219,0.263,1,Metamorphics,IND2497,677,662.0,712.0,8.156231880187988,5.16,33.16,29.010000000000048,27.51,30.81,1.6189,1.6265,0.9953,0.5912,0.6177,50.0,28.0,3.3,Tata Steel / IBM MCDR Reports,newly_added_v2
Siljora_Kalimati,Odisha,21.942689,85.385225,0.1489,0.1628,0.2115,0.2297,0.3616,0.3936,0.0413,0.258,1,Metamorphics,IND2497,682,667.0,717.0,6.296501636505127,3.3,31.3,28.710000000000036,27.21,30.51,1.5742,1.7135,0.9187,0.5849,0.6352,50.0,28.0,3.3,Tata Steel / IBM MCDR Reports,newly_added_v2
Siljora_Kalimati,Odisha,21.944767,85.386717,0.2072,0.2262,0.2988,0.3088,0.4208,0.4225,0.0165,0.179,1,Metamorphics,IND2497,683,668.0,718.0,4.760054588317871,1.76,29.76,29.010000000000048,27.51,30.81,1.3627,1.3682,0.996,0.7101,0.7338,50.0,28.0,3.3,Tata Steel / IBM MCDR Reports,newly_added_v2
Siljora_Kalimati,Odisha,21.946979,85.386853,0.1402,0.1548,0.2093,0.224,0.3669,0.3437,0.0339,0.292,1,Metamorphics,IND2497,684,669.0,719.0,4.084690093994141,1.08,29.08,28.710000000000036,27.21,30.51,1.6379,1.5344,1.0675,0.5705,0.6105,50.0,28.0,3.3,Tata Steel / IBM MCDR Reports,newly_added_v2
Siljora_Kalimati,Odisha,21.944674,85.386656,0.1638,0.1794,0.247,0.2748,0.412,0.3965,0.0533,0.175,1,Metamorphics,IND2497,684,669.0,719.0,2.203399181365967,0.0,27.2,28.710000000000036,27.21,30.51,1.4993,1.4429,1.0391,0.5995,0.667,50.0,27.2,3.3,Tata Steel / IBM MCDR Reports,newly_added_v2
Siljora_Kalimati,Odisha,21.942635,85.385215,0.1489,0.1628,0.2115,0.2297,0.3616,0.3936,0.0413,0.264,1,Metamorphics,IND2497,682,667.0,717.0,6.296501636505127,3.3,31.3,28.710000000000036,27.21,30.51,1.5742,1.7135,0.9187,0.5849,0.6352,50.0,28.0,3.3,Tata Steel / IBM MCDR Reports,newly_added_v2
Siljora_Kalimati,Odisha,21.947243,85.385709,0.1417,0.1557,0.2155,0.225,0.3897,0.3682,0.0216,0.26,1,Metamorphics,IND2497,687,672.0,722.0,4.733242034912109,1.73,29.73,28.710000000000036,27.21,30.51,1.732,1.6364,1.0584,0.553,0.5774,50.0,28.0,3.3,Tata Steel / IBM MCDR Reports,newly_added_v2
Siljora_Kalimati,Odisha,21.943817,85.384082,0.1464,0.1617,0.2279,0.2327,0.4199,0.3938,0.0104,0.162,1,Metamorphics,IND2497,684,669.0,719.0,4.207076072692871,1.21,29.21,28.710000000000036,27.21,30.51,1.8045,1.6923,1.0663,0.5427,0.5542,50.0,28.0,3.3,Tata Steel / IBM MCDR Reports,newly_added_v2
Siljora_Kalimati,Odisha,21.944935,85.385209,0.1416,0.1563,0.1988,0.2144,0.3303,0.311,0.0378,0.023,1,Metamorphics,IND2497,688,673.0,723.0,3.4225382804870605,0.42,28.42,28.710000000000036,27.21,30.51,1.5406,1.4506,1.0621,0.6019,0.6491,50.0,28.0,3.3,Tata Steel / IBM MCDR Reports,newly_added_v2
Siljora_Kalimati,Odisha,21.965787,85.411152,0.1342,0.1507,0.1512,0.3162,0.2982,0.2152,0.353,3.556,0,Metamorphics,IND2497,548,533.0,583.0,15.459429740905762,12.46,40.46,28.53000000000003,27.03,30.33,0.9431,0.6806,1.3857,0.507,1.0604,50.0,28.0,3.3,Tata Steel / IBM MCDR Reports,newly_added_v2
Siljora_Kalimati,Odisha,21.929004,85.417266,0.1374,0.1568,0.1558,0.315,0.3071,0.2335,0.3381,3.778,0,Metamorphics,IND2497,513,498.0,548.0,0.9997291564941406,0.0,26.0,29.150000000000034,27.65,30.95,0.9749,0.7413,1.3152,0.5073,1.0257,50.0,26.0,3.3,Tata Steel / IBM MCDR Reports,newly_added_v2
Siljora_Kalimati,Odisha,21.944572,85.360418,0.1387,0.1647,0.1547,0.3043,0.2817,0.2023,0.3259,2.539,0,Metamorphics,IND2497,691,676.0,726.0,10.912362098693848,7.91,35.91,28.350000000000023,26.85,30.15,0.9257,0.6648,1.3925,0.5492,1.0802,50.0,28.0,3.3,Tata Steel / IBM MCDR Reports,newly_added_v2
Siljora_Kalimati,Odisha,21.922849,85.407367,0.1388,0.1642,0.1681,0.3267,0.3273,0.2396,0.3205,3.378,0,Metamorphics,IND2497,610,595.0,645.0,11.753293991088867,8.75,36.75,29.390000000000043,27.89,31.19,1.0018,0.7334,1.366,0.5136,0.9982,50.0,28.0,3.3,Tata Steel / IBM MCDR Reports,newly_added_v2
Siljora_Kalimati,Odisha,21.890937,85.384904,0.1375,0.156,0.1633,0.2803,0.3054,0.2325,0.2638,6.018,0,Metamorphics,IND2497,740,725.0,775.0,8.4059419631958,5.41,33.41,28.730000000000018,27.23,30.53,1.0895,0.8295,1.3135,0.5347,0.9178,50.0,28.0,3.3,Tata Steel / IBM MCDR Reports,newly_added_v2
Siljora_Kalimati,Odisha,21.965711,85.324417,0.1458,0.1619,0.1836,0.2162,0.2916,0.259,0.0815,6.667,0,Metamorphics,IND2497,578,563.0,613.0,5.703556537628174,2.7,30.7,29.850000000000023,28.35,31.65,1.3488,1.198,1.1259,0.6296,0.7414,50.0,28.0,3.3,Tata Steel / IBM MCDR Reports,newly_added_v2
Siljora_Kalimati,Odisha,21.961597,85.363852,0.1406,0.1612,0.1813,0.2781,0.3072,0.2302,0.2107,2.86,0,Metamorphics,IND2497,591,576.0,626.0,15.075136184692383,12.08,40.08,28.170000000000016,26.67,29.97,1.1046,0.8278,1.3345,0.5902,0.9053,50.0,28.0,3.3,Tata Steel / IBM MCDR Reports,newly_added_v2
Siljora_Kalimati,Odisha,21.969189,85.388085,0.1341,0.1539,0.1696,0.2835,0.2996,0.2217,0.2514,2.712,0,Metamorphics,IND2497,544,529.0,579.0,1.363731861114502,0.0,26.36,28.210000000000036,26.71,30.01,1.0568,0.782,1.3514,0.5661,0.9463,50.0,26.36,3.3,Tata Steel / IBM MCDR Reports,newly_added_v2
Siljora_Kalimati,Odisha,21.986337,85.33256,0.1441,0.1587,0.1698,0.2431,0.289,0.2252,0.1775,7.106,0,Metamorphics,IND2497,585,570.0,620.0,5.635874271392822,2.64,30.64,28.210000000000036,26.71,30.01,1.1888,0.9264,1.2833,0.5875,0.8412,50.0,28.0,3.3,Tata Steel / IBM MCDR Reports,newly_added_v2
Siljora_Kalimati,Odisha,21.90173,85.361818,0.1391,0.1627,0.1706,0.3278,0.3232,0.2369,0.3154,5.379,0,Metamorphics,IND2497,620,605.0,655.0,5.505626678466797,2.51,30.51,28.810000000000002,27.31,30.61,0.986,0.7227,1.3643,0.5278,1.0142,50.0,28.0,3.3,Tata Steel / IBM MCDR Reports,newly_added_v2
Siljora_Kalimati,Odisha,21.897779,85.413957,0.1606,0.1912,0.2224,0.3356,0.4085,0.3364,0.2029,6.047,0,Metamorphics,IND2497,568,553.0,603.0,2.106224775314331,0.0,27.11,28.850000000000023,27.35,30.65,1.2172,1.0024,1.2143,0.5444,0.8215,50.0,27.11,3.3,Tata Steel / IBM MCDR Reports,newly_added_v2
Siljora_Kalimati,Odisha,21.972394,85.388893,0.1326,0.1486,0.1827,0.2304,0.3089,0.2734,0.1155,3.076,0,Metamorphics,IND2497,543,528.0,578.0,1.3637475967407227,0.0,26.36,28.210000000000036,26.71,30.01,1.3407,1.1866,1.1298,0.5915,0.7459,50.0,26.36,3.3,Tata Steel / IBM MCDR Reports,newly_added_v2
Siljora_Kalimati,Odisha,21.95674,85.34712,0.1381,0.1562,0.1701,0.26,0.2859,0.2234,0.209,4.124,0,Metamorphics,IND2497,580,565.0,615.0,6.048843860626221,3.05,31.05,28.910000000000025,27.41,30.71,1.0996,0.8592,1.2798,0.595,0.9094,50.0,28.0,3.3,Tata Steel / IBM MCDR Reports,newly_added_v2
Siljora_Kalimati,Odisha,21.969752,85.337889,0.135,0.1631,0.1593,0.3352,0.2859,0.2203,0.3557,5.591,0,Metamorphics,IND2497,626,611.0,661.0,6.101357936859131,3.1,31.1,28.890000000000043,27.39,30.69,0.8529,0.6572,1.2978,0.5572,1.1724,50.0,28.0,3.3,Tata Steel / IBM MCDR Reports,newly_added_v2
Siljora_Kalimati,Odisha,21.99924,85.421154,0.1405,0.154,0.1788,0.2121,0.3042,0.2868,0.0852,7.099,0,Metamorphics,IND2497,494,479.0,529.0,0.0,0.0,25.0,29.450000000000045,27.95,31.25,1.4342,1.3522,1.0607,0.5878,0.6972,50.0,25.0,3.3,Tata Steel / IBM MCDR Reports,newly_added_v2
Siljora_Kalimati,Odisha,21.947535,85.450048,0.1461,0.1621,0.1867,0.2515,0.3445,0.2709,0.1479,6.722,0,Metamorphics,IND2497,484,469.0,519.0,10.827690124511719,7.83,35.83,28.910000000000025,27.41,30.71,1.3698,1.0771,1.2717,0.5419,0.73,50.0,28.0,3.3,Tata Steel / IBM MCDR Reports,newly_added_v2
Siljora_Kalimati,Odisha,21.896646,85.377091,0.134,0.1535,0.1522,0.2933,0.2867,0.2129,0.3167,5.444,0,Metamorphics,IND2497,652,637.0,687.0,6.046372413635254,3.05,31.05,28.99000000000001,27.49,30.79,0.9775,0.7259,1.3466,0.5309,1.023,50.0,28.0,3.3,Tata Steel / IBM MCDR Reports,newly_added_v2
Siljora_Kalimati,Odisha,21.930124,85.425303,0.1542,0.1634,0.2008,0.2055,0.3105,0.2997,0.0116,4.479,0,Metamorphics,IND2497,580,565.0,615.0,8.13893985748291,5.14,33.14,29.130000000000052,27.63,30.93,1.5109,1.4584,1.036,0.6467,0.6618,50.0,28.0,3.3,Tata Steel / IBM MCDR Reports,newly_added_v2
Siljora_Kalimati,Odisha,21.926201,85.42024,0.135,0.1521,0.1582,0.2553,0.3315,0.2527,0.2348,4.198,0,Metamorphics,IND2497,523,508.0,558.0,3.4223861694335938,0.42,28.42,29.150000000000034,27.65,30.95,1.2985,0.9898,1.3118,0.4772,0.7701,50.0,28.0,3.3,Tata Steel / IBM MCDR Reports,newly_added_v2
Siljora_Kalimati,Odisha,21.915056,85.38287,0.1344,0.1539,0.1585,0.3184,0.3133,0.2323,0.3353,3.341,0,Metamorphics,IND2497,680,665.0,715.0,4.084203243255615,1.08,29.08,29.190000000000055,27.69,30.99,0.984,0.7296,1.3487,0.5059,1.0163,50.0,28.0,3.3,Tata Steel / IBM MCDR Reports,newly_added_v2
Siljora_Kalimati,Odisha,21.917475,85.383142,0.1357,0.1585,0.1654,0.2726,0.3242,0.2498,0.2447,3.07,0,Metamorphics,IND2497,664,649.0,699.0,7.444794178009033,4.44,32.44,29.230000000000018,27.73,31.03,1.1893,0.9164,1.2978,0.5102,0.8408,50.0,28.0,3.3,Tata Steel / IBM MCDR Reports,newly_added_v2
Siljora_Kalimati,Odisha,21.908083,85.440235,0.1388,0.1684,0.1669,0.3516,0.3306,0.2375,0.3562,7.03,0,Metamorphics,IND2497,530,515.0,565.0,5.892352104187012,2.89,30.89,28.730000000000018,27.23,30.53,0.9403,0.6755,1.392,0.5048,1.0635,50.0,28.0,3.3,Tata Steel / IBM MCDR Reports,newly_added_v2
Siljora_Kalimati,Odisha,21.968143,85.331056,0.1366,0.1554,0.1575,0.2489,0.2634,0.2124,0.2249,6.137,0,Metamorphics,IND2497,614,599.0,649.0,2.725911855697632,0.0,27.73,28.890000000000043,27.39,30.69,1.0583,0.8534,1.2401,0.5979,0.945,50.0,27.73,3.3,Tata Steel / IBM MCDR Reports,newly_added_v2
Siljora_Kalimati,Odisha,21.95009,85.448443,0.1444,0.1641,0.1895,0.2469,0.3419,0.2804,0.1315,6.575,0,Metamorphics,IND2497,521,506.0,556.0,7.444824695587158,4.44,32.44,28.55000000000001,27.05,30.35,1.3848,1.1357,1.2193,0.5543,0.7221,50.0,28.0,3.3,Tata Steel / IBM MCDR Reports,newly_added_v2
Siljora_Kalimati,Odisha,21.954444,85.414601,0.1326,0.1551,0.1619,0.3226,0.3012,0.2384,0.3317,3.232,0,Metamorphics,IND2497,570,555.0,605.0,12.815114974975586,9.82,37.82,29.150000000000034,27.65,30.95,0.9337,0.739,1.2634,0.5375,1.071,50.0,28.0,3.3,Tata Steel / IBM MCDR Reports,newly_added_v2
Siljora_Kalimati,Odisha,21.948176,85.331727,0.1372,0.1598,0.1671,0.2869,0.2987,0.2362,0.2639,5.512,0,Metamorphics,IND2497,594,579.0,629.0,9.336481094360352,6.34,34.34,28.750000000000057,27.25,30.55,1.0411,0.8233,1.2646,0.5594,0.9605,50.0,28.0,3.3,Tata Steel / IBM MCDR Reports,newly_added_v2
Siljora_Kalimati,Odisha,21.967937,85.435194,0.1367,0.1586,0.1645,0.3093,0.3198,0.2356,0.3056,5.778,0,Metamorphics,IND2497,579,564.0,614.0,9.643449783325195,6.64,34.64,28.55000000000001,27.05,30.35,1.0339,0.7617,1.3574,0.5144,0.9672,50.0,28.0,3.3,Tata Steel / IBM MCDR Reports,newly_added_v2
Siljora_Kalimati,Odisha,21.887868,85.387278,0.1341,0.1585,0.1482,0.342,0.297,0.2015,0.3953,6.364,0,Metamorphics,IND2497,704,689.0,739.0,9.638904571533203,6.64,34.64,28.730000000000018,27.23,30.53,0.8684,0.5892,1.4739,0.499,1.1515,50.0,28.0,3.3,Tata Steel / IBM MCDR Reports,newly_added_v2
Siljora_Kalimati,Odisha,21.948494,85.324371,0.1342,0.1622,0.1679,0.3283,0.3215,0.231,0.3233,6.272,0,Metamorphics,IND2497,604,589.0,639.0,3.704791784286499,0.7,28.7,29.110000000000014,27.61,30.91,0.9793,0.7036,1.3918,0.5222,1.0212,50.0,28.0,3.3,Tata Steel / IBM MCDR Reports,newly_added_v2
Siljora_Kalimati,Odisha,21.982872,85.363922,0.1458,0.1641,0.179,0.2763,0.3257,0.2601,0.2137,4.745,0,Metamorphics,IND2497,588,573.0,623.0,9.456275939941406,6.46,34.46,27.77000000000004,26.27,29.57,1.1788,0.9414,1.2522,0.5496,0.8483,50.0,28.0,3.3,Tata Steel / IBM MCDR Reports,newly_added_v2
Siljora_Kalimati,Odisha,21.913448,85.34627,0.1573,0.1847,0.2086,0.3425,0.4148,0.3231,0.243,5.322,0,Metamorphics,IND2497,599,584.0,634.0,1.9986356496810913,0.0,27.0,28.690000000000055,27.19,30.49,1.2111,0.9434,1.2838,0.5029,0.8257,50.0,27.0,3.3,Tata Steel / IBM MCDR Reports,newly_added_v2
Siljora_Kalimati,Odisha,21.978222,85.343983,0.1389,0.1728,0.1535,0.3547,0.2759,0.2053,0.3959,5.623,0,Metamorphics,IND2497,682,667.0,717.0,3.1374735832214355,0.14,28.14,27.670000000000016,26.17,29.47,0.7778,0.5788,1.3439,0.5564,1.2856,50.0,28.0,3.3,Tata Steel / IBM MCDR Reports,newly_added_v2
Siljora_Kalimati,Odisha,21.974512,85.429352,0.1362,0.1616,0.1611,0.307,0.2849,0.2094,0.3117,5.636,0,Metamorphics,IND2497,586,571.0,621.0,7.2044243812561035,4.2,32.2,29.150000000000034,27.65,30.95,0.928,0.6821,1.3606,0.5655,1.0776,50.0,28.0,3.3,Tata Steel / IBM MCDR Reports,newly_added_v2
Siljora_Kalimati,Odisha,21.921139,85.394774,0.1367,0.1538,0.164,0.2771,0.3202,0.2404,0.2564,2.841,0,Metamorphics,IND2497,632,617.0,667.0,11.01513671875,8.02,36.02,29.27000000000004,27.77,31.07,1.1555,0.8676,1.3319,0.5122,0.8654,50.0,28.0,3.3,Tata Steel / IBM MCDR Reports,newly_added_v2
Siljora_Kalimati,Odisha,21.939432,85.42341,0.141,0.1622,0.1886,0.2762,0.3509,0.298,0.1885,4.014,0,Metamorphics,IND2497,500,485.0,535.0,0.9998033046722412,0.0,26.0,29.29000000000002,27.79,31.09,1.2705,1.0789,1.1775,0.5375,0.7871,50.0,26.0,3.3,Tata Steel / IBM MCDR Reports,newly_added_v2
Siljora_Kalimati,Odisha,21.920046,85.383759,0.1301,0.1434,0.1487,0.31,0.2943,0.2169,0.3516,2.781,0,Metamorphics,IND2497,653,638.0,688.0,4.084275722503662,1.08,29.08,29.230000000000018,27.73,31.03,0.9494,0.6997,1.3568,0.5053,1.0533,50.0,28.0,3.3,Tata Steel / IBM MCDR Reports,newly_added_v2
Siljora_Kalimati,Odisha,21.910249,85.396677,0.1381,0.1645,0.1678,0.3304,0.3255,0.2427,0.3264,4.052,0,Metamorphics,IND2497,686,671.0,721.0,14.309679985046387,11.31,39.31,29.430000000000007,27.93,31.23,0.9852,0.7346,1.3412,0.5155,1.0151,50.0,28.0,3.3,Tata Steel / IBM MCDR Reports,newly_added_v2
Siljora_Kalimati,Odisha,21.957283,85.361508,0.1348,0.151,0.1597,0.267,0.3017,0.228,0.2515,2.784,0,Metamorphics,IND2497,569,554.0,604.0,12.56784725189209,9.57,37.57,28.630000000000052,27.13,30.43,1.13,0.8539,1.3232,0.5293,0.885,50.0,28.0,3.3,Tata Steel / IBM MCDR Reports,newly_added_v2
Siljora_Kalimati,Odisha,21.962039,85.363964,0.1331,0.1545,0.1585,0.2732,0.272,0.1964,0.2657,2.884,0,Metamorphics,IND2497,597,582.0,632.0,13.454158782958984,10.45,38.45,28.170000000000016,26.67,29.97,0.9956,0.7189,1.3849,0.5827,1.0044,50.0,28.0,3.3,Tata Steel / IBM MCDR Reports,newly_added_v2
Siljora_Kalimati,Odisha,21.89934,85.341596,0.1367,0.1581,0.1656,0.3132,0.3353,0.245,0.3083,6.776,0,Metamorphics,IND2497,705,690.0,740.0,12.258548736572266,9.26,37.26,27.850000000000023,26.35,29.65,1.0706,0.7822,1.3686,0.4939,0.9341,50.0,28.0,3.3,Tata Steel / IBM MCDR Reports,newly_added_v2
Siljora_Kalimati,Odisha,21.901003,85.396321,0.1509,0.1709,0.1992,0.2857,0.342,0.2844,0.1784,5.035,0,Metamorphics,IND2497,607,592.0,642.0,2.1062350273132324,0.0,27.11,29.27000000000004,27.77,31.07,1.1971,0.9954,1.2025,0.5825,0.8354,50.0,27.11,3.3,Tata Steel / IBM MCDR Reports,newly_added_v2
Siljora_Kalimati,Odisha,21.9573,85.335698,0.1381,0.1584,0.1773,0.3086,0.3252,0.2404,0.2702,5.272,0,Metamorphics,IND2497,572,557.0,607.0,8.001398086547852,5.0,33.0,29.130000000000052,27.63,30.93,1.0538,0.779,1.3527,0.5452,0.949,50.0,28.0,3.3,Tata Steel / IBM MCDR Reports,newly_added_v2
Siljora_Kalimati,Odisha,21.885405,85.405995,0.1467,0.1611,0.2014,0.2579,0.3611,0.327,0.123,6.979,0,Metamorphics,IND2497,586,571.0,621.0,10.51429271697998,7.51,35.51,28.390000000000043,26.89,30.19,1.4002,1.2679,1.1043,0.5577,0.7142,50.0,28.0,3.3,Tata Steel / IBM MCDR Reports,newly_added_v2
Siljora_Kalimati,Odisha,21.910972,85.33326,0.1355,0.1664,0.1485,0.3989,0.2836,0.1988,0.4574,6.549,0,Metamorphics,IND2497,684,669.0,719.0,14.904656410217285,11.9,39.9,28.29000000000002,26.79,30.09,0.711,0.4984,1.4266,0.5236,1.4066,50.0,28.0,3.3,Tata Steel / IBM MCDR Reports,newly_added_v2
Siljora_Kalimati,Odisha,21.908532,85.391068,0.1379,0.1583,0.1594,0.3122,0.3132,0.2344,0.324,4.108,0,Metamorphics,IND2497,645,630.0,680.0,10.093517303466797,7.09,35.09,29.29000000000002,27.79,31.09,1.0032,0.7508,1.3362,0.5089,0.9968,50.0,28.0,3.3,Tata Steel / IBM MCDR Reports,newly_added_v2
Nishikhal,Odisha,19.215618,83.210268,0.1481,0.1684,0.1782,0.3106,0.3288,0.2543,0.2709,0.074,1,Metamorphics,IND2497,668,653.0,703.0,23.877161026000977,20.88,48.88,29.430000000000007,27.93,31.23,1.0586,0.8187,1.293,0.542,0.9446,50.0,28.0,3.3,GSI Economic Geology Bulletin Series A No. 62,newly_added_v2
Nishikhal,Odisha,19.215414,83.209677,0.1458,0.167,0.172,0.3176,0.3162,0.2393,0.2974,0.057,1,Metamorphics,IND2497,696,681.0,731.0,38.03327941894531,35.03,63.03,29.430000000000007,27.93,31.23,0.9956,0.7535,1.3214,0.544,1.0044,50.0,28.0,3.3,GSI Economic Geology Bulletin Series A No. 62,newly_added_v2
Nishikhal,Odisha,19.214713,83.208668,0.1482,0.1718,0.1751,0.323,0.3435,0.2503,0.2969,0.144,1,Metamorphics,IND2497,741,726.0,776.0,12.80445671081543,9.8,37.8,29.430000000000007,27.93,31.23,1.0635,0.7749,1.3724,0.5098,0.9403,50.0,28.0,3.3,GSI Economic Geology Bulletin Series A No. 62,newly_added_v2
Nishikhal,Odisha,19.215847,83.211696,0.1442,0.1623,0.1734,0.2987,0.335,0.2396,0.2654,0.202,1,Metamorphics,IND2497,669,654.0,704.0,29.326356887817383,26.33,54.33,28.350000000000023,26.85,30.15,1.1215,0.8021,1.3982,0.5176,0.8916,50.0,28.0,3.3,GSI Economic Geology Bulletin Series A No. 62,newly_added_v2
Nishikhal,Odisha,19.214093,83.210396,0.143,0.1668,0.1627,0.3084,0.3091,0.2332,0.3093,0.109,1,Metamorphics,IND2497,659,644.0,694.0,29.578481674194336,26.58,54.58,28.350000000000023,26.85,30.15,1.0023,0.7562,1.3255,0.5264,0.9977,50.0,28.0,3.3,GSI Economic Geology Bulletin Series A No. 62,newly_added_v2
Nishikhal,Odisha,19.213416,83.209759,0.144,0.1669,0.1734,0.3232,0.3303,0.2468,0.3017,0.178,1,Metamorphics,IND2497,684,669.0,719.0,29.973825454711914,26.97,54.97,29.430000000000007,27.93,31.23,1.022,0.7636,1.3383,0.525,0.9785,50.0,28.0,3.3,GSI Economic Geology Bulletin Series A No. 62,newly_added_v2
Nishikhal,Odisha,19.214517,83.210526,0.1404,0.1636,0.1609,0.3038,0.3169,0.2346,0.3075,0.077,1,Metamorphics,IND2497,636,621.0,671.0,23.579303741455078,20.58,48.58,28.350000000000023,26.85,30.15,1.0431,0.7722,1.3508,0.5077,0.9587,50.0,28.0,3.3,GSI Economic Geology Bulletin Series A No. 62,newly_added_v2
Nishikhal,Odisha,19.21408,83.210629,0.142,0.167,0.1632,0.3094,0.3065,0.2344,0.3094,0.122,1,Metamorphics,IND2497,641,626.0,676.0,29.25522804260254,26.26,54.26,28.350000000000023,26.85,30.15,0.9906,0.7576,1.3076,0.5325,1.0095,50.0,28.0,3.3,GSI Economic Geology Bulletin Series A No. 62,newly_added_v2
Nishikhal,Odisha,19.21396,83.209222,0.1436,0.1664,0.1698,0.3003,0.3337,0.2433,0.2776,0.142,1,Metamorphics,IND2497,715,700.0,750.0,15.369434356689453,12.37,40.37,29.430000000000007,27.93,31.23,1.1112,0.8102,1.3716,0.5088,0.8999,50.0,28.0,3.3,GSI Economic Geology Bulletin Series A No. 62,newly_added_v2
Nishikhal,Odisha,19.213357,83.207689,0.1696,0.1946,0.2164,0.334,0.378,0.2956,0.2137,0.304,1,Metamorphics,IND2497,651,636.0,686.0,29.98933219909668,26.99,54.99,29.430000000000007,27.93,31.23,1.1317,0.885,1.2788,0.5725,0.8836,50.0,28.0,3.3,GSI Economic Geology Bulletin Series A No. 62,newly_added_v2
Nishikhal,Odisha,19.215326,83.210233,0.1426,0.1648,0.1724,0.3109,0.3252,0.2466,0.2866,0.044,1,Metamorphics,IND2497,658,643.0,693.0,16.553691864013672,13.55,41.55,29.430000000000007,27.93,31.23,1.046,0.7932,1.3187,0.5301,0.956,50.0,28.0,3.3,GSI Economic Geology Bulletin Series A No. 62,newly_added_v2
Nishikhal,Odisha,19.214495,83.212456,0.1403,0.1632,0.1649,0.3091,0.2901,0.22,0.3042,0.264,1,Metamorphics,IND2497,633,618.0,668.0,5.626345634460449,2.63,30.63,28.350000000000023,26.85,30.15,0.9385,0.7117,1.3186,0.5684,1.0655,50.0,28.0,3.3,GSI Economic Geology Bulletin Series A No. 62,newly_added_v2
Nishikhal,Odisha,19.213604,83.207778,0.1696,0.1946,0.2164,0.334,0.378,0.2956,0.2137,0.281,1,Metamorphics,IND2497,651,636.0,686.0,29.98933219909668,26.99,54.99,29.430000000000007,27.93,31.23,1.1317,0.885,1.2788,0.5725,0.8836,50.0,28.0,3.3,GSI Economic Geology Bulletin Series A No. 62,newly_added_v2
Nishikhal,Odisha,19.217176,83.207646,0.146,0.1717,0.1688,0.3104,0.3438,0.2462,0.2955,0.346,1,Metamorphics,IND2497,682,667.0,717.0,21.19554901123047,18.2,46.2,28.49000000000001,26.99,30.29,1.1076,0.7932,1.3964,0.491,0.9029,50.0,28.0,3.3,GSI Economic Geology Bulletin Series A No. 62,newly_added_v2
Nishikhal,Odisha,19.213908,83.209338,0.1436,0.1664,0.1698,0.3003,0.3337,0.2433,0.2776,0.14,1,Metamorphics,IND2497,715,700.0,750.0,15.369434356689453,12.37,40.37,29.430000000000007,27.93,31.23,1.1112,0.8102,1.3716,0.5088,0.8999,50.0,28.0,3.3,GSI Economic Geology Bulletin Series A No. 62,newly_added_v2
Nishikhal,Odisha,19.214626,83.210546,0.1404,0.1636,0.1609,0.3038,0.3169,0.2346,0.3075,0.071,1,Metamorphics,IND2497,636,621.0,671.0,23.579303741455078,20.58,48.58,28.350000000000023,26.85,30.15,1.0431,0.7722,1.3508,0.5077,0.9587,50.0,28.0,3.3,GSI Economic Geology Bulletin Series A No. 62,newly_added_v2
Nishikhal,Odisha,19.213947,83.206678,0.1537,0.1791,0.1881,0.3228,0.377,0.2939,0.2637,0.368,1,Metamorphics,IND2497,608,593.0,643.0,26.117115020751953,23.12,51.12,29.430000000000007,27.93,31.23,1.1679,0.9105,1.2827,0.4989,0.8562,50.0,28.0,3.3,GSI Economic Geology Bulletin Series A No. 62,newly_added_v2
Nishikhal,Odisha,19.213803,83.209138,0.1491,0.1718,0.1766,0.3146,0.3333,0.249,0.2809,0.161,1,Metamorphics,IND2497,720,705.0,755.0,24.382102966308594,21.38,49.38,29.430000000000007,27.93,31.23,1.0594,0.7915,1.3386,0.5299,0.9439,50.0,28.0,3.3,GSI Economic Geology Bulletin Series A No. 62,newly_added_v2
Nishikhal,Odisha,19.213825,83.213167,0.1438,0.1668,0.1738,0.3181,0.3459,0.2548,0.2934,0.358,1,Metamorphics,IND2497,627,612.0,662.0,12.885043144226074,9.89,37.89,28.350000000000023,26.85,30.15,1.0874,0.801,1.3575,0.5025,0.9196,50.0,28.0,3.3,GSI Economic Geology Bulletin Series A No. 62,newly_added_v2
Nishikhal,Odisha,19.215362,83.20857,0.1514,0.1742,0.1782,0.3195,0.3218,0.2415,0.2839,0.156,1,Metamorphics,IND2497,748,733.0,783.0,8.236062049865723,5.24,33.24,29.430000000000007,27.93,31.23,1.0072,0.7559,1.3325,0.5538,0.9929,50.0,28.0,3.3,GSI Economic Geology Bulletin Series A No. 62,newly_added_v2
Nishikhal,Odisha,19.213648,83.207392,0.1628,0.1908,0.2058,0.328,0.3939,0.3046,0.2289,0.313,1,Metamorphics,IND2497,645,630.0,680.0,32.12190246582031,29.12,57.12,29.430000000000007,27.93,31.23,1.2009,0.9287,1.2932,0.5225,0.8327,50.0,28.0,3.3,GSI Economic Geology Bulletin Series A No. 62,newly_added_v2
Nishikhal,Odisha,19.214798,83.206978,0.1628,0.1852,0.1976,0.3098,0.3885,0.3109,0.2211,0.318,1,Metamorphics,IND2497,661,646.0,696.0,22.11001968383789,19.11,47.11,29.430000000000007,27.93,31.23,1.254,1.0036,1.2496,0.5086,0.7974,50.0,28.0,3.3,GSI Economic Geology Bulletin Series A No. 62,newly_added_v2
Nishikhal,Odisha,19.212637,83.209581,0.156,0.1754,0.2009,0.3053,0.3752,0.3031,0.2062,0.267,1,Metamorphics,IND2497,669,654.0,704.0,19.12602996826172,16.13,44.13,28.350000000000023,26.85,30.15,1.229,0.9928,1.2379,0.5354,0.8137,50.0,28.0,3.3,GSI Economic Geology Bulletin Series A No. 62,newly_added_v2
Nishikhal,Odisha,19.212989,83.211112,0.1356,0.1604,0.1488,0.3342,0.3152,0.2234,0.3839,0.253,1,Metamorphics,IND2497,608,593.0,643.0,8.782776832580566,5.78,33.78,28.350000000000023,26.85,30.15,0.9431,0.6685,1.4109,0.4721,1.0603,50.0,28.0,3.3,GSI Economic Geology Bulletin Series A No. 62,newly_added_v2
Nishikhal,Odisha,19.214123,83.211086,0.141,0.1639,0.1645,0.2962,0.3251,0.2436,0.2859,0.15,1,Metamorphics,IND2497,618,603.0,653.0,11.659228324890137,8.66,36.66,28.350000000000023,26.85,30.15,1.0976,0.8224,1.3346,0.506,0.9111,50.0,28.0,3.3,GSI Economic Geology Bulletin Series A No. 62,newly_added_v2
Nishikhal,Odisha,19.21517,83.210787,0.1417,0.1655,0.1684,0.3134,0.3175,0.2396,0.301,0.085,1,Metamorphics,IND2497,640,625.0,675.0,18.516193389892578,15.52,43.52,28.350000000000023,26.85,30.15,1.0131,0.7645,1.3251,0.5304,0.9871,50.0,28.0,3.3,GSI Economic Geology Bulletin Series A No. 62,newly_added_v2
Nishikhal,Odisha,19.211768,83.210296,0.1446,0.1668,0.1704,0.3057,0.3346,0.2526,0.2842,0.361,1,Metamorphics,IND2497,634,619.0,669.0,16.22334861755371,13.22,41.22,28.350000000000023,26.85,30.15,1.0945,0.8263,1.3246,0.5093,0.9136,50.0,28.0,3.3,GSI Economic Geology Bulletin Series A No. 62,newly_added_v2
Nishikhal,Odisha,19.215592,83.210735,0.1482,0.1668,0.1768,0.3077,0.333,0.259,0.2702,0.102,1,Metamorphics,IND2497,665,650.0,700.0,26.400087356567383,23.4,51.4,29.430000000000007,27.93,31.23,1.0822,0.8417,1.2857,0.5309,0.924,50.0,28.0,3.3,GSI Economic Geology Bulletin Series A No. 62,newly_added_v2
Nishikhal,Odisha,19.21524,83.209623,0.1458,0.167,0.172,0.3176,0.3162,0.2393,0.2974,0.048,1,Metamorphics,IND2497,696,681.0,731.0,38.03327941894531,35.03,63.03,29.430000000000007,27.93,31.23,0.9956,0.7535,1.3214,0.544,1.0044,50.0,28.0,3.3,GSI Economic Geology Bulletin Series A No. 62,newly_added_v2
Nishikhal,Odisha,19.215066,83.209468,0.145,0.1672,0.1718,0.3171,0.3185,0.245,0.2972,0.056,1,Metamorphics,IND2497,691,676.0,726.0,35.10878372192383,32.11,60.11,29.430000000000007,27.93,31.23,1.0044,0.7726,1.3,0.5394,0.9956,50.0,28.0,3.3,GSI Economic Geology Bulletin Series A No. 62,newly_added_v2
Nishikhal,Odisha,19.217145,83.207964,0.1445,0.1738,0.1707,0.3378,0.3403,0.2366,0.3286,0.321,1,Metamorphics,IND2497,690,675.0,725.0,23.916934967041016,20.92,48.92,28.49000000000001,26.99,30.29,1.0074,0.7004,1.4383,0.5016,0.9927,50.0,28.0,3.3,GSI Economic Geology Bulletin Series A No. 62,newly_added_v2
Nishikhal,Odisha,19.214844,83.210273,0.1383,0.1644,0.1576,0.3164,0.3134,0.2279,0.335,0.034,1,Metamorphics,IND2497,647,632.0,682.0,26.542423248291016,23.54,51.54,29.430000000000007,27.93,31.23,0.9905,0.7203,1.3752,0.5029,1.0096,50.0,28.0,3.3,GSI Economic Geology Bulletin Series A No. 62,newly_added_v2
Nishikhal,Odisha,19.216807,83.212064,0.1428,0.1665,0.1678,0.3166,0.3101,0.2342,0.3072,0.296,1,Metamorphics,IND2497,689,674.0,724.0,29.31509780883789,26.32,54.32,27.970000000000027,26.47,29.77,0.9795,0.7397,1.3241,0.5411,1.021,50.0,28.0,3.3,GSI Economic Geology Bulletin Series A No. 62,newly_added_v2
Nishikhal,Odisha,19.215732,83.211261,0.1472,0.1677,0.1757,0.3042,0.3513,0.2532,0.2678,0.156,1,Metamorphics,IND2497,660,645.0,695.0,23.673246383666992,20.67,48.67,28.350000000000023,26.85,30.15,1.1548,0.8323,1.3874,0.5001,0.8659,50.0,28.0,3.3,GSI Economic Geology Bulletin Series A No. 62,newly_added_v2
Nishikhal,Odisha,19.215379,83.206989,0.1618,0.189,0.198,0.3269,0.4136,0.3154,0.2456,0.319,1,Metamorphics,IND2497,661,646.0,696.0,23.433568954467773,20.43,48.43,29.430000000000007,27.93,31.23,1.2652,0.9648,1.3114,0.4787,0.7904,50.0,28.0,3.3,GSI Economic Geology Bulletin Series A No. 62,newly_added_v2
Nishikhal,Odisha,19.216415,83.212554,0.1369,0.1604,0.1524,0.3163,0.3074,0.2211,0.3497,0.311,1,Metamorphics,IND2497,663,648.0,698.0,17.017822265625,14.02,42.02,28.350000000000023,26.85,30.15,0.9719,0.699,1.3903,0.4958,1.029,50.0,28.0,3.3,GSI Economic Geology Bulletin Series A No. 62,newly_added_v2
Nishikhal,Odisha,19.213649,83.210897,0.1359,0.1616,0.1602,0.3133,0.3085,0.2332,0.3233,0.178,1,Metamorphics,IND2497,627,612.0,662.0,21.53487205505371,18.53,46.53,28.350000000000023,26.85,30.15,0.9847,0.7443,1.3229,0.5193,1.0156,50.0,28.0,3.3,GSI Economic Geology Bulletin Series A No. 62,newly_added_v2
Nishikhal,Odisha,19.215185,83.212499,0.1361,0.158,0.1528,0.2842,0.2789,0.2042,0.3007,0.263,1,Metamorphics,IND2497,636,621.0,671.0,5.235083103179932,2.24,30.24,28.350000000000023,26.85,30.15,0.9814,0.7185,1.3658,0.5479,1.019,50.0,28.0,3.3,GSI Economic Geology Bulletin Series A No. 62,newly_added_v2
Nishikhal,Odisha,19.214648,83.21167,0.1365,0.1604,0.1518,0.3097,0.2884,0.2082,0.3421,0.18,1,Metamorphics,IND2497,620,605.0,655.0,9.970829010009766,6.97,34.97,28.350000000000023,26.85,30.15,0.9312,0.6723,1.3852,0.5264,1.0739,50.0,28.0,3.3,GSI Economic Geology Bulletin Series A No. 62,newly_added_v2
Nishikhal,Odisha,19.212532,83.210869,0.145,0.1694,0.1738,0.3174,0.3326,0.2563,0.2923,0.289,1,Metamorphics,IND2497,611,596.0,646.0,25.310840606689453,22.31,50.31,28.350000000000023,26.85,30.15,1.0479,0.8075,1.2977,0.5225,0.9543,50.0,28.0,3.3,GSI Economic Geology Bulletin Series A No. 62,newly_added_v2
Nishikhal,Odisha,19.214304,83.21188,0.1413,0.1587,0.1493,0.3071,0.2894,0.212,0.3457,0.212,1,Metamorphics,IND2497,624,609.0,659.0,15.363495826721191,12.36,40.36,28.350000000000023,26.85,30.15,0.9424,0.6903,1.3651,0.5159,1.0612,50.0,28.0,3.3,GSI Economic Geology Bulletin Series A No. 62,newly_added_v2
Nishikhal,Odisha,19.212258,83.210573,0.1432,0.1675,0.1694,0.3144,0.3266,0.2454,0.2997,0.311,1,Metamorphics,IND2497,622,607.0,657.0,22.503067016601562,19.5,47.5,28.350000000000023,26.85,30.15,1.0388,0.7805,1.3309,0.5187,0.9626,50.0,28.0,3.3,GSI Economic Geology Bulletin Series A No. 62,newly_added_v2
Nishikhal,Odisha,19.213057,83.212252,0.151,0.1729,0.1805,0.2924,0.3208,0.2474,0.2366,0.321,1,Metamorphics,IND2497,641,626.0,676.0,26.654844284057617,23.65,51.65,28.350000000000023,26.85,30.15,1.0971,0.8461,1.2967,0.5627,0.9115,50.0,28.0,3.3,GSI Economic Geology Bulletin Series A No. 62,newly_added_v2
Nishikhal,Odisha,19.218227,83.209665,0.1603,0.1884,0.1848,0.365,0.3456,0.2462,0.3278,0.361,1,Metamorphics,IND2497,832,817.0,867.0,37.034629821777344,34.03,62.03,28.49000000000001,26.99,30.29,0.9468,0.6745,1.4037,0.5347,1.0561,50.0,28.0,3.3,GSI Economic Geology Bulletin Series A No. 62,newly_added_v2
Nishikhal,Odisha,19.214668,83.211736,0.1365,0.1604,0.1518,0.3097,0.2884,0.2082,0.3421,0.186,1,Metamorphics,IND2497,620,605.0,655.0,9.970829010009766,6.97,34.97,28.350000000000023,26.85,30.15,0.9312,0.6723,1.3852,0.5264,1.0739,50.0,28.0,3.3,GSI Economic Geology Bulletin Series A No. 62,newly_added_v2
Nishikhal,Odisha,19.175978,83.202799,0.141,0.1659,0.1703,0.3298,0.3433,0.249,0.3189,4.409,0,Metamorphics,IND2497,807,792.0,842.0,13.619682312011719,10.62,38.62,28.510000000000048,27.01,30.31,1.0409,0.755,1.3787,0.4961,0.9607,50.0,28.0,3.3,GSI Economic Geology Bulletin Series A No. 62,newly_added_v2
Nishikhal,Odisha,19.241872,83.146326,0.147,0.1731,0.1861,0.3235,0.4032,0.2915,0.2696,7.331,0,Metamorphics,IND2497,793,778.0,828.0,5.235822677612305,2.24,30.24,27.810000000000002,26.31,29.61,1.2464,0.9011,1.3832,0.4616,0.8023,50.0,28.0,3.3,GSI Economic Geology Bulletin Series A No. 62,newly_added_v2
Nishikhal,Odisha,19.252707,83.257291,0.1531,0.1714,0.2032,0.3058,0.3639,0.2681,0.2016,6.506,0,Metamorphics,IND2497,1080,1065.0,1115.0,17.371004104614258,14.37,42.37,27.03000000000003,25.53,28.83,1.19,0.8767,1.3573,0.5584,0.8403,50.0,28.0,3.3,GSI Economic Geology Bulletin Series A No. 62,newly_added_v2
Nishikhal,Odisha,19.19372,83.182345,0.1494,0.18,0.2042,0.3268,0.4072,0.3192,0.2309,3.75,0,Metamorphics,IND2497,636,621.0,671.0,4.029683589935303,1.03,29.03,28.690000000000055,27.19,30.49,1.246,0.9767,1.2757,0.5015,0.8026,50.0,28.0,3.3,GSI Economic Geology Bulletin Series A No. 62,newly_added_v2
Nishikhal,Odisha,19.156869,83.188037,0.1623,0.1952,0.2187,0.3272,0.3944,0.3267,0.1988,6.871,0,Metamorphics,IND2497,684,669.0,719.0,3.704791784286499,0.7,28.7,29.230000000000018,27.73,31.03,1.2054,0.9985,1.2072,0.5545,0.8296,50.0,28.0,3.3,GSI Economic Geology Bulletin Series A No. 62,newly_added_v2
Nishikhal,Odisha,19.230338,83.186385,0.1376,0.1677,0.1701,0.3164,0.3285,0.2381,0.3007,3.013,0,Metamorphics,IND2497,634,619.0,669.0,18.503881454467773,15.5,43.5,28.910000000000025,27.41,30.71,1.0382,0.7525,1.3797,0.5178,0.9632,50.0,28.0,3.3,GSI Economic Geology Bulletin Series A No. 62,newly_added_v2
Nishikhal,Odisha,19.201738,83.272715,0.1433,0.1702,0.1672,0.3514,0.3478,0.2524,0.3552,6.756,0,Metamorphics,IND2497,430,415.0,465.0,20.441083908081055,17.44,45.44,28.430000000000007,26.93,30.23,0.9898,0.7183,1.378,0.4807,1.0104,50.0,28.0,3.3,GSI Economic Geology Bulletin Series A No. 62,newly_added_v2
Nishikhal,Odisha,19.206903,83.269466,0.1554,0.1837,0.2108,0.3544,0.4439,0.3319,0.2541,6.316,0,Metamorphics,IND2497,412,397.0,447.0,12.666861534118652,9.67,37.67,28.430000000000007,26.93,30.23,1.2525,0.9365,1.3375,0.4749,0.7984,50.0,28.0,3.3,GSI Economic Geology Bulletin Series A No. 62,newly_added_v2
Nishikhal,Odisha,19.252947,83.263416,0.1514,0.1781,0.1733,0.3417,0.3365,0.2393,0.327,7.027,0,Metamorphics,IND2497,815,800.0,850.0,40.10023880004883,37.1,65.1,27.03000000000003,25.53,28.83,0.9848,0.7003,1.4062,0.515,1.0155,50.0,28.0,3.3,GSI Economic Geology Bulletin Series A No. 62,newly_added_v2
Nishikhal,Odisha,19.254743,83.195268,0.1572,0.1854,0.2123,0.3328,0.4384,0.3408,0.2211,4.687,0,Metamorphics,IND2497,594,579.0,629.0,4.046525955200195,1.05,29.05,28.170000000000016,26.67,29.97,1.3173,1.024,1.2864,0.4843,0.7591,50.0,28.0,3.3,GSI Economic Geology Bulletin Series A No. 62,newly_added_v2
Nishikhal,Odisha,19.184086,83.220381,0.1648,0.1915,0.2036,0.3357,0.3833,0.2861,0.2449,3.61,0,Metamorphics,IND2497,888,873.0,923.0,26.441679000854492,23.44,51.44,27.450000000000045,25.95,29.25,1.1418,0.8522,1.3397,0.5312,0.8758,50.0,28.0,3.3,GSI Economic Geology Bulletin Series A No. 62,newly_added_v2
Nishikhal,Odisha,19.252625,83.21674,0.1398,0.1632,0.1592,0.3276,0.3016,0.224,0.3459,4.248,0,Metamorphics,IND2497,607,592.0,642.0,19.802976608276367,16.8,44.8,27.850000000000023,26.35,29.65,0.9206,0.6838,1.3464,0.5279,1.0862,50.0,28.0,3.3,GSI Economic Geology Bulletin Series A No. 62,newly_added_v2
Nishikhal,Odisha,19.190152,83.209668,0.1415,0.1678,0.1721,0.3223,0.3508,0.256,0.3038,2.766,0,Metamorphics,IND2497,725,710.0,760.0,10.802671432495117,7.8,35.8,28.07000000000005,26.57,29.87,1.0884,0.7943,1.3703,0.4906,0.9188,50.0,28.0,3.3,GSI Economic Geology Bulletin Series A No. 62,newly_added_v2
Nishikhal,Odisha,19.248028,83.208796,0.1398,0.1645,0.151,0.349,0.3017,0.2122,0.396,3.679,0,Metamorphics,IND2497,750,735.0,785.0,21.22759246826172,18.23,46.23,27.49000000000001,25.99,29.29,0.8645,0.608,1.4218,0.5005,1.1568,50.0,28.0,3.3,GSI Economic Geology Bulletin Series A No. 62,newly_added_v2
Nishikhal,Odisha,19.253682,83.217332,0.1359,0.1658,0.1468,0.3392,0.2697,0.1932,0.3959,4.375,0,Metamorphics,IND2497,598,583.0,633.0,15.40215015411377,12.4,40.4,27.850000000000023,26.35,29.65,0.7951,0.5696,1.396,0.5443,1.2577,50.0,28.0,3.3,GSI Economic Geology Bulletin Series A No. 62,newly_added_v2
Nishikhal,Odisha,19.249154,83.152349,0.1312,0.1581,0.147,0.3506,0.2802,0.1989,0.4092,7.154,0,Metamorphics,IND2497,810,795.0,845.0,8.336939811706543,5.34,33.34,27.810000000000002,26.31,29.61,0.7992,0.5673,1.4087,0.5246,1.2512,50.0,28.0,3.3,GSI Economic Geology Bulletin Series A No. 62,newly_added_v2
Nishikhal,Odisha,19.228279,83.15714,0.1448,0.1718,0.1786,0.3535,0.3704,0.2655,0.3287,5.75,0,Metamorphics,IND2497,846,831.0,881.0,27.50244903564453,24.5,52.5,28.55000000000001,27.05,30.35,1.0478,0.7511,1.3951,0.4822,0.9544,50.0,28.0,3.3,GSI Economic Geology Bulletin Series A No. 62,newly_added_v2
Nishikhal,Odisha,19.208423,83.239517,0.1332,0.162,0.1448,0.4019,0.3248,0.227,0.4703,3.188,0,Metamorphics,IND2497,527,512.0,562.0,31.716049194335938,28.72,56.72,27.590000000000032,26.09,29.39,0.8082,0.5648,1.4308,0.4458,1.2374,50.0,28.0,3.3,GSI Economic Geology Bulletin Series A No. 62,newly_added_v2
Nishikhal,Odisha,19.195147,83.150346,0.1467,0.1727,0.183,0.3366,0.3597,0.2711,0.2956,6.649,0,Metamorphics,IND2497,755,740.0,790.0,6.723126411437988,3.72,31.72,28.670000000000016,27.17,30.47,1.0686,0.8054,1.3268,0.5088,0.9358,50.0,28.0,3.3,GSI Economic Geology Bulletin Series A No. 62,newly_added_v2
Nishikhal,Odisha,19.207088,83.180794,0.1512,0.1724,0.1956,0.2706,0.4028,0.3446,0.1609,3.194,0,Metamorphics,IND2497,668,653.0,703.0,14.529098510742188,11.53,39.53,28.370000000000005,26.87,30.17,1.4885,1.2735,1.1689,0.4856,0.6718,50.0,28.0,3.3,GSI Economic Geology Bulletin Series A No. 62,newly_added_v2
Nishikhal,Odisha,19.257584,83.211488,0.134,0.1665,0.1546,0.3191,0.2879,0.2114,0.3473,4.743,0,Metamorphics,IND2497,573,558.0,608.0,1.350852131843567,0.0,26.35,27.910000000000025,26.41,29.71,0.9022,0.6625,1.3619,0.537,1.1084,50.0,26.35,3.3,GSI Economic Geology Bulletin Series A No. 62,newly_added_v2
Nishikhal,Odisha,19.214032,83.237532,0.146,0.1762,0.1749,0.3717,0.3821,0.2649,0.36,2.896,0,Metamorphics,IND2497,563,548.0,598.0,17.49947738647461,14.5,42.5,27.590000000000032,26.09,29.39,1.028,0.7127,1.4424,0.4577,0.9728,50.0,28.0,3.3,GSI Economic Geology Bulletin Series A No. 62,newly_added_v2
Nishikhal,Odisha,19.157836,83.190832,0.1504,0.1767,0.2177,0.3295,0.401,0.3221,0.2043,6.675,0,Metamorphics,IND2497,691,676.0,726.0,6.928097248077393,3.93,31.93,28.910000000000025,27.41,30.71,1.217,0.9775,1.245,0.5429,0.8217,50.0,28.0,3.3,GSI Economic Geology Bulletin Series A No. 62,newly_added_v2
Nishikhal,Odisha,19.160715,83.199866,0.1614,0.1798,0.2192,0.2903,0.4279,0.3284,0.1395,6.136,0,Metamorphics,IND2497,779,764.0,814.0,15.734426498413086,12.73,40.73,28.730000000000018,27.23,30.53,1.474,1.1312,1.303,0.5123,0.6784,50.0,28.0,3.3,GSI Economic Geology Bulletin Series A No. 62,newly_added_v2
Nishikhal,Odisha,19.208491,83.238242,0.1396,0.1688,0.1686,0.3169,0.3655,0.2654,0.3055,3.056,0,Metamorphics,IND2497,497,482.0,532.0,18.2475528717041,15.25,43.25,27.590000000000032,26.09,29.39,1.1534,0.8375,1.3772,0.4613,0.867,50.0,28.0,3.3,GSI Economic Geology Bulletin Series A No. 62,newly_added_v2
Nishikhal,Odisha,19.249377,83.221262,0.1355,0.1628,0.1589,0.3133,0.2992,0.2122,0.327,4.006,0,Metamorphics,IND2497,576,561.0,611.0,12.862530708312988,9.86,37.86,27.930000000000007,26.43,29.73,0.955,0.6773,1.41,0.5311,1.0471,50.0,28.0,3.3,GSI Economic Geology Bulletin Series A No. 62,newly_added_v2
Nishikhal,Odisha,19.226252,83.167902,0.1864,0.2204,0.2675,0.3684,0.4528,0.3672,0.1587,4.599,0,Metamorphics,IND2497,641,626.0,676.0,3.402111053466797,0.4,28.4,28.630000000000052,27.13,30.43,1.2291,0.9967,1.2331,0.5908,0.8136,50.0,28.0,3.3,GSI Economic Geology Bulletin Series A No. 62,newly_added_v2
Nishikhal,Odisha,19.247976,83.239208,0.1544,0.1814,0.1943,0.3454,0.401,0.2973,0.28,4.786,0,Metamorphics,IND2497,527,512.0,562.0,9.639906883239746,6.64,34.64,27.750000000000057,26.25,29.55,1.161,0.8607,1.3488,0.4845,0.8613,50.0,28.0,3.3,GSI Economic Geology Bulletin Series A No. 62,newly_added_v2
Nishikhal,Odisha,19.163191,83.171831,0.1849,0.2256,0.276,0.3766,0.4636,0.3938,0.1542,7.026,0,Metamorphics,IND2497,723,708.0,758.0,11.386731147766113,8.39,36.39,28.670000000000016,27.17,30.47,1.231,1.0457,1.1772,0.5953,0.8123,50.0,28.0,3.3,GSI Economic Geology Bulletin Series A No. 62,newly_added_v2
Nishikhal,Odisha,19.191912,83.207631,0.1438,0.1707,0.1708,0.3139,0.3194,0.2377,0.2952,2.582,0,Metamorphics,IND2497,759,744.0,794.0,30.584339141845703,27.58,55.58,28.710000000000036,27.21,30.51,1.0175,0.7572,1.3437,0.5348,0.9828,50.0,28.0,3.3,GSI Economic Geology Bulletin Series A No. 62,newly_added_v2
Nishikhal,Odisha,19.235659,83.237691,0.1547,0.1882,0.1651,0.4805,0.3496,0.2306,0.4885,3.71,0,Metamorphics,IND2497,809,794.0,844.0,48.330989837646484,45.33,73.33,27.510000000000048,26.01,29.31,0.7276,0.4799,1.516,0.4723,1.3744,50.0,28.0,3.3,GSI Economic Geology Bulletin Series A No. 62,newly_added_v2
Nishikhal,Odisha,19.183659,83.18081,0.1816,0.2142,0.2594,0.3306,0.4822,0.4095,0.1207,4.646,0,Metamorphics,IND2497,682,667.0,717.0,4.984330654144287,1.98,29.98,29.110000000000014,27.61,30.91,1.4586,1.2387,1.1775,0.538,0.6856,50.0,28.0,3.3,GSI Economic Geology Bulletin Series A No. 62,newly_added_v2
Nishikhal,Odisha,19.186204,83.227632,0.1393,0.1641,0.1608,0.3654,0.3436,0.2431,0.3888,3.703,0,Metamorphics,IND2497,846,831.0,881.0,21.66275978088379,18.66,46.66,26.810000000000002,25.31,28.61,0.9403,0.6653,1.4134,0.468,1.0634,50.0,28.0,3.3,GSI Economic Geology Bulletin Series A No. 62,newly_added_v2
Nishikhal,Odisha,19.259912,83.238376,0.132,0.1595,0.1574,0.3248,0.2975,0.22,0.3472,5.822,0,Metamorphics,IND2497,610,595.0,645.0,22.018367767333984,19.02,47.02,27.010000000000048,25.51,28.81,0.9159,0.6773,1.3523,0.5291,1.0918,50.0,28.0,3.3,GSI Economic Geology Bulletin Series A No. 62,newly_added_v2
Nishikhal,Odisha,19.275336,83.238937,0.1375,0.1638,0.1608,0.3202,0.3413,0.242,0.3314,7.373,0,Metamorphics,IND2497,660,645.0,695.0,4.729632377624512,1.73,29.73,27.390000000000043,25.89,29.19,1.0659,0.7558,1.4103,0.4711,0.9382,50.0,28.0,3.3,GSI Economic Geology Bulletin Series A No. 62,newly_added_v2
Nishikhal,Odisha,19.168963,83.207754,0.1519,0.1803,0.1702,0.396,0.3483,0.2414,0.3988,5.13,0,Metamorphics,IND2497,804,789.0,839.0,10.37918472290039,7.38,35.38,28.130000000000052,26.63,29.93,0.8795,0.6096,1.4428,0.4887,1.137,50.0,28.0,3.3,GSI Economic Geology Bulletin Series A No. 62,newly_added_v2
Nishikhal,Odisha,19.151983,83.186375,0.1546,0.1766,0.2004,0.3342,0.4082,0.3141,0.2503,7.442,0,Metamorphics,IND2497,683,668.0,718.0,5.547544956207275,2.55,30.55,29.230000000000018,27.73,31.03,1.2214,0.9399,1.2996,0.4909,0.8187,50.0,28.0,3.3,GSI Economic Geology Bulletin Series A No. 62,newly_added_v2
Nishikhal,Odisha,19.175707,83.217901,0.153,0.1751,0.2074,0.3032,0.4259,0.342,0.1876,4.452,0,Metamorphics,IND2497,703,688.0,738.0,12.396084785461426,9.4,37.4,27.130000000000052,25.63,28.93,1.4047,1.128,1.2453,0.487,0.7119,50.0,28.0,3.3,GSI Economic Geology Bulletin Series A No. 62,newly_added_v2
Nishikhal,Odisha,19.265648,83.20358,0.1401,0.1635,0.168,0.3148,0.3142,0.2221,0.3041,5.678,0,Metamorphics,IND2497,659,644.0,694.0,13.06909465789795,10.07,38.07,27.850000000000023,26.35,29.65,0.9981,0.7055,1.4147,0.5347,1.0019,50.0,28.0,3.3,GSI Economic Geology Bulletin Series A No. 62,newly_added_v2
Nishikhal,Odisha,19.248675,83.213652,0.1375,0.1592,0.1604,0.309,0.314,0.2366,0.3166,3.768,0,Metamorphics,IND2497,641,626.0,676.0,8.052933692932129,5.05,33.05,27.810000000000002,26.31,29.61,1.0162,0.7657,1.3271,0.5108,0.9841,50.0,28.0,3.3,GSI Economic Geology Bulletin Series A No. 62,newly_added_v2
Nishikhal,Odisha,19.182529,83.260734,0.1387,0.1596,0.1643,0.3147,0.3211,0.2441,0.314,6.443,0,Metamorphics,IND2497,593,578.0,628.0,29.763134002685547,26.76,54.76,27.53000000000003,26.03,29.33,1.0203,0.7757,1.3154,0.5117,0.9801,50.0,28.0,3.3,GSI Economic Geology Bulletin Series A No. 62,newly_added_v2
Nishikhal,Odisha,19.176651,83.167692,0.1434,0.1732,0.1846,0.339,0.378,0.2834,0.2949,6.165,0,Metamorphics,IND2497,720,705.0,755.0,5.3870697021484375,2.39,30.39,29.05000000000001,27.55,30.85,1.115,0.836,1.3338,0.4884,0.8968,50.0,28.0,3.3,GSI Economic Geology Bulletin Series A No. 62,newly_added_v2
Nishikhal,Odisha,19.209692,83.149782,0.1339,0.1648,0.1561,0.372,0.3075,0.213,0.4088,6.358,0,Metamorphics,IND2497,865,850.0,900.0,21.09247589111328,18.09,46.09,27.57000000000005,26.07,29.37,0.8266,0.5726,1.4437,0.5076,1.2098,50.0,28.0,3.3,GSI Economic Geology Bulletin Series A No. 62,newly_added_v2
Nishikhal,Odisha,19.250952,83.220889,0.1418,0.168,0.165,0.2985,0.3275,0.2388,0.288,4.163,0,Metamorphics,IND2497,588,573.0,623.0,20.052709579467773,17.05,45.05,28.230000000000018,26.73,30.03,1.0972,0.8,1.3714,0.5038,0.9115,50.0,28.0,3.3,GSI Economic Geology Bulletin Series A No. 62,newly_added_v2
Nishikhal,Odisha,19.233254,83.164155,0.1572,0.1781,0.1984,0.3285,0.4002,0.3232,0.2469,5.23,0,Metamorphics,IND2497,769,754.0,804.0,28.737808227539062,25.74,53.74,28.55000000000001,27.05,30.35,1.2183,0.9839,1.2382,0.4958,0.8208,50.0,28.0,3.3,GSI Economic Geology Bulletin Series A No. 62,newly_added_v2
Sandur_Deogiri,Karnataka,15.053136,76.581241,0.1496,0.1724,0.1903,0.291,0.3628,0.2928,0.2092,0.083,1,Metamorphics,IND2497,836,821.0,871.0,22.56180763244629,19.56,47.56,31.83000000000004,30.33,33.63,1.2467,1.0062,1.2391,0.5245,0.8021,50.0,28.0,3.3,Sandur Manganese & Iron Ores (SMIORE) / IBM MTS 30KAR03180,newly_added_v2
Sandur_Deogiri,Karnataka,15.052434,76.58036,0.1576,0.1809,0.2017,0.301,0.3664,0.2989,0.1975,0.187,1,Metamorphics,IND2497,831,816.0,866.0,30.67616081237793,27.68,55.68,31.83000000000004,30.33,33.63,1.2173,0.993,1.2258,0.5505,0.8215,50.0,28.0,3.3,Sandur Manganese & Iron Ores (SMIORE) / IBM MTS 30KAR03180,newly_added_v2
Sandur_Deogiri,Karnataka,15.053838,76.579868,0.148,0.1765,0.1937,0.3141,0.3629,0.2967,0.2371,0.247,1,Metamorphics,IND2497,771,756.0,806.0,19.883638381958008,16.88,44.88,31.83000000000004,30.33,33.63,1.1554,0.9446,1.2231,0.5338,0.8655,50.0,28.0,3.3,Sandur Manganese & Iron Ores (SMIORE) / IBM MTS 30KAR03180,newly_added_v2
Sandur_Deogiri,Karnataka,15.053063,76.581608,0.1511,0.1725,0.1967,0.3012,0.3678,0.293,0.2099,0.043,1,Metamorphics,IND2497,827,812.0,862.0,23.921463012695312,20.92,48.92,31.83000000000004,30.33,33.63,1.2211,0.9728,1.2553,0.5348,0.8189,50.0,28.0,3.3,Sandur Manganese & Iron Ores (SMIORE) / IBM MTS 30KAR03180,newly_added_v2
Sandur_Deogiri,Karnataka,15.052553,76.583655,0.1487,0.1629,0.1893,0.2468,0.345,0.2832,0.1319,0.185,1,Metamorphics,IND2497,763,748.0,798.0,27.666566848754883,24.67,52.67,31.83000000000004,30.33,33.63,1.3979,1.1475,1.2182,0.5487,0.7154,50.0,28.0,3.3,Sandur Manganese & Iron Ores (SMIORE) / IBM MTS 30KAR03180,newly_added_v2
Sandur_Deogiri,Karnataka,15.0531,76.582316,0.1421,0.1605,0.1831,0.2737,0.3319,0.2736,0.1983,0.036,1,Metamorphics,IND2497,796,781.0,831.0,27.666566848754883,24.67,52.67,31.83000000000004,30.33,33.63,1.2126,0.9996,1.2131,0.5517,0.8246,50.0,28.0,3.3,Sandur Manganese & Iron Ores (SMIORE) / IBM MTS 30KAR03180,newly_added_v2
Sandur_Deogiri,Karnataka,15.053288,76.581867,0.1454,0.1678,0.1889,0.2968,0.3589,0.2915,0.2222,0.035,1,Metamorphics,IND2497,811,796.0,846.0,18.52423095703125,15.52,43.52,31.83000000000004,30.33,33.63,1.2092,0.9821,1.2312,0.5263,0.827,50.0,28.0,3.3,Sandur Manganese & Iron Ores (SMIORE) / IBM MTS 30KAR03180,newly_added_v2
Sandur_Deogiri,Karnataka,15.054842,76.581869,0.1488,0.1659,0.2051,0.2792,0.3762,0.3215,0.153,0.206,1,Metamorphics,IND2497,806,791.0,841.0,26.90745735168457,23.91,51.91,31.83000000000004,30.33,33.63,1.3474,1.1515,1.1701,0.5452,0.7422,50.0,28.0,3.3,Sandur Manganese & Iron Ores (SMIORE) / IBM MTS 30KAR03180,newly_added_v2
Sandur_Deogiri,Karnataka,15.05296,76.584004,0.1439,0.1595,0.1858,0.2477,0.3406,0.277,0.1428,0.215,1,Metamorphics,IND2497,727,712.0,762.0,21.685298919677734,18.69,46.69,31.83000000000004,30.33,33.63,1.3751,1.1183,1.2296,0.5455,0.7272,50.0,28.0,3.3,Sandur Manganese & Iron Ores (SMIORE) / IBM MTS 30KAR03180,newly_added_v2
Sandur_Deogiri,Karnataka,15.053946,76.584525,0.147,0.1609,0.1906,0.2651,0.3368,0.2704,0.1635,0.291,1,Metamorphics,IND2497,699,684.0,734.0,17.845272064208984,14.85,42.85,31.83000000000004,30.33,33.63,1.2705,1.02,1.2456,0.5659,0.7871,50.0,28.0,3.3,Sandur Manganese & Iron Ores (SMIORE) / IBM MTS 30KAR03180,newly_added_v2
Sandur_Deogiri,Karnataka,15.053257,76.580644,0.1544,0.1814,0.2013,0.3209,0.3732,0.3011,0.229,0.149,1,Metamorphics,IND2497,805,790.0,840.0,26.7589168548584,23.76,51.76,31.83000000000004,30.33,33.63,1.163,0.9383,1.2395,0.5394,0.8599,50.0,28.0,3.3,Sandur Manganese & Iron Ores (SMIORE) / IBM MTS 30KAR03180,newly_added_v2
Sandur_Deogiri,Karnataka,15.051533,76.584686,0.1475,0.1634,0.1839,0.2501,0.3274,0.2773,0.1525,0.332,1,Metamorphics,IND2497,784,769.0,819.0,37.224483489990234,34.22,62.22,31.83000000000004,30.33,33.63,1.3091,1.1088,1.1807,0.5617,0.7639,50.0,28.0,3.3,Sandur Manganese & Iron Ores (SMIORE) / IBM MTS 30KAR03180,newly_added_v2
Sandur_Deogiri,Karnataka,15.052607,76.582445,0.1492,0.1702,0.1853,0.2841,0.3479,0.2832,0.2105,0.065,1,Metamorphics,IND2497,810,795.0,845.0,24.44356346130371,21.44,49.44,31.83000000000004,30.33,33.63,1.2246,0.9968,1.2285,0.5326,0.8166,50.0,28.0,3.3,Sandur Manganese & Iron Ores (SMIORE) / IBM MTS 30KAR03180,newly_added_v2
Sandur_Deogiri,Karnataka,15.052872,76.578838,0.1637,0.191,0.2001,0.3135,0.359,0.2822,0.2208,0.34,1,Metamorphics,IND2497,747,732.0,782.0,32.1679573059082,29.17,57.17,31.83000000000004,30.33,33.63,1.1451,0.9002,1.2721,0.5574,0.8733,50.0,28.0,3.3,Sandur Manganese & Iron Ores (SMIORE) / IBM MTS 30KAR03180,newly_added_v2
Sandur_Deogiri,Karnataka,15.050674,76.58408,0.1476,0.1713,0.1805,0.2757,0.3128,0.2788,0.2087,0.342,1,Metamorphics,IND2497,826,811.0,861.0,34.09815216064453,31.1,59.1,31.83000000000004,30.33,33.63,1.1346,1.0112,1.122,0.577,0.8814,50.0,28.0,3.3,Sandur Manganese & Iron Ores (SMIORE) / IBM MTS 30KAR03180,newly_added_v2
Sandur_Deogiri,Karnataka,15.049672,76.582082,0.1448,0.165,0.1769,0.2673,0.315,0.2617,0.2035,0.371,1,Metamorphics,IND2497,896,881.0,931.0,11.2451171875,8.25,36.25,32.27000000000004,30.77,34.07,1.1785,0.979,1.2037,0.5616,0.8486,50.0,28.0,3.3,Sandur Manganese & Iron Ores (SMIORE) / IBM MTS 30KAR03180,newly_added_v2
Sandur_Deogiri,Karnataka,15.05459,76.581152,0.15,0.1723,0.1983,0.2823,0.3539,0.3121,0.1748,0.199,1,Metamorphics,IND2497,806,791.0,841.0,21.59544563293457,18.6,46.6,31.83000000000004,30.33,33.63,1.2536,1.1056,1.1339,0.5603,0.7977,50.0,28.0,3.3,Sandur Manganese & Iron Ores (SMIORE) / IBM MTS 30KAR03180,newly_added_v2
Sandur_Deogiri,Karnataka,15.053587,76.580174,0.1521,0.1781,0.1923,0.2999,0.3557,0.2945,0.2186,0.207,1,Metamorphics,IND2497,789,774.0,824.0,18.82286834716797,15.82,43.82,31.83000000000004,30.33,33.63,1.1861,0.982,1.2078,0.5406,0.8431,50.0,28.0,3.3,Sandur Manganese & Iron Ores (SMIORE) / IBM MTS 30KAR03180,newly_added_v2
Sandur_Deogiri,Karnataka,15.055226,76.583247,0.1473,0.1667,0.2011,0.2796,0.3493,0.2805,0.1633,0.282,1,Metamorphics,IND2497,725,710.0,760.0,28.9921817779541,25.99,53.99,31.83000000000004,30.33,33.63,1.2493,1.0032,1.2453,0.5757,0.8005,50.0,28.0,3.3,Sandur Manganese & Iron Ores (SMIORE) / IBM MTS 30KAR03180,newly_added_v2
Sandur_Deogiri,Karnataka,15.053934,76.58002,0.148,0.1765,0.1937,0.3141,0.3629,0.2967,0.2371,0.237,1,Metamorphics,IND2497,771,756.0,806.0,19.883638381958008,16.88,44.88,31.83000000000004,30.33,33.63,1.1554,0.9446,1.2231,0.5338,0.8655,50.0,28.0,3.3,Sandur Manganese & Iron Ores (SMIORE) / IBM MTS 30KAR03180,newly_added_v2
Sandur_Deogiri,Karnataka,15.052159,76.583815,0.1467,0.1625,0.1867,0.2341,0.3401,0.2928,0.1126,0.216,1,Metamorphics,IND2497,775,760.0,810.0,32.236717224121094,29.24,57.24,31.83000000000004,30.33,33.63,1.4528,1.2507,1.1615,0.549,0.6883,50.0,28.0,3.3,Sandur Manganese & Iron Ores (SMIORE) / IBM MTS 30KAR03180,newly_added_v2
Sandur_Deogiri,Karnataka,15.052767,76.581615,0.146,0.167,0.1832,0.2943,0.3441,0.2758,0.2327,0.049,1,Metamorphics,IND2497,841,826.0,876.0,27.130027770996094,24.13,52.13,31.83000000000004,30.33,33.63,1.1692,0.9371,1.2476,0.5324,0.8553,50.0,28.0,3.3,Sandur Manganese & Iron Ores (SMIORE) / IBM MTS 30KAR03180,newly_added_v2
Sandur_Deogiri,Karnataka,15.052064,76.581271,0.1452,0.1639,0.1742,0.2696,0.323,0.262,0.215,0.13,1,Metamorphics,IND2497,880,865.0,915.0,18.295223236083984,15.3,43.3,31.83000000000004,30.33,33.63,1.1981,0.9718,1.2328,0.5393,0.8347,50.0,28.0,3.3,Sandur Manganese & Iron Ores (SMIORE) / IBM MTS 30KAR03180,newly_added_v2
Sandur_Deogiri,Karnataka,15.052424,76.580501,0.1608,0.1789,0.199,0.2934,0.364,0.29,0.1917,0.173,1,Metamorphics,IND2497,844,829.0,879.0,26.221378326416016,23.22,51.22,31.83000000000004,30.33,33.63,1.2406,0.9884,1.2552,0.5467,0.806,50.0,28.0,3.3,Sandur Manganese & Iron Ores (SMIORE) / IBM MTS 30KAR03180,newly_added_v2
Sandur_Deogiri,Karnataka,15.05427,76.582359,0.146,0.1634,0.1934,0.2571,0.3614,0.3028,0.1414,0.147,1,Metamorphics,IND2497,782,767.0,817.0,33.1831169128418,30.18,58.18,31.83000000000004,30.33,33.63,1.4057,1.1778,1.1935,0.5351,0.7114,50.0,28.0,3.3,Sandur Manganese & Iron Ores (SMIORE) / IBM MTS 30KAR03180,newly_added_v2
Sandur_Deogiri,Karnataka,15.051202,76.584478,0.145,0.1604,0.178,0.2594,0.3155,0.2698,0.1861,0.333,1,Metamorphics,IND2497,793,778.0,828.0,33.22764205932617,30.23,58.23,31.83000000000004,30.33,33.63,1.2163,1.0401,1.1694,0.5642,0.8222,50.0,28.0,3.3,Sandur Manganese & Iron Ores (SMIORE) / IBM MTS 30KAR03180,newly_added_v2
Sandur_Deogiri,Karnataka,15.052476,76.585487,0.1454,0.1592,0.187,0.2548,0.3385,0.278,0.1535,0.379,1,Metamorphics,IND2497,716,701.0,751.0,22.299888610839844,19.3,47.3,31.83000000000004,30.33,33.63,1.3285,1.0911,1.2176,0.5524,0.7527,50.0,28.0,3.3,Sandur Manganese & Iron Ores (SMIORE) / IBM MTS 30KAR03180,newly_added_v2
Sandur_Deogiri,Karnataka,15.056171,76.580885,0.157,0.1793,0.2117,0.3042,0.389,0.3273,0.1793,0.373,1,Metamorphics,IND2497,815,800.0,850.0,22.04998016357422,19.05,47.05,31.83000000000004,30.33,33.63,1.2788,1.0759,1.1885,0.5442,0.782,50.0,28.0,3.3,Sandur Manganese & Iron Ores (SMIORE) / IBM MTS 30KAR03180,newly_added_v2
Sandur_Deogiri,Karnataka,15.052726,76.581667,0.146,0.167,0.1832,0.2943,0.3441,0.2758,0.2327,0.047,1,Metamorphics,IND2497,841,826.0,876.0,27.130027770996094,24.13,52.13,31.83000000000004,30.33,33.63,1.1692,0.9371,1.2476,0.5324,0.8553,50.0,28.0,3.3,Sandur Manganese & Iron Ores (SMIORE) / IBM MTS 30KAR03180,newly_added_v2
Sandur_Deogiri,Karnataka,15.053427,76.580669,0.153,0.1751,0.192,0.2969,0.3548,0.2834,0.2146,0.151,1,Metamorphics,IND2497,812,797.0,847.0,30.40313720703125,27.4,55.4,31.83000000000004,30.33,33.63,1.195,0.9545,1.2519,0.5411,0.8368,50.0,28.0,3.3,Sandur Manganese & Iron Ores (SMIORE) / IBM MTS 30KAR03180,newly_added_v2
Sandur_Deogiri,Karnataka,15.055273,76.581281,0.1518,0.171,0.2029,0.2605,0.3644,0.316,0.1243,0.265,1,Metamorphics,IND2497,827,812.0,862.0,3.9990484714508057,1.0,29.0,31.83000000000004,30.33,33.63,1.3988,1.2131,1.1532,0.5568,0.7149,50.0,28.0,3.3,Sandur Manganese & Iron Ores (SMIORE) / IBM MTS 30KAR03180,newly_added_v2
Sandur_Deogiri,Karnataka,15.0525,76.581584,0.1448,0.1656,0.1773,0.2907,0.3364,0.2765,0.2423,0.071,1,Metamorphics,IND2497,850,835.0,885.0,27.693103790283203,24.69,52.69,31.83000000000004,30.33,33.63,1.1572,0.9512,1.2166,0.5271,0.8641,50.0,28.0,3.3,Sandur Manganese & Iron Ores (SMIORE) / IBM MTS 30KAR03180,newly_added_v2
Sandur_Deogiri,Karnataka,15.055642,76.582608,0.1429,0.1614,0.1848,0.2588,0.3646,0.2868,0.1668,0.301,1,Metamorphics,IND2497,758,743.0,793.0,30.486103057861328,27.49,55.49,31.83000000000004,30.33,33.63,1.4088,1.1082,1.2713,0.5069,0.7098,50.0,28.0,3.3,Sandur Manganese & Iron Ores (SMIORE) / IBM MTS 30KAR03180,newly_added_v2
Sandur_Deogiri,Karnataka,15.053071,76.581595,0.1511,0.1725,0.1967,0.3012,0.3678,0.293,0.2099,0.044,1,Metamorphics,IND2497,827,812.0,862.0,23.921463012695312,20.92,48.92,31.83000000000004,30.33,33.63,1.2211,0.9728,1.2553,0.5348,0.8189,50.0,28.0,3.3,Sandur Manganese & Iron Ores (SMIORE) / IBM MTS 30KAR03180,newly_added_v2
Sandur_Deogiri,Karnataka,15.051989,76.582949,0.1512,0.1718,0.1874,0.286,0.3403,0.2749,0.2083,0.152,1,Metamorphics,IND2497,830,815.0,865.0,39.98262023925781,36.98,64.98,31.83000000000004,30.33,33.63,1.1899,0.9612,1.2379,0.5507,0.8404,50.0,28.0,3.3,Sandur Manganese & Iron Ores (SMIORE) / IBM MTS 30KAR03180,newly_added_v2
Sandur_Deogiri,Karnataka,15.051409,76.580721,0.1501,0.1695,0.1828,0.2953,0.3345,0.2678,0.2353,0.224,1,Metamorphics,IND2497,883,868.0,918.0,19.859973907470703,16.86,44.86,31.83000000000004,30.33,33.63,1.1327,0.9069,1.2491,0.5465,0.8828,50.0,28.0,3.3,Sandur Manganese & Iron Ores (SMIORE) / IBM MTS 30KAR03180,newly_added_v2
Sandur_Deogiri,Karnataka,15.055254,76.581223,0.1518,0.171,0.2029,0.2605,0.3644,0.316,0.1243,0.264,1,Metamorphics,IND2497,827,812.0,862.0,3.9990484714508057,1.0,29.0,31.83000000000004,30.33,33.63,1.3988,1.2131,1.1532,0.5568,0.7149,50.0,28.0,3.3,Sandur Manganese & Iron Ores (SMIORE) / IBM MTS 30KAR03180,newly_added_v2
Sandur_Deogiri,Karnataka,15.053114,76.580573,0.1524,0.1788,0.1995,0.3021,0.3757,0.3186,0.2045,0.154,1,Metamorphics,IND2497,823,808.0,858.0,34.15156936645508,31.15,59.15,31.83000000000004,30.33,33.63,1.2436,1.0546,1.1792,0.531,0.8041,50.0,28.0,3.3,Sandur Manganese & Iron Ores (SMIORE) / IBM MTS 30KAR03180,newly_added_v2
Sandur_Deogiri,Karnataka,15.050999,76.581612,0.1505,0.17,0.1847,0.2818,0.3303,0.2675,0.2081,0.227,1,Metamorphics,IND2497,894,879.0,929.0,2.668410301208496,0.0,27.67,31.83000000000004,30.33,33.63,1.1721,0.9493,1.2348,0.5592,0.8532,50.0,27.67,3.3,Sandur Manganese & Iron Ores (SMIORE) / IBM MTS 30KAR03180,newly_added_v2
Sandur_Deogiri,Karnataka,15.052135,76.580774,0.1553,0.173,0.19,0.2994,0.3492,0.2837,0.2235,0.163,1,Metamorphics,IND2497,865,850.0,900.0,19.506690979003906,16.51,44.51,31.83000000000004,30.33,33.63,1.1663,0.9476,1.2309,0.5441,0.8574,50.0,28.0,3.3,Sandur Manganese & Iron Ores (SMIORE) / IBM MTS 30KAR03180,newly_added_v2
Sandur_Deogiri,Karnataka,15.053747,76.582668,0.1455,0.1601,0.1918,0.2544,0.3566,0.3017,0.1403,0.11,1,Metamorphics,IND2497,752,737.0,787.0,30.998666763305664,28.0,56.0,31.83000000000004,30.33,33.63,1.4017,1.1859,1.182,0.5379,0.7134,50.0,28.0,3.3,Sandur Manganese & Iron Ores (SMIORE) / IBM MTS 30KAR03180,newly_added_v2
Sandur_Deogiri,Karnataka,15.050441,76.582016,0.1469,0.167,0.1794,0.2886,0.3323,0.2728,0.2333,0.285,1,Metamorphics,IND2497,897,882.0,932.0,3.377192735671997,0.38,28.38,31.83000000000004,30.33,33.63,1.1514,0.9453,1.2181,0.5399,0.8685,50.0,28.0,3.3,Sandur Manganese & Iron Ores (SMIORE) / IBM MTS 30KAR03180,newly_added_v2
Sandur_Deogiri,Karnataka,15.051675,76.58144,0.1447,0.1635,0.171,0.2678,0.3028,0.2465,0.2206,0.159,1,Metamorphics,IND2497,890,875.0,925.0,12.2086820602417,9.21,37.21,31.83000000000004,30.33,33.63,1.1307,0.9205,1.2284,0.5647,0.8844,50.0,28.0,3.3,Sandur Manganese & Iron Ores (SMIORE) / IBM MTS 30KAR03180,newly_added_v2
Sandur_Deogiri,Karnataka,15.052934,76.58306,0.1462,0.1635,0.1828,0.2545,0.3359,0.2736,0.164,0.114,1,Metamorphics,IND2497,774,759.0,809.0,27.378089904785156,24.38,52.38,31.83000000000004,30.33,33.63,1.3198,1.075,1.2277,0.5442,0.7577,50.0,28.0,3.3,Sandur Manganese & Iron Ores (SMIORE) / IBM MTS 30KAR03180,newly_added_v2
Sandur_Deogiri,Karnataka,15.054622,76.581962,0.1497,0.1675,0.1966,0.2883,0.3675,0.3095,0.1891,0.181,1,Metamorphics,IND2497,804,789.0,839.0,21.101163864135742,18.1,46.1,31.83000000000004,30.33,33.63,1.2747,1.0735,1.1874,0.535,0.7845,50.0,28.0,3.3,Sandur Manganese & Iron Ores (SMIORE) / IBM MTS 30KAR03180,newly_added_v2
Sandur_Deogiri,Karnataka,15.083537,76.563693,0.145,0.1634,0.2022,0.2656,0.3162,0.273,0.1355,3.928,0,Metamorphics,IND2497,582,567.0,617.0,6.534631729125977,3.53,31.53,31.190000000000055,29.69,32.99,1.1905,1.0279,1.1582,0.6395,0.84,50.0,28.0,3.3,Sandur Manganese & Iron Ores (SMIORE) / IBM MTS 30KAR03180,newly_added_v2
Sandur_Deogiri,Karnataka,15.084944,76.614112,0.1338,0.1468,0.1701,0.2725,0.3082,0.242,0.2314,4.956,0,Metamorphics,IND2497,993,978.0,1028.0,8.28909969329834,5.29,33.29,28.910000000000025,27.41,30.71,1.131,0.8881,1.2736,0.5519,0.8842,50.0,28.0,3.3,Sandur Manganese & Iron Ores (SMIORE) / IBM MTS 30KAR03180,newly_added_v2
Sandur_Deogiri,Karnataka,14.994975,76.600674,0.1278,0.1471,0.1415,0.2793,0.2698,0.2064,0.3275,6.764,0,Metamorphics,IND2497,901,886.0,936.0,6.730523109436035,3.73,31.73,28.810000000000002,27.31,30.61,0.966,0.739,1.3072,0.5245,1.0352,50.0,28.0,3.3,Sandur Manganese & Iron Ores (SMIORE) / IBM MTS 30KAR03180,newly_added_v2
Sandur_Deogiri,Karnataka,14.993877,76.603994,0.1352,0.1567,0.1605,0.3158,0.306,0.2293,0.3261,6.993,0,Metamorphics,IND2497,913,898.0,948.0,17.01997947692871,14.02,42.02,28.810000000000002,27.31,30.61,0.969,0.7261,1.3345,0.5245,1.032,50.0,28.0,3.3,Sandur Manganese & Iron Ores (SMIORE) / IBM MTS 30KAR03180,newly_added_v2
Sandur_Deogiri,Karnataka,15.042049,76.557124,0.1459,0.1671,0.1958,0.2995,0.3784,0.3095,0.2094,2.939,0,Metamorphics,IND2497,647,632.0,682.0,3.377150297164917,0.38,28.38,30.99000000000001,29.49,32.79,1.2634,1.0334,1.2226,0.5174,0.7915,50.0,28.0,3.3,Sandur Manganese & Iron Ores (SMIORE) / IBM MTS 30KAR03180,newly_added_v2
Sandur_Deogiri,Karnataka,15.02741,76.638695,0.1453,0.1611,0.1933,0.2535,0.3096,0.251,0.1347,6.728,0,Metamorphics,IND2497,796,781.0,831.0,14.636701583862305,11.64,39.64,30.53000000000003,29.03,32.33,1.2213,0.9901,1.2335,0.6244,0.8188,50.0,28.0,3.3,Sandur Manganese & Iron Ores (SMIORE) / IBM MTS 30KAR03180,newly_added_v2
Sandur_Deogiri,Karnataka,15.087938,76.59764,0.1808,0.2156,0.2299,0.4134,0.3895,0.295,0.2852,4.237,0,Metamorphics,IND2497,795,780.0,830.0,52.614437103271484,49.61,77.61,29.850000000000023,28.35,31.65,0.9422,0.7136,1.3203,0.5902,1.0614,50.0,28.0,3.3,Sandur Manganese & Iron Ores (SMIORE) / IBM MTS 30KAR03180,newly_added_v2
Sandur_Deogiri,Karnataka,15.089316,76.551416,0.1616,0.1812,0.2141,0.3052,0.3726,0.3219,0.1754,5.211,0,Metamorphics,IND2497,564,549.0,599.0,1.9205049276351929,0.0,26.92,31.590000000000032,30.09,33.39,1.2208,1.0547,1.1575,0.5746,0.8191,50.0,26.92,3.3,Sandur Manganese & Iron Ores (SMIORE) / IBM MTS 30KAR03180,newly_added_v2
Sandur_Deogiri,Karnataka,15.038574,76.520947,0.1443,0.1595,0.1909,0.2316,0.3367,0.282,0.0963,6.757,0,Metamorphics,IND2497,920,905.0,955.0,7.237011432647705,4.24,32.24,29.08000000000004,27.58,30.88,1.4538,1.2176,1.194,0.567,0.6879,50.0,28.0,3.3,Sandur Manganese & Iron Ores (SMIORE) / IBM MTS 30KAR03180,newly_added_v2
Sandur_Deogiri,Karnataka,15.011426,76.531465,0.1413,0.1593,0.1712,0.2726,0.3074,0.2497,0.2285,7.137,0,Metamorphics,IND2497,897,882.0,932.0,8.342999458312988,5.34,33.34,28.57000000000005,27.07,30.37,1.1277,0.916,1.2311,0.5569,0.8868,50.0,28.0,3.3,Sandur Manganese & Iron Ores (SMIORE) / IBM MTS 30KAR03180,newly_added_v2
Sandur_Deogiri,Karnataka,14.994981,76.578691,0.1537,0.1693,0.2198,0.2433,0.3731,0.3423,0.0507,6.468,0,Metamorphics,IND2497,969,954.0,1004.0,17.120080947875977,14.12,42.12,29.410000000000025,27.91,31.21,1.5335,1.4069,1.09,0.5891,0.6521,50.0,28.0,3.3,Sandur Manganese & Iron Ores (SMIORE) / IBM MTS 30KAR03180,newly_added_v2
Sandur_Deogiri,Karnataka,15.061461,76.609541,0.1499,0.1716,0.2135,0.2889,0.3946,0.3136,0.1501,3.107,0,Metamorphics,IND2497,678,663.0,713.0,7.067076683044434,4.07,32.07,29.57000000000005,28.07,31.37,1.3659,1.0855,1.2583,0.5411,0.7321,50.0,28.0,3.3,Sandur Manganese & Iron Ores (SMIORE) / IBM MTS 30KAR03180,newly_added_v2
Sandur_Deogiri,Karnataka,15.060201,76.553236,0.1527,0.1768,0.2065,0.2928,0.3239,0.2639,0.1728,3.194,0,Metamorphics,IND2497,597,582.0,632.0,3.422825336456299,0.42,28.42,32.27000000000004,30.77,34.07,1.1062,0.9013,1.2274,0.6375,0.904,50.0,28.0,3.3,Sandur Manganese & Iron Ores (SMIORE) / IBM MTS 30KAR03180,newly_added_v2
Sandur_Deogiri,Karnataka,15.03071,76.57385,0.1401,0.1645,0.1823,0.3162,0.3301,0.2566,0.2686,2.631,0,Metamorphics,IND2497,656,641.0,691.0,3.377092123031616,0.38,28.38,30.230000000000018,28.73,32.03,1.044,0.8115,1.2864,0.5523,0.9579,50.0,28.0,3.3,Sandur Manganese & Iron Ores (SMIORE) / IBM MTS 30KAR03180,newly_added_v2
Sandur_Deogiri,Karnataka,15.065911,76.543861,0.1467,0.1678,0.1868,0.2664,0.3295,0.2768,0.1756,4.345,0,Metamorphics,IND2497,627,612.0,662.0,12.234609603881836,9.23,37.23,31.970000000000027,30.47,33.77,1.2369,1.039,1.1904,0.5669,0.8085,50.0,28.0,3.3,Sandur Manganese & Iron Ores (SMIORE) / IBM MTS 30KAR03180,newly_added_v2
Sandur_Deogiri,Karnataka,15.016976,76.550362,0.1416,0.1732,0.1794,0.3493,0.3202,0.234,0.3214,5.258,0,Metamorphics,IND2497,913,898.0,948.0,30.15839385986328,27.16,55.16,28.510000000000048,27.01,30.31,0.9167,0.6699,1.3684,0.5603,1.0909,50.0,28.0,3.3,Sandur Manganese & Iron Ores (SMIORE) / IBM MTS 30KAR03180,newly_added_v2
Sandur_Deogiri,Karnataka,15.043416,76.607396,0.1424,0.1651,0.1976,0.2736,0.3781,0.3172,0.1613,2.931,0,Metamorphics,IND2497,641,626.0,676.0,0.9603142738342285,0.0,25.96,31.130000000000052,29.63,32.93,1.3819,1.1594,1.192,0.5226,0.7236,50.0,25.96,3.3,Sandur Manganese & Iron Ores (SMIORE) / IBM MTS 30KAR03180,newly_added_v2
Sandur_Deogiri,Karnataka,15.039909,76.513581,0.1404,0.1679,0.164,0.3253,0.3146,0.2303,0.3297,7.498,0,Metamorphics,IND2497,664,649.0,699.0,6.3725433349609375,3.37,31.37,29.99000000000001,28.49,31.79,0.9671,0.708,1.366,0.5213,1.034,50.0,28.0,3.3,Sandur Manganese & Iron Ores (SMIORE) / IBM MTS 30KAR03180,newly_added_v2
Sandur_Deogiri,Karnataka,15.058534,76.534639,0.1539,0.1772,0.2302,0.2745,0.4101,0.3587,0.0878,5.128,0,Metamorphics,IND2497,599,584.0,634.0,9.89992618560791,6.9,34.9,31.05000000000001,29.55,32.85,1.494,1.3067,1.1433,0.5613,0.6693,50.0,28.0,3.3,Sandur Manganese & Iron Ores (SMIORE) / IBM MTS 30KAR03180,newly_added_v2
Sandur_Deogiri,Karnataka,15.10617,76.609512,0.1776,0.2004,0.2279,0.37,0.3879,0.3055,0.2377,6.617,0,Metamorphics,IND2497,680,665.0,715.0,20.859880447387695,17.86,45.86,29.890000000000043,28.39,31.69,1.0484,0.8257,1.2697,0.5875,0.9539,50.0,28.0,3.3,Sandur Manganese & Iron Ores (SMIORE) / IBM MTS 30KAR03180,newly_added_v2
Sandur_Deogiri,Karnataka,15.011599,76.528597,0.1508,0.1798,0.1773,0.3633,0.3346,0.2371,0.3441,7.362,0,Metamorphics,IND2497,869,854.0,904.0,23.003215789794922,20.0,48.0,28.57000000000005,27.07,30.37,0.921,0.6526,1.4112,0.5299,1.0858,50.0,28.0,3.3,Sandur Manganese & Iron Ores (SMIORE) / IBM MTS 30KAR03180,newly_added_v2
Sandur_Deogiri,Karnataka,15.034859,76.542008,0.1269,0.1522,0.1411,0.3308,0.2847,0.1962,0.402,4.75,0,Metamorphics,IND2497,736,721.0,771.0,13.681488990783691,10.68,38.68,29.120000000000005,27.62,30.92,0.8606,0.5931,1.4511,0.4956,1.1619,50.0,28.0,3.3,Sandur Manganese & Iron Ores (SMIORE) / IBM MTS 30KAR03180,newly_added_v2
Sandur_Deogiri,Karnataka,15.080316,76.554746,0.1368,0.1646,0.164,0.3727,0.3219,0.2424,0.3889,4.223,0,Metamorphics,IND2497,568,553.0,603.0,2.879286289215088,0.0,27.88,31.250000000000057,29.75,33.05,0.8637,0.6504,1.328,0.5095,1.1578,50.0,27.88,3.3,Sandur Manganese & Iron Ores (SMIORE) / IBM MTS 30KAR03180,newly_added_v2
Sandur_Deogiri,Karnataka,15.016288,76.536167,0.1371,0.1584,0.1692,0.315,0.3242,0.2394,0.3011,6.401,0,Metamorphics,IND2497,956,941.0,991.0,23.990543365478516,20.99,48.99,28.57000000000005,27.07,30.37,1.0292,0.76,1.3542,0.5219,0.9716,50.0,28.0,3.3,Sandur Manganese & Iron Ores (SMIORE) / IBM MTS 30KAR03180,newly_added_v2
Sandur_Deogiri,Karnataka,15.082945,76.575327,0.1766,0.2092,0.2724,0.3321,0.4428,0.3693,0.0988,3.41,0,Metamorphics,IND2497,581,566.0,616.0,3.826604127883911,0.83,28.83,32.25000000000006,30.75,34.05,1.3333,1.112,1.199,0.6152,0.75,50.0,28.0,3.3,Sandur Manganese & Iron Ores (SMIORE) / IBM MTS 30KAR03180,newly_added_v2
Sandur_Deogiri,Karnataka,15.088468,76.558921,0.1441,0.1676,0.1999,0.3119,0.3589,0.3057,0.2188,4.663,0,Metamorphics,IND2497,565,550.0,600.0,9.690091133117676,6.69,34.69,31.29000000000002,29.79,33.09,1.1507,0.9801,1.174,0.557,0.869,50.0,28.0,3.3,Sandur Manganese & Iron Ores (SMIORE) / IBM MTS 30KAR03180,newly_added_v2
Sandur_Deogiri,Karnataka,15.070733,76.60017,0.1495,0.1683,0.1967,0.2855,0.344,0.2892,0.1842,2.777,0,Metamorphics,IND2497,667,652.0,702.0,12.294621467590332,9.29,37.29,30.970000000000027,29.47,32.77,1.2049,1.013,1.1895,0.5718,0.8299,50.0,28.0,3.3,Sandur Manganese & Iron Ores (SMIORE) / IBM MTS 30KAR03180,newly_added_v2
Sandur_Deogiri,Karnataka,15.067985,76.60811,0.1521,0.174,0.2201,0.3161,0.3627,0.291,0.179,3.265,0,Metamorphics,IND2497,730,715.0,765.0,4.87948751449585,1.88,29.88,30.610000000000014,29.11,32.41,1.1474,0.9206,1.2464,0.6068,0.8715,50.0,28.0,3.3,Sandur Manganese & Iron Ores (SMIORE) / IBM MTS 30KAR03180,newly_added_v2
Sandur_Deogiri,Karnataka,15.043661,76.544979,0.1378,0.1566,0.1664,0.2955,0.3112,0.227,0.2795,4.113,0,Metamorphics,IND2497,692,677.0,727.0,29.019378662109375,26.02,54.02,29.970000000000027,28.47,31.77,1.0531,0.7682,1.3709,0.5347,0.9496,50.0,28.0,3.3,Sandur Manganese & Iron Ores (SMIORE) / IBM MTS 30KAR03180,newly_added_v2
Sandur_Deogiri,Karnataka,15.08841,76.567722,0.1369,0.1553,0.1791,0.2826,0.3067,0.2488,0.2242,4.23,0,Metamorphics,IND2497,563,548.0,598.0,2.0880279541015625,0.0,27.09,31.190000000000055,29.69,32.99,1.0853,0.8804,1.2327,0.584,0.9214,50.0,27.09,3.3,Sandur Manganese & Iron Ores (SMIORE) / IBM MTS 30KAR03180,newly_added_v2
Sandur_Deogiri,Karnataka,15.08852,76.528554,0.185,0.2128,0.247,0.294,0.3856,0.3504,0.0869,6.975,0,Metamorphics,IND2497,600,585.0,635.0,2.6686551570892334,0.0,27.67,32.03000000000003,30.53,33.83,1.3116,1.1918,1.1005,0.6406,0.7624,50.0,27.67,3.3,Sandur Manganese & Iron Ores (SMIORE) / IBM MTS 30KAR03180,newly_added_v2
Sandur_Deogiri,Karnataka,15.030714,76.555804,0.1514,0.1711,0.1849,0.2998,0.3292,0.2716,0.2371,3.753,0,Metamorphics,IND2497,902,887.0,937.0,32.1937141418457,29.19,57.19,29.170000000000016,27.67,30.97,1.0981,0.9059,1.2121,0.5617,0.9107,50.0,28.0,3.3,Sandur Manganese & Iron Ores (SMIORE) / IBM MTS 30KAR03180,newly_added_v2
Sandur_Deogiri,Karnataka,15.086339,76.616598,0.1647,0.1803,0.2488,0.2609,0.4207,0.3904,0.0237,5.254,0,Metamorphics,IND2497,983,968.0,1018.0,8.502680778503418,5.5,33.5,29.610000000000014,28.11,31.41,1.6125,1.4964,1.0776,0.5914,0.6202,50.0,28.0,3.3,Sandur Manganese & Iron Ores (SMIORE) / IBM MTS 30KAR03180,newly_added_v2
Sandur_Deogiri,Karnataka,15.017735,76.574203,0.1409,0.1642,0.1871,0.2918,0.3232,0.2567,0.2186,4.014,0,Metamorphics,IND2497,842,827.0,877.0,31.635059356689453,28.64,56.64,29.110000000000014,27.61,30.91,1.1076,0.8797,1.2591,0.5789,0.9028,50.0,28.0,3.3,Sandur Manganese & Iron Ores (SMIORE) / IBM MTS 30KAR03180,newly_added_v2
Sandur_Deogiri,Karnataka,15.075031,76.622669,0.1427,0.1548,0.1687,0.2531,0.2767,0.2234,0.2001,5.013,0,Metamorphics,IND2497,957,942.0,992.0,29.243816375732422,26.24,54.24,29.870000000000005,28.37,31.67,1.0932,0.8827,1.2386,0.6097,0.9147,50.0,28.0,3.3,Sandur Manganese & Iron Ores (SMIORE) / IBM MTS 30KAR03180,newly_added_v2
Sandur_Deogiri,Karnataka,15.089666,76.637265,0.1552,0.1728,0.1941,0.2938,0.3392,0.2658,0.2043,7.208,0,Metamorphics,IND2497,915,900.0,950.0,12.328512224160294,9.33,37.33,30.510000000000048,29.01,32.31,1.1545,0.9047,1.2761,0.5722,0.8662,50.0,28.0,3.3,Sandur Manganese & Iron Ores (SMIORE) / IBM MTS 30KAR03180,newly_added_v2
Sandur_Deogiri,Karnataka,15.043451,76.52902,0.1394,0.1545,0.1793,0.2791,0.3064,0.2357,0.2177,5.794,0,Metamorphics,IND2497,951,936.0,986.0,23.16421127319336,20.16,48.16,29.02000000000004,27.52,30.82,1.0978,0.8445,1.3,0.5852,0.9109,50.0,28.0,3.3,Sandur Manganese & Iron Ores (SMIORE) / IBM MTS 30KAR03180,newly_added_v2
Sandur_Deogiri,Karnataka,15.08026,76.539043,0.2039,0.2591,0.3445,0.415,0.5575,0.4966,0.0928,5.526,0,Metamorphics,IND2497,584,569.0,619.0,3.8266007900238037,0.83,28.83,31.210000000000036,29.71,33.01,1.3434,1.1966,1.1226,0.6179,0.7444,50.0,28.0,3.3,Sandur Manganese & Iron Ores (SMIORE) / IBM MTS 30KAR03180,newly_added_v2
Sandur_Deogiri,Karnataka,15.074752,76.537955,0.1518,0.172,0.1953,0.2943,0.2959,0.2401,0.2022,5.318,0,Metamorphics,IND2497,579,564.0,614.0,4.879634380340576,1.88,29.88,31.390000000000043,29.89,33.19,1.0054,0.8158,1.2324,0.66,0.9946,50.0,28.0,3.3,Sandur Manganese & Iron Ores (SMIORE) / IBM MTS 30KAR03180,newly_added_v2
Sandur_Deogiri,Karnataka,15.075771,76.588925,0.1318,0.1606,0.1453,0.3834,0.2467,0.1829,0.4503,2.642,0,Metamorphics,IND2497,582,567.0,617.0,1.335009217262268,0.0,26.34,31.590000000000032,30.09,33.39,0.6435,0.477,1.3488,0.589,1.5541,50.0,26.34,3.3,Sandur Manganese & Iron Ores (SMIORE) / IBM MTS 30KAR03180,newly_added_v2
Sandur_Deogiri,Karnataka,15.007581,76.557372,0.1377,0.1635,0.1706,0.3213,0.3126,0.2554,0.3064,5.707,0,Metamorphics,IND2497,1012,997.0,1047.0,2.668130397796631,0.0,27.67,28.77000000000004,27.27,30.57,0.9729,0.7949,1.224,0.5457,1.0278,50.0,27.67,3.3,Sandur Manganese & Iron Ores (SMIORE) / IBM MTS 30KAR03180,newly_added_v2
Sandur_Deogiri,Karnataka,15.058499,76.528763,0.1403,0.1642,0.1797,0.286,0.332,0.2571,0.2283,5.756,0,Metamorphics,IND2497,638,623.0,673.0,15.058697700500488,12.06,40.06,31.05000000000001,29.55,32.85,1.1608,0.899,1.2913,0.5413,0.8614,50.0,28.0,3.3,Sandur Manganese & Iron Ores (SMIORE) / IBM MTS 30KAR03180,newly_added_v2
Sandur_Deogiri,Karnataka,15.026557,76.549324,0.1606,0.1831,0.2182,0.2121,0.2658,0.2602,-0.0142,4.583,0,Metamorphics,IND2497,995,980.0,1030.0,13.67948055267334,10.68,38.68,28.53000000000003,27.03,30.33,1.2532,1.2268,1.0215,0.8209,0.798,50.0,28.0,3.3,Sandur Manganese & Iron Ores (SMIORE) / IBM MTS 30KAR03180,newly_added_v2
Sandur_Deogiri,Karnataka,15.021736,76.548733,0.1359,0.1553,0.1802,0.2951,0.3163,0.2451,0.2417,4.99,0,Metamorphics,IND2497,1051,1036.0,1086.0,11.612443923950195,8.61,36.61,28.130000000000052,26.63,29.93,1.0718,0.8306,1.2905,0.5697,0.933,50.0,28.0,3.3,Sandur Manganese & Iron Ores (SMIORE) / IBM MTS 30KAR03180,newly_added_v2
Sandur_Deogiri,Karnataka,15.087161,76.572119,0.1879,0.216,0.2556,0.332,0.3813,0.3509,0.13,3.948,0,Metamorphics,IND2497,575,560.0,610.0,4.258878231048584,1.26,29.26,31.190000000000055,29.69,32.99,1.1485,1.0569,1.0866,0.6703,0.8707,50.0,28.0,3.3,Sandur Manganese & Iron Ores (SMIORE) / IBM MTS 30KAR03180,newly_added_v2
Subbarayanahalli,Karnataka,15.012587,76.549302,0.1402,0.1598,0.1653,0.2959,0.3037,0.2268,0.2832,0.194,1,Metamorphics,IND2497,1000,985.0,1035.0,6.820322513580322,3.82,31.82,27.650000000000034,26.15,29.45,1.0264,0.7665,1.3391,0.5443,0.9743,50.0,28.0,3.3,Karnataka State Minerals Corp Ltd (KSMCL) / MoEFCC EC,newly_added_v2
Subbarayanahalli,Karnataka,15.011297,76.55337,0.1326,0.1463,0.1753,0.2212,0.3066,0.2594,0.1158,0.267,1,Metamorphics,IND2497,1019,1004.0,1054.0,5.629006385803223,2.63,30.63,27.650000000000034,26.15,29.45,1.3861,1.1727,1.182,0.5718,0.7215,50.0,28.0,3.3,Karnataka State Minerals Corp Ltd (KSMCL) / MoEFCC EC,newly_added_v2
Subbarayanahalli,Karnataka,15.012387,76.551158,0.1352,0.1568,0.1547,0.3088,0.2901,0.2178,0.3325,0.046,1,Metamorphics,IND2497,1012,997.0,1047.0,8.7615966796875,5.76,33.76,27.650000000000034,26.15,29.45,0.9394,0.7053,1.332,0.5333,1.0645,50.0,28.0,3.3,Karnataka State Minerals Corp Ltd (KSMCL) / MoEFCC EC,newly_added_v2
Subbarayanahalli,Karnataka,15.010407,76.551164,0.139,0.1617,0.1594,0.309,0.3003,0.2191,0.3194,0.178,1,Metamorphics,IND2497,980,965.0,1015.0,16.201723098754883,13.2,41.2,27.650000000000034,26.15,29.45,0.9718,0.7091,1.3706,0.5308,1.029,50.0,28.0,3.3,Karnataka State Minerals Corp Ltd (KSMCL) / MoEFCC EC,newly_added_v2
Subbarayanahalli,Karnataka,15.011342,76.55046,0.1368,0.1622,0.1639,0.3002,0.306,0.224,0.2937,0.093,1,Metamorphics,IND2497,972,957.0,1007.0,18.326793670654297,15.33,43.33,27.650000000000034,26.15,29.45,1.0193,0.7462,1.3661,0.5356,0.981,50.0,28.0,3.3,Karnataka State Minerals Corp Ltd (KSMCL) / MoEFCC EC,newly_added_v2
Subbarayanahalli,Karnataka,15.011765,76.549792,0.1358,0.1608,0.1559,0.3286,0.303,0.2165,0.3564,0.133,1,Metamorphics,IND2497,976,961.0,1011.0,20.307281494140625,17.31,45.31,27.650000000000034,26.15,29.45,0.9221,0.6589,1.3995,0.5145,1.0845,50.0,28.0,3.3,Karnataka State Minerals Corp Ltd (KSMCL) / MoEFCC EC,newly_added_v2
Subbarayanahalli,Karnataka,15.013638,76.548971,0.1456,0.1731,0.1687,0.3582,0.325,0.2337,0.3597,0.284,1,Metamorphics,IND2497,950,935.0,985.0,22.754070281982422,19.75,47.75,27.650000000000034,26.15,29.45,0.9073,0.6524,1.3907,0.5191,1.1022,50.0,28.0,3.3,Karnataka State Minerals Corp Ltd (KSMCL) / MoEFCC EC,newly_added_v2
Subbarayanahalli,Karnataka,15.014271,76.553528,0.1297,0.1464,0.1531,0.3,0.2839,0.2091,0.3242,0.371,1,Metamorphics,IND2497,1003,988.0,1038.0,12.805593490600586,9.81,37.81,27.650000000000034,26.15,29.45,0.9463,0.697,1.3577,0.5393,1.0567,50.0,28.0,3.3,Karnataka State Minerals Corp Ltd (KSMCL) / MoEFCC EC,newly_added_v2
Subbarayanahalli,Karnataka,15.010724,76.550461,0.1381,0.1649,0.157,0.3311,0.2941,0.212,0.3567,0.153,1,Metamorphics,IND2497,957,942.0,992.0,25.471050262451172,22.47,50.47,27.650000000000034,26.15,29.45,0.8883,0.6403,1.3873,0.5338,1.1258,50.0,28.0,3.3,Karnataka State Minerals Corp Ltd (KSMCL) / MoEFCC EC,newly_added_v2
Subbarayanahalli,Karnataka,15.010815,76.551262,0.1391,0.1659,0.1598,0.3233,0.3002,0.2189,0.3384,0.135,1,Metamorphics,IND2497,986,971.0,1021.0,16.970935821533203,13.97,41.97,27.650000000000034,26.15,29.45,0.9285,0.6771,1.3714,0.5323,1.0769,50.0,28.0,3.3,Karnataka State Minerals Corp Ltd (KSMCL) / MoEFCC EC,newly_added_v2
Subbarayanahalli,Karnataka,15.012014,76.552081,0.1379,0.1517,0.175,0.2573,0.3283,0.2632,0.1904,0.116,1,Metamorphics,IND2497,1014,999.0,1049.0,9.68679428100586,6.69,34.69,27.650000000000034,26.15,29.45,1.2759,1.0229,1.2473,0.533,0.7837,50.0,28.0,3.3,Karnataka State Minerals Corp Ltd (KSMCL) / MoEFCC EC,newly_added_v2
Subbarayanahalli,Karnataka,15.011877,76.551494,0.1371,0.16,0.1576,0.3219,0.2892,0.2141,0.3426,0.055,1,Metamorphics,IND2497,1007,992.0,1042.0,11.6893892288208,8.69,36.69,27.650000000000034,26.15,29.45,0.8984,0.6651,1.3508,0.545,1.1131,50.0,28.0,3.3,Karnataka State Minerals Corp Ltd (KSMCL) / MoEFCC EC,newly_added_v2
Subbarayanahalli,Karnataka,15.010936,76.550024,0.1377,0.1673,0.1578,0.3433,0.3058,0.2186,0.3702,0.158,1,Metamorphics,IND2497,958,943.0,993.0,22.244319915771484,19.24,47.24,27.650000000000034,26.15,29.45,0.8908,0.6368,1.3989,0.516,1.1226,50.0,28.0,3.3,Karnataka State Minerals Corp Ltd (KSMCL) / MoEFCC EC,newly_added_v2
Subbarayanahalli,Karnataka,15.012651,76.550238,0.137,0.1555,0.1614,0.2922,0.3017,0.2285,0.2884,0.109,1,Metamorphics,IND2497,1011,996.0,1046.0,3.4222846031188965,0.42,28.42,27.650000000000034,26.15,29.45,1.0325,0.782,1.3204,0.535,0.9685,50.0,28.0,3.3,Karnataka State Minerals Corp Ltd (KSMCL) / MoEFCC EC,newly_added_v2
Subbarayanahalli,Karnataka,15.011675,76.551637,0.1383,0.1532,0.1735,0.2569,0.3258,0.2632,0.1938,0.077,1,Metamorphics,IND2497,1011,996.0,1046.0,9.557655334472656,6.56,34.56,27.650000000000034,26.15,29.45,1.2682,1.0245,1.2378,0.5325,0.7885,50.0,28.0,3.3,Karnataka State Minerals Corp Ltd (KSMCL) / MoEFCC EC,newly_added_v2
Subbarayanahalli,Karnataka,15.011214,76.552958,0.1354,0.1508,0.1804,0.2425,0.3199,0.266,0.1468,0.228,1,Metamorphics,IND2497,1019,1004.0,1054.0,5.629006385803223,2.63,30.63,27.650000000000034,26.15,29.45,1.3192,1.0969,1.2026,0.5639,0.758,50.0,28.0,3.3,Karnataka State Minerals Corp Ltd (KSMCL) / MoEFCC EC,newly_added_v2
Subbarayanahalli,Karnataka,15.009353,76.55103,0.1372,0.1564,0.1592,0.2923,0.2908,0.2174,0.2948,0.295,1,Metamorphics,IND2497,983,968.0,1018.0,16.498554229736328,13.5,41.5,27.650000000000034,26.15,29.45,0.9949,0.7438,1.3376,0.5475,1.0052,50.0,28.0,3.3,Karnataka State Minerals Corp Ltd (KSMCL) / MoEFCC EC,newly_added_v2
Subbarayanahalli,Karnataka,15.010156,76.551015,0.1406,0.1645,0.1681,0.3063,0.3039,0.2262,0.2913,0.205,1,Metamorphics,IND2497,977,962.0,1012.0,12.291236877441406,9.29,37.29,27.650000000000034,26.15,29.45,0.9922,0.7385,1.3435,0.5531,1.0079,50.0,28.0,3.3,Karnataka State Minerals Corp Ltd (KSMCL) / MoEFCC EC,newly_added_v2
Subbarayanahalli,Karnataka,15.013165,76.551177,0.1375,0.1596,0.1607,0.2996,0.2945,0.2216,0.3018,0.131,1,Metamorphics,IND2497,1021,1006.0,1056.0,9.321924209594727,6.32,34.32,27.650000000000034,26.15,29.45,0.983,0.7397,1.329,0.5457,1.0173,50.0,28.0,3.3,Karnataka State Minerals Corp Ltd (KSMCL) / MoEFCC EC,newly_added_v2
Subbarayanahalli,Karnataka,15.008765,76.550885,0.1342,0.1527,0.1504,0.3412,0.2893,0.2093,0.3881,0.36,1,Metamorphics,IND2497,966,951.0,1001.0,9.400594711303711,6.4,34.4,27.650000000000034,26.15,29.45,0.8479,0.6134,1.3822,0.5199,1.1794,50.0,28.0,3.3,Karnataka State Minerals Corp Ltd (KSMCL) / MoEFCC EC,newly_added_v2
Subbarayanahalli,Karnataka,15.012718,76.554341,0.1344,0.1555,0.1653,0.284,0.3017,0.2289,0.2642,0.368,1,Metamorphics,IND2497,1010,995.0,1045.0,24.402423858642578,21.4,49.4,27.650000000000034,26.15,29.45,1.0623,0.806,1.318,0.5479,0.9413,50.0,28.0,3.3,Karnataka State Minerals Corp Ltd (KSMCL) / MoEFCC EC,newly_added_v2
Subbarayanahalli,Karnataka,15.013255,76.551427,0.1379,0.1585,0.1664,0.284,0.3046,0.2294,0.2611,0.147,1,Metamorphics,IND2497,1023,1008.0,1058.0,5.9995880126953125,3.0,31.0,27.650000000000034,26.15,29.45,1.0725,0.8077,1.3278,0.5463,0.9324,50.0,28.0,3.3,Karnataka State Minerals Corp Ltd (KSMCL) / MoEFCC EC,newly_added_v2
Subbarayanahalli,Karnataka,15.013315,76.549758,0.1414,0.1691,0.1606,0.3479,0.3128,0.2276,0.3683,0.198,1,Metamorphics,IND2497,989,974.0,1024.0,22.198013305664062,19.2,47.2,27.650000000000034,26.15,29.45,0.8991,0.6542,1.3743,0.5134,1.1122,50.0,28.0,3.3,Karnataka State Minerals Corp Ltd (KSMCL) / MoEFCC EC,newly_added_v2
Subbarayanahalli,Karnataka,15.009744,76.551437,0.1379,0.1605,0.1566,0.2996,0.291,0.2137,0.3135,0.256,1,Metamorphics,IND2497,991,976.0,1026.0,17.842870712280273,14.84,42.84,27.650000000000034,26.15,29.45,0.9713,0.7133,1.3617,0.5381,1.0296,50.0,28.0,3.3,Karnataka State Minerals Corp Ltd (KSMCL) / MoEFCC EC,newly_added_v2
Subbarayanahalli,Karnataka,15.013098,76.549375,0.1438,0.1705,0.1677,0.3525,0.3141,0.2302,0.3552,0.213,1,Metamorphics,IND2497,982,967.0,1017.0,23.753644943237305,20.75,48.75,27.650000000000034,26.15,29.45,0.8911,0.653,1.3645,0.5339,1.1223,50.0,28.0,3.3,Karnataka State Minerals Corp Ltd (KSMCL) / MoEFCC EC,newly_added_v2
Subbarayanahalli,Karnataka,15.013163,76.549903,0.1423,0.1676,0.1653,0.3253,0.3085,0.2276,0.3261,0.175,1,Metamorphics,IND2497,997,982.0,1032.0,19.846982955932617,16.85,44.85,27.650000000000034,26.15,29.45,0.9484,0.6997,1.3554,0.5358,1.0545,50.0,28.0,3.3,Karnataka State Minerals Corp Ltd (KSMCL) / MoEFCC EC,newly_added_v2
Subbarayanahalli,Karnataka,15.01222,76.548388,0.1377,0.1567,0.164,0.2998,0.3065,0.2321,0.2928,0.282,1,Metamorphics,IND2497,988,973.0,1023.0,8.7615966796875,5.76,33.76,27.650000000000034,26.15,29.45,1.0223,0.7742,1.3206,0.5351,0.9781,50.0,28.0,3.3,Karnataka State Minerals Corp Ltd (KSMCL) / MoEFCC EC,newly_added_v2
Subbarayanahalli,Karnataka,15.010894,76.551825,0.1343,0.1517,0.1642,0.2822,0.3104,0.2372,0.2643,0.152,1,Metamorphics,IND2497,1008,993.0,1043.0,7.4397101402282715,4.44,32.44,27.650000000000034,26.15,29.45,1.0999,0.8405,1.3086,0.529,0.9091,50.0,28.0,3.3,Karnataka State Minerals Corp Ltd (KSMCL) / MoEFCC EC,newly_added_v2
Subbarayanahalli,Karnataka,15.01269,76.55297,0.1356,0.1532,0.1724,0.2469,0.2796,0.2311,0.1777,0.225,1,Metamorphics,IND2497,1025,1010.0,1060.0,2.9409267902374268,0.0,27.94,27.650000000000034,26.15,29.45,1.1324,0.936,1.2099,0.6166,0.883,50.0,27.94,3.3,Karnataka State Minerals Corp Ltd (KSMCL) / MoEFCC EC,newly_added_v2
Subbarayanahalli,Karnataka,15.013762,76.551909,0.1388,0.161,0.1608,0.3051,0.2926,0.2186,0.3097,0.219,1,Metamorphics,IND2497,1028,1013.0,1063.0,10.601934432983398,7.6,35.6,27.650000000000034,26.15,29.45,0.959,0.7165,1.3385,0.5496,1.0427,50.0,28.0,3.3,Karnataka State Minerals Corp Ltd (KSMCL) / MoEFCC EC,newly_added_v2
Subbarayanahalli,Karnataka,15.012164,76.549133,0.137,0.1549,0.1663,0.2832,0.3082,0.2289,0.2601,0.202,1,Metamorphics,IND2497,980,965.0,1015.0,18.140676498413086,15.14,43.14,27.650000000000034,26.15,29.45,1.0883,0.8083,1.3464,0.5396,0.9189,50.0,28.0,3.3,Karnataka State Minerals Corp Ltd (KSMCL) / MoEFCC EC,newly_added_v2
Subbarayanahalli,Karnataka,15.013082,76.550923,0.1388,0.162,0.1613,0.3121,0.3004,0.2242,0.3185,0.121,1,Metamorphics,IND2497,1014,999.0,1049.0,17.84305191040039,14.84,42.84,27.650000000000034,26.15,29.45,0.9625,0.7184,1.3399,0.537,1.0389,50.0,28.0,3.3,Karnataka State Minerals Corp Ltd (KSMCL) / MoEFCC EC,newly_added_v2
Subbarayanahalli,Karnataka,15.013747,76.552673,0.1428,0.1623,0.188,0.2565,0.2827,0.2376,0.1541,0.265,1,Metamorphics,IND2497,1027,1012.0,1062.0,9.004435539245605,6.0,34.0,27.650000000000034,26.15,29.45,1.1021,0.9263,1.1898,0.665,0.9073,50.0,28.0,3.3,Karnataka State Minerals Corp Ltd (KSMCL) / MoEFCC EC,newly_added_v2
Subbarayanahalli,Karnataka,15.009381,76.553134,0.1313,0.1496,0.1599,0.3022,0.3001,0.2301,0.3079,0.371,1,Metamorphics,IND2497,1006,991.0,1041.0,6.739276885986328,3.74,31.74,27.650000000000034,26.15,29.45,0.9931,0.7614,1.3042,0.5328,1.007,50.0,28.0,3.3,Karnataka State Minerals Corp Ltd (KSMCL) / MoEFCC EC,newly_added_v2
Subbarayanahalli,Karnataka,15.01054,76.553413,0.1399,0.1583,0.195,0.24,0.3116,0.2733,0.1034,0.306,1,Metamorphics,IND2497,1014,999.0,1049.0,1.9197945594787598,0.0,26.92,27.650000000000034,26.15,29.45,1.2983,1.1387,1.1401,0.6258,0.7702,50.0,26.92,3.3,Karnataka State Minerals Corp Ltd (KSMCL) / MoEFCC EC,newly_added_v2
Subbarayanahalli,Karnataka,15.0121,76.547672,0.1386,0.1581,0.1624,0.311,0.3029,0.2295,0.3139,0.358,1,Metamorphics,IND2497,980,965.0,1015.0,15.228233337402344,12.23,40.23,27.650000000000034,26.15,29.45,0.974,0.7379,1.3198,0.5362,1.0267,50.0,28.0,3.3,Karnataka State Minerals Corp Ltd (KSMCL) / MoEFCC EC,newly_added_v2
Subbarayanahalli,Karnataka,15.011178,76.550951,0.1416,0.1696,0.1596,0.3451,0.292,0.2126,0.3675,0.092,1,Metamorphics,IND2497,985,970.0,1020.0,18.143468856811523,15.14,43.14,27.650000000000034,26.15,29.45,0.8461,0.6161,1.3735,0.5466,1.1818,50.0,28.0,3.3,Karnataka State Minerals Corp Ltd (KSMCL) / MoEFCC EC,newly_added_v2
Subbarayanahalli,Karnataka,15.013725,76.551522,0.1436,0.1674,0.1684,0.3171,0.305,0.2232,0.3063,0.2,1,Metamorphics,IND2497,1015,1000.0,1050.0,20.44627571105957,17.45,45.45,27.650000000000034,26.15,29.45,0.9618,0.7039,1.3665,0.5521,1.0397,50.0,28.0,3.3,Karnataka State Minerals Corp Ltd (KSMCL) / MoEFCC EC,newly_added_v2
Subbarayanahalli,Karnataka,15.01169,76.551559,0.1383,0.1532,0.1735,0.2569,0.3258,0.2632,0.1938,0.069,1,Metamorphics,IND2497,1011,996.0,1046.0,9.557655334472656,6.56,34.56,27.650000000000034,26.15,29.45,1.2682,1.0245,1.2378,0.5325,0.7885,50.0,28.0,3.3,Karnataka State Minerals Corp Ltd (KSMCL) / MoEFCC EC,newly_added_v2
Subbarayanahalli,Karnataka,15.01035,76.551473,0.138,0.165,0.1581,0.3256,0.2973,0.2163,0.3463,0.191,1,Metamorphics,IND2497,987,972.0,1022.0,17.84291648864746,14.84,42.84,27.650000000000034,26.15,29.45,0.9131,0.6643,1.3745,0.5318,1.0952,50.0,28.0,3.3,Karnataka State Minerals Corp Ltd (KSMCL) / MoEFCC EC,newly_added_v2
Subbarayanahalli,Karnataka,15.00987,76.550784,0.1383,0.159,0.1588,0.3106,0.297,0.2168,0.3234,0.238,1,Metamorphics,IND2497,971,956.0,1006.0,17.345779418945312,14.35,42.35,27.650000000000034,26.15,29.45,0.9562,0.698,1.3699,0.5347,1.0458,50.0,28.0,3.3,Karnataka State Minerals Corp Ltd (KSMCL) / MoEFCC EC,newly_added_v2
Subbarayanahalli,Karnataka,15.01106,76.550163,0.1377,0.1673,0.1578,0.3433,0.3058,0.2186,0.3702,0.138,1,Metamorphics,IND2497,958,943.0,993.0,22.244319915771484,19.24,47.24,27.650000000000034,26.15,29.45,0.8908,0.6368,1.3989,0.516,1.1226,50.0,28.0,3.3,Karnataka State Minerals Corp Ltd (KSMCL) / MoEFCC EC,newly_added_v2
Subbarayanahalli,Karnataka,15.012704,76.550957,0.137,0.1538,0.1675,0.2665,0.3086,0.2361,0.2281,0.079,1,Metamorphics,IND2497,1015,1000.0,1050.0,4.732195854187012,1.73,29.73,27.650000000000034,26.15,29.45,1.158,0.8859,1.3071,0.5428,0.8636,50.0,28.0,3.3,Karnataka State Minerals Corp Ltd (KSMCL) / MoEFCC EC,newly_added_v2
Subbarayanahalli,Karnataka,15.011217,76.553535,0.1368,0.1494,0.1841,0.2167,0.301,0.2686,0.0813,0.286,1,Metamorphics,IND2497,1018,1003.0,1053.0,5.8664350509643555,2.87,30.87,27.650000000000034,26.15,29.45,1.389,1.2395,1.1206,0.6116,0.7199,50.0,28.0,3.3,Karnataka State Minerals Corp Ltd (KSMCL) / MoEFCC EC,newly_added_v2
Subbarayanahalli,Karnataka,15.012599,76.549843,0.1402,0.1614,0.1716,0.287,0.3149,0.2374,0.2516,0.141,1,Metamorphics,IND2497,1005,990.0,1040.0,9.400696754455566,6.4,34.4,27.650000000000034,26.15,29.45,1.0972,0.8272,1.3265,0.5449,0.9114,50.0,28.0,3.3,Karnataka State Minerals Corp Ltd (KSMCL) / MoEFCC EC,newly_added_v2
Subbarayanahalli,Karnataka,15.000113,76.504598,0.2025,0.2451,0.3189,0.4028,0.5612,0.4619,0.1163,5.162,0,Metamorphics,IND2497,634,619.0,669.0,2.087845802307129,0.0,27.09,31.57000000000005,30.07,33.37,1.3932,1.1467,1.215,0.5682,0.7177,50.0,27.09,3.3,Karnataka State Minerals Corp Ltd (KSMCL) / MoEFCC EC,newly_added_v2
Subbarayanahalli,Karnataka,15.026422,76.516936,0.143,0.1634,0.1773,0.3114,0.3332,0.2499,0.2744,3.999,0,Metamorphics,IND2497,670,655.0,705.0,10.485594749450684,7.49,35.49,29.470000000000027,27.97,31.27,1.07,0.8025,1.3333,0.5321,0.9346,50.0,28.0,3.3,Karnataka State Minerals Corp Ltd (KSMCL) / MoEFCC EC,newly_added_v2
Subbarayanahalli,Karnataka,14.994033,76.515159,0.1525,0.185,0.1918,0.3626,0.3724,0.2874,0.3081,4.342,0,Metamorphics,IND2497,641,626.0,676.0,2.6680426597595215,0.0,27.67,31.28000000000003,29.78,33.08,1.027,0.7926,1.2958,0.515,0.9737,50.0,27.67,3.3,Karnataka State Minerals Corp Ltd (KSMCL) / MoEFCC EC,newly_added_v2
Subbarayanahalli,Karnataka,14.954512,76.516452,0.1967,0.2313,0.2951,0.3909,0.5719,0.4887,0.1397,7.399,0,Metamorphics,IND2497,683,668.0,718.0,2.6677887439727783,0.0,27.67,34.22000000000003,32.72,36.02,1.463,1.2502,1.1702,0.516,0.6835,50.0,27.67,3.3,Karnataka State Minerals Corp Ltd (KSMCL) / MoEFCC EC,newly_added_v2
Subbarayanahalli,Karnataka,15.003006,76.491421,0.1687,0.1971,0.242,0.3256,0.471,0.3714,0.1473,6.484,0,Metamorphics,IND2497,634,619.0,669.0,5.13322114944458,2.13,30.13,31.83000000000004,30.33,33.63,1.4466,1.1407,1.2682,0.5138,0.6913,50.0,28.0,3.3,Karnataka State Minerals Corp Ltd (KSMCL) / MoEFCC EC,newly_added_v2
Subbarayanahalli,Karnataka,15.064615,76.560207,0.141,0.1569,0.1883,0.2724,0.2996,0.2568,0.1825,5.94,0,Metamorphics,IND2497,607,592.0,642.0,2.132201910018921,0.0,27.13,31.77000000000004,30.27,33.57,1.0999,0.9427,1.1667,0.6285,0.9092,50.0,27.13,3.3,Karnataka State Minerals Corp Ltd (KSMCL) / MoEFCC EC,newly_added_v2
Subbarayanahalli,Karnataka,15.054841,76.54169,0.1555,0.1813,0.2085,0.323,0.3692,0.2771,0.2154,4.873,0,Metamorphics,IND2497,654,639.0,689.0,5.816833972930908,2.82,30.82,30.510000000000048,29.01,32.31,1.143,0.8579,1.3324,0.5647,0.8749,50.0,28.0,3.3,Karnataka State Minerals Corp Ltd (KSMCL) / MoEFCC EC,newly_added_v2
Subbarayanahalli,Karnataka,15.021429,76.492146,0.1496,0.1677,0.1675,0.1664,0.1848,0.1571,-0.0033,6.415,0,Metamorphics,IND2497,615,600.0,650.0,0.9274099469184875,0.0,25.93,31.950000000000045,30.45,33.75,1.1106,0.9441,1.1763,0.9064,0.9004,50.0,25.93,3.3,Karnataka State Minerals Corp Ltd (KSMCL) / MoEFCC EC,newly_added_v2
Subbarayanahalli,Karnataka,15.003349,76.501694,0.1577,0.1813,0.2085,0.3162,0.4332,0.3324,0.2053,5.388,0,Metamorphics,IND2497,644,629.0,679.0,2.940913438796997,0.0,27.94,31.57000000000005,30.07,33.37,1.37,1.0512,1.3032,0.4813,0.7299,50.0,27.94,3.3,Karnataka State Minerals Corp Ltd (KSMCL) / MoEFCC EC,newly_added_v2
Subbarayanahalli,Karnataka,15.035308,76.595232,0.1496,0.1729,0.24,0.3133,0.3778,0.3207,0.1325,5.418,0,Metamorphics,IND2497,878,863.0,913.0,33.580589294433594,30.58,58.58,31.510000000000048,30.01,33.31,1.2059,1.0236,1.178,0.6353,0.8293,50.0,28.0,3.3,Karnataka State Minerals Corp Ltd (KSMCL) / MoEFCC EC,newly_added_v2
Subbarayanahalli,Karnataka,14.974976,76.515123,0.1856,0.2201,0.2785,0.3468,0.5651,0.4958,0.1092,5.645,0,Metamorphics,IND2497,681,666.0,716.0,3.944556474685669,0.94,28.94,33.56,32.06,35.36,1.6295,1.4296,1.1398,0.4928,0.6137,50.0,28.0,3.3,Karnataka State Minerals Corp Ltd (KSMCL) / MoEFCC EC,newly_added_v2
Subbarayanahalli,Karnataka,15.048085,76.600939,0.1552,0.1869,0.2301,0.3578,0.4324,0.3499,0.2172,6.706,0,Metamorphics,IND2497,642,627.0,677.0,7.6192946434021,4.62,32.62,30.930000000000007,29.43,32.73,1.2085,0.9779,1.2358,0.5321,0.8275,50.0,28.0,3.3,Karnataka State Minerals Corp Ltd (KSMCL) / MoEFCC EC,newly_added_v2
Subbarayanahalli,Karnataka,15.063993,76.56182,0.1554,0.1798,0.2343,0.3053,0.3786,0.3209,0.1316,5.904,0,Metamorphics,IND2497,610,595.0,645.0,6.031789779663086,3.03,31.03,31.77000000000004,30.27,33.57,1.2401,1.0511,1.1798,0.6189,0.8064,50.0,28.0,3.3,Karnataka State Minerals Corp Ltd (KSMCL) / MoEFCC EC,newly_added_v2
Subbarayanahalli,Karnataka,15.062147,76.593893,0.1263,0.1406,0.1439,0.2701,0.2276,0.1816,0.3048,7.241,0,Metamorphics,IND2497,611,596.0,646.0,2.0879738330841064,0.0,27.09,30.350000000000023,28.85,32.15,0.8427,0.6723,1.2533,0.6322,1.1867,50.0,27.09,3.3,Karnataka State Minerals Corp Ltd (KSMCL) / MoEFCC EC,newly_added_v2
Subbarayanahalli,Karnataka,15.002919,76.573225,0.13,0.1467,0.1551,0.285,0.2888,0.2163,0.2952,2.595,0,Metamorphics,IND2497,979,964.0,1014.0,6.241519927978516,3.24,31.24,28.730000000000018,27.23,30.53,1.0133,0.7589,1.3352,0.537,0.9868,50.0,28.0,3.3,Karnataka State Minerals Corp Ltd (KSMCL) / MoEFCC EC,newly_added_v2
Subbarayanahalli,Karnataka,15.001314,76.522799,0.1596,0.1843,0.2289,0.3191,0.4248,0.3811,0.1646,3.257,0,Metamorphics,IND2497,662,647.0,697.0,8.614599227905273,5.61,33.61,30.370000000000005,28.87,32.17,1.3312,1.1943,1.1147,0.5388,0.7512,50.0,28.0,3.3,Karnataka State Minerals Corp Ltd (KSMCL) / MoEFCC EC,newly_added_v2
Subbarayanahalli,Karnataka,15.01839,76.509185,0.1333,0.148,0.1621,0.2653,0.3099,0.2365,0.2415,4.552,0,Metamorphics,IND2497,628,613.0,663.0,2.1318259239196777,0.0,27.13,31.05000000000001,29.55,32.85,1.1681,0.8914,1.3104,0.5231,0.8561,50.0,27.13,3.3,Karnataka State Minerals Corp Ltd (KSMCL) / MoEFCC EC,newly_added_v2
Subbarayanahalli,Karnataka,15.056493,76.503654,0.1445,0.1687,0.1857,0.2994,0.335,0.2536,0.2344,7.103,0,Metamorphics,IND2497,695,680.0,730.0,28.164600372314453,25.16,53.16,31.430000000000007,29.93,33.23,1.1189,0.847,1.321,0.5543,0.8937,50.0,28.0,3.3,Karnataka State Minerals Corp Ltd (KSMCL) / MoEFCC EC,newly_added_v2
Subbarayanahalli,Karnataka,15.063312,76.57292,0.1373,0.1564,0.177,0.3144,0.3075,0.2356,0.2796,6.179,0,Metamorphics,IND2497,812,797.0,847.0,30.383790969848633,27.38,55.38,31.53000000000003,30.03,33.33,0.9781,0.7494,1.3052,0.5756,1.0224,50.0,28.0,3.3,Karnataka State Minerals Corp Ltd (KSMCL) / MoEFCC EC,newly_added_v2
Subbarayanahalli,Karnataka,15.01959,76.579613,0.1299,0.1477,0.1646,0.2943,0.289,0.221,0.2826,3.19,0,Metamorphics,IND2497,742,727.0,777.0,15.11561107635498,12.12,40.12,29.110000000000014,27.61,30.91,0.982,0.7509,1.3077,0.5696,1.0183,50.0,28.0,3.3,Karnataka State Minerals Corp Ltd (KSMCL) / MoEFCC EC,newly_added_v2
Subbarayanahalli,Karnataka,14.992583,76.518321,0.1344,0.1545,0.1778,0.3088,0.3234,0.27,0.2692,4.125,0,Metamorphics,IND2497,646,631.0,681.0,2.8781073093414307,0.0,27.88,31.28000000000003,29.78,33.08,1.0473,0.8744,1.1978,0.5498,0.9549,50.0,27.88,3.3,Karnataka State Minerals Corp Ltd (KSMCL) / MoEFCC EC,newly_added_v2
Subbarayanahalli,Karnataka,14.994039,76.594912,0.1388,0.1508,0.1742,0.2332,0.2839,0.237,0.1448,5.127,0,Metamorphics,IND2497,996,981.0,1031.0,6.7392377853393555,3.74,31.74,28.83000000000004,27.33,30.63,1.2174,1.0163,1.1979,0.6136,0.8214,50.0,28.0,3.3,Karnataka State Minerals Corp Ltd (KSMCL) / MoEFCC EC,newly_added_v2
Subbarayanahalli,Karnataka,15.037743,76.53458,0.1318,0.1498,0.1494,0.3004,0.2905,0.2131,0.3357,3.366,0,Metamorphics,IND2497,813,798.0,848.0,11.372797012329102,8.37,36.37,28.880000000000052,27.38,30.68,0.967,0.7094,1.3632,0.5143,1.0341,50.0,28.0,3.3,Karnataka State Minerals Corp Ltd (KSMCL) / MoEFCC EC,newly_added_v2
Subbarayanahalli,Karnataka,14.988946,76.582058,0.1559,0.1747,0.2076,0.2759,0.3448,0.2908,0.1413,4.212,0,Metamorphics,IND2497,904,889.0,939.0,14.636659622192383,11.64,39.64,29.310000000000002,27.81,31.11,1.2497,1.054,1.1857,0.6021,0.8002,50.0,28.0,3.3,Karnataka State Minerals Corp Ltd (KSMCL) / MoEFCC EC,newly_added_v2
Subbarayanahalli,Karnataka,15.001621,76.492833,0.1928,0.2354,0.2997,0.3937,0.5647,0.4863,0.1356,6.36,0,Metamorphics,IND2497,632,617.0,667.0,3.945019483566284,0.95,28.95,31.83000000000004,30.33,33.63,1.4343,1.2352,1.1612,0.5307,0.6972,50.0,28.0,3.3,Karnataka State Minerals Corp Ltd (KSMCL) / MoEFCC EC,newly_added_v2
Subbarayanahalli,Karnataka,14.994094,76.50117,0.1887,0.239,0.3283,0.4023,0.5995,0.5055,0.1013,5.717,0,Metamorphics,IND2497,654,639.0,689.0,6.819907188415527,3.82,31.82,32.410000000000025,30.91,34.21,1.4902,1.2565,1.186,0.5476,0.6711,50.0,28.0,3.3,Karnataka State Minerals Corp Ltd (KSMCL) / MoEFCC EC,newly_added_v2
Subbarayanahalli,Karnataka,15.029693,76.599262,0.1385,0.1612,0.1639,0.2763,0.2919,0.2358,0.2553,5.55,0,Metamorphics,IND2497,973,958.0,1008.0,31.209566116333008,28.21,56.21,29.950000000000045,28.45,31.75,1.0565,0.8534,1.2379,0.5615,0.9466,50.0,28.0,3.3,Karnataka State Minerals Corp Ltd (KSMCL) / MoEFCC EC,newly_added_v2
Subbarayanahalli,Karnataka,14.980678,76.538609,0.1541,0.1786,0.2127,0.2939,0.4007,0.3329,0.1603,3.733,0,Metamorphics,IND2497,681,666.0,716.0,7.066642761230469,4.07,32.07,32.25000000000006,30.75,34.05,1.3634,1.1327,1.2037,0.5308,0.7335,50.0,28.0,3.3,Karnataka State Minerals Corp Ltd (KSMCL) / MoEFCC EC,newly_added_v2
Subbarayanahalli,Karnataka,15.044087,76.54529,0.1436,0.1656,0.1788,0.3073,0.32,0.238,0.2643,3.624,0,Metamorphics,IND2497,693,678.0,728.0,27.775331497192383,24.78,52.78,29.970000000000027,28.47,31.77,1.0413,0.7745,1.3445,0.5587,0.9603,50.0,28.0,3.3,Karnataka State Minerals Corp Ltd (KSMCL) / MoEFCC EC,newly_added_v2
Subbarayanahalli,Karnataka,15.003308,76.586983,0.1339,0.1521,0.1886,0.2751,0.3367,0.277,0.1865,3.988,0,Metamorphics,IND2497,1049,1034.0,1084.0,0.0,0.0,25.0,28.610000000000014,27.11,30.41,1.2239,1.0069,1.2155,0.5601,0.817,50.0,25.0,3.3,Karnataka State Minerals Corp Ltd (KSMCL) / MoEFCC EC,newly_added_v2
Subbarayanahalli,Karnataka,15.003135,76.519416,0.1809,0.2144,0.2847,0.3653,0.4866,0.3946,0.124,3.536,0,Metamorphics,IND2497,644,629.0,679.0,3.9450435638427734,0.95,28.95,30.370000000000005,28.87,32.17,1.3321,1.0802,1.2331,0.5851,0.7507,50.0,28.0,3.3,Karnataka State Minerals Corp Ltd (KSMCL) / MoEFCC EC,newly_added_v2
Subbarayanahalli,Karnataka,14.990653,76.581905,0.153,0.1758,0.2266,0.2558,0.3562,0.3401,0.0605,4.085,0,Metamorphics,IND2497,935,920.0,970.0,5.86637544631958,2.87,30.87,29.310000000000002,27.81,31.11,1.3925,1.3296,1.0473,0.6362,0.7181,50.0,28.0,3.3,Karnataka State Minerals Corp Ltd (KSMCL) / MoEFCC EC,newly_added_v2
Subbarayanahalli,Karnataka,15.030123,76.487024,0.1592,0.1872,0.2215,0.3183,0.4328,0.3467,0.1793,7.169,0,Metamorphics,IND2497,614,599.0,649.0,0.9602542519569397,0.0,25.96,32.110000000000014,30.61,33.91,1.3597,1.0892,1.2483,0.5118,0.7354,50.0,25.96,3.3,Karnataka State Minerals Corp Ltd (KSMCL) / MoEFCC EC,newly_added_v2
Subbarayanahalli,Karnataka,15.037043,76.575929,0.1447,0.1641,0.1897,0.2609,0.3467,0.2801,0.158,3.867,0,Metamorphics,IND2497,701,686.0,736.0,13.224112510681152,10.22,38.22,32.150000000000034,30.65,33.95,1.3289,1.0736,1.2378,0.5472,0.7525,50.0,28.0,3.3,Karnataka State Minerals Corp Ltd (KSMCL) / MoEFCC EC,newly_added_v2
Subbarayanahalli,Karnataka,14.973545,76.588532,0.1448,0.1662,0.1895,0.2797,0.356,0.2771,0.1922,5.883,0,Metamorphics,IND2497,759,744.0,794.0,10.16960334777832,7.17,35.17,30.430000000000007,28.93,32.23,1.2728,0.9907,1.2847,0.5323,0.7857,50.0,28.0,3.3,Karnataka State Minerals Corp Ltd (KSMCL) / MoEFCC EC,newly_added_v2
Subbarayanahalli,Karnataka,15.039692,76.488424,0.1484,0.1763,0.1834,0.3376,0.3643,0.2734,0.296,7.401,0,Metamorphics,IND2497,603,588.0,638.0,2.7802884578704834,0.0,27.78,31.950000000000045,30.45,33.75,1.0791,0.8098,1.3325,0.5034,0.9267,50.0,27.78,3.3,Karnataka State Minerals Corp Ltd (KSMCL) / MoEFCC EC,newly_added_v2
Subbarayanahalli,Karnataka,15.033983,76.487301,0.186,0.218,0.2995,0.381,0.5575,0.473,0.1198,7.273,0,Metamorphics,IND2497,616,601.0,651.0,1.334874153137207,0.0,26.33,31.950000000000045,30.45,33.75,1.4633,1.2415,1.1786,0.5372,0.6834,50.0,26.33,3.3,Karnataka State Minerals Corp Ltd (KSMCL) / MoEFCC EC,newly_added_v2
Subbarayanahalli,Karnataka,15.003684,76.586735,0.1324,0.1495,0.1886,0.2717,0.2971,0.242,0.1805,3.952,0,Metamorphics,IND2497,1050,1035.0,1085.0,3.4221842288970947,0.42,28.42,28.610000000000014,27.11,30.41,1.0935,0.8907,1.2277,0.6348,0.9145,50.0,28.0,3.3,Karnataka State Minerals Corp Ltd (KSMCL) / MoEFCC EC,newly_added_v2
Subbarayanahalli,Karnataka,14.980962,76.597424,0.1364,0.1608,0.1638,0.3156,0.3107,0.2315,0.3166,6.071,0,Metamorphics,IND2497,836,821.0,871.0,10.558398246765137,7.56,35.56,29.970000000000027,28.47,31.77,0.9845,0.7335,1.3421,0.5272,1.0158,50.0,28.0,3.3,Karnataka State Minerals Corp Ltd (KSMCL) / MoEFCC EC,newly_added_v2
Subbarayanahalli,Karnataka,15.010287,76.594787,0.152,0.175,0.2352,0.2389,0.3679,0.3389,0.0078,4.712,0,Metamorphics,IND2497,1038,1023.0,1073.0,30.132566452026367,27.13,55.13,29.310000000000002,27.81,31.11,1.54,1.4186,1.0856,0.6393,0.6494,50.0,28.0,3.3,Karnataka State Minerals Corp Ltd (KSMCL) / MoEFCC EC,newly_added_v2
Subbarayanahalli,Karnataka,15.025045,76.594481,0.1397,0.163,0.1675,0.2855,0.2922,0.2399,0.2605,4.895,0,Metamorphics,IND2497,933,918.0,968.0,16.330129623413086,13.33,41.33,29.170000000000016,27.67,30.97,1.0235,0.8403,1.218,0.5732,0.9771,50.0,28.0,3.3,Karnataka State Minerals Corp Ltd (KSMCL) / MoEFCC EC,newly_added_v2
Subbarayanahalli,Karnataka,15.054578,76.53127,0.1406,0.1606,0.1953,0.2666,0.3331,0.2817,0.1544,5.193,0,Metamorphics,IND2497,676,661.0,711.0,27.264652252197266,24.26,52.26,29.750000000000057,28.25,31.55,1.2494,1.0566,1.1825,0.5863,0.8004,50.0,28.0,3.3,Karnataka State Minerals Corp Ltd (KSMCL) / MoEFCC EC,newly_added_v2
Subbarayanahalli,Karnataka,15.046951,76.593246,0.1415,0.1664,0.1982,0.3233,0.3813,0.312,0.2399,5.981,0,Metamorphics,IND2497,653,638.0,688.0,10.330903053283691,7.33,35.33,30.930000000000007,29.43,32.73,1.1794,0.965,1.2221,0.5198,0.8479,50.0,28.0,3.3,Karnataka State Minerals Corp Ltd (KSMCL) / MoEFCC EC,newly_added_v2
Subbarayanahalli,Karnataka,14.969163,76.524078,0.1801,0.2128,0.2627,0.3706,0.488,0.3989,0.1704,5.578,0,Metamorphics,IND2497,690,675.0,725.0,5.324248313903809,2.32,30.32,33.210000000000036,31.71,35.01,1.3168,1.0764,1.2234,0.5383,0.7594,50.0,28.0,3.3,Karnataka State Minerals Corp Ltd (KSMCL) / MoEFCC EC,newly_added_v2
Subbarayanahalli,Karnataka,14.995904,76.520762,0.1471,0.1726,0.1608,0.1454,0.1603,0.152,-0.0503,3.712,0,Metamorphics,IND2497,649,634.0,684.0,11.883977890014648,8.88,36.88,31.28000000000003,29.78,33.08,1.1025,1.0454,1.0546,1.0031,0.907,50.0,28.0,3.3,Karnataka State Minerals Corp Ltd (KSMCL) / MoEFCC EC,newly_added_v2
Ramgad,Karnataka,15.123772,76.510502,0.1554,0.1794,0.2132,0.2974,0.3739,0.2999,0.1649,0.211,1,Metamorphics,IND2497,700,685.0,735.0,18.140886306762695,15.14,43.14,31.510000000000048,30.01,33.31,1.2572,1.0084,1.2467,0.5702,0.7954,50.0,28.0,3.3,SMIORE ML 2679 / IBM IMYB,newly_added_v2
Ramgad,Karnataka,15.124701,76.512188,0.1437,0.1644,0.175,0.2861,0.3067,0.2407,0.2409,0.039,1,Metamorphics,IND2497,698,683.0,733.0,9.902724266052246,6.9,34.9,31.510000000000048,30.01,33.31,1.072,0.8413,1.2742,0.5706,0.9328,50.0,28.0,3.3,SMIORE ML 2679 / IBM IMYB,newly_added_v2
Ramgad,Karnataka,15.127017,76.513529,0.1476,0.17,0.1884,0.2918,0.3333,0.266,0.2153,0.278,1,Metamorphics,IND2497,672,657.0,707.0,15.22898006439209,12.23,40.23,31.410000000000025,29.91,33.21,1.1422,0.9116,1.253,0.5653,0.8755,50.0,28.0,3.3,SMIORE ML 2679 / IBM IMYB,newly_added_v2
Ramgad,Karnataka,15.127671,76.51209,0.1469,0.1674,0.1833,0.2873,0.3271,0.2582,0.221,0.297,1,Metamorphics,IND2497,680,665.0,715.0,13.80343246459961,10.8,38.8,31.410000000000025,29.91,33.21,1.1385,0.8987,1.2668,0.5604,0.8783,50.0,28.0,3.3,SMIORE ML 2679 / IBM IMYB,newly_added_v2
Ramgad,Karnataka,15.126768,76.511125,0.1631,0.1883,0.2282,0.3214,0.4045,0.3272,0.1696,0.218,1,Metamorphics,IND2497,700,685.0,735.0,8.114638328552246,5.11,33.11,31.410000000000025,29.91,33.21,1.2586,1.018,1.2362,0.5642,0.7946,50.0,28.0,3.3,SMIORE ML 2679 / IBM IMYB,newly_added_v2
Ramgad,Karnataka,15.126373,76.511385,0.1437,0.1673,0.189,0.2898,0.3376,0.264,0.2105,0.166,1,Metamorphics,IND2497,702,687.0,737.0,14.317570686340332,11.32,39.32,31.410000000000025,29.91,33.21,1.1649,0.911,1.2788,0.5598,0.8584,50.0,28.0,3.3,SMIORE ML 2679 / IBM IMYB,newly_added_v2
Ramgad,Karnataka,15.12201,76.512442,0.1558,0.176,0.2173,0.2777,0.3836,0.3223,0.122,0.336,1,Metamorphics,IND2497,670,655.0,705.0,11.247262001037598,8.25,36.25,31.510000000000048,30.01,33.31,1.3813,1.1606,1.1902,0.5665,0.7239,50.0,28.0,3.3,SMIORE ML 2679 / IBM IMYB,newly_added_v2
Ramgad,Karnataka,15.125804,76.511808,0.1472,0.171,0.191,0.2917,0.3336,0.2736,0.2086,0.092,1,Metamorphics,IND2497,718,703.0,753.0,9.112001419067383,6.11,34.11,31.410000000000025,29.91,33.21,1.1436,0.9379,1.2193,0.5725,0.8744,50.0,28.0,3.3,SMIORE ML 2679 / IBM IMYB,newly_added_v2
Ramgad,Karnataka,15.124259,76.510998,0.1561,0.1794,0.2143,0.2957,0.3582,0.2921,0.1596,0.136,1,Metamorphics,IND2497,707,692.0,742.0,14.139216423034668,11.14,39.14,31.510000000000048,30.01,33.31,1.2114,0.9878,1.2263,0.5983,0.8255,50.0,28.0,3.3,SMIORE ML 2679 / IBM IMYB,newly_added_v2
Ramgad,Karnataka,15.127636,76.51372,0.1684,0.1913,0.2351,0.2997,0.4216,0.3482,0.1208,0.347,1,Metamorphics,IND2497,656,641.0,691.0,9.541848182678223,6.54,34.54,31.410000000000025,29.91,33.21,1.4067,1.1618,1.2108,0.5576,0.7109,50.0,28.0,3.3,SMIORE ML 2679 / IBM IMYB,newly_added_v2
Ramgad,Karnataka,15.123013,76.511538,0.1452,0.1633,0.191,0.271,0.3404,0.2761,0.1732,0.227,1,Metamorphics,IND2497,666,651.0,701.0,9.938676834106445,6.94,34.94,31.510000000000048,30.01,33.31,1.2561,1.0188,1.2329,0.5611,0.7961,50.0,28.0,3.3,SMIORE ML 2679 / IBM IMYB,newly_added_v2
Ramgad,Karnataka,15.127321,76.510989,0.1474,0.1683,0.1906,0.2868,0.3167,0.2486,0.2015,0.28,1,Metamorphics,IND2497,695,680.0,730.0,6.822904586791992,3.82,31.82,31.410000000000025,29.91,33.21,1.1043,0.8668,1.2739,0.6018,0.9056,50.0,28.0,3.3,SMIORE ML 2679 / IBM IMYB,newly_added_v2
Ramgad,Karnataka,15.126421,76.514892,0.1476,0.1658,0.184,0.284,0.3384,0.2786,0.2137,0.349,1,Metamorphics,IND2497,656,641.0,691.0,9.717808723449707,6.72,34.72,31.410000000000025,29.91,33.21,1.1915,0.981,1.2146,0.5437,0.8392,50.0,28.0,3.3,SMIORE ML 2679 / IBM IMYB,newly_added_v2
Ramgad,Karnataka,15.126363,76.514806,0.1476,0.1658,0.184,0.284,0.3384,0.2786,0.2137,0.338,1,Metamorphics,IND2497,656,641.0,691.0,9.717808723449707,6.72,34.72,31.410000000000025,29.91,33.21,1.1915,0.981,1.2146,0.5437,0.8392,50.0,28.0,3.3,SMIORE ML 2679 / IBM IMYB,newly_added_v2
Ramgad,Karnataka,15.128153,76.511942,0.1462,0.1692,0.1909,0.2859,0.3274,0.2554,0.1992,0.351,1,Metamorphics,IND2497,667,652.0,702.0,14.406903266906738,11.41,39.41,31.410000000000025,29.91,33.21,1.1452,0.8933,1.2819,0.5831,0.8732,50.0,28.0,3.3,SMIORE ML 2679 / IBM IMYB,newly_added_v2
Ramgad,Karnataka,15.123537,76.512044,0.1548,0.177,0.2147,0.2958,0.3641,0.2938,0.1589,0.163,1,Metamorphics,IND2497,689,674.0,724.0,14.780345916748047,11.78,39.78,31.510000000000048,30.01,33.31,1.2309,0.9932,1.2393,0.5897,0.8124,50.0,28.0,3.3,SMIORE ML 2679 / IBM IMYB,newly_added_v2
Ramgad,Karnataka,15.128118,76.511217,0.1512,0.1704,0.1933,0.2835,0.3279,0.2525,0.1892,0.357,1,Metamorphics,IND2497,677,662.0,712.0,16.65618896484375,13.66,41.66,31.410000000000025,29.91,33.21,1.1566,0.8907,1.2986,0.5895,0.8646,50.0,28.0,3.3,SMIORE ML 2679 / IBM IMYB,newly_added_v2
Ramgad,Karnataka,15.127269,76.5097,0.149,0.1741,0.1906,0.3091,0.3237,0.2525,0.2371,0.353,1,Metamorphics,IND2497,709,694.0,744.0,18.728139877319336,15.73,43.73,31.410000000000025,29.91,33.21,1.0472,0.8169,1.282,0.5888,0.9549,50.0,28.0,3.3,SMIORE ML 2679 / IBM IMYB,newly_added_v2
Ramgad,Karnataka,15.124809,76.51191,0.1434,0.1585,0.1742,0.268,0.2996,0.2414,0.2121,0.023,1,Metamorphics,IND2497,705,690.0,740.0,12.428363800048828,9.43,37.43,31.510000000000048,30.01,33.31,1.1179,0.9007,1.2411,0.5814,0.8945,50.0,28.0,3.3,SMIORE ML 2679 / IBM IMYB,newly_added_v2
Ramgad,Karnataka,15.125524,76.511942,0.153,0.1696,0.1946,0.294,0.334,0.2774,0.2034,0.059,1,Metamorphics,IND2497,714,699.0,749.0,9.902758598327637,6.9,34.9,31.410000000000025,29.91,33.21,1.1361,0.9435,1.204,0.5826,0.8802,50.0,28.0,3.3,SMIORE ML 2679 / IBM IMYB,newly_added_v2
Ramgad,Karnataka,15.126097,76.511922,0.1453,0.1666,0.1917,0.2863,0.3345,0.2613,0.1979,0.122,1,Metamorphics,IND2497,710,695.0,745.0,17.681806564331055,14.68,42.68,31.410000000000025,29.91,33.21,1.1684,0.9127,1.2801,0.5731,0.8559,50.0,28.0,3.3,SMIORE ML 2679 / IBM IMYB,newly_added_v2
Ramgad,Karnataka,15.123065,76.512077,0.1487,0.1691,0.1973,0.2819,0.3517,0.2885,0.1765,0.216,1,Metamorphics,IND2497,669,654.0,704.0,13.77287483215332,10.77,38.77,31.510000000000048,30.01,33.31,1.2476,1.0234,1.2191,0.561,0.8015,50.0,28.0,3.3,SMIORE ML 2679 / IBM IMYB,newly_added_v2
Ramgad,Karnataka,15.126907,76.509319,0.147,0.1678,0.1905,0.2865,0.3218,0.2563,0.2013,0.358,1,Metamorphics,IND2497,724,709.0,759.0,17.439319610595703,14.44,42.44,31.410000000000025,29.91,33.21,1.1232,0.8946,1.2556,0.592,0.8903,50.0,28.0,3.3,SMIORE ML 2679 / IBM IMYB,newly_added_v2
Ramgad,Karnataka,15.125595,76.513642,0.1451,0.1636,0.179,0.2763,0.3103,0.2524,0.2137,0.188,1,Metamorphics,IND2497,685,670.0,720.0,15.720595359802246,12.72,40.72,31.410000000000025,29.91,33.21,1.1231,0.9135,1.2294,0.5769,0.8904,50.0,28.0,3.3,SMIORE ML 2679 / IBM IMYB,newly_added_v2
Ramgad,Karnataka,15.125284,76.51248,0.1465,0.1658,0.1831,0.2795,0.3248,0.2656,0.2084,0.061,1,Metamorphics,IND2497,703,688.0,738.0,9.91417407989502,6.91,34.91,31.410000000000025,29.91,33.21,1.1621,0.9503,1.2229,0.5637,0.8605,50.0,28.0,3.3,SMIORE ML 2679 / IBM IMYB,newly_added_v2
Ramgad,Karnataka,15.124924,76.513722,0.1514,0.1714,0.1988,0.283,0.3524,0.283,0.1748,0.185,1,Metamorphics,IND2497,692,677.0,727.0,3.377575159072876,0.38,28.38,31.510000000000048,30.01,33.31,1.2452,1.0,1.2452,0.5641,0.8031,50.0,28.0,3.3,SMIORE ML 2679 / IBM IMYB,newly_added_v2
Ramgad,Karnataka,15.124934,76.511193,0.1441,0.1644,0.1833,0.2784,0.3161,0.2464,0.206,0.087,1,Metamorphics,IND2497,712,697.0,747.0,8.904438972473145,5.9,33.9,31.510000000000048,30.01,33.31,1.1354,0.8851,1.2829,0.5799,0.8807,50.0,28.0,3.3,SMIORE ML 2679 / IBM IMYB,newly_added_v2
Ramgad,Karnataka,15.122508,76.510829,0.1513,0.1715,0.196,0.2909,0.3379,0.2576,0.1949,0.305,1,Metamorphics,IND2497,680,665.0,715.0,17.681787490844727,14.68,42.68,31.510000000000048,30.01,33.31,1.1616,0.8855,1.3117,0.5801,0.8609,50.0,28.0,3.3,SMIORE ML 2679 / IBM IMYB,newly_added_v2
Ramgad,Karnataka,15.126186,76.51443,0.1609,0.1855,0.2387,0.3037,0.4108,0.3428,0.1198,0.293,1,Metamorphics,IND2497,665,650.0,700.0,9.959756851196289,6.96,34.96,31.410000000000025,29.91,33.21,1.3527,1.1287,1.1984,0.5811,0.7393,50.0,28.0,3.3,SMIORE ML 2679 / IBM IMYB,newly_added_v2
Ramgad,Karnataka,15.127353,76.510159,0.1486,0.1731,0.1905,0.2937,0.3256,0.2523,0.2131,0.328,1,Metamorphics,IND2497,700,685.0,735.0,14.520768165588379,11.52,39.52,31.410000000000025,29.91,33.21,1.1086,0.859,1.2905,0.5851,0.902,50.0,28.0,3.3,SMIORE ML 2679 / IBM IMYB,newly_added_v2
Ramgad,Karnataka,15.122159,76.511717,0.1439,0.1636,0.185,0.2773,0.3398,0.2702,0.1997,0.318,1,Metamorphics,IND2497,676,661.0,711.0,14.379709243774414,11.38,39.38,31.510000000000048,30.01,33.31,1.2254,0.9744,1.2576,0.5444,0.8161,50.0,28.0,3.3,SMIORE ML 2679 / IBM IMYB,newly_added_v2
Ramgad,Karnataka,15.124776,76.511583,0.1433,0.159,0.1764,0.2708,0.3028,0.2413,0.2111,0.051,1,Metamorphics,IND2497,705,690.0,740.0,12.428363800048828,9.43,37.43,31.510000000000048,30.01,33.31,1.1182,0.8911,1.2549,0.5826,0.8943,50.0,28.0,3.3,SMIORE ML 2679 / IBM IMYB,newly_added_v2
Ramgad,Karnataka,15.125493,76.512622,0.1508,0.1702,0.1902,0.2874,0.3238,0.2724,0.2035,0.087,1,Metamorphics,IND2497,705,690.0,740.0,7.857250213623047,4.86,32.86,31.410000000000025,29.91,33.21,1.1267,0.9478,1.1887,0.5874,0.8876,50.0,28.0,3.3,SMIORE ML 2679 / IBM IMYB,newly_added_v2
Ramgad,Karnataka,15.125015,76.51327,0.1484,0.1646,0.1938,0.267,0.3423,0.2759,0.1589,0.136,1,Metamorphics,IND2497,693,678.0,728.0,10.992984771728516,7.99,35.99,31.510000000000048,30.01,33.31,1.282,1.0333,1.2407,0.5662,0.78,50.0,28.0,3.3,SMIORE ML 2679 / IBM IMYB,newly_added_v2
Ramgad,Karnataka,15.125093,76.513055,0.1484,0.1646,0.1938,0.267,0.3423,0.2759,0.1589,0.114,1,Metamorphics,IND2497,693,678.0,728.0,10.992984771728516,7.99,35.99,31.510000000000048,30.01,33.31,1.282,1.0333,1.2407,0.5662,0.78,50.0,28.0,3.3,SMIORE ML 2679 / IBM IMYB,newly_added_v2
Ramgad,Karnataka,15.127509,76.511228,0.1477,0.1701,0.1901,0.2867,0.3198,0.2549,0.2026,0.291,1,Metamorphics,IND2497,692,677.0,727.0,5.534285068511963,2.53,30.53,31.410000000000025,29.91,33.21,1.1155,0.8891,1.2546,0.5944,0.8965,50.0,28.0,3.3,SMIORE ML 2679 / IBM IMYB,newly_added_v2
Ramgad,Karnataka,15.124804,76.51082,0.1532,0.1717,0.205,0.2863,0.3343,0.2693,0.1655,0.129,1,Metamorphics,IND2497,720,705.0,755.0,10.547589302062988,7.55,35.55,31.510000000000048,30.01,33.31,1.1677,0.9406,1.2414,0.6132,0.8564,50.0,28.0,3.3,SMIORE ML 2679 / IBM IMYB,newly_added_v2
Ramgad,Karnataka,15.124877,76.511815,0.1508,0.1689,0.1894,0.2828,0.3135,0.2559,0.1978,0.024,1,Metamorphics,IND2497,707,692.0,742.0,13.119893074035645,10.12,38.12,31.510000000000048,30.01,33.31,1.1086,0.9049,1.2251,0.6041,0.9021,50.0,28.0,3.3,SMIORE ML 2679 / IBM IMYB,newly_added_v2
Ramgad,Karnataka,15.127238,76.512954,0.15,0.168,0.1989,0.2791,0.3481,0.2874,0.1678,0.269,1,Metamorphics,IND2497,676,661.0,711.0,11.346375465393066,8.35,36.35,31.410000000000025,29.91,33.21,1.2472,1.0297,1.2112,0.5714,0.8018,50.0,28.0,3.3,SMIORE ML 2679 / IBM IMYB,newly_added_v2
Ramgad,Karnataka,15.124804,76.512545,0.1496,0.172,0.1988,0.2883,0.3302,0.2625,0.1837,0.063,1,Metamorphics,IND2497,690,675.0,725.0,10.561999320983887,7.56,35.56,31.510000000000048,30.01,33.31,1.1453,0.9105,1.2579,0.6021,0.8731,50.0,28.0,3.3,SMIORE ML 2679 / IBM IMYB,newly_added_v2
Ramgad,Karnataka,15.123509,76.511976,0.1548,0.177,0.2147,0.2958,0.3641,0.2938,0.1589,0.166,1,Metamorphics,IND2497,689,674.0,724.0,14.780345916748047,11.78,39.78,31.510000000000048,30.01,33.31,1.2309,0.9932,1.2393,0.5897,0.8124,50.0,28.0,3.3,SMIORE ML 2679 / IBM IMYB,newly_added_v2
Ramgad,Karnataka,15.124116,76.50895,0.1609,0.1834,0.2249,0.3089,0.3778,0.3062,0.1574,0.342,1,Metamorphics,IND2497,713,698.0,748.0,26.661272048950195,23.66,51.66,31.510000000000048,30.01,33.31,1.223,0.9913,1.2338,0.5953,0.8176,50.0,28.0,3.3,SMIORE ML 2679 / IBM IMYB,newly_added_v2
Ramgad,Karnataka,15.125877,76.512826,0.1465,0.1648,0.182,0.2709,0.3221,0.26,0.1963,0.132,1,Metamorphics,IND2497,699,684.0,734.0,8.662653923034668,5.66,33.66,31.410000000000025,29.91,33.21,1.189,0.9598,1.2388,0.565,0.841,50.0,28.0,3.3,SMIORE ML 2679 / IBM IMYB,newly_added_v2
Ramgad,Karnataka,15.124123,76.515126,0.1429,0.1605,0.1809,0.2619,0.3349,0.2655,0.1829,0.35,1,Metamorphics,IND2497,670,655.0,705.0,17.63924789428711,14.64,42.64,31.510000000000048,30.01,33.31,1.2787,1.0137,1.2614,0.5402,0.782,50.0,28.0,3.3,SMIORE ML 2679 / IBM IMYB,newly_added_v2
Ramgad,Karnataka,15.125418,76.514203,0.1485,0.171,0.1866,0.3067,0.3419,0.2781,0.2435,0.241,1,Metamorphics,IND2497,675,660.0,710.0,11.872902870178223,8.87,36.87,31.410000000000025,29.91,33.21,1.1148,0.9067,1.2294,0.5458,0.897,50.0,28.0,3.3,SMIORE ML 2679 / IBM IMYB,newly_added_v2
Ramgad,Karnataka,15.141263,76.53619,0.139,0.1636,0.1632,0.286,0.3004,0.228,0.2734,3.168,0,Metamorphics,IND2497,866,851.0,901.0,2.7802884578704834,0.0,27.78,29.970000000000027,28.47,31.77,1.0503,0.7972,1.3175,0.5433,0.9521,50.0,27.78,3.3,SMIORE ML 2679 / IBM IMYB,newly_added_v2
Ramgad,Karnataka,15.080878,76.476206,0.1505,0.167,0.1877,0.2994,0.3357,0.2476,0.2293,6.239,0,Metamorphics,IND2497,766,751.0,801.0,26.659515380859375,23.66,51.66,29.53000000000003,28.03,31.33,1.1212,0.827,1.3558,0.5591,0.8919,50.0,28.0,3.3,SMIORE ML 2679 / IBM IMYB,newly_added_v2
Ramgad,Karnataka,15.085817,76.499027,0.144,0.1659,0.1738,0.3157,0.3324,0.2545,0.2899,4.579,0,Metamorphics,IND2497,923,908.0,958.0,19.508533477783203,16.51,44.51,29.690000000000055,28.19,31.49,1.0529,0.8061,1.3061,0.5229,0.9498,50.0,28.0,3.3,SMIORE ML 2679 / IBM IMYB,newly_added_v2
Ramgad,Karnataka,15.082601,76.50145,0.1388,0.1585,0.1618,0.3355,0.3085,0.2307,0.3493,4.854,0,Metamorphics,IND2497,963,948.0,998.0,15.873198509216309,12.87,40.87,29.010000000000048,27.51,30.81,0.9195,0.6876,1.3372,0.5245,1.0875,50.0,28.0,3.3,SMIORE ML 2679 / IBM IMYB,newly_added_v2
Ramgad,Karnataka,15.135309,76.565099,0.1494,0.1655,0.1926,0.2589,0.3384,0.304,0.1468,5.82,0,Metamorphics,IND2497,697,682.0,732.0,24.488561630249023,21.49,49.49,31.730000000000018,30.23,33.53,1.3071,1.1742,1.1132,0.5691,0.7651,50.0,28.0,3.3,SMIORE ML 2679 / IBM IMYB,newly_added_v2
Ramgad,Karnataka,15.126,76.477238,0.1452,0.1694,0.2262,0.2706,0.3655,0.3148,0.0894,3.737,0,Metamorphics,IND2497,703,688.0,738.0,12.787446975708008,9.79,37.79,31.310000000000002,29.81,33.11,1.3507,1.1633,1.1611,0.6189,0.7404,50.0,28.0,3.3,SMIORE ML 2679 / IBM IMYB,newly_added_v2
Ramgad,Karnataka,15.178693,76.543434,0.1511,0.177,0.2341,0.2779,0.3827,0.338,0.0855,6.866,0,Metamorphics,IND2497,604,589.0,639.0,5.629133701324463,2.63,30.63,32.29000000000002,30.79,34.09,1.3771,1.2163,1.1322,0.6117,0.7262,50.0,28.0,3.3,SMIORE ML 2679 / IBM IMYB,newly_added_v2
Ramgad,Karnataka,15.11282,76.469796,0.1368,0.1518,0.1574,0.3117,0.2894,0.2119,0.3289,4.734,0,Metamorphics,IND2497,900,885.0,935.0,7.694903373718262,4.69,32.69,28.590000000000032,27.09,30.39,0.9285,0.6798,1.3657,0.5439,1.0771,50.0,28.0,3.3,SMIORE ML 2679 / IBM IMYB,newly_added_v2
Ramgad,Karnataka,15.101116,76.501447,0.1558,0.1764,0.2247,0.2793,0.4194,0.3677,0.1083,2.891,0,Metamorphics,IND2497,672,657.0,707.0,4.170577526092529,1.17,29.17,32.450000000000045,30.95,34.25,1.5016,1.3165,1.1406,0.5358,0.666,50.0,28.0,3.3,SMIORE ML 2679 / IBM IMYB,newly_added_v2
Ramgad,Karnataka,15.100891,76.504291,0.1518,0.1762,0.2367,0.2828,0.4669,0.4145,0.0887,2.809,0,Metamorphics,IND2497,661,646.0,696.0,15.954506874084473,12.95,40.95,32.450000000000045,30.95,34.25,1.651,1.4657,1.1264,0.507,0.6057,50.0,28.0,3.3,SMIORE ML 2679 / IBM IMYB,newly_added_v2
Ramgad,Karnataka,15.084468,76.491365,0.1321,0.1518,0.1709,0.2918,0.3167,0.2409,0.2613,5.027,0,Metamorphics,IND2497,973,958.0,1008.0,24.029895782470703,21.03,49.03,28.690000000000055,27.19,30.49,1.0853,0.8256,1.3147,0.5396,0.9214,50.0,28.0,3.3,SMIORE ML 2679 / IBM IMYB,newly_added_v2
Ramgad,Karnataka,15.111242,76.538666,0.1497,0.1686,0.1908,0.2927,0.347,0.278,0.2108,3.249,0,Metamorphics,IND2497,577,562.0,612.0,1.3351248502731323,0.0,26.34,33.09000000000003,31.59,34.89,1.1855,0.9498,1.2482,0.5499,0.8435,50.0,26.34,3.3,SMIORE ML 2679 / IBM IMYB,newly_added_v2
Ramgad,Karnataka,15.15914,76.543671,0.1731,0.2011,0.2562,0.3061,0.378,0.3184,0.0887,5.102,0,Metamorphics,IND2497,711,696.0,746.0,22.920217514038086,19.92,47.92,31.33000000000004,29.83,33.13,1.2349,1.0402,1.1872,0.6778,0.8098,50.0,28.0,3.3,SMIORE ML 2679 / IBM IMYB,newly_added_v2
Ramgad,Karnataka,15.097543,76.495623,0.1562,0.1781,0.221,0.2873,0.4307,0.3877,0.1304,3.527,0,Metamorphics,IND2497,734,719.0,769.0,6.032639980316162,3.03,31.03,30.470000000000027,28.97,32.27,1.4991,1.3495,1.1109,0.5131,0.6671,50.0,28.0,3.3,SMIORE ML 2679 / IBM IMYB,newly_added_v2
Ramgad,Karnataka,15.098514,76.510209,0.1566,0.1797,0.2153,0.2964,0.4154,0.3297,0.1585,2.955,0,Metamorphics,IND2497,641,626.0,676.0,0.9274099469184875,0.0,25.93,32.110000000000014,30.61,33.91,1.4015,1.1123,1.2599,0.5183,0.7135,50.0,25.93,3.3,SMIORE ML 2679 / IBM IMYB,newly_added_v2
Ramgad,Karnataka,15.068718,76.529563,0.154,0.1761,0.2175,0.2924,0.4026,0.3261,0.1469,6.543,0,Metamorphics,IND2497,579,564.0,614.0,4.2585768699646,1.26,29.26,31.370000000000005,29.87,33.17,1.3769,1.1153,1.2346,0.5402,0.7263,50.0,28.0,3.3,SMIORE ML 2679 / IBM IMYB,newly_added_v2
Ramgad,Karnataka,15.081156,76.52464,0.1652,0.1888,0.2268,0.3376,0.3886,0.2948,0.1963,5.066,0,Metamorphics,IND2497,695,680.0,730.0,21.886871337890625,18.89,46.89,31.05000000000001,29.55,32.85,1.1511,0.8732,1.3182,0.5836,0.8688,50.0,28.0,3.3,SMIORE ML 2679 / IBM IMYB,newly_added_v2
Ramgad,Karnataka,15.100646,76.518077,0.143,0.1687,0.2083,0.3378,0.3633,0.2986,0.2371,2.789,0,Metamorphics,IND2497,634,619.0,669.0,4.725170135498047,1.73,29.73,33.31,31.81,35.11,1.0755,0.884,1.2167,0.5734,0.9298,50.0,28.0,3.3,SMIORE ML 2679 / IBM IMYB,newly_added_v2
Ramgad,Karnataka,15.115191,76.452048,0.1348,0.1488,0.1524,0.2706,0.2785,0.2152,0.2794,6.535,0,Metamorphics,IND2497,616,601.0,651.0,2.132612943649292,0.0,27.13,31.230000000000018,29.73,33.03,1.0292,0.7953,1.2941,0.5472,0.9716,50.0,27.13,3.3,SMIORE ML 2679 / IBM IMYB,newly_added_v2
Ramgad,Karnataka,15.141319,76.473895,0.1603,0.1838,0.2434,0.3066,0.4603,0.3864,0.1149,4.48,0,Metamorphics,IND2497,688,673.0,723.0,16.331127166748047,13.33,41.33,30.510000000000048,29.01,32.31,1.5013,1.2603,1.1913,0.5288,0.6661,50.0,28.0,3.3,SMIORE ML 2679 / IBM IMYB,newly_added_v2
Ramgad,Karnataka,15.075682,76.484616,0.1315,0.1471,0.1564,0.2804,0.2993,0.2229,0.2839,6.229,0,Metamorphics,IND2497,680,665.0,715.0,4.725147247314453,1.73,29.73,28.950000000000045,27.45,30.75,1.0674,0.7949,1.3428,0.5226,0.9369,50.0,28.0,3.3,SMIORE ML 2679 / IBM IMYB,newly_added_v2
Ramgad,Karnataka,15.111293,76.533026,0.143,0.1736,0.1654,0.3617,0.307,0.2318,0.3724,2.726,0,Metamorphics,IND2497,591,576.0,626.0,0.9606202840805054,0.0,25.96,32.59000000000003,31.09,34.39,0.8488,0.6409,1.3244,0.5388,1.1782,50.0,25.96,3.3,SMIORE ML 2679 / IBM IMYB,newly_added_v2
Ramgad,Karnataka,15.150304,76.511032,0.145,0.174,0.1665,0.3565,0.321,0.235,0.3633,2.819,0,Metamorphics,IND2497,957,942.0,992.0,22.56363868713379,19.56,47.56,29.07000000000005,27.57,30.87,0.9004,0.6592,1.366,0.5187,1.1106,50.0,28.0,3.3,SMIORE ML 2679 / IBM IMYB,newly_added_v2
Ramgad,Karnataka,15.183471,76.540047,0.1598,0.1871,0.2353,0.297,0.4154,0.3521,0.1159,7.173,0,Metamorphics,IND2497,585,570.0,620.0,6.534697532653809,3.53,31.53,31.890000000000043,30.39,33.69,1.3987,1.1855,1.1798,0.5664,0.715,50.0,28.0,3.3,SMIORE ML 2679 / IBM IMYB,newly_added_v2
Ramgad,Karnataka,15.188123,76.525214,0.1484,0.163,0.1798,0.2517,0.3309,0.2657,0.1666,7.169,0,Metamorphics,IND2497,666,651.0,701.0,10.801877975463867,7.8,35.8,31.630000000000052,30.13,33.43,1.3147,1.0556,1.2454,0.5434,0.7607,50.0,28.0,3.3,SMIORE ML 2679 / IBM IMYB,newly_added_v2
Ramgad,Karnataka,15.129855,76.470013,0.1313,0.1489,0.1616,0.2677,0.2851,0.2199,0.2471,4.544,0,Metamorphics,IND2497,798,783.0,833.0,16.288814544677734,13.29,41.29,29.190000000000055,27.69,30.99,1.065,0.8214,1.2965,0.5668,0.939,50.0,28.0,3.3,SMIORE ML 2679 / IBM IMYB,newly_added_v2
Ramgad,Karnataka,15.181329,76.504007,0.1415,0.1639,0.1621,0.308,0.3084,0.2331,0.3104,6.329,0,Metamorphics,IND2497,701,686.0,736.0,4.170910835266113,1.17,29.17,29.510000000000048,28.01,31.31,1.0013,0.7568,1.323,0.5256,0.9987,50.0,28.0,3.3,SMIORE ML 2679 / IBM IMYB,newly_added_v2
Ramgad,Karnataka,15.079842,76.537578,0.1723,0.2,0.2249,0.3445,0.375,0.3209,0.21,5.729,0,Metamorphics,IND2497,586,571.0,621.0,6.373513221740723,3.37,31.37,31.210000000000036,29.71,33.01,1.0885,0.9315,1.1686,0.5997,0.9187,50.0,28.0,3.3,SMIORE ML 2679 / IBM IMYB,newly_added_v2
Ramgad,Karnataka,15.075412,76.558753,0.1357,0.1558,0.1694,0.3059,0.2968,0.2304,0.2872,7.464,0,Metamorphics,IND2497,595,580.0,630.0,2.6685686111450195,0.0,27.67,31.250000000000057,29.75,33.05,0.9703,0.7532,1.2882,0.5708,1.0307,50.0,27.67,3.3,SMIORE ML 2679 / IBM IMYB,newly_added_v2
Ramgad,Karnataka,15.176261,76.476769,0.1444,0.1662,0.1786,0.2806,0.3072,0.2334,0.2221,6.848,0,Metamorphics,IND2497,709,694.0,744.0,13.745841026306152,10.75,38.75,28.610000000000014,27.11,30.41,1.0948,0.8318,1.3162,0.5814,0.9134,50.0,28.0,3.3,SMIORE ML 2679 / IBM IMYB,newly_added_v2
Ramgad,Karnataka,15.108867,76.474844,0.1374,0.1544,0.1625,0.292,0.2997,0.2256,0.2849,4.378,0,Metamorphics,IND2497,999,984.0,1034.0,18.420698165893555,15.42,43.42,28.49000000000001,26.99,30.29,1.0264,0.7726,1.3285,0.5422,0.9743,50.0,28.0,3.3,SMIORE ML 2679 / IBM IMYB,newly_added_v2
Ramgad,Karnataka,15.0744,76.498787,0.1346,0.1554,0.1547,0.3523,0.2925,0.2108,0.3897,5.809,0,Metamorphics,IND2497,924,909.0,959.0,9.386879920959473,6.39,34.39,29.090000000000032,27.59,30.89,0.8303,0.5984,1.3876,0.5289,1.2044,50.0,28.0,3.3,SMIORE ML 2679 / IBM IMYB,newly_added_v2
Ramgad,Karnataka,15.095136,76.555858,0.1787,0.2057,0.2486,0.3062,0.3593,0.3225,0.1038,5.768,0,Metamorphics,IND2497,567,552.0,602.0,5.325863838195801,2.33,30.33,32.75000000000006,31.25,34.55,1.1734,1.0532,1.1141,0.6919,0.8522,50.0,28.0,3.3,SMIORE ML 2679 / IBM IMYB,newly_added_v2
Ramgad,Karnataka,15.095357,76.504677,0.148,0.1668,0.1767,0.2931,0.334,0.2484,0.2478,3.392,0,Metamorphics,IND2497,707,692.0,742.0,8.616246223449707,5.62,33.62,30.83000000000004,29.33,32.63,1.1395,0.8475,1.3446,0.529,0.8775,50.0,28.0,3.3,SMIORE ML 2679 / IBM IMYB,newly_added_v2
Ramgad,Karnataka,15.118592,76.464593,0.1428,0.1636,0.1652,0.3287,0.3049,0.2208,0.331,5.144,0,Metamorphics,IND2497,928,913.0,963.0,11.412801742553711,8.41,36.41,28.510000000000048,27.01,30.31,0.9276,0.6717,1.3809,0.5418,1.0781,50.0,28.0,3.3,SMIORE ML 2679 / IBM IMYB,newly_added_v2
Ramgad,Karnataka,15.157452,76.512734,0.1329,0.1546,0.148,0.369,0.2796,0.1961,0.4275,3.613,0,Metamorphics,IND2497,941,926.0,976.0,7.501742362976074,4.5,32.5,29.07000000000005,27.57,30.87,0.7577,0.5314,1.4258,0.5293,1.3197,50.0,28.0,3.3,SMIORE ML 2679 / IBM IMYB,newly_added_v2
Ramgad,Karnataka,15.117975,76.535207,0.1524,0.1738,0.2036,0.2813,0.3841,0.3108,0.1602,2.614,0,Metamorphics,IND2497,613,598.0,648.0,10.790871620178223,7.79,35.79,31.610000000000014,30.11,33.41,1.3654,1.1049,1.2358,0.5301,0.7324,50.0,28.0,3.3,SMIORE ML 2679 / IBM IMYB,newly_added_v2
Ramgad,Karnataka,15.074334,76.49695,0.1348,0.1519,0.1565,0.2987,0.2871,0.2146,0.3124,5.867,0,Metamorphics,IND2497,919,904.0,954.0,7.633923053741455,4.63,32.63,29.090000000000032,27.59,30.89,0.9612,0.7184,1.3378,0.5451,1.0404,50.0,28.0,3.3,SMIORE ML 2679 / IBM IMYB,newly_added_v2
Ramgad,Karnataka,15.145616,76.468998,0.1534,0.178,0.2231,0.2816,0.4097,0.3494,0.1159,5.16,0,Metamorphics,IND2497,689,674.0,724.0,2.669027328491211,0.0,27.67,30.590000000000032,29.09,32.39,1.4549,1.2408,1.1726,0.5445,0.6873,50.0,27.67,3.3,SMIORE ML 2679 / IBM IMYB,newly_added_v2
Ramgad,Karnataka,15.105926,76.540622,0.1711,0.2056,0.2723,0.3373,0.4728,0.3994,0.1066,3.738,0,Metamorphics,IND2497,587,572.0,622.0,5.533864498138428,2.53,30.53,32.57000000000005,31.07,34.37,1.4017,1.1841,1.1838,0.5759,0.7134,50.0,28.0,3.3,SMIORE ML 2679 / IBM IMYB,newly_added_v2
Ramgad,Karnataka,15.157179,76.498171,0.1416,0.1643,0.161,0.27,0.2867,0.2159,0.2529,3.878,0,Metamorphics,IND2497,755,740.0,790.0,14.370752334594727,11.37,39.37,31.390000000000043,29.89,33.19,1.0619,0.7996,1.3279,0.5616,0.9418,50.0,28.0,3.3,SMIORE ML 2679 / IBM IMYB,newly_added_v2
Ramgad,Karnataka,15.166762,76.54911,0.1589,0.1782,0.2101,0.2525,0.325,0.2962,0.0917,6.125,0,Metamorphics,IND2497,669,654.0,704.0,13.005537986755371,10.01,38.01,32.450000000000045,30.95,34.25,1.2871,1.1731,1.0972,0.6465,0.7769,50.0,28.0,3.3,SMIORE ML 2679 / IBM IMYB,newly_added_v2
Ramgad,Karnataka,15.073595,76.541606,0.1358,0.1575,0.1546,0.3465,0.2784,0.2039,0.383,6.547,0,Metamorphics,IND2497,566,551.0,601.0,1.3350028991699219,0.0,26.34,31.390000000000043,29.89,33.19,0.8035,0.5885,1.3654,0.5553,1.2446,50.0,26.34,3.3,SMIORE ML 2679 / IBM IMYB,newly_added_v2
Ramgad,Karnataka,15.16736,76.472701,0.1462,0.1676,0.171,0.3195,0.305,0.2223,0.3028,6.33,0,Metamorphics,IND2497,752,737.0,787.0,15.745309829711914,12.75,40.75,29.310000000000002,27.81,31.11,0.9546,0.6958,1.372,0.5607,1.0475,50.0,28.0,3.3,SMIORE ML 2679 / IBM IMYB,newly_added_v2
Ramgad,Karnataka,15.13131,76.535084,0.148,0.1652,0.1936,0.2781,0.3309,0.2583,0.1791,2.578,0,Metamorphics,IND2497,700,685.0,735.0,20.722267150878906,17.72,45.72,31.090000000000032,29.59,32.89,1.1899,0.9288,1.2811,0.5851,0.8404,50.0,28.0,3.3,SMIORE ML 2679 / IBM IMYB,newly_added_v2
Kumsi,Karnataka,14.045495,75.405109,0.1784,0.2155,0.2234,0.3864,0.431,0.3276,0.2673,0.056,1,Metamorphics,IND2497,652,637.0,687.0,2.1242427825927734,0.0,27.12,28.930000000000007,27.43,30.73,1.1154,0.8478,1.3156,0.5183,0.8965,50.0,27.12,3.3,Geological Survey of India / Karnataka DGM,newly_added_v2
Kumsi,Karnataka,14.044389,75.402915,0.1412,0.1615,0.1474,0.4212,0.2949,0.2036,0.4815,0.235,1,Metamorphics,IND2497,649,634.0,684.0,3.92897367477417,0.93,28.93,29.04000000000002,27.54,30.84,0.7001,0.4834,1.4484,0.4998,1.4283,50.0,28.0,3.3,Geological Survey of India / Karnataka DGM,newly_added_v2
Kumsi,Karnataka,14.04498,75.404653,0.1608,0.1936,0.186,0.402,0.3641,0.2607,0.3673,0.038,1,Metamorphics,IND2497,652,637.0,687.0,4.166383266448975,1.17,29.17,28.930000000000007,27.43,30.73,0.9057,0.6485,1.3966,0.5108,1.1041,50.0,28.0,3.3,Geological Survey of India / Karnataka DGM,newly_added_v2
Kumsi,Karnataka,14.045145,75.406519,0.175,0.2072,0.218,0.4221,0.4474,0.3346,0.3189,0.165,1,Metamorphics,IND2497,652,637.0,687.0,0.9274099469184875,0.0,25.93,28.930000000000007,27.43,30.73,1.0599,0.7927,1.3371,0.4873,0.9435,50.0,25.93,3.3,Geological Survey of India / Karnataka DGM,newly_added_v2
Kumsi,Karnataka,14.045578,75.404313,0.1546,0.1803,0.1924,0.3468,0.3776,0.2832,0.2864,0.098,1,Metamorphics,IND2497,653,638.0,688.0,4.857844352722168,1.86,29.86,29.04000000000002,27.54,30.84,1.0888,0.8166,1.3333,0.5095,0.9184,50.0,28.0,3.3,Geological Survey of India / Karnataka DGM,newly_added_v2
Kumsi,Karnataka,14.044638,75.404991,0.1709,0.2006,0.2173,0.4119,0.4121,0.3084,0.3093,0.04,1,Metamorphics,IND2497,654,639.0,689.0,5.114017009735107,2.11,30.11,28.930000000000007,27.43,30.73,1.0005,0.7487,1.3363,0.5273,0.9995,50.0,28.0,3.3,Geological Survey of India / Karnataka DGM,newly_added_v2
Kumsi,Karnataka,14.045448,75.403947,0.1767,0.2102,0.2457,0.371,0.4304,0.3293,0.2032,0.124,1,Metamorphics,IND2497,651,636.0,686.0,0.9559847712516785,0.0,25.96,29.04000000000002,27.54,30.84,1.1601,0.8876,1.307,0.5709,0.862,50.0,25.96,3.3,Geological Survey of India / Karnataka DGM,newly_added_v2
Kumsi,Karnataka,14.043932,75.407382,0.1679,0.1959,0.2096,0.3625,0.4134,0.314,0.2673,0.283,1,Metamorphics,IND2497,650,635.0,685.0,3.4117438793182373,0.41,28.41,28.930000000000007,27.43,30.73,1.1404,0.8662,1.3166,0.507,0.8769,50.0,28.0,3.3,Geological Survey of India / Karnataka DGM,newly_added_v2
Kumsi,Karnataka,14.044012,75.403075,0.1432,0.1642,0.1525,0.4452,0.3101,0.2141,0.4897,0.235,1,Metamorphics,IND2497,649,634.0,684.0,0.9274099469184875,0.0,25.93,29.04000000000002,27.54,30.84,0.6965,0.4809,1.4484,0.4918,1.4357,50.0,25.93,3.3,Geological Survey of India / Karnataka DGM,newly_added_v2
Kumsi,Karnataka,14.044611,75.406188,0.1823,0.2118,0.2546,0.3734,0.4904,0.3777,0.1892,0.135,1,Metamorphics,IND2497,653,638.0,688.0,0.9559812545776367,0.0,25.96,28.930000000000007,27.43,30.73,1.3133,1.0115,1.2984,0.5192,0.7614,50.0,25.96,3.3,Geological Survey of India / Karnataka DGM,newly_added_v2
Kumsi,Karnataka,14.044656,75.40444,0.1801,0.2112,0.2311,0.3607,0.4319,0.342,0.219,0.072,1,Metamorphics,IND2497,649,634.0,684.0,1.3317921161651611,0.0,26.33,28.930000000000007,27.43,30.73,1.1974,0.9482,1.2629,0.5351,0.8351,50.0,26.33,3.3,Geological Survey of India / Karnataka DGM,newly_added_v2
Kumsi,Karnataka,14.044721,75.405876,0.1773,0.2005,0.2239,0.3583,0.4316,0.3466,0.2308,0.1,1,Metamorphics,IND2497,654,639.0,689.0,2.1242384910583496,0.0,27.12,28.930000000000007,27.43,30.73,1.2046,0.9673,1.2452,0.5188,0.8302,50.0,27.12,3.3,Geological Survey of India / Karnataka DGM,newly_added_v2
Kumsi,Karnataka,14.045357,75.404877,0.1784,0.2155,0.2234,0.3864,0.431,0.3276,0.2673,0.042,1,Metamorphics,IND2497,652,637.0,687.0,2.1242427825927734,0.0,27.12,28.930000000000007,27.43,30.73,1.1154,0.8478,1.3156,0.5183,0.8965,50.0,27.12,3.3,Geological Survey of India / Karnataka DGM,newly_added_v2
Kumsi,Karnataka,14.04757,75.403356,0.1653,0.1926,0.2097,0.336,0.3746,0.3009,0.2314,0.337,1,Metamorphics,IND2497,656,641.0,691.0,2.939568519592285,0.0,27.94,29.04000000000002,27.54,30.84,1.1149,0.8955,1.2449,0.5598,0.897,50.0,27.94,3.3,Geological Survey of India / Karnataka DGM,newly_added_v2
Kumsi,Karnataka,14.043023,75.406003,0.1741,0.2026,0.2284,0.324,0.3904,0.3185,0.1731,0.245,1,Metamorphics,IND2497,662,647.0,697.0,3.0116500854492188,0.01,28.01,28.930000000000007,27.43,30.73,1.2049,0.983,1.2257,0.585,0.8299,50.0,28.0,3.3,Geological Survey of India / Karnataka DGM,newly_added_v2
Kumsi,Karnataka,14.046756,75.404682,0.1602,0.1876,0.1998,0.3718,0.374,0.2841,0.3009,0.198,1,Metamorphics,IND2497,655,640.0,690.0,2.0859525203704834,0.0,27.09,29.04000000000002,27.54,30.84,1.0059,0.7641,1.3164,0.5342,0.9941,50.0,27.09,3.3,Geological Survey of India / Karnataka DGM,newly_added_v2
Kumsi,Karnataka,14.04347,75.402074,0.1358,0.1628,0.1424,0.4253,0.2812,0.2002,0.4983,0.359,1,Metamorphics,IND2497,648,633.0,683.0,0.9559777975082397,0.0,25.96,29.04000000000002,27.54,30.84,0.6612,0.4707,1.4046,0.5064,1.5124,50.0,25.96,3.3,Geological Survey of India / Karnataka DGM,newly_added_v2
Kumsi,Karnataka,14.043861,75.407547,0.144,0.1652,0.1641,0.3386,0.361,0.2611,0.3471,0.303,1,Metamorphics,IND2497,652,637.0,687.0,4.6273674964904785,1.63,29.63,28.930000000000007,27.43,30.73,1.0662,0.7711,1.3826,0.4546,0.938,50.0,28.0,3.3,Geological Survey of India / Karnataka DGM,newly_added_v2
Kumsi,Karnataka,14.045903,75.406268,0.1484,0.184,0.1726,0.3994,0.3292,0.2353,0.3965,0.17,1,Metamorphics,IND2497,654,639.0,689.0,0.9274099469184875,0.0,25.93,28.930000000000007,27.43,30.73,0.8242,0.5891,1.3991,0.5243,1.2132,50.0,25.93,3.3,Geological Survey of India / Karnataka DGM,newly_added_v2
Kumsi,Karnataka,14.045039,75.40356,0.1578,0.1797,0.1942,0.3286,0.3873,0.2982,0.2571,0.156,1,Metamorphics,IND2497,652,637.0,687.0,1.3317937850952148,0.0,26.33,29.04000000000002,27.54,30.84,1.1786,0.9075,1.2988,0.5014,0.8484,50.0,26.33,3.3,Geological Survey of India / Karnataka DGM,newly_added_v2
Kumsi,Karnataka,14.046,75.403569,0.1587,0.1857,0.1992,0.3114,0.3651,0.2873,0.2197,0.19,1,Metamorphics,IND2497,651,636.0,686.0,1.8543341159820557,0.0,26.85,29.04000000000002,27.54,30.84,1.1724,0.9226,1.2708,0.5456,0.8529,50.0,26.85,3.3,Geological Survey of India / Karnataka DGM,newly_added_v2
Kumsi,Karnataka,14.044696,75.403854,0.1697,0.1976,0.2224,0.3004,0.4118,0.3303,0.1492,0.128,1,Metamorphics,IND2497,651,636.0,686.0,1.9114305973052979,0.0,26.91,29.04000000000002,27.54,30.84,1.3708,1.0995,1.2467,0.5401,0.7295,50.0,26.91,3.3,Geological Survey of India / Karnataka DGM,newly_added_v2
Kumsi,Karnataka,14.047395,75.403534,0.1807,0.2048,0.2257,0.3002,0.39,0.3224,0.1417,0.31,1,Metamorphics,IND2497,654,639.0,689.0,1.3318004608154297,0.0,26.33,29.04000000000002,27.54,30.84,1.2991,1.074,1.2097,0.5787,0.7697,50.0,26.33,3.3,Geological Survey of India / Karnataka DGM,newly_added_v2
Kumsi,Karnataka,14.046958,75.404586,0.1436,0.1738,0.1559,0.4177,0.298,0.2162,0.4564,0.222,1,Metamorphics,IND2497,654,639.0,689.0,2.0859529972076416,0.0,27.09,29.04000000000002,27.54,30.84,0.7134,0.5176,1.3784,0.5232,1.4017,50.0,27.09,3.3,Geological Survey of India / Karnataka DGM,newly_added_v2
Kumsi,Karnataka,14.046319,75.406525,0.1501,0.186,0.1724,0.4014,0.3332,0.2399,0.3991,0.221,1,Metamorphics,IND2497,654,639.0,689.0,1.3317971229553223,0.0,26.33,28.930000000000007,27.43,30.73,0.8301,0.5977,1.3889,0.5174,1.2047,50.0,26.33,3.3,Geological Survey of India / Karnataka DGM,newly_added_v2
Kumsi,Karnataka,14.045279,75.405952,0.1744,0.2068,0.2235,0.4108,0.427,0.3244,0.2953,0.107,1,Metamorphics,IND2497,652,637.0,687.0,0.0,0.0,25.0,28.930000000000007,27.43,30.73,1.0394,0.7897,1.3163,0.5234,0.9621,50.0,25.0,3.3,Geological Survey of India / Karnataka DGM,newly_added_v2
Kumsi,Karnataka,14.047005,75.403901,0.1824,0.2109,0.237,0.3447,0.4052,0.3322,0.1851,0.253,1,Metamorphics,IND2497,656,641.0,691.0,0.9559916853904724,0.0,25.96,29.04000000000002,27.54,30.84,1.1755,0.9637,1.2197,0.5849,0.8507,50.0,25.96,3.3,Geological Survey of India / Karnataka DGM,newly_added_v2
Kumsi,Karnataka,14.04744,75.406652,0.1382,0.1707,0.1484,0.4052,0.279,0.1942,0.4639,0.325,1,Metamorphics,IND2497,655,640.0,690.0,2.1242594718933105,0.0,27.12,28.930000000000007,27.43,30.73,0.6885,0.4793,1.4367,0.5319,1.4523,50.0,27.12,3.3,Geological Survey of India / Karnataka DGM,newly_added_v2
Kumsi,Karnataka,14.045922,75.407421,0.1942,0.2284,0.2736,0.4038,0.4913,0.3722,0.1922,0.281,1,Metamorphics,IND2497,652,637.0,687.0,2.7802884578704834,0.0,27.78,28.930000000000007,27.43,30.73,1.2167,0.9217,1.32,0.5569,0.8219,50.0,27.78,3.3,Geological Survey of India / Karnataka DGM,newly_added_v2
Kumsi,Karnataka,14.044517,75.404042,0.1697,0.1976,0.2224,0.3004,0.4118,0.3303,0.1492,0.117,1,Metamorphics,IND2497,651,636.0,686.0,1.9114305973052979,0.0,26.91,29.04000000000002,27.54,30.84,1.3708,1.0995,1.2467,0.5401,0.7295,50.0,26.91,3.3,Geological Survey of India / Karnataka DGM,newly_added_v2
Kumsi,Karnataka,14.046493,75.403434,0.1714,0.2026,0.2085,0.3913,0.397,0.3013,0.3048,0.237,1,Metamorphics,IND2497,652,637.0,687.0,1.9114468097686768,0.0,26.91,29.04000000000002,27.54,30.84,1.0146,0.77,1.3176,0.5252,0.9856,50.0,26.91,3.3,Geological Survey of India / Karnataka DGM,newly_added_v2
Kumsi,Karnataka,14.045058,75.40419,0.1726,0.2008,0.234,0.347,0.412,0.3184,0.1945,0.088,1,Metamorphics,IND2497,651,636.0,686.0,1.8543341159820557,0.0,26.85,29.04000000000002,27.54,30.84,1.1873,0.9176,1.294,0.568,0.8422,50.0,26.85,3.3,Geological Survey of India / Karnataka DGM,newly_added_v2
Kumsi,Karnataka,14.042648,75.40406,0.1779,0.2228,0.2392,0.4104,0.4713,0.3361,0.2635,0.281,1,Metamorphics,IND2497,657,642.0,692.0,2.1242239475250244,0.0,27.12,28.930000000000007,27.43,30.73,1.1484,0.819,1.4023,0.5075,0.8708,50.0,27.12,3.3,Geological Survey of India / Karnataka DGM,newly_added_v2
Kumsi,Karnataka,14.04618,75.403696,0.1607,0.1859,0.2055,0.2959,0.3658,0.2958,0.1803,0.193,1,Metamorphics,IND2497,653,638.0,688.0,2.085951328277588,0.0,27.09,29.04000000000002,27.54,30.84,1.2362,0.9997,1.2366,0.5618,0.8089,50.0,27.09,3.3,Geological Survey of India / Karnataka DGM,newly_added_v2
Kumsi,Karnataka,14.046211,75.404654,0.1668,0.1942,0.2168,0.3632,0.4046,0.3174,0.2524,0.14,1,Metamorphics,IND2497,655,640.0,690.0,0.9274099469184875,0.0,25.93,28.930000000000007,27.43,30.73,1.114,0.8739,1.2747,0.5358,0.8977,50.0,25.93,3.3,Geological Survey of India / Karnataka DGM,newly_added_v2
Kumsi,Karnataka,14.045212,75.404909,0.1492,0.1739,0.1698,0.3989,0.3456,0.2578,0.4028,0.026,1,Metamorphics,IND2497,653,638.0,688.0,1.3317937850952148,0.0,26.33,28.930000000000007,27.43,30.73,0.8664,0.6463,1.3406,0.4913,1.1542,50.0,26.33,3.3,Geological Survey of India / Karnataka DGM,newly_added_v2
Kumsi,Karnataka,14.047437,75.40728,0.15,0.1852,0.1866,0.3712,0.3396,0.2518,0.3309,0.366,1,Metamorphics,IND2497,655,640.0,690.0,2.085953950881958,0.0,27.09,28.930000000000007,27.43,30.73,0.9149,0.6783,1.3487,0.5495,1.0931,50.0,27.09,3.3,Geological Survey of India / Karnataka DGM,newly_added_v2
Kumsi,Karnataka,14.041618,75.405464,0.1796,0.2176,0.2646,0.3574,0.5028,0.4306,0.1492,0.38,1,Metamorphics,IND2497,660,645.0,695.0,5.86372709274292,2.86,30.86,28.840000000000032,27.34,30.64,1.4068,1.2048,1.1677,0.5263,0.7108,50.0,28.0,3.3,Geological Survey of India / Karnataka DGM,newly_added_v2
Kumsi,Karnataka,14.044236,75.404394,0.1792,0.2111,0.2231,0.3865,0.4185,0.3242,0.268,0.107,1,Metamorphics,IND2497,649,634.0,684.0,1.3317921161651611,0.0,26.33,28.930000000000007,27.43,30.73,1.0828,0.8388,1.2909,0.5331,0.9235,50.0,26.33,3.3,Geological Survey of India / Karnataka DGM,newly_added_v2
Kumsi,Karnataka,14.045724,75.404559,0.1508,0.172,0.1798,0.3404,0.3602,0.2674,0.3087,0.094,1,Metamorphics,IND2497,656,641.0,691.0,3.0116796493530273,0.01,28.01,28.930000000000007,27.43,30.73,1.0582,0.7855,1.347,0.4992,0.945,50.0,28.0,3.3,Geological Survey of India / Karnataka DGM,newly_added_v2
Kumsi,Karnataka,14.045314,75.403,0.1946,0.2252,0.2574,0.3941,0.4579,0.367,0.2098,0.219,1,Metamorphics,IND2497,652,637.0,687.0,3.3722612857818604,0.37,28.37,29.04000000000002,27.54,30.84,1.1619,0.9312,1.2477,0.5621,0.8607,50.0,28.0,3.3,Geological Survey of India / Karnataka DGM,newly_added_v2
Kumsi,Karnataka,14.043621,75.404695,0.1978,0.2408,0.275,0.4301,0.5489,0.4104,0.22,0.157,1,Metamorphics,IND2497,653,638.0,688.0,0.9274099469184875,0.0,25.93,28.930000000000007,27.43,30.73,1.2762,0.9542,1.3375,0.501,0.7836,50.0,25.93,3.3,Geological Survey of India / Karnataka DGM,newly_added_v2
Kumsi,Karnataka,14.044903,75.406379,0.1828,0.2092,0.2484,0.3872,0.4723,0.3651,0.2184,0.149,1,Metamorphics,IND2497,652,637.0,687.0,1.331792950630188,0.0,26.33,28.930000000000007,27.43,30.73,1.2198,0.9429,1.2936,0.5259,0.8198,50.0,26.33,3.3,Geological Survey of India / Karnataka DGM,newly_added_v2
Kumsi,Karnataka,14.043162,75.405032,0.186,0.226,0.2454,0.4302,0.5178,0.3848,0.2735,0.205,1,Metamorphics,IND2497,655,640.0,690.0,2.0859460830688477,0.0,27.09,28.930000000000007,27.43,30.73,1.2036,0.8945,1.3456,0.4739,0.8308,50.0,27.09,3.3,Geological Survey of India / Karnataka DGM,newly_added_v2
Kumsi,Karnataka,14.045495,75.40494,0.1784,0.2155,0.2234,0.3864,0.431,0.3276,0.2673,0.055,1,Metamorphics,IND2497,652,637.0,687.0,2.1242427825927734,0.0,27.12,28.930000000000007,27.43,30.73,1.1154,0.8478,1.3156,0.5183,0.8965,50.0,27.12,3.3,Geological Survey of India / Karnataka DGM,newly_added_v2
Kumsi,Karnataka,14.068271,75.36706,0.1457,0.1686,0.1637,0.3234,0.3458,0.2524,0.3279,4.847,0,Metamorphics,IND2497,659,644.0,694.0,4.243006229400635,1.24,29.24,27.660000000000025,26.16,29.46,1.0693,0.7805,1.37,0.4734,0.9352,50.0,28.0,3.3,Geological Survey of India / Karnataka DGM,newly_added_v2
Kumsi,Karnataka,14.001309,75.452536,0.1729,0.1969,0.2274,0.33,0.4859,0.3753,0.1841,7.072,0,Metamorphics,IND2497,671,656.0,706.0,4.724210739135742,1.72,29.72,29.370000000000005,27.87,31.17,1.4724,1.1373,1.2947,0.468,0.6792,50.0,28.0,3.3,Geological Survey of India / Karnataka DGM,newly_added_v2
Kumsi,Karnataka,14.007077,75.388801,0.1784,0.2042,0.2303,0.3837,0.4185,0.3454,0.2498,4.57,0,Metamorphics,IND2497,666,651.0,701.0,1.3316807746887207,0.0,26.33,29.49000000000001,27.99,31.29,1.0907,0.9002,1.2116,0.5503,0.9168,50.0,26.33,3.3,Geological Survey of India / Karnataka DGM,newly_added_v2
Kumsi,Karnataka,14.064707,75.431505,0.1397,0.174,0.1546,0.4044,0.2958,0.2134,0.4469,3.606,0,Metamorphics,IND2497,680,665.0,715.0,2.085986852645874,0.0,27.09,28.230000000000018,26.73,30.03,0.7315,0.5277,1.3861,0.5227,1.3671,50.0,27.09,3.3,Geological Survey of India / Karnataka DGM,newly_added_v2
Kumsi,Karnataka,14.07634,75.390962,0.1425,0.1693,0.1554,0.3219,0.3227,0.2228,0.3488,3.804,0,Metamorphics,IND2497,712,697.0,747.0,3.704791784286499,0.7,28.7,25.920000000000016,24.42,27.72,1.0025,0.6921,1.4484,0.4816,0.9975,50.0,28.0,3.3,Geological Survey of India / Karnataka DGM,newly_added_v2
Kumsi,Karnataka,14.002885,75.429734,0.2015,0.2398,0.2657,0.3956,0.4486,0.3559,0.1964,5.396,0,Metamorphics,IND2497,688,673.0,723.0,1.3316675424575806,0.0,26.33,30.210000000000036,28.71,32.01,1.134,0.8996,1.2605,0.5923,0.8819,50.0,26.33,3.3,Geological Survey of India / Karnataka DGM,newly_added_v2
Kumsi,Karnataka,14.030905,75.431482,0.1451,0.1705,0.1758,0.3247,0.3621,0.258,0.2975,3.262,0,Metamorphics,IND2497,683,668.0,718.0,0.9274099469184875,0.0,25.93,29.49000000000001,27.99,31.29,1.1152,0.7946,1.4035,0.4855,0.8967,50.0,25.93,3.3,Geological Survey of India / Karnataka DGM,newly_added_v2
Kumsi,Karnataka,14.064766,75.369725,0.1464,0.1646,0.1688,0.346,0.3553,0.25,0.3442,4.399,0,Metamorphics,IND2497,693,678.0,728.0,9.647598266601562,6.65,34.65,26.920000000000016,25.42,28.72,1.0269,0.7225,1.4212,0.4751,0.9738,50.0,28.0,3.3,Geological Survey of India / Karnataka DGM,newly_added_v2
Kumsi,Karnataka,14.01968,75.366797,0.1468,0.1692,0.1658,0.2992,0.356,0.2622,0.2869,4.997,0,Metamorphics,IND2497,652,637.0,687.0,5.513647079467773,2.51,30.51,27.03000000000003,25.53,28.83,1.1898,0.8763,1.3577,0.4657,0.8404,50.0,28.0,3.3,Geological Survey of India / Karnataka DGM,newly_added_v2
Kumsi,Karnataka,14.042551,75.4598,0.1911,0.2176,0.2509,0.342,0.4638,0.4021,0.1537,5.924,0,Metamorphics,IND2497,665,650.0,700.0,2.085944414138794,0.0,27.09,29.690000000000055,28.19,31.49,1.3561,1.1757,1.1534,0.541,0.7374,50.0,27.09,3.3,Geological Survey of India / Karnataka DGM,newly_added_v2
Kumsi,Karnataka,14.103051,75.392218,0.1434,0.1678,0.1621,0.3121,0.34,0.2348,0.3163,6.608,0,Metamorphics,IND2497,672,657.0,707.0,0.0,0.0,25.0,26.410000000000025,24.91,28.21,1.0894,0.7523,1.448,0.4768,0.9179,50.0,25.0,3.3,Geological Survey of India / Karnataka DGM,newly_added_v2
Kumsi,Karnataka,13.99381,75.408122,0.1754,0.2095,0.248,0.373,0.5129,0.404,0.2013,5.708,0,Metamorphics,IND2497,673,658.0,708.0,7.208233833312988,4.21,32.21,29.590000000000032,28.09,31.39,1.3751,1.0831,1.2696,0.4835,0.7272,50.0,28.0,3.3,Geological Survey of India / Karnataka DGM,newly_added_v2
Kumsi,Karnataka,14.053369,75.375288,0.1514,0.169,0.1772,0.3062,0.3778,0.2754,0.2669,3.341,0,Metamorphics,IND2497,691,676.0,726.0,12.27274227142334,9.27,37.27,27.33000000000004,25.83,29.13,1.2338,0.8994,1.3718,0.469,0.8105,50.0,28.0,3.3,Geological Survey of India / Karnataka DGM,newly_added_v2
Kumsi,Karnataka,14.039425,75.374551,0.1522,0.1849,0.1816,0.362,0.346,0.2557,0.3319,3.346,0,Metamorphics,IND2497,638,623.0,673.0,1.8543341159820557,0.0,26.85,27.54000000000002,26.04,29.34,0.9558,0.7064,1.3531,0.5249,1.0462,50.0,26.85,3.3,Geological Survey of India / Karnataka DGM,newly_added_v2
Kumsi,Karnataka,14.083476,75.382179,0.1408,0.1609,0.1536,0.3186,0.3433,0.2328,0.3494,4.942,0,Metamorphics,IND2497,695,680.0,730.0,8.28945255279541,5.29,33.29,26.27000000000004,24.77,28.07,1.0775,0.7307,1.4747,0.4474,0.9281,50.0,28.0,3.3,Geological Survey of India / Karnataka DGM,newly_added_v2
Kumsi,Karnataka,14.015575,75.367475,0.1454,0.168,0.1624,0.2942,0.3496,0.2508,0.2887,5.211,0,Metamorphics,IND2497,665,650.0,700.0,2.085893154144287,0.0,27.09,26.720000000000027,25.22,28.52,1.1883,0.8525,1.3939,0.4645,0.8415,50.0,27.09,3.3,Geological Survey of India / Karnataka DGM,newly_added_v2
Kumsi,Karnataka,14.069531,75.410456,0.1768,0.216,0.2786,0.3863,0.5089,0.4095,0.162,2.794,0,Metamorphics,IND2497,685,670.0,720.0,3.8255064487457275,0.83,28.83,27.53000000000003,26.03,29.33,1.3174,1.0601,1.2427,0.5475,0.7591,50.0,28.0,3.3,Geological Survey of India / Karnataka DGM,newly_added_v2
Kumsi,Karnataka,14.101936,75.383948,0.1478,0.1649,0.1717,0.2769,0.375,0.2764,0.2345,6.733,0,Metamorphics,IND2497,661,646.0,696.0,2.124668836593628,0.0,27.12,26.460000000000036,24.96,28.26,1.3543,0.9982,1.3567,0.4579,0.7384,50.0,27.12,3.3,Geological Survey of India / Karnataka DGM,newly_added_v2
Kumsi,Karnataka,14.049721,75.351131,0.1574,0.1909,0.1923,0.3678,0.3978,0.2892,0.3133,5.841,0,Metamorphics,IND2497,640,625.0,675.0,5.312911033630371,2.31,30.31,27.27000000000004,25.77,29.07,1.0816,0.7863,1.3755,0.4834,0.9246,50.0,28.0,3.3,Geological Survey of India / Karnataka DGM,newly_added_v2
Kumsi,Karnataka,14.067509,75.369699,0.1441,0.1617,0.1609,0.3303,0.3428,0.2398,0.3449,4.562,0,Metamorphics,IND2497,676,661.0,711.0,2.6622846126556396,0.0,27.66,27.30000000000001,25.8,29.1,1.0378,0.726,1.4295,0.4694,0.9635,50.0,27.66,3.3,Geological Survey of India / Karnataka DGM,newly_added_v2
Kumsi,Karnataka,14.036265,75.372354,0.1581,0.181,0.1984,0.3303,0.3947,0.3111,0.2495,3.657,0,Metamorphics,IND2497,645,630.0,680.0,5.628296375274658,2.63,30.63,27.54000000000002,26.04,29.34,1.195,0.9419,1.2687,0.5027,0.8368,50.0,28.0,3.3,Geological Survey of India / Karnataka DGM,newly_added_v2
Kumsi,Karnataka,14.022146,75.404151,0.1395,0.1757,0.1498,0.4671,0.2906,0.198,0.5143,2.546,0,Metamorphics,IND2497,662,647.0,697.0,1.8543341159820557,0.0,26.85,29.560000000000002,28.06,31.36,0.6221,0.4239,1.4677,0.5155,1.6074,50.0,26.85,3.3,Geological Survey of India / Karnataka DGM,newly_added_v2
Kumsi,Karnataka,14.016047,75.377728,0.2024,0.2334,0.2736,0.39,0.4994,0.3981,0.1754,4.366,0,Metamorphics,IND2497,642,627.0,677.0,2.939526081085205,0.0,27.94,28.55000000000001,27.05,30.35,1.2805,1.0208,1.2545,0.5479,0.7809,50.0,27.94,3.3,Geological Survey of India / Karnataka DGM,newly_added_v2
Kumsi,Karnataka,14.006023,75.36889,0.1407,0.1629,0.1514,0.3518,0.3131,0.2201,0.3983,5.834,0,Metamorphics,IND2497,704,689.0,739.0,2.865339517593384,0.0,27.87,26.99000000000001,25.49,28.79,0.89,0.6256,1.4225,0.4836,1.1236,50.0,27.87,3.3,Geological Survey of India / Karnataka DGM,newly_added_v2
Kumsi,Karnataka,14.000967,75.408471,0.1927,0.2242,0.2594,0.3838,0.5036,0.3972,0.1934,4.916,0,Metamorphics,IND2497,663,648.0,698.0,3.4112906455993652,0.41,28.41,29.840000000000032,28.34,31.64,1.3121,1.0349,1.2679,0.5151,0.7621,50.0,28.0,3.3,Geological Survey of India / Karnataka DGM,newly_added_v2
Kumsi,Karnataka,14.023433,75.397522,0.163,0.1876,0.2147,0.3317,0.4501,0.3556,0.2141,2.533,0,Metamorphics,IND2497,665,650.0,700.0,3.372159242630005,0.37,28.37,29.560000000000002,28.06,31.36,1.3569,1.0721,1.2657,0.477,0.7369,50.0,28.0,3.3,Geological Survey of India / Karnataka DGM,newly_added_v2
Kumsi,Karnataka,14.022402,75.400645,0.1736,0.207,0.2181,0.4065,0.428,0.325,0.3016,2.559,0,Metamorphics,IND2497,667,652.0,702.0,2.7802884578704834,0.0,27.78,29.560000000000002,28.06,31.36,1.0529,0.7995,1.3169,0.5096,0.9498,50.0,27.78,3.3,Geological Survey of India / Karnataka DGM,newly_added_v2
Kumsi,Karnataka,14.07945,75.399941,0.1414,0.1679,0.1581,0.3293,0.3312,0.232,0.3513,3.874,0,Metamorphics,IND2497,710,695.0,745.0,2.7802884578704834,0.0,27.78,26.910000000000025,25.41,28.71,1.0058,0.7045,1.4276,0.4774,0.9943,50.0,27.78,3.3,Geological Survey of India / Karnataka DGM,newly_added_v2
Kumsi,Karnataka,14.053977,75.382917,0.1786,0.2132,0.2582,0.3845,0.5139,0.4084,0.1965,2.586,0,Metamorphics,IND2497,676,661.0,711.0,2.0859663486480713,0.0,27.09,28.05000000000001,26.55,29.85,1.3365,1.0622,1.2583,0.5024,0.7482,50.0,27.09,3.3,Geological Survey of India / Karnataka DGM,newly_added_v2
Kumsi,Karnataka,14.063226,75.353993,0.139,0.162,0.1445,0.4264,0.3171,0.2189,0.4938,5.87,0,Metamorphics,IND2497,632,617.0,667.0,4.718957424163818,1.72,29.72,27.390000000000043,25.89,29.19,0.7437,0.5134,1.4486,0.4557,1.3447,50.0,28.0,3.3,Geological Survey of India / Karnataka DGM,newly_added_v2
Kumsi,Karnataka,14.094538,75.445656,0.1486,0.1707,0.1766,0.3198,0.372,0.2655,0.2885,7.049,0,Metamorphics,IND2497,772,757.0,807.0,10.77725601196289,7.78,35.78,26.54000000000002,25.04,28.34,1.1632,0.8302,1.4011,0.4747,0.8597,50.0,28.0,3.3,Geological Survey of India / Karnataka DGM,newly_added_v2
Kumsi,Karnataka,14.060893,75.427223,0.1728,0.209,0.2222,0.4017,0.4502,0.3531,0.2877,2.982,0,Metamorphics,IND2497,672,657.0,707.0,2.08597993850708,0.0,27.09,28.230000000000018,26.73,30.03,1.1207,0.879,1.275,0.4936,0.8923,50.0,27.09,3.3,Geological Survey of India / Karnataka DGM,newly_added_v2
Kumsi,Karnataka,14.01435,75.399699,0.1448,0.1563,0.1381,0.1261,0.1264,0.1204,-0.0454,3.46,0,Metamorphics,IND2497,654,639.0,689.0,5.988692760467529,2.99,30.99,29.650000000000034,28.15,31.45,1.0024,0.9548,1.0498,1.0926,0.9976,50.0,28.0,3.3,Geological Survey of India / Karnataka DGM,newly_added_v2
Kumsi,Karnataka,14.038582,75.465534,0.1914,0.2213,0.2448,0.38,0.4638,0.375,0.2164,6.576,0,Metamorphics,IND2497,644,629.0,679.0,0.9559569358825684,0.0,25.96,29.750000000000057,28.25,31.55,1.2205,0.9868,1.2368,0.5278,0.8193,50.0,25.96,3.3,Geological Survey of India / Karnataka DGM,newly_added_v2
Kumsi,Karnataka,14.016865,75.434721,0.2034,0.2476,0.3056,0.4114,0.5656,0.4572,0.1476,4.484,0,Metamorphics,IND2497,681,666.0,716.0,5.312521934509277,2.31,30.31,30.190000000000055,28.69,31.99,1.3748,1.1113,1.2371,0.5403,0.7274,50.0,28.0,3.3,Geological Survey of India / Karnataka DGM,newly_added_v2
Kumsi,Karnataka,14.007652,75.38834,0.1467,0.174,0.17,0.3825,0.3498,0.2623,0.3846,4.53,0,Metamorphics,IND2497,666,651.0,701.0,0.9558284878730774,0.0,25.96,29.49000000000001,27.99,31.29,0.9145,0.6858,1.3336,0.486,1.0935,50.0,25.96,3.3,Geological Survey of India / Karnataka DGM,newly_added_v2
Kumsi,Karnataka,14.055115,75.473205,0.195,0.228,0.2653,0.394,0.5067,0.4098,0.1952,7.451,0,Metamorphics,IND2497,648,633.0,683.0,4.679049968719482,1.68,29.68,30.160000000000025,28.66,31.96,1.286,1.0401,1.2365,0.5236,0.7776,50.0,28.0,3.3,Geological Survey of India / Karnataka DGM,newly_added_v2
Kumsi,Karnataka,14.07568,75.360221,0.1544,0.1819,0.1876,0.375,0.3762,0.2887,0.3331,5.92,0,Metamorphics,IND2497,627,612.0,662.0,2.086007595062256,0.0,27.09,28.060000000000002,26.56,29.86,1.0032,0.7699,1.3031,0.4987,0.9968,50.0,27.09,3.3,Geological Survey of India / Karnataka DGM,newly_added_v2
Kumsi,Karnataka,14.077583,75.363463,0.1472,0.181,0.1657,0.4317,0.3703,0.2589,0.4453,5.769,0,Metamorphics,IND2497,626,611.0,661.0,1.3318911790847778,0.0,26.33,27.380000000000052,25.88,29.18,0.8578,0.5997,1.4303,0.4475,1.1658,50.0,26.33,3.3,Geological Survey of India / Karnataka DGM,newly_added_v2
Kumsi,Karnataka,14.09209,75.437324,0.141,0.1614,0.1516,0.2986,0.3219,0.2228,0.3265,6.298,0,Metamorphics,IND2497,732,717.0,767.0,2.939628839492798,0.0,27.94,26.54000000000002,25.04,28.34,1.078,0.7461,1.4448,0.471,0.9276,50.0,27.94,3.3,Geological Survey of India / Karnataka DGM,newly_added_v2
Kumsi,Karnataka,14.007653,75.391765,0.1887,0.2216,0.2673,0.3488,0.5326,0.4454,0.1323,4.396,0,Metamorphics,IND2497,668,653.0,703.0,0.9558284878730774,0.0,25.96,29.49000000000001,27.99,31.29,1.5269,1.2769,1.1958,0.5019,0.6549,50.0,25.96,3.3,Geological Survey of India / Karnataka DGM,newly_added_v2
Kumsi,Karnataka,14.069934,75.406528,0.1753,0.2182,0.2826,0.3865,0.515,0.4022,0.1553,2.781,0,Metamorphics,IND2497,686,671.0,721.0,3.704791784286499,0.7,28.7,27.53000000000003,26.03,29.33,1.3325,1.0406,1.2805,0.5487,0.7505,50.0,28.0,3.3,Geological Survey of India / Karnataka DGM,newly_added_v2
Kumsi,Karnataka,14.014844,75.405028,0.1725,0.2086,0.2155,0.4081,0.4302,0.3238,0.3089,3.357,0,Metamorphics,IND2497,663,648.0,698.0,3.704791784286499,0.7,28.7,29.80000000000001,28.3,31.6,1.0542,0.7934,1.3286,0.5009,0.9486,50.0,28.0,3.3,Geological Survey of India / Karnataka DGM,newly_added_v2
Kumsi,Karnataka,14.05399,75.362765,0.1514,0.176,0.1774,0.3009,0.373,0.2729,0.2582,4.67,0,Metamorphics,IND2497,648,633.0,683.0,2.939577102661133,0.0,27.94,27.07000000000005,25.57,28.87,1.2396,0.9069,1.3668,0.4756,0.8067,50.0,27.94,3.3,Geological Survey of India / Karnataka DGM,newly_added_v2
Kumsi,Karnataka,14.075041,75.366576,0.147,0.1677,0.177,0.2719,0.3873,0.2955,0.2114,5.329,0,Metamorphics,IND2497,641,626.0,676.0,1.8543341159820557,0.0,26.85,27.380000000000052,25.88,29.18,1.4244,1.0868,1.3107,0.457,0.702,50.0,26.85,3.3,Geological Survey of India / Karnataka DGM,newly_added_v2
Garividi,Andhra Pradesh,18.28252,83.53291,0.2008,0.2236,0.2552,0.2967,0.3618,0.3367,0.0752,0.054,1,Metamorphics,IND2497,97,82.0,132.0,1.8543341159820557,0.0,26.85,31.99000000000001,30.49,33.79,1.2194,1.1348,1.0745,0.7054,0.8201,50.0,26.85,3.3,FACOR / IBM Indian Minerals Yearbook,newly_added_v2
Garividi,Andhra Pradesh,18.283076,83.533324,0.2076,0.2312,0.2542,0.329,0.374,0.329,0.1283,0.035,1,Metamorphics,IND2497,95,80.0,130.0,1.8543341159820557,0.0,26.85,31.99000000000001,30.49,33.79,1.1368,1.0,1.1368,0.6797,0.8797,50.0,26.85,3.3,FACOR / IBM Indian Minerals Yearbook,newly_added_v2
Garividi,Andhra Pradesh,18.285272,83.530958,0.162,0.1936,0.1879,0.4054,0.3114,0.2276,0.3666,0.333,1,Metamorphics,IND2497,90,75.0,125.0,0.9767194390296936,0.0,25.98,31.57000000000005,30.07,33.37,0.7681,0.5614,1.3682,0.6034,1.3019,50.0,25.98,3.3,FACOR / IBM Indian Minerals Yearbook,newly_added_v2
Garividi,Andhra Pradesh,18.284644,83.533522,0.185,0.2141,0.236,0.3678,0.3994,0.3196,0.2183,0.191,1,Metamorphics,IND2497,93,78.0,128.0,4.717023849487305,1.72,29.72,31.57000000000005,30.07,33.37,1.0859,0.869,1.2497,0.5909,0.9209,50.0,28.0,3.3,FACOR / IBM Indian Minerals Yearbook,newly_added_v2
Garividi,Andhra Pradesh,18.283375,83.532801,0.1964,0.2241,0.2431,0.3304,0.3738,0.3269,0.1522,0.047,1,Metamorphics,IND2497,94,79.0,129.0,0.9767084717750549,0.0,25.98,31.57000000000005,30.07,33.37,1.1314,0.9894,1.1435,0.6503,0.8839,50.0,25.98,3.3,FACOR / IBM Indian Minerals Yearbook,newly_added_v2
Garividi,Andhra Pradesh,18.280155,83.531736,0.1649,0.1854,0.1926,0.3561,0.3588,0.2798,0.298,0.344,1,Metamorphics,IND2497,97,82.0,132.0,0.9766913056373596,0.0,25.98,31.99000000000001,30.49,33.79,1.0076,0.7857,1.2823,0.5368,0.9925,50.0,25.98,3.3,FACOR / IBM Indian Minerals Yearbook,newly_added_v2
Garividi,Andhra Pradesh,18.283258,83.53287,0.1838,0.2077,0.2116,0.3735,0.3766,0.3108,0.2767,0.032,1,Metamorphics,IND2497,96,81.0,131.0,1.8543341159820557,0.0,26.85,31.99000000000001,30.49,33.79,1.0083,0.8321,1.2117,0.5619,0.9918,50.0,26.85,3.3,FACOR / IBM Indian Minerals Yearbook,newly_added_v2
Garividi,Andhra Pradesh,18.284162,83.532698,0.1531,0.1793,0.1687,0.484,0.3442,0.2436,0.4831,0.133,1,Metamorphics,IND2497,96,81.0,131.0,3.0707547664642334,0.07,28.07,31.57000000000005,30.07,33.37,0.7112,0.5033,1.413,0.4901,1.4062,50.0,28.0,3.3,FACOR / IBM Indian Minerals Yearbook,newly_added_v2
Garividi,Andhra Pradesh,18.283029,83.530812,0.1927,0.2242,0.2508,0.384,0.4281,0.3547,0.2098,0.231,1,Metamorphics,IND2497,95,80.0,130.0,5.019272327423096,2.02,30.02,31.99000000000001,30.49,33.79,1.1148,0.9237,1.2069,0.5858,0.897,50.0,28.0,3.3,FACOR / IBM Indian Minerals Yearbook,newly_added_v2
Garividi,Andhra Pradesh,18.281006,83.534561,0.1839,0.2036,0.2146,0.2649,0.3009,0.2608,0.1049,0.277,1,Metamorphics,IND2497,98,83.0,133.0,2.9463448524475098,0.0,27.95,31.310000000000002,29.81,33.11,1.1359,0.9845,1.1538,0.7132,0.8804,50.0,27.95,3.3,FACOR / IBM Indian Minerals Yearbook,newly_added_v2
Garividi,Andhra Pradesh,18.283224,83.533385,0.2019,0.2259,0.2608,0.318,0.4012,0.3612,0.0988,0.048,1,Metamorphics,IND2497,96,81.0,131.0,1.3467414379119873,0.0,26.35,31.99000000000001,30.49,33.79,1.2616,1.1358,1.1107,0.65,0.7926,50.0,26.35,3.3,FACOR / IBM Indian Minerals Yearbook,newly_added_v2
Garividi,Andhra Pradesh,18.283486,83.532131,0.202,0.2283,0.2498,0.3397,0.3732,0.3191,0.1525,0.107,1,Metamorphics,IND2497,95,80.0,130.0,2.6919987201690674,0.0,27.69,31.57000000000005,30.07,33.37,1.0986,0.9394,1.1695,0.6693,0.9102,50.0,27.69,3.3,FACOR / IBM Indian Minerals Yearbook,newly_added_v2
Garividi,Andhra Pradesh,18.284145,83.532083,0.1564,0.1794,0.1764,0.2961,0.2794,0.2199,0.2533,0.16,1,Metamorphics,IND2497,97,82.0,132.0,0.9274099469184875,0.0,25.93,31.57000000000005,30.07,33.37,0.9436,0.7427,1.2706,0.6314,1.0598,50.0,25.93,3.3,FACOR / IBM Indian Minerals Yearbook,newly_added_v2
Garividi,Andhra Pradesh,18.283044,83.531682,0.2093,0.2196,0.2282,0.3652,0.3908,0.335,0.2309,0.139,1,Metamorphics,IND2497,98,83.0,133.0,3.070736885070801,0.07,28.07,31.99000000000001,30.49,33.79,1.0701,0.9173,1.1666,0.5839,0.9345,50.0,28.0,3.3,FACOR / IBM Indian Minerals Yearbook,newly_added_v2
Garividi,Andhra Pradesh,18.283631,83.532952,0.1976,0.2215,0.2313,0.3626,0.3778,0.323,0.2211,0.07,1,Metamorphics,IND2497,95,80.0,130.0,0.9274099469184875,0.0,25.93,31.57000000000005,30.07,33.37,1.0419,0.8908,1.1697,0.6122,0.9598,50.0,25.93,3.3,FACOR / IBM Indian Minerals Yearbook,newly_added_v2
Garividi,Andhra Pradesh,18.280478,83.532987,0.1844,0.2182,0.2296,0.3782,0.3866,0.3239,0.2445,0.281,1,Metamorphics,IND2497,95,80.0,130.0,0.9766928553581238,0.0,25.98,31.310000000000002,29.81,33.11,1.0222,0.8564,1.1936,0.5939,0.9783,50.0,25.98,3.3,FACOR / IBM Indian Minerals Yearbook,newly_added_v2
Garividi,Andhra Pradesh,18.286143,83.534161,0.1815,0.206,0.211,0.3736,0.3863,0.311,0.2781,0.371,1,Metamorphics,IND2497,94,79.0,129.0,5.6318182945251465,2.63,30.63,31.57000000000005,30.07,33.37,1.034,0.8324,1.2421,0.5462,0.9671,50.0,28.0,3.3,FACOR / IBM Indian Minerals Yearbook,newly_added_v2
Garividi,Andhra Pradesh,18.283842,83.531576,0.2146,0.2416,0.2705,0.3244,0.3906,0.3536,0.0906,0.177,1,Metamorphics,IND2497,98,83.0,133.0,1.3467437028884888,0.0,26.35,31.57000000000005,30.07,33.37,1.2041,1.09,1.1046,0.6925,0.8305,50.0,26.35,3.3,FACOR / IBM Indian Minerals Yearbook,newly_added_v2
Garividi,Andhra Pradesh,18.283153,83.53166,0.1845,0.2072,0.2192,0.3224,0.389,0.332,0.1905,0.143,1,Metamorphics,IND2497,98,83.0,133.0,3.070736885070801,0.07,28.07,31.99000000000001,30.49,33.79,1.2066,1.0298,1.1717,0.5635,0.8288,50.0,28.0,3.3,FACOR / IBM Indian Minerals Yearbook,newly_added_v2
Garividi,Andhra Pradesh,18.280397,83.53508,0.1614,0.1786,0.1854,0.3034,0.3311,0.2594,0.2414,0.364,1,Metamorphics,IND2497,100,85.0,135.0,1.8543341159820557,0.0,26.85,31.310000000000002,29.81,33.11,1.0913,0.855,1.2764,0.56,0.9163,50.0,26.85,3.3,FACOR / IBM Indian Minerals Yearbook,newly_added_v2
Garividi,Andhra Pradesh,18.285635,83.533523,0.1996,0.2253,0.2465,0.3328,0.3717,0.3204,0.149,0.298,1,Metamorphics,IND2497,95,80.0,130.0,4.185450553894043,1.19,29.19,31.57000000000005,30.07,33.37,1.1169,0.9627,1.1601,0.6632,0.8953,50.0,28.0,3.3,FACOR / IBM Indian Minerals Yearbook,newly_added_v2
Garividi,Andhra Pradesh,18.284062,83.532948,0.1582,0.1814,0.1713,0.411,0.342,0.2494,0.4116,0.118,1,Metamorphics,IND2497,94,79.0,129.0,0.9274099469184875,0.0,25.93,31.57000000000005,30.07,33.37,0.8321,0.6068,1.3713,0.5009,1.2018,50.0,25.93,3.3,FACOR / IBM Indian Minerals Yearbook,newly_added_v2
Garividi,Andhra Pradesh,18.28191,83.534464,0.2089,0.2306,0.2659,0.3004,0.3881,0.3556,0.0609,0.197,1,Metamorphics,IND2497,98,83.0,133.0,3.901141405105591,0.9,28.9,31.310000000000002,29.81,33.11,1.2919,1.1838,1.0914,0.6851,0.774,50.0,28.0,3.3,FACOR / IBM Indian Minerals Yearbook,newly_added_v2
Garividi,Andhra Pradesh,18.280068,83.53441,0.1588,0.1797,0.1783,0.3196,0.3182,0.2544,0.2838,0.359,1,Metamorphics,IND2497,96,81.0,131.0,8.23764705657959,5.24,33.24,31.310000000000002,29.81,33.11,0.9956,0.796,1.2508,0.5603,1.0044,50.0,28.0,3.3,FACOR / IBM Indian Minerals Yearbook,newly_added_v2
Garividi,Andhra Pradesh,18.281734,83.53088,0.2103,0.2334,0.2618,0.2968,0.3818,0.3588,0.0627,0.265,1,Metamorphics,IND2497,96,81.0,131.0,0.0,0.0,25.0,31.99000000000001,30.49,33.79,1.2864,1.2089,1.0641,0.6857,0.7774,50.0,25.0,3.3,FACOR / IBM Indian Minerals Yearbook,newly_added_v2
Garividi,Andhra Pradesh,18.282664,83.532674,0.1973,0.2165,0.2376,0.2666,0.3327,0.3062,0.0575,0.051,1,Metamorphics,IND2497,97,82.0,132.0,2.7802884578704834,0.0,27.78,31.99000000000001,30.49,33.79,1.2479,1.1485,1.0865,0.7142,0.8013,50.0,27.78,3.3,FACOR / IBM Indian Minerals Yearbook,newly_added_v2
Garividi,Andhra Pradesh,18.282366,83.53017,0.2104,0.2386,0.2709,0.3374,0.4074,0.3616,0.1093,0.307,1,Metamorphics,IND2497,95,80.0,130.0,2.6919918060302734,0.0,27.69,31.99000000000001,30.49,33.79,1.2075,1.0717,1.1267,0.6649,0.8282,50.0,27.69,3.3,FACOR / IBM Indian Minerals Yearbook,newly_added_v2
Garividi,Andhra Pradesh,18.283252,83.533386,0.2019,0.2259,0.2608,0.318,0.4012,0.3612,0.0988,0.05,1,Metamorphics,IND2497,96,81.0,131.0,1.3467414379119873,0.0,26.35,31.99000000000001,30.49,33.79,1.2616,1.1358,1.1107,0.65,0.7926,50.0,26.35,3.3,FACOR / IBM Indian Minerals Yearbook,newly_added_v2
Garividi,Andhra Pradesh,18.281346,83.531052,0.2125,0.2338,0.2548,0.3346,0.4132,0.3697,0.1354,0.276,1,Metamorphics,IND2497,97,82.0,132.0,1.8543341159820557,0.0,26.85,31.99000000000001,30.49,33.79,1.2349,1.1049,1.1177,0.6167,0.8098,50.0,26.85,3.3,FACOR / IBM Indian Minerals Yearbook,newly_added_v2
Garividi,Andhra Pradesh,18.281954,83.535474,0.1612,0.1771,0.1801,0.3354,0.3194,0.2378,0.3013,0.286,1,Metamorphics,IND2497,98,83.0,133.0,3.901141405105591,0.9,28.9,31.310000000000002,29.81,33.11,0.9523,0.709,1.3431,0.5639,1.0501,50.0,28.0,3.3,FACOR / IBM Indian Minerals Yearbook,newly_added_v2
Garividi,Andhra Pradesh,18.283524,83.533018,0.1956,0.2208,0.2287,0.344,0.3784,0.3236,0.2013,0.058,1,Metamorphics,IND2497,95,80.0,130.0,1.3467425107955933,0.0,26.35,31.57000000000005,30.07,33.37,1.1,0.9407,1.1693,0.6044,0.9091,50.0,26.35,3.3,FACOR / IBM Indian Minerals Yearbook,newly_added_v2
Garividi,Andhra Pradesh,18.28225,83.533955,0.1728,0.1938,0.1838,0.4414,0.3759,0.2821,0.412,0.131,1,Metamorphics,IND2497,96,81.0,131.0,1.3467391729354858,0.0,26.35,31.310000000000002,29.81,33.11,0.8516,0.6391,1.3325,0.489,1.1742,50.0,26.35,3.3,FACOR / IBM Indian Minerals Yearbook,newly_added_v2
Garividi,Andhra Pradesh,18.283708,83.53382,0.2019,0.222,0.2454,0.2926,0.3817,0.3455,0.0877,0.117,1,Metamorphics,IND2497,98,83.0,133.0,2.161571741104126,0.0,27.16,31.57000000000005,30.07,33.37,1.3045,1.1808,1.1048,0.6429,0.7666,50.0,27.16,3.3,FACOR / IBM Indian Minerals Yearbook,newly_added_v2
Garividi,Andhra Pradesh,18.282255,83.533261,0.1922,0.2129,0.2264,0.3249,0.3822,0.3392,0.1787,0.087,1,Metamorphics,IND2497,97,82.0,132.0,1.3467391729354858,0.0,26.35,31.99000000000001,30.49,33.79,1.1764,1.044,1.1268,0.5924,0.8501,50.0,26.35,3.3,FACOR / IBM Indian Minerals Yearbook,newly_added_v2
Garividi,Andhra Pradesh,18.281347,83.534135,0.2095,0.2305,0.2533,0.3012,0.3909,0.3576,0.0864,0.22,1,Metamorphics,IND2497,99,84.0,134.0,2.0955100059509277,0.0,27.1,31.310000000000002,29.81,33.11,1.2978,1.1873,1.0931,0.648,0.7705,50.0,27.1,3.3,FACOR / IBM Indian Minerals Yearbook,newly_added_v2
Garividi,Andhra Pradesh,18.282839,83.533221,0.1879,0.2066,0.2238,0.2836,0.3492,0.3244,0.1179,0.029,1,Metamorphics,IND2497,95,80.0,130.0,1.8543341159820557,0.0,26.85,31.99000000000001,30.49,33.79,1.2313,1.1439,1.0764,0.6409,0.8121,50.0,26.85,3.3,FACOR / IBM Indian Minerals Yearbook,newly_added_v2
Garividi,Andhra Pradesh,18.282608,83.532708,0.1973,0.2165,0.2376,0.2666,0.3327,0.3062,0.0575,0.054,1,Metamorphics,IND2497,97,82.0,132.0,2.7802884578704834,0.0,27.78,31.99000000000001,30.49,33.79,1.2479,1.1485,1.0865,0.7142,0.8013,50.0,27.78,3.3,FACOR / IBM Indian Minerals Yearbook,newly_added_v2
Garividi,Andhra Pradesh,18.282077,83.533854,0.2191,0.242,0.2657,0.3152,0.3867,0.3466,0.0852,0.137,1,Metamorphics,IND2497,98,83.0,133.0,3.704791784286499,0.7,28.7,31.310000000000002,29.81,33.11,1.2268,1.0996,1.1157,0.6871,0.8151,50.0,28.0,3.3,FACOR / IBM Indian Minerals Yearbook,newly_added_v2
Garividi,Andhra Pradesh,18.282144,83.533767,0.2191,0.242,0.2657,0.3152,0.3867,0.3466,0.0852,0.125,1,Metamorphics,IND2497,98,83.0,133.0,3.704791784286499,0.7,28.7,31.310000000000002,29.81,33.11,1.2268,1.0996,1.1157,0.6871,0.8151,50.0,28.0,3.3,FACOR / IBM Indian Minerals Yearbook,newly_added_v2
Garividi,Andhra Pradesh,18.283369,83.532722,0.1964,0.2241,0.2431,0.3304,0.3738,0.3269,0.1522,0.05,1,Metamorphics,IND2497,94,79.0,129.0,0.9767084717750549,0.0,25.98,31.57000000000005,30.07,33.37,1.1314,0.9894,1.1435,0.6503,0.8839,50.0,25.98,3.3,FACOR / IBM Indian Minerals Yearbook,newly_added_v2
Garividi,Andhra Pradesh,18.286078,83.532553,0.19,0.2222,0.226,0.372,0.3567,0.2758,0.2441,0.346,1,Metamorphics,IND2497,94,79.0,129.0,1.3467539548873901,0.0,26.35,31.57000000000005,30.07,33.37,0.9589,0.7414,1.2933,0.6336,1.0429,50.0,26.35,3.3,FACOR / IBM Indian Minerals Yearbook,newly_added_v2
Garividi,Andhra Pradesh,18.283982,83.53487,0.1887,0.2072,0.2194,0.2984,0.3599,0.3238,0.1526,0.226,1,Metamorphics,IND2497,99,84.0,134.0,4.728448390960693,1.73,29.73,31.230000000000018,29.73,33.03,1.2061,1.0851,1.1115,0.6096,0.8291,50.0,28.0,3.3,FACOR / IBM Indian Minerals Yearbook,newly_added_v2
Garividi,Andhra Pradesh,18.283907,83.534138,0.2288,0.2582,0.282,0.333,0.4016,0.3676,0.0829,0.157,1,Metamorphics,IND2497,98,83.0,133.0,2.6920032501220703,0.0,27.69,31.57000000000005,30.07,33.37,1.206,1.1039,1.0925,0.7022,0.8292,50.0,27.69,3.3,FACOR / IBM Indian Minerals Yearbook,newly_added_v2
Garividi,Andhra Pradesh,18.281848,83.533052,0.1962,0.2224,0.2325,0.3648,0.3818,0.3034,0.2215,0.128,1,Metamorphics,IND2497,99,84.0,134.0,0.0,0.0,25.0,31.99000000000001,30.49,33.79,1.0466,0.8317,1.2584,0.609,0.9555,50.0,25.0,3.3,FACOR / IBM Indian Minerals Yearbook,newly_added_v2
Garividi,Andhra Pradesh,18.282648,83.533161,0.2012,0.2232,0.2454,0.2939,0.3698,0.3412,0.0899,0.043,1,Metamorphics,IND2497,97,82.0,132.0,1.8543341159820557,0.0,26.85,31.99000000000001,30.49,33.79,1.2583,1.1609,1.0838,0.6636,0.7948,50.0,26.85,3.3,FACOR / IBM Indian Minerals Yearbook,newly_added_v2
Garividi,Andhra Pradesh,18.241831,83.53731,0.1718,0.1963,0.225,0.3854,0.4082,0.3224,0.2628,4.606,0,Metamorphics,IND2497,95,80.0,130.0,3.8306243419647217,0.83,28.83,31.27000000000004,29.77,33.07,1.0592,0.8365,1.2661,0.5512,0.9441,50.0,28.0,3.3,FACOR / IBM Indian Minerals Yearbook,newly_added_v2
Garividi,Andhra Pradesh,18.282723,83.560289,0.1522,0.1764,0.1752,0.3328,0.3582,0.2649,0.3102,2.885,0,Metamorphics,IND2497,107,92.0,142.0,3.4639432430267334,0.46,28.46,30.79000000000002,29.29,32.59,1.0763,0.796,1.3522,0.4891,0.9291,50.0,28.0,3.3,FACOR / IBM Indian Minerals Yearbook,newly_added_v2
Garividi,Andhra Pradesh,18.259293,83.508022,0.1567,0.1804,0.1905,0.3301,0.3758,0.2949,0.2682,3.733,0,Metamorphics,IND2497,94,79.0,129.0,2.095451831817627,0.0,27.1,31.130000000000052,29.63,32.93,1.1384,0.8934,1.2743,0.5069,0.8784,50.0,27.1,3.3,FACOR / IBM Indian Minerals Yearbook,newly_added_v2
Garividi,Andhra Pradesh,18.299483,83.581742,0.184,0.2204,0.2488,0.3938,0.4229,0.3426,0.2256,5.469,0,Metamorphics,IND2497,86,71.0,121.0,2.09555721282959,0.0,27.1,30.810000000000002,29.31,32.61,1.0739,0.87,1.2344,0.5883,0.9312,50.0,27.1,3.3,FACOR / IBM Indian Minerals Yearbook,newly_added_v2
Garividi,Andhra Pradesh,18.27382,83.560035,0.1529,0.1788,0.1854,0.3434,0.3771,0.2824,0.2988,3.035,0,Metamorphics,IND2497,107,92.0,142.0,2.0954902172088623,0.0,27.1,31.230000000000018,29.73,33.03,1.0981,0.8224,1.3353,0.4916,0.9106,50.0,27.1,3.3,FACOR / IBM Indian Minerals Yearbook,newly_added_v2
Garividi,Andhra Pradesh,18.250859,83.592591,0.1774,0.1952,0.1889,0.4111,0.3486,0.2483,0.3703,7.244,0,Metamorphics,IND2497,64,49.0,99.0,5.602293968200684,2.6,30.6,30.970000000000027,29.47,32.77,0.848,0.604,1.4039,0.5419,1.1793,50.0,28.0,3.3,FACOR / IBM Indian Minerals Yearbook,newly_added_v2
Garividi,Andhra Pradesh,18.299768,83.48304,0.1548,0.1819,0.1972,0.2908,0.3728,0.2918,0.1918,5.601,0,Metamorphics,IND2497,76,61.0,111.0,2.161738157272339,0.0,27.16,29.79000000000002,28.29,31.59,1.282,1.0034,1.2776,0.529,0.78,50.0,27.16,3.3,FACOR / IBM Indian Minerals Yearbook,newly_added_v2
Garividi,Andhra Pradesh,18.264087,83.566809,0.1745,0.2122,0.2405,0.3652,0.4491,0.3652,0.2059,4.148,0,Metamorphics,IND2497,90,75.0,125.0,3.4636785984039307,0.46,28.46,31.450000000000045,29.95,33.25,1.2297,1.0,1.2297,0.5355,0.8132,50.0,28.0,3.3,FACOR / IBM Indian Minerals Yearbook,newly_added_v2
Garividi,Andhra Pradesh,18.320522,83.484931,0.1686,0.2043,0.2376,0.3623,0.4416,0.3626,0.2079,6.577,0,Metamorphics,IND2497,86,71.0,121.0,5.2109856605529785,2.21,30.21,30.55000000000001,29.05,32.35,1.2189,1.0008,1.2179,0.538,0.8204,50.0,28.0,3.3,FACOR / IBM Indian Minerals Yearbook,newly_added_v2
Garividi,Andhra Pradesh,18.326437,83.585634,0.1582,0.1836,0.1998,0.3545,0.3594,0.275,0.2791,7.371,0,Metamorphics,IND2497,110,95.0,145.0,1.3469185829162598,0.0,26.35,30.410000000000025,28.91,32.21,1.0138,0.7757,1.3069,0.5559,0.9864,50.0,26.35,3.3,FACOR / IBM Indian Minerals Yearbook,newly_added_v2
Garividi,Andhra Pradesh,18.317857,83.520374,0.1734,0.2128,0.2172,0.4034,0.4119,0.3046,0.3,4.103,0,Metamorphics,IND2497,81,66.0,116.0,2.69228196144104,0.0,27.69,31.07000000000005,29.57,32.87,1.0211,0.7551,1.3523,0.5273,0.9794,50.0,27.69,3.3,FACOR / IBM Indian Minerals Yearbook,newly_added_v2
Garividi,Andhra Pradesh,18.270647,83.563493,0.1604,0.1976,0.205,0.3443,0.3711,0.2809,0.2536,3.504,0,Metamorphics,IND2497,101,86.0,136.0,1.3466904163360596,0.0,26.35,31.150000000000034,29.65,32.95,1.0778,0.8159,1.3211,0.5524,0.9278,50.0,26.35,3.3,FACOR / IBM Indian Minerals Yearbook,newly_added_v2
Garividi,Andhra Pradesh,18.347516,83.519474,0.1806,0.2137,0.2283,0.3732,0.4134,0.3161,0.2409,7.323,0,Metamorphics,IND2497,94,79.0,129.0,2.0956835746765137,0.0,27.1,31.03000000000003,29.53,32.83,1.1077,0.847,1.3078,0.5522,0.9028,50.0,27.1,3.3,FACOR / IBM Indian Minerals Yearbook,newly_added_v2
Garividi,Andhra Pradesh,18.27095,83.497778,0.1652,0.191,0.2239,0.2892,0.4353,0.3338,0.1273,3.957,0,Metamorphics,IND2497,113,98.0,148.0,9.580765724182129,6.58,34.58,29.870000000000005,28.37,31.67,1.5052,1.1542,1.3041,0.5144,0.6644,50.0,28.0,3.3,FACOR / IBM Indian Minerals Yearbook,newly_added_v2
Garividi,Andhra Pradesh,18.243452,83.511487,0.151,0.1769,0.1713,0.3538,0.3951,0.2952,0.3476,4.955,0,Metamorphics,IND2497,77,62.0,112.0,3.8306267261505127,0.83,28.83,30.690000000000055,29.19,32.49,1.1167,0.8344,1.3384,0.4336,0.8955,50.0,28.0,3.3,FACOR / IBM Indian Minerals Yearbook,newly_added_v2
Garividi,Andhra Pradesh,18.259265,83.557668,0.1588,0.1853,0.1811,0.3736,0.3694,0.2722,0.347,3.712,0,Metamorphics,IND2497,81,66.0,116.0,3.4636075496673584,0.46,28.46,31.450000000000045,29.95,33.25,0.9888,0.7286,1.3571,0.4903,1.0114,50.0,28.0,3.3,FACOR / IBM Indian Minerals Yearbook,newly_added_v2
Garividi,Andhra Pradesh,18.236751,83.571804,0.1632,0.1866,0.195,0.3394,0.4054,0.2895,0.2702,6.582,0,Metamorphics,IND2497,99,84.0,134.0,9.672476768493652,6.67,34.67,31.250000000000057,29.75,33.05,1.1945,0.853,1.4003,0.481,0.8372,50.0,28.0,3.3,FACOR / IBM Indian Minerals Yearbook,newly_added_v2
Garividi,Andhra Pradesh,18.257616,83.52166,0.1561,0.1781,0.1762,0.3445,0.3542,0.2781,0.3232,3.069,0,Metamorphics,IND2497,74,59.0,109.0,1.8543341159820557,0.0,26.85,31.03000000000003,29.53,32.83,1.0282,0.8073,1.2736,0.4975,0.9726,50.0,26.85,3.3,FACOR / IBM Indian Minerals Yearbook,newly_added_v2
Garividi,Andhra Pradesh,18.235944,83.51839,0.1963,0.2298,0.2504,0.3989,0.4726,0.3633,0.2287,5.461,0,Metamorphics,IND2497,65,50.0,100.0,4.6273674964904785,1.63,29.63,31.210000000000036,29.71,33.01,1.1848,0.9108,1.3009,0.5298,0.8441,50.0,28.0,3.3,FACOR / IBM Indian Minerals Yearbook,newly_added_v2
Garividi,Andhra Pradesh,18.232531,83.515693,0.1965,0.2253,0.2522,0.371,0.4352,0.3468,0.1906,5.909,0,Metamorphics,IND2497,69,54.0,104.0,4.7846293449401855,1.78,29.78,30.930000000000007,29.43,32.73,1.173,0.9348,1.2549,0.5795,0.8525,50.0,28.0,3.3,FACOR / IBM Indian Minerals Yearbook,newly_added_v2
Garividi,Andhra Pradesh,18.219626,83.549414,0.1767,0.2138,0.2286,0.363,0.4121,0.3176,0.2272,7.265,0,Metamorphics,IND2497,80,65.0,115.0,1.3464834690093994,0.0,26.35,31.350000000000023,29.85,33.15,1.1353,0.8749,1.2975,0.5547,0.8809,50.0,26.35,3.3,FACOR / IBM Indian Minerals Yearbook,newly_added_v2
Garividi,Andhra Pradesh,18.232733,83.554557,0.1698,0.2044,0.2398,0.3662,0.4568,0.3632,0.2086,6.042,0,Metamorphics,IND2497,93,78.0,128.0,2.0953826904296875,0.0,27.1,31.170000000000016,29.67,32.97,1.2474,0.9918,1.2577,0.525,0.8017,50.0,27.1,3.3,FACOR / IBM Indian Minerals Yearbook,newly_added_v2
Garividi,Andhra Pradesh,18.270506,83.497956,0.1645,0.1964,0.2376,0.3373,0.4146,0.314,0.1734,3.957,0,Metamorphics,IND2497,105,90.0,140.0,9.840902328491211,6.84,34.84,29.870000000000005,28.37,31.67,1.2292,0.9309,1.3204,0.5731,0.8136,50.0,28.0,3.3,FACOR / IBM Indian Minerals Yearbook,newly_added_v2
Garividi,Andhra Pradesh,18.299763,83.473158,0.1623,0.1897,0.2227,0.3416,0.4624,0.3438,0.2107,6.595,0,Metamorphics,IND2497,98,83.0,133.0,4.7171854972839355,1.72,29.72,29.810000000000002,28.31,31.61,1.3536,1.0064,1.345,0.4816,0.7388,50.0,28.0,3.3,FACOR / IBM Indian Minerals Yearbook,newly_added_v2
Garividi,Andhra Pradesh,18.242166,83.533188,0.1592,0.1813,0.1928,0.3376,0.3723,0.2801,0.273,4.546,0,Metamorphics,IND2497,91,76.0,126.0,11.0990629196167,8.1,36.1,31.27000000000004,29.77,33.07,1.1028,0.8297,1.3292,0.5179,0.9068,50.0,28.0,3.3,FACOR / IBM Indian Minerals Yearbook,newly_added_v2
Garividi,Andhra Pradesh,18.285551,83.586543,0.1817,0.2126,0.2391,0.3685,0.4413,0.3469,0.213,5.667,0,Metamorphics,IND2497,71,56.0,106.0,4.728450775146484,1.73,29.73,30.83000000000004,29.33,32.63,1.1976,0.9414,1.2721,0.5418,0.835,50.0,28.0,3.3,FACOR / IBM Indian Minerals Yearbook,newly_added_v2
Garividi,Andhra Pradesh,18.271723,83.479493,0.1631,0.185,0.1767,0.4152,0.3635,0.2588,0.4029,5.793,0,Metamorphics,IND2497,65,50.0,100.0,4.6273674964904785,1.63,29.63,29.27000000000004,27.77,31.07,0.8755,0.6233,1.4046,0.4861,1.1422,50.0,28.0,3.3,FACOR / IBM Indian Minerals Yearbook,newly_added_v2
Garividi,Andhra Pradesh,18.334759,83.56033,0.1624,0.1961,0.2025,0.4025,0.387,0.281,0.3306,6.445,0,Metamorphics,IND2497,127,112.0,162.0,0.9769983291625977,0.0,25.98,30.05000000000001,28.55,31.85,0.9615,0.6981,1.3772,0.5233,1.0401,50.0,25.98,3.3,FACOR / IBM Indian Minerals Yearbook,newly_added_v2
Garividi,Andhra Pradesh,18.216613,83.542174,0.1781,0.2198,0.2488,0.3836,0.422,0.324,0.2132,7.454,0,Metamorphics,IND2497,74,59.0,109.0,7.362179756164551,4.36,32.36,32.210000000000036,30.71,34.01,1.1001,0.8446,1.3025,0.5896,0.909,50.0,28.0,3.3,FACOR / IBM Indian Minerals Yearbook,newly_added_v2
Garividi,Andhra Pradesh,18.242575,83.53123,0.1516,0.17,0.161,0.428,0.3218,0.213,0.4533,4.504,0,Metamorphics,IND2497,83,68.0,118.0,2.6916661262512207,0.0,27.69,31.170000000000016,29.67,32.97,0.7519,0.4977,1.5108,0.5003,1.33,50.0,27.69,3.3,FACOR / IBM Indian Minerals Yearbook,newly_added_v2
Garividi,Andhra Pradesh,18.260153,83.470267,0.1758,0.2046,0.216,0.3635,0.3698,0.279,0.2545,7.102,0,Metamorphics,IND2497,55,40.0,90.0,2.7802884578704834,0.0,27.78,30.430000000000007,28.93,32.23,1.0173,0.7675,1.3254,0.5841,0.983,50.0,27.78,3.3,FACOR / IBM Indian Minerals Yearbook,newly_added_v2
Garividi,Andhra Pradesh,18.294863,83.485239,0.1794,0.2034,0.204,0.3833,0.3628,0.2665,0.3053,5.218,0,Metamorphics,IND2497,71,56.0,106.0,2.7802884578704834,0.0,27.78,29.79000000000002,28.29,31.59,0.9465,0.6953,1.3614,0.5623,1.0565,50.0,27.78,3.3,FACOR / IBM Indian Minerals Yearbook,newly_added_v2
Garividi,Andhra Pradesh,18.313579,83.508181,0.16,0.1824,0.1621,0.438,0.3261,0.2287,0.4598,4.298,0,Metamorphics,IND2497,79,64.0,114.0,2.0955944061279297,0.0,27.1,30.870000000000005,29.37,32.67,0.7445,0.5221,1.4259,0.4971,1.3431,50.0,27.1,3.3,FACOR / IBM Indian Minerals Yearbook,newly_added_v2
Garividi,Andhra Pradesh,18.252905,83.495567,0.1672,0.1996,0.2319,0.3074,0.4145,0.3485,0.14,5.185,0,Metamorphics,IND2497,75,60.0,110.0,0.9274099469184875,0.0,25.93,30.390000000000043,28.89,32.19,1.3484,1.1337,1.1894,0.5595,0.7416,50.0,25.93,3.3,FACOR / IBM Indian Minerals Yearbook,newly_added_v2
Garividi,Andhra Pradesh,18.286122,83.505524,0.193,0.2364,0.3062,0.3856,0.5492,0.4748,0.1148,2.925,0,Metamorphics,IND2497,86,71.0,121.0,7.441817283630371,4.44,32.44,30.410000000000025,28.91,32.21,1.4243,1.2313,1.1567,0.5575,0.7021,50.0,28.0,3.3,FACOR / IBM Indian Minerals Yearbook,newly_added_v2
Garividi,Andhra Pradesh,18.25113,83.576266,0.158,0.1881,0.1762,0.4382,0.3506,0.2535,0.4264,5.788,0,Metamorphics,IND2497,64,49.0,99.0,2.1612417697906494,0.0,27.16,31.150000000000034,29.65,32.95,0.8001,0.5785,1.383,0.5026,1.2499,50.0,27.16,3.3,FACOR / IBM Indian Minerals Yearbook,newly_added_v2
Garividi,Andhra Pradesh,18.332536,83.547907,0.1784,0.217,0.2515,0.377,0.4174,0.3325,0.1997,5.735,0,Metamorphics,IND2497,113,98.0,148.0,2.9464406967163086,0.0,27.95,30.730000000000018,29.23,32.53,1.1072,0.882,1.2553,0.6025,0.9032,50.0,27.95,3.3,FACOR / IBM Indian Minerals Yearbook,newly_added_v2
Garividi,Andhra Pradesh,18.253673,83.469982,0.1652,0.1903,0.1881,0.3879,0.2522,0.1813,0.3469,7.418,0,Metamorphics,IND2497,60,45.0,95.0,3.3956401348114014,0.4,28.4,30.610000000000014,29.11,32.41,0.6502,0.4674,1.3911,0.7458,1.5381,50.0,28.0,3.3,FACOR / IBM Indian Minerals Yearbook,newly_added_v2
Garividi,Andhra Pradesh,18.283681,83.490451,0.161,0.1854,0.1937,0.3508,0.4084,0.3034,0.2885,4.498,0,Metamorphics,IND2497,67,52.0,102.0,0.0,0.0,25.0,29.29000000000002,27.79,31.09,1.1642,0.8649,1.3461,0.4743,0.859,50.0,25.0,3.3,FACOR / IBM Indian Minerals Yearbook,newly_added_v2
Garividi,Andhra Pradesh,18.223352,83.562341,0.151,0.1782,0.1842,0.3728,0.3501,0.2562,0.3386,7.329,0,Metamorphics,IND2497,108,93.0,143.0,1.3464981317520142,0.0,26.35,31.510000000000048,30.01,33.31,0.9391,0.6872,1.3665,0.5261,1.0648,50.0,26.35,3.3,FACOR / IBM Indian Minerals Yearbook,newly_added_v2
Garividi,Andhra Pradesh,18.281742,83.557114,0.1531,0.181,0.1732,0.3897,0.337,0.2343,0.3846,2.553,0,Metamorphics,IND2497,110,95.0,145.0,1.3467369079589844,0.0,26.35,30.950000000000045,29.45,32.75,0.8648,0.6012,1.4383,0.5139,1.1564,50.0,26.35,3.3,FACOR / IBM Indian Minerals Yearbook,newly_added_v2
Garividi,Andhra Pradesh,18.237921,83.527366,0.1601,0.1864,0.196,0.3745,0.3787,0.2814,0.3129,5.053,0,Metamorphics,IND2497,84,69.0,119.0,4.716538906097412,1.72,29.72,31.170000000000016,29.67,32.97,1.0112,0.7514,1.3458,0.5176,0.9889,50.0,28.0,3.3,FACOR / IBM Indian Minerals Yearbook,newly_added_v2
Garividi,Andhra Pradesh,18.23979,83.509728,0.1613,0.197,0.211,0.3942,0.3828,0.2876,0.3027,5.403,0,Metamorphics,IND2497,75,60.0,110.0,4.0082807540893555,1.01,29.01,30.690000000000055,29.19,32.49,0.9711,0.7296,1.331,0.5512,1.0298,50.0,28.0,3.3,FACOR / IBM Indian Minerals Yearbook,newly_added_v2
Garividi,Andhra Pradesh,18.250076,83.561271,0.1719,0.2003,0.2056,0.3588,0.4297,0.328,0.2714,4.729,0,Metamorphics,IND2497,79,64.0,114.0,1.8543341159820557,0.0,26.85,31.410000000000025,29.91,33.21,1.1976,0.9142,1.3101,0.4785,0.835,50.0,26.85,3.3,FACOR / IBM Indian Minerals Yearbook,newly_added_v2
Garividi,Andhra Pradesh,18.234479,83.501202,0.1667,0.19,0.186,0.4286,0.4022,0.298,0.3947,6.362,0,Metamorphics,IND2497,67,52.0,102.0,0.9764336347579956,0.0,25.98,30.99000000000001,29.49,32.79,0.9384,0.6953,1.3497,0.4625,1.0656,50.0,25.98,3.3,FACOR / IBM Indian Minerals Yearbook,newly_added_v2
Garbham,Andhra Pradesh,18.30399,83.453567,0.1568,0.1819,0.157,0.3932,0.3262,0.2144,0.4293,0.2,1,Metamorphics,IND2497,362,347.0,397.0,30.16603660583496,27.17,55.17,29.650000000000034,28.15,31.45,0.8296,0.5453,1.5215,0.4813,1.2054,50.0,28.0,3.3,Rashtriya Ispat Nigam Ltd (RINL/Vizag Steel) / IBM,newly_added_v2
Garbham,Andhra Pradesh,18.305205,83.452167,0.1652,0.1905,0.1837,0.4164,0.3657,0.251,0.3878,0.029,1,Metamorphics,IND2497,287,272.0,322.0,26.613054275512695,23.61,51.61,29.650000000000034,28.15,31.45,0.8782,0.6028,1.457,0.5023,1.1386,50.0,28.0,3.3,Rashtriya Ispat Nigam Ltd (RINL/Vizag Steel) / IBM,newly_added_v2
Garbham,Andhra Pradesh,18.306481,83.451617,0.1624,0.1976,0.1744,0.4898,0.3772,0.241,0.4749,0.17,1,Metamorphics,IND2497,235,220.0,270.0,30.256237030029297,27.26,55.26,29.650000000000034,28.15,31.45,0.7701,0.492,1.5651,0.4624,1.2985,50.0,28.0,3.3,Rashtriya Ispat Nigam Ltd (RINL/Vizag Steel) / IBM,newly_added_v2
Garbham,Andhra Pradesh,18.305517,83.451787,0.1643,0.1896,0.1766,0.416,0.3538,0.2352,0.404,0.062,1,Metamorphics,IND2497,269,254.0,304.0,32.246803283691406,29.25,57.25,29.650000000000034,28.15,31.45,0.8505,0.5654,1.5043,0.4992,1.1758,50.0,28.0,3.3,Rashtriya Ispat Nigam Ltd (RINL/Vizag Steel) / IBM,newly_added_v2
Garbham,Andhra Pradesh,18.304758,83.452622,0.1697,0.1979,0.1772,0.4684,0.3846,0.2538,0.4511,0.071,1,Metamorphics,IND2497,298,283.0,333.0,22.222476959228516,19.22,47.22,29.650000000000034,28.15,31.45,0.8211,0.5418,1.5154,0.4607,1.2179,50.0,28.0,3.3,Rashtriya Ispat Nigam Ltd (RINL/Vizag Steel) / IBM,newly_added_v2
Garbham,Andhra Pradesh,18.305442,83.453677,0.1552,0.1836,0.1528,0.4481,0.3156,0.201,0.4914,0.184,1,Metamorphics,IND2497,393,378.0,428.0,17.150959014892578,14.15,42.15,29.650000000000034,28.15,31.45,0.7043,0.4486,1.5701,0.4842,1.4198,50.0,28.0,3.3,Rashtriya Ispat Nigam Ltd (RINL/Vizag Steel) / IBM,newly_added_v2
Garbham,Andhra Pradesh,18.303278,83.452274,0.1713,0.2057,0.1935,0.4323,0.3676,0.2487,0.3816,0.194,1,Metamorphics,IND2497,296,281.0,331.0,39.883018493652344,36.88,64.88,29.650000000000034,28.15,31.45,0.8503,0.5753,1.4781,0.5264,1.176,50.0,28.0,3.3,Rashtriya Ispat Nigam Ltd (RINL/Vizag Steel) / IBM,newly_added_v2
Garbham,Andhra Pradesh,18.304476,83.450411,0.1522,0.1814,0.1694,0.4049,0.3287,0.2185,0.4101,0.178,1,Metamorphics,IND2497,205,190.0,240.0,22.440185546875,19.44,47.44,29.650000000000034,28.15,31.45,0.8118,0.5396,1.5043,0.5154,1.2318,50.0,28.0,3.3,Rashtriya Ispat Nigam Ltd (RINL/Vizag Steel) / IBM,newly_added_v2
Garbham,Andhra Pradesh,18.304624,83.453212,0.1776,0.2092,0.1837,0.4376,0.3647,0.2508,0.4087,0.135,1,Metamorphics,IND2497,343,328.0,378.0,48.7264404296875,45.73,73.73,29.650000000000034,28.15,31.45,0.8334,0.5731,1.4541,0.5037,1.1999,50.0,28.0,3.3,Rashtriya Ispat Nigam Ltd (RINL/Vizag Steel) / IBM,newly_added_v2
Garbham,Andhra Pradesh,18.307099,83.453951,0.1636,0.1994,0.1706,0.4996,0.3337,0.2122,0.4909,0.312,1,Metamorphics,IND2497,359,344.0,394.0,29.974288940429688,26.97,54.97,29.650000000000034,28.15,31.45,0.6679,0.4247,1.5726,0.5112,1.4972,50.0,28.0,3.3,Rashtriya Ispat Nigam Ltd (RINL/Vizag Steel) / IBM,newly_added_v2
Garbham,Andhra Pradesh,18.30325,83.44953,0.1533,0.1714,0.1838,0.3201,0.383,0.2709,0.2705,0.326,1,Metamorphics,IND2497,148,133.0,183.0,9.842317581176758,6.84,34.84,29.650000000000034,28.15,31.45,1.1965,0.8463,1.4138,0.4799,0.8358,50.0,28.0,3.3,Rashtriya Ispat Nigam Ltd (RINL/Vizag Steel) / IBM,newly_added_v2
Garbham,Andhra Pradesh,18.306214,83.454143,0.1436,0.1691,0.1417,0.4345,0.2823,0.1798,0.5082,0.264,1,Metamorphics,IND2497,406,391.0,441.0,10.055828094482422,7.06,35.06,29.650000000000034,28.15,31.45,0.6497,0.4138,1.5701,0.5019,1.5391,50.0,28.0,3.3,Rashtriya Ispat Nigam Ltd (RINL/Vizag Steel) / IBM,newly_added_v2
Garbham,Andhra Pradesh,18.305129,83.455538,0.1413,0.1622,0.1449,0.3328,0.2759,0.1925,0.3933,0.374,1,Metamorphics,IND2497,409,394.0,444.0,5.3725152015686035,2.37,30.37,29.650000000000034,28.15,31.45,0.829,0.5784,1.4332,0.5252,1.2062,50.0,28.0,3.3,Rashtriya Ispat Nigam Ltd (RINL/Vizag Steel) / IBM,newly_added_v2
Garbham,Andhra Pradesh,18.305398,83.452662,0.1796,0.2064,0.1928,0.4571,0.4002,0.272,0.4067,0.083,1,Metamorphics,IND2497,301,286.0,336.0,36.903770446777344,33.9,61.9,29.650000000000034,28.15,31.45,0.8755,0.5951,1.4713,0.4818,1.1422,50.0,28.0,3.3,Rashtriya Ispat Nigam Ltd (RINL/Vizag Steel) / IBM,newly_added_v2
Garbham,Andhra Pradesh,18.306923,83.451459,0.1628,0.1932,0.1735,0.4428,0.3622,0.2352,0.437,0.222,1,Metamorphics,IND2497,232,217.0,267.0,22.39604949951172,19.4,47.4,29.650000000000034,28.15,31.45,0.818,0.5312,1.54,0.479,1.2225,50.0,28.0,3.3,Rashtriya Ispat Nigam Ltd (RINL/Vizag Steel) / IBM,newly_added_v2
Garbham,Andhra Pradesh,18.304231,83.45255,0.1706,0.2034,0.1814,0.4883,0.4026,0.2646,0.4583,0.103,1,Metamorphics,IND2497,297,282.0,332.0,37.59623336791992,34.6,62.6,29.650000000000034,28.15,31.45,0.8245,0.5419,1.5215,0.4506,1.2129,50.0,28.0,3.3,Rashtriya Ispat Nigam Ltd (RINL/Vizag Steel) / IBM,newly_added_v2
Garbham,Andhra Pradesh,18.304507,83.451369,0.1538,0.1839,0.1688,0.4069,0.3338,0.2214,0.4136,0.086,1,Metamorphics,IND2497,241,226.0,276.0,22.70197296142578,19.7,47.7,29.650000000000034,28.15,31.45,0.8203,0.5441,1.5077,0.5057,1.219,50.0,28.0,3.3,Rashtriya Ispat Nigam Ltd (RINL/Vizag Steel) / IBM,newly_added_v2
Garbham,Andhra Pradesh,18.306551,83.452303,0.1892,0.2244,0.2072,0.4991,0.4201,0.2786,0.4133,0.176,1,Metamorphics,IND2497,289,274.0,324.0,47.99160385131836,44.99,72.99,29.650000000000034,28.15,31.45,0.8417,0.5582,1.5079,0.4932,1.1881,50.0,28.0,3.3,Rashtriya Ispat Nigam Ltd (RINL/Vizag Steel) / IBM,newly_added_v2
Garbham,Andhra Pradesh,18.305704,83.454157,0.1426,0.1684,0.1406,0.4372,0.2798,0.177,0.5133,0.241,1,Metamorphics,IND2497,408,393.0,443.0,8.771967887878418,5.77,33.77,29.650000000000034,28.15,31.45,0.64,0.4048,1.5808,0.5025,1.5625,50.0,28.0,3.3,Rashtriya Ispat Nigam Ltd (RINL/Vizag Steel) / IBM,newly_added_v2
Garbham,Andhra Pradesh,18.303396,83.453419,0.157,0.1874,0.1662,0.4326,0.3346,0.2222,0.4449,0.233,1,Metamorphics,IND2497,354,339.0,389.0,28.44084358215332,25.44,53.44,29.650000000000034,28.15,31.45,0.7735,0.5136,1.5059,0.4967,1.2929,50.0,28.0,3.3,Rashtriya Ispat Nigam Ltd (RINL/Vizag Steel) / IBM,newly_added_v2
Garbham,Andhra Pradesh,18.305674,83.45449,0.1394,0.1635,0.1386,0.409,0.2736,0.1775,0.4938,0.274,1,Metamorphics,IND2497,412,397.0,447.0,7.980536460876465,4.98,32.98,29.650000000000034,28.15,31.45,0.6689,0.434,1.5414,0.5066,1.4949,50.0,28.0,3.3,Rashtriya Ispat Nigam Ltd (RINL/Vizag Steel) / IBM,newly_added_v2
Garbham,Andhra Pradesh,18.305942,83.449433,0.1474,0.171,0.166,0.3475,0.3134,0.2176,0.3535,0.291,1,Metamorphics,IND2497,155,140.0,190.0,18.84974479675293,15.85,43.85,29.650000000000034,28.15,31.45,0.9019,0.6262,1.4403,0.5297,1.1088,50.0,28.0,3.3,Rashtriya Ispat Nigam Ltd (RINL/Vizag Steel) / IBM,newly_added_v2
Garbham,Andhra Pradesh,18.305307,83.45224,0.1723,0.1985,0.1892,0.4238,0.3902,0.2674,0.3827,0.043,1,Metamorphics,IND2497,301,286.0,336.0,36.903770446777344,33.9,61.9,29.650000000000034,28.15,31.45,0.9207,0.631,1.4592,0.4849,1.0861,50.0,28.0,3.3,Rashtriya Ispat Nigam Ltd (RINL/Vizag Steel) / IBM,newly_added_v2
Garbham,Andhra Pradesh,18.306157,83.454915,0.1387,0.1661,0.1406,0.4019,0.273,0.1778,0.4817,0.334,1,Metamorphics,IND2497,410,395.0,445.0,9.245136260986328,6.25,34.25,29.650000000000034,28.15,31.45,0.6793,0.4424,1.5354,0.515,1.4722,50.0,28.0,3.3,Rashtriya Ispat Nigam Ltd (RINL/Vizag Steel) / IBM,newly_added_v2
Garbham,Andhra Pradesh,18.30381,83.452343,0.1658,0.1989,0.1805,0.4602,0.3646,0.2404,0.4366,0.137,1,Metamorphics,IND2497,289,274.0,324.0,32.4578971862793,29.46,57.46,29.650000000000034,28.15,31.45,0.7923,0.5224,1.5166,0.4951,1.2622,50.0,28.0,3.3,Rashtriya Ispat Nigam Ltd (RINL/Vizag Steel) / IBM,newly_added_v2
Garbham,Andhra Pradesh,18.305668,83.451177,0.1584,0.1861,0.168,0.4272,0.3386,0.2216,0.4355,0.114,1,Metamorphics,IND2497,234,219.0,269.0,23.80081558227539,20.8,48.8,29.650000000000034,28.15,31.45,0.7926,0.5187,1.528,0.4962,1.2617,50.0,28.0,3.3,Rashtriya Ispat Nigam Ltd (RINL/Vizag Steel) / IBM,newly_added_v2
Garbham,Andhra Pradesh,18.30379,83.450476,0.1468,0.1738,0.1632,0.3832,0.3267,0.2227,0.4026,0.21,1,Metamorphics,IND2497,188,173.0,223.0,17.973655700683594,14.97,42.97,29.650000000000034,28.15,31.45,0.8526,0.5812,1.467,0.4995,1.1729,50.0,28.0,3.3,Rashtriya Ispat Nigam Ltd (RINL/Vizag Steel) / IBM,newly_added_v2
Garbham,Andhra Pradesh,18.303385,83.450569,0.1465,0.1722,0.1638,0.3702,0.3274,0.2215,0.3865,0.235,1,Metamorphics,IND2497,181,166.0,216.0,25.068998336791992,22.07,50.07,29.650000000000034,28.15,31.45,0.8844,0.5983,1.4781,0.5003,1.1307,50.0,28.0,3.3,Rashtriya Ispat Nigam Ltd (RINL/Vizag Steel) / IBM,newly_added_v2
Garbham,Andhra Pradesh,18.303801,83.453787,0.1498,0.1788,0.1537,0.4392,0.3212,0.2082,0.4815,0.231,1,Metamorphics,IND2497,372,357.0,407.0,19.907896041870117,16.91,44.91,29.650000000000034,28.15,31.45,0.7313,0.474,1.5427,0.4785,1.3674,50.0,28.0,3.3,Rashtriya Ispat Nigam Ltd (RINL/Vizag Steel) / IBM,newly_added_v2
Garbham,Andhra Pradesh,18.302843,83.449936,0.1466,0.1688,0.1738,0.3247,0.344,0.2442,0.3027,0.324,1,Metamorphics,IND2497,154,139.0,189.0,10.055715560913086,7.06,35.06,29.650000000000034,28.15,31.45,1.0594,0.7521,1.4087,0.5052,0.9439,50.0,28.0,3.3,Rashtriya Ispat Nigam Ltd (RINL/Vizag Steel) / IBM,newly_added_v2
Garbham,Andhra Pradesh,18.304232,83.449151,0.1497,0.1812,0.1796,0.3764,0.3707,0.2612,0.354,0.313,1,Metamorphics,IND2497,148,133.0,183.0,12.626282691955566,9.63,37.63,29.650000000000034,28.15,31.45,0.9849,0.6939,1.4192,0.4845,1.0154,50.0,28.0,3.3,Rashtriya Ispat Nigam Ltd (RINL/Vizag Steel) / IBM,newly_added_v2
Garbham,Andhra Pradesh,18.304141,83.451208,0.1518,0.1843,0.1694,0.3997,0.3286,0.2229,0.4047,0.127,1,Metamorphics,IND2497,233,218.0,268.0,27.945863723754883,24.95,52.95,29.650000000000034,28.15,31.45,0.8221,0.5577,1.4742,0.5155,1.2164,50.0,28.0,3.3,Rashtriya Ispat Nigam Ltd (RINL/Vizag Steel) / IBM,newly_added_v2
Garbham,Andhra Pradesh,18.305302,83.452356,0.1723,0.1985,0.1892,0.4238,0.3902,0.2674,0.3827,0.051,1,Metamorphics,IND2497,301,286.0,336.0,36.903770446777344,33.9,61.9,29.650000000000034,28.15,31.45,0.9207,0.631,1.4592,0.4849,1.0861,50.0,28.0,3.3,Rashtriya Ispat Nigam Ltd (RINL/Vizag Steel) / IBM,newly_added_v2
Garbham,Andhra Pradesh,18.304809,83.452555,0.1697,0.1979,0.1772,0.4684,0.3846,0.2538,0.4511,0.062,1,Metamorphics,IND2497,298,283.0,333.0,22.222476959228516,19.22,47.22,29.650000000000034,28.15,31.45,0.8211,0.5418,1.5154,0.4607,1.2179,50.0,28.0,3.3,Rashtriya Ispat Nigam Ltd (RINL/Vizag Steel) / IBM,newly_added_v2
Garbham,Andhra Pradesh,18.304732,83.451238,0.155,0.1847,0.1697,0.402,0.3294,0.2165,0.4063,0.086,1,Metamorphics,IND2497,242,227.0,277.0,24.773391723632812,21.77,49.77,29.650000000000034,28.15,31.45,0.8194,0.5386,1.5215,0.5152,1.2204,50.0,28.0,3.3,Rashtriya Ispat Nigam Ltd (RINL/Vizag Steel) / IBM,newly_added_v2
Garbham,Andhra Pradesh,18.303405,83.452948,0.1725,0.2043,0.1863,0.4323,0.3589,0.2444,0.3977,0.204,1,Metamorphics,IND2497,318,303.0,353.0,34.302120208740234,31.3,59.3,29.650000000000034,28.15,31.45,0.8302,0.5653,1.4685,0.5191,1.2045,50.0,28.0,3.3,Rashtriya Ispat Nigam Ltd (RINL/Vizag Steel) / IBM,newly_added_v2
Garbham,Andhra Pradesh,18.304534,83.45244,0.1624,0.19,0.1687,0.4538,0.3807,0.2454,0.458,0.07,1,Metamorphics,IND2497,293,278.0,328.0,29.375141143798828,26.38,54.38,29.650000000000034,28.15,31.45,0.8389,0.5408,1.5513,0.4431,1.192,50.0,28.0,3.3,Rashtriya Ispat Nigam Ltd (RINL/Vizag Steel) / IBM,newly_added_v2
Garbham,Andhra Pradesh,18.304486,83.451382,0.1538,0.1839,0.1688,0.4069,0.3338,0.2214,0.4136,0.087,1,Metamorphics,IND2497,241,226.0,276.0,22.70197296142578,19.7,47.7,29.650000000000034,28.15,31.45,0.8203,0.5441,1.5077,0.5057,1.219,50.0,28.0,3.3,Rashtriya Ispat Nigam Ltd (RINL/Vizag Steel) / IBM,newly_added_v2
Garbham,Andhra Pradesh,18.303519,83.449982,0.1433,0.1696,0.164,0.3588,0.33,0.2286,0.3726,0.27,1,Metamorphics,IND2497,163,148.0,198.0,16.401321411132812,13.4,41.4,29.650000000000034,28.15,31.45,0.9197,0.6371,1.4436,0.497,1.0873,50.0,28.0,3.3,Rashtriya Ispat Nigam Ltd (RINL/Vizag Steel) / IBM,newly_added_v2
Garbham,Andhra Pradesh,18.301788,83.450784,0.1477,0.1712,0.172,0.3468,0.3339,0.2344,0.3369,0.38,1,Metamorphics,IND2497,167,152.0,202.0,13.164026260375977,10.16,38.16,29.650000000000034,28.15,31.45,0.9628,0.6759,1.4245,0.5151,1.0386,50.0,28.0,3.3,Rashtriya Ispat Nigam Ltd (RINL/Vizag Steel) / IBM,newly_added_v2
Garbham,Andhra Pradesh,18.306121,83.453433,0.1648,0.2043,0.1681,0.4823,0.3211,0.209,0.4831,0.196,1,Metamorphics,IND2497,374,359.0,409.0,37.034271240234375,34.03,62.03,29.650000000000034,28.15,31.45,0.6658,0.4333,1.5364,0.5235,1.502,50.0,28.0,3.3,Rashtriya Ispat Nigam Ltd (RINL/Vizag Steel) / IBM,newly_added_v2
Garbham,Andhra Pradesh,18.303859,83.452382,0.1658,0.1989,0.1805,0.4602,0.3646,0.2404,0.4366,0.133,1,Metamorphics,IND2497,289,274.0,324.0,32.4578971862793,29.46,57.46,29.650000000000034,28.15,31.45,0.7923,0.5224,1.5166,0.4951,1.2622,50.0,28.0,3.3,Rashtriya Ispat Nigam Ltd (RINL/Vizag Steel) / IBM,newly_added_v2
Garbham,Andhra Pradesh,18.304777,83.452288,0.164,0.1894,0.1731,0.4504,0.3699,0.2444,0.4447,0.039,1,Metamorphics,IND2497,298,283.0,333.0,22.222476959228516,19.22,47.22,29.650000000000034,28.15,31.45,0.8213,0.5426,1.5135,0.468,1.2176,50.0,28.0,3.3,Rashtriya Ispat Nigam Ltd (RINL/Vizag Steel) / IBM,newly_added_v2
Garbham,Andhra Pradesh,18.305138,83.452168,0.1534,0.1792,0.1612,0.4186,0.3379,0.2236,0.4439,0.023,1,Metamorphics,IND2497,290,275.0,325.0,24.84033966064453,21.84,49.84,29.650000000000034,28.15,31.45,0.8072,0.5342,1.5112,0.4771,1.2388,50.0,28.0,3.3,Rashtriya Ispat Nigam Ltd (RINL/Vizag Steel) / IBM,newly_added_v2
Garbham,Andhra Pradesh,18.307744,83.451332,0.1569,0.1846,0.1742,0.4179,0.3478,0.2324,0.4116,0.313,1,Metamorphics,IND2497,202,187.0,237.0,25.837921142578125,22.84,50.84,29.650000000000034,28.15,31.45,0.8323,0.5561,1.4966,0.5009,1.2016,50.0,28.0,3.3,Rashtriya Ispat Nigam Ltd (RINL/Vizag Steel) / IBM,newly_added_v2
Garbham,Andhra Pradesh,18.259863,83.453503,0.1597,0.1929,0.1906,0.4028,0.3785,0.273,0.3576,5.027,0,Metamorphics,IND2497,52,37.0,87.0,1.952584147453308,0.0,26.95,30.470000000000027,28.97,32.27,0.9397,0.6778,1.3864,0.5036,1.0642,50.0,26.95,3.3,Rashtriya Ispat Nigam Ltd (RINL/Vizag Steel) / IBM,newly_added_v2
Garbham,Andhra Pradesh,18.259092,83.480339,0.1614,0.1846,0.1946,0.3211,0.4294,0.3223,0.2453,5.923,0,Metamorphics,IND2497,66,51.0,101.0,2.6918017864227295,0.0,27.69,30.370000000000005,28.87,32.17,1.3373,1.0037,1.3323,0.4532,0.7478,50.0,27.69,3.3,Rashtriya Ispat Nigam Ltd (RINL/Vizag Steel) / IBM,newly_added_v2
Garbham,Andhra Pradesh,18.24497,83.456497,0.1504,0.1752,0.186,0.333,0.3988,0.3098,0.2832,6.699,0,Metamorphics,IND2497,66,51.0,101.0,2.161179780960083,0.0,27.16,30.730000000000018,29.23,32.53,1.1976,0.9303,1.2873,0.4664,0.835,50.0,27.16,3.3,Rashtriya Ispat Nigam Ltd (RINL/Vizag Steel) / IBM,newly_added_v2
Garbham,Andhra Pradesh,18.330681,83.457312,0.157,0.179,0.1912,0.315,0.4077,0.301,0.2446,2.913,0,Metamorphics,IND2497,127,112.0,162.0,7.087095737457275,4.09,32.09,30.510000000000048,29.01,32.31,1.2943,0.9556,1.3545,0.469,0.7726,50.0,28.0,3.3,Rashtriya Ispat Nigam Ltd (RINL/Vizag Steel) / IBM,newly_added_v2
Garbham,Andhra Pradesh,18.290195,83.509586,0.1657,0.2008,0.1884,0.4428,0.3507,0.2444,0.403,6.305,0,Metamorphics,IND2497,84,69.0,119.0,0.9274099469184875,0.0,25.93,30.410000000000025,28.91,32.21,0.792,0.5519,1.4349,0.5372,1.2626,50.0,25.93,3.3,Rashtriya Ispat Nigam Ltd (RINL/Vizag Steel) / IBM,newly_added_v2
Garbham,Andhra Pradesh,18.271164,83.443418,0.1756,0.2102,0.2414,0.3598,0.4423,0.35,0.1969,3.874,0,Metamorphics,IND2497,63,48.0,98.0,7.431354999542236,4.43,32.43,30.55000000000001,29.05,32.35,1.2293,0.9728,1.2637,0.5458,0.8135,50.0,28.0,3.3,Rashtriya Ispat Nigam Ltd (RINL/Vizag Steel) / IBM,newly_added_v2
Garbham,Andhra Pradesh,18.27606,83.460376,0.1783,0.2162,0.2651,0.3575,0.4513,0.3665,0.1484,3.341,0,Metamorphics,IND2497,70,55.0,105.0,4.728439807891846,1.73,29.73,30.07000000000005,28.57,31.87,1.2624,1.0252,1.2314,0.5874,0.7922,50.0,28.0,3.3,Rashtriya Ispat Nigam Ltd (RINL/Vizag Steel) / IBM,newly_added_v2
Garbham,Andhra Pradesh,18.310573,83.393511,0.1696,0.204,0.2269,0.3633,0.447,0.3514,0.2311,6.213,0,Metamorphics,IND2497,92,77.0,127.0,5.372605323791504,2.37,30.37,30.310000000000002,28.81,32.11,1.2304,0.9672,1.2721,0.5076,0.8128,50.0,28.0,3.3,Rashtriya Ispat Nigam Ltd (RINL/Vizag Steel) / IBM,newly_added_v2
Garbham,Andhra Pradesh,18.340715,83.484421,0.162,0.1868,0.1972,0.3466,0.3962,0.3047,0.2747,5.249,0,Metamorphics,IND2497,95,80.0,130.0,2.6924660205841064,0.0,27.69,30.83000000000004,29.33,32.63,1.1431,0.8791,1.3003,0.4977,0.8748,50.0,27.69,3.3,Rashtriya Ispat Nigam Ltd (RINL/Vizag Steel) / IBM,newly_added_v2
Garbham,Andhra Pradesh,18.309335,83.423303,0.1682,0.1904,0.2178,0.3316,0.4733,0.3696,0.2071,3.071,0,Metamorphics,IND2497,106,91.0,141.0,3.396000385284424,0.4,28.4,30.630000000000052,29.13,32.43,1.4273,1.1146,1.2806,0.4602,0.7006,50.0,28.0,3.3,Rashtriya Ispat Nigam Ltd (RINL/Vizag Steel) / IBM,newly_added_v2
Garbham,Andhra Pradesh,18.265175,83.498472,0.1428,0.1656,0.1502,0.3177,0.3172,0.2359,0.358,6.616,0,Metamorphics,IND2497,90,75.0,125.0,2.1613826751708984,0.0,27.16,30.350000000000023,28.85,32.15,0.9984,0.7425,1.3446,0.4735,1.0016,50.0,27.16,3.3,Rashtriya Ispat Nigam Ltd (RINL/Vizag Steel) / IBM,newly_added_v2
Garbham,Andhra Pradesh,18.362387,83.468174,0.1707,0.1966,0.2302,0.3345,0.4295,0.3485,0.1847,6.613,0,Metamorphics,IND2497,129,114.0,164.0,6.042665004730225,3.04,31.04,30.210000000000036,28.71,32.01,1.284,1.0419,1.2324,0.536,0.7788,50.0,28.0,3.3,Rashtriya Ispat Nigam Ltd (RINL/Vizag Steel) / IBM,newly_added_v2
Garbham,Andhra Pradesh,18.252555,83.43544,0.1845,0.2224,0.2718,0.412,0.456,0.3503,0.205,6.095,0,Metamorphics,IND2497,49,34.0,84.0,6.901896953582764,3.9,31.9,30.83000000000004,29.33,32.63,1.1068,0.8502,1.3017,0.5961,0.9035,50.0,28.0,3.3,Rashtriya Ispat Nigam Ltd (RINL/Vizag Steel) / IBM,newly_added_v2
Garbham,Andhra Pradesh,18.358531,83.494288,0.1861,0.2162,0.2474,0.3516,0.4446,0.3471,0.174,7.449,0,Metamorphics,IND2497,96,81.0,131.0,2.9464895725250244,0.0,27.95,30.510000000000048,29.01,32.31,1.2645,0.9872,1.2809,0.5565,0.7908,50.0,27.95,3.3,Rashtriya Ispat Nigam Ltd (RINL/Vizag Steel) / IBM,newly_added_v2
Garbham,Andhra Pradesh,18.305505,83.389077,0.1549,0.1777,0.1989,0.316,0.4045,0.3111,0.2274,6.65,0,Metamorphics,IND2497,81,66.0,116.0,1.8543341159820557,0.0,26.85,31.370000000000005,29.87,33.17,1.2801,0.9845,1.3002,0.4917,0.7812,50.0,26.85,3.3,Rashtriya Ispat Nigam Ltd (RINL/Vizag Steel) / IBM,newly_added_v2
Garbham,Andhra Pradesh,18.340829,83.451837,0.162,0.1836,0.1761,0.421,0.3655,0.254,0.4101,3.989,0,Metamorphics,IND2497,114,99.0,149.0,0.9274099469184875,0.0,25.93,30.410000000000025,28.91,32.21,0.8682,0.6033,1.439,0.4818,1.1518,50.0,25.93,3.3,Rashtriya Ispat Nigam Ltd (RINL/Vizag Steel) / IBM,newly_added_v2
Garbham,Andhra Pradesh,18.280236,83.488585,0.1572,0.1883,0.1781,0.2894,0.297,0.2361,0.2381,4.749,0,Metamorphics,IND2497,75,60.0,110.0,2.6919736862182617,0.0,27.69,29.350000000000023,27.85,31.15,1.0263,0.8158,1.2579,0.5997,0.9744,50.0,27.69,3.3,Rashtriya Ispat Nigam Ltd (RINL/Vizag Steel) / IBM,newly_added_v2
Garbham,Andhra Pradesh,18.25014,83.47527,0.1572,0.1914,0.1913,0.3692,0.3922,0.2912,0.3174,6.584,0,Metamorphics,IND2497,67,52.0,102.0,1.3466066122055054,0.0,26.35,30.590000000000032,29.09,32.39,1.0623,0.7887,1.3468,0.4878,0.9414,50.0,26.35,3.3,Rashtriya Ispat Nigam Ltd (RINL/Vizag Steel) / IBM,newly_added_v2
Garbham,Andhra Pradesh,18.31576,83.382236,0.1459,0.169,0.1677,0.3391,0.3516,0.2543,0.3382,7.47,0,Metamorphics,IND2497,91,76.0,126.0,4.034688472747803,1.03,29.03,30.370000000000005,28.87,32.17,1.0369,0.7499,1.3826,0.477,0.9644,50.0,28.0,3.3,Rashtriya Ispat Nigam Ltd (RINL/Vizag Steel) / IBM,newly_added_v2
Garbham,Andhra Pradesh,18.317321,83.419641,0.1609,0.1866,0.2002,0.3334,0.3992,0.3133,0.2496,3.685,0,Metamorphics,IND2497,98,83.0,133.0,1.3468822240829468,0.0,26.35,30.53000000000003,29.03,32.33,1.1974,0.9397,1.2742,0.5015,0.8352,50.0,26.35,3.3,Rashtriya Ispat Nigam Ltd (RINL/Vizag Steel) / IBM,newly_added_v2
Garbham,Andhra Pradesh,18.276122,83.493519,0.157,0.1808,0.1817,0.3664,0.3805,0.282,0.337,5.44,0,Metamorphics,IND2497,95,80.0,130.0,6.041421890258789,3.04,31.04,29.350000000000023,27.85,31.15,1.0385,0.7697,1.3493,0.4775,0.9629,50.0,28.0,3.3,Rashtriya Ispat Nigam Ltd (RINL/Vizag Steel) / IBM,newly_added_v2
Garbham,Andhra Pradesh,18.268469,83.409568,0.1762,0.21,0.2487,0.3855,0.404,0.3292,0.2157,6.054,0,Metamorphics,IND2497,52,37.0,87.0,2.161416530609131,0.0,27.16,30.750000000000057,29.25,32.55,1.048,0.854,1.2272,0.6156,0.9542,50.0,27.16,3.3,Rashtriya Ispat Nigam Ltd (RINL/Vizag Steel) / IBM,newly_added_v2
Garbham,Andhra Pradesh,18.324178,83.47618,0.157,0.1796,0.1996,0.294,0.3789,0.3053,0.1912,3.33,0,Metamorphics,IND2497,109,94.0,144.0,2.6923320293426514,0.0,27.69,30.670000000000016,29.17,32.47,1.2888,1.0384,1.2411,0.5268,0.7759,50.0,27.69,3.3,Rashtriya Ispat Nigam Ltd (RINL/Vizag Steel) / IBM,newly_added_v2
Garbham,Andhra Pradesh,18.313482,83.484214,0.1636,0.193,0.2215,0.3198,0.4354,0.3591,0.1816,3.533,0,Metamorphics,IND2497,93,78.0,128.0,1.8543341159820557,0.0,26.85,30.690000000000055,29.19,32.49,1.3615,1.1229,1.2125,0.5087,0.7345,50.0,26.85,3.3,Rashtriya Ispat Nigam Ltd (RINL/Vizag Steel) / IBM,newly_added_v2
Garbham,Andhra Pradesh,18.290129,83.473329,0.1757,0.2206,0.2784,0.3506,0.4842,0.3861,0.1148,2.797,0,Metamorphics,IND2497,84,69.0,119.0,6.12416410446167,3.12,31.12,29.83000000000004,28.33,31.63,1.3811,1.1013,1.2541,0.575,0.7241,50.0,28.0,3.3,Rashtriya Ispat Nigam Ltd (RINL/Vizag Steel) / IBM,newly_added_v2
Garbham,Andhra Pradesh,18.270953,83.443087,0.1776,0.2118,0.2476,0.3599,0.4452,0.3585,0.1849,3.905,0,Metamorphics,IND2497,66,51.0,101.0,6.0413498878479,3.04,31.04,30.55000000000001,29.05,32.35,1.237,0.9961,1.2418,0.5562,0.8084,50.0,28.0,3.3,Rashtriya Ispat Nigam Ltd (RINL/Vizag Steel) / IBM,newly_added_v2
Garbham,Andhra Pradesh,18.294468,83.414646,0.1614,0.19,0.202,0.3403,0.392,0.3219,0.255,4.118,0,Metamorphics,IND2497,81,66.0,116.0,6.76811408996582,3.77,31.77,30.750000000000057,29.25,32.55,1.1519,0.9459,1.2178,0.5153,0.8681,50.0,28.0,3.3,Rashtriya Ispat Nigam Ltd (RINL/Vizag Steel) / IBM,newly_added_v2
Garbham,Andhra Pradesh,18.301144,83.489121,0.1992,0.2434,0.2905,0.3768,0.4862,0.4055,0.1293,3.947,0,Metamorphics,IND2497,72,57.0,107.0,2.0955617427825928,0.0,27.1,30.630000000000052,29.13,32.43,1.2903,1.0762,1.199,0.5975,0.775,50.0,27.1,3.3,Rashtriya Ispat Nigam Ltd (RINL/Vizag Steel) / IBM,newly_added_v2
Garbham,Andhra Pradesh,18.365743,83.44615,0.1484,0.178,0.1806,0.3725,0.3401,0.2438,0.347,6.79,0,Metamorphics,IND2497,127,112.0,162.0,3.3963634967803955,0.4,28.4,30.250000000000057,28.75,32.05,0.913,0.6545,1.395,0.531,1.0953,50.0,28.0,3.3,Rashtriya Ispat Nigam Ltd (RINL/Vizag Steel) / IBM,newly_added_v2
Garbham,Andhra Pradesh,18.348767,83.483425,0.152,0.1844,0.1839,0.3482,0.361,0.2744,0.3088,5.896,0,Metamorphics,IND2497,100,85.0,135.0,2.6925318241119385,0.0,27.69,30.850000000000023,29.35,32.65,1.0368,0.7881,1.3156,0.5094,0.9645,50.0,27.69,3.3,Rashtriya Ispat Nigam Ltd (RINL/Vizag Steel) / IBM,newly_added_v2
Garbham,Andhra Pradesh,18.319611,83.38453,0.1571,0.1836,0.2035,0.3259,0.4048,0.3163,0.2312,7.314,0,Metamorphics,IND2497,84,69.0,119.0,2.1619362831115723,0.0,27.16,30.310000000000002,28.81,32.11,1.2421,0.9705,1.2798,0.5027,0.8051,50.0,27.16,3.3,Rashtriya Ispat Nigam Ltd (RINL/Vizag Steel) / IBM,newly_added_v2
Garbham,Andhra Pradesh,18.368654,83.448832,0.1688,0.1886,0.2232,0.3282,0.4276,0.3326,0.1904,7.094,0,Metamorphics,IND2497,136,121.0,171.0,2.9465081691741943,0.0,27.95,29.730000000000018,28.23,31.53,1.3029,1.0134,1.2856,0.522,0.7675,50.0,27.95,3.3,Rashtriya Ispat Nigam Ltd (RINL/Vizag Steel) / IBM,newly_added_v2
Garbham,Andhra Pradesh,18.347899,83.498271,0.154,0.1846,0.1798,0.4246,0.3802,0.2731,0.405,6.835,0,Metamorphics,IND2497,85,70.0,120.0,2.6925251483917236,0.0,27.69,31.05000000000001,29.55,32.85,0.8954,0.6432,1.3922,0.4729,1.1168,50.0,27.69,3.3,Rashtriya Ispat Nigam Ltd (RINL/Vizag Steel) / IBM,newly_added_v2
Garbham,Andhra Pradesh,18.305124,83.516628,0.1734,0.1975,0.2202,0.3446,0.4463,0.3496,0.2203,6.83,0,Metamorphics,IND2497,76,61.0,111.0,1.8543341159820557,0.0,26.85,30.07000000000005,28.57,31.87,1.2951,1.0145,1.2766,0.4934,0.7721,50.0,26.85,3.3,Rashtriya Ispat Nigam Ltd (RINL/Vizag Steel) / IBM,newly_added_v2
Garbham,Andhra Pradesh,18.330756,83.401517,0.1478,0.1772,0.1677,0.3359,0.3332,0.241,0.334,6.057,0,Metamorphics,IND2497,114,99.0,149.0,2.6923863887786865,0.0,27.69,30.79000000000002,29.29,32.59,0.992,0.7175,1.3826,0.5033,1.0081,50.0,27.69,3.3,Rashtriya Ispat Nigam Ltd (RINL/Vizag Steel) / IBM,newly_added_v2
Garbham,Andhra Pradesh,18.279669,83.398616,0.1688,0.2056,0.2323,0.3788,0.4171,0.3286,0.2397,6.307,0,Metamorphics,IND2497,61,46.0,96.0,1.3467278480529785,0.0,26.35,30.690000000000055,29.19,32.49,1.1011,0.8675,1.2693,0.5569,0.9082,50.0,26.35,3.3,Rashtriya Ispat Nigam Ltd (RINL/Vizag Steel) / IBM,newly_added_v2
Garbham,Andhra Pradesh,18.265714,83.430115,0.1833,0.2292,0.281,0.3685,0.4628,0.396,0.1347,4.947,0,Metamorphics,IND2497,61,46.0,96.0,3.07045578956604,0.07,28.07,30.77000000000004,29.27,32.57,1.2559,1.0746,1.1687,0.6072,0.7962,50.0,28.0,3.3,Rashtriya Ispat Nigam Ltd (RINL/Vizag Steel) / IBM,newly_added_v2
Garbham,Andhra Pradesh,18.275367,83.470665,0.167,0.2009,0.2076,0.35,0.3628,0.2702,0.2554,3.844,0,Metamorphics,IND2497,66,51.0,101.0,4.316839218139648,1.32,29.32,29.750000000000057,28.25,31.55,1.0366,0.772,1.3427,0.5722,0.9647,50.0,28.0,3.3,Rashtriya Ispat Nigam Ltd (RINL/Vizag Steel) / IBM,newly_added_v2
Garbham,Andhra Pradesh,18.276447,83.418474,0.1794,0.2026,0.243,0.3501,0.4865,0.3762,0.1806,4.76,0,Metamorphics,IND2497,72,57.0,107.0,4.185402870178223,1.19,29.19,30.630000000000052,29.13,32.43,1.3896,1.0746,1.2932,0.4995,0.7196,50.0,28.0,3.3,Rashtriya Ispat Nigam Ltd (RINL/Vizag Steel) / IBM,newly_added_v2
Garbham,Andhra Pradesh,18.356683,83.488051,0.1513,0.1798,0.1853,0.3419,0.3588,0.2658,0.297,6.901,0,Metamorphics,IND2497,97,82.0,132.0,5.373354911804199,2.37,30.37,30.810000000000002,29.31,32.61,1.0494,0.7774,1.3499,0.5164,0.9529,50.0,28.0,3.3,Rashtriya Ispat Nigam Ltd (RINL/Vizag Steel) / IBM,newly_added_v2
Garbham,Andhra Pradesh,18.296952,83.499295,0.1561,0.1802,0.1781,0.3859,0.3122,0.2196,0.3684,5.078,0,Metamorphics,IND2497,71,56.0,106.0,4.317277431488037,1.32,29.32,29.710000000000036,28.21,31.51,0.809,0.5691,1.4217,0.5705,1.2361,50.0,28.0,3.3,Rashtriya Ispat Nigam Ltd (RINL/Vizag Steel) / IBM,newly_added_v2
Garbham,Andhra Pradesh,18.261112,83.501806,0.1542,0.1747,0.1648,0.3458,0.3611,0.2596,0.3545,7.182,0,Metamorphics,IND2497,84,69.0,119.0,6.0412068367004395,3.04,31.04,30.370000000000005,28.87,32.17,1.0442,0.7507,1.391,0.4564,0.9576,50.0,28.0,3.3,Rashtriya Ispat Nigam Ltd (RINL/Vizag Steel) / IBM,newly_added_v2
Garbham,Andhra Pradesh,18.274596,83.512678,0.1851,0.2208,0.2624,0.3722,0.4361,0.3541,0.173,7.251,0,Metamorphics,IND2497,90,75.0,125.0,0.0,0.0,25.0,31.05000000000001,29.55,32.85,1.1717,0.9514,1.2316,0.6017,0.8535,50.0,25.0,3.3,Rashtriya Ispat Nigam Ltd (RINL/Vizag Steel) / IBM,newly_added_v2
Garbham,Andhra Pradesh,18.308409,83.428501,0.1667,0.1934,0.2298,0.3307,0.4413,0.3325,0.18,2.512,0,Metamorphics,IND2497,114,99.0,149.0,5.469290256500244,2.47,30.47,30.55000000000001,29.05,32.35,1.3344,1.0054,1.3272,0.5207,0.7494,50.0,28.0,3.3,Rashtriya Ispat Nigam Ltd (RINL/Vizag Steel) / IBM,newly_added_v2
Garbham,Andhra Pradesh,18.298382,83.394098,0.1609,0.1919,0.212,0.3698,0.3929,0.3118,0.2712,6.164,0,Metamorphics,IND2497,71,56.0,106.0,0.9767929911613464,0.0,25.98,30.590000000000032,29.09,32.39,1.0625,0.8432,1.2601,0.5396,0.9412,50.0,25.98,3.3,Rashtriya Ispat Nigam Ltd (RINL/Vizag Steel) / IBM,newly_added_v2
Barajamda,Jharkhand,22.163146,85.43446,0.1419,0.1559,0.1754,0.1999,0.2336,0.2098,0.0653,0.185,1,Metamorphics,IND2497,472,457.0,507.0,2.9545949772804905,0.0,27.95,29.03000000000003,27.53,30.83,1.1686,1.0495,1.1134,0.7509,0.8557,50.0,27.95,3.3,IBM MCDR Reports / GSI Mineral Inventory,newly_added_v2
Barajamda,Jharkhand,22.165234,85.43656,0.1311,0.1404,0.1505,0.2111,0.2404,0.2048,0.1676,0.149,1,Metamorphics,IND2497,470,455.0,505.0,2.7802885155287553,0.0,27.78,29.03000000000003,27.53,30.83,1.1388,0.9702,1.1738,0.626,0.8781,50.0,27.78,3.3,IBM MCDR Reports / GSI Mineral Inventory,newly_added_v2
Barajamda,Jharkhand,22.164383,85.438018,0.1344,0.1548,0.1582,0.2572,0.2557,0.2091,0.2383,0.212,1,Metamorphics,IND2497,476,461.0,511.0,3.5265338537912165,0.53,28.53,29.03000000000003,27.53,30.83,0.9942,0.813,1.2229,0.6187,1.0059,50.0,28.0,3.3,IBM MCDR Reports / GSI Mineral Inventory,newly_added_v2
Barajamda,Jharkhand,22.164373,85.437646,0.1376,0.158,0.1709,0.2593,0.2646,0.2271,0.2055,0.175,1,Metamorphics,IND2497,475,460.0,510.0,2.0021779401220186,0.0,27.0,29.03000000000003,27.53,30.83,1.0204,0.8758,1.1651,0.6459,0.98,50.0,27.0,3.3,IBM MCDR Reports / GSI Mineral Inventory,newly_added_v2
Barajamda,Jharkhand,22.164495,85.435003,0.1266,0.1383,0.1374,0.237,0.2252,0.1818,0.266,0.117,1,Metamorphics,IND2497,471,456.0,506.0,2.20621991871938,0.0,27.21,29.03000000000003,27.53,30.83,0.9502,0.7671,1.2387,0.6101,1.0524,50.0,27.21,3.3,IBM MCDR Reports / GSI Mineral Inventory,newly_added_v2
Barajamda,Jharkhand,22.162878,85.435354,0.147,0.1609,0.1839,0.2035,0.2302,0.2143,0.0506,0.142,1,Metamorphics,IND2497,473,458.0,508.0,5.547544894612033,2.55,30.55,29.03000000000003,27.53,30.83,1.1312,1.0531,1.0742,0.7989,0.884,50.0,28.0,3.3,IBM MCDR Reports / GSI Mineral Inventory,newly_added_v2
Barajamda,Jharkhand,22.161998,85.4362,0.1339,0.1461,0.1514,0.2215,0.2559,0.2063,0.188,0.224,1,Metamorphics,IND2497,476,461.0,511.0,2.2061876616587126,0.0,27.21,29.03000000000003,27.53,30.83,1.1553,0.9314,1.2404,0.5916,0.8656,50.0,27.21,3.3,IBM MCDR Reports / GSI Mineral Inventory,newly_added_v2
Barajamda,Jharkhand,22.163469,85.434729,0.1306,0.1427,0.1541,0.2196,0.2538,0.2208,0.1753,0.144,1,Metamorphics,IND2497,468,453.0,503.0,4.7629533895731795,1.76,29.76,29.03000000000003,27.53,30.83,1.1557,1.0055,1.1495,0.6072,0.8652,50.0,28.0,3.3,IBM MCDR Reports / GSI Mineral Inventory,newly_added_v2
Barajamda,Jharkhand,22.164273,85.436213,0.1402,0.1588,0.1567,0.2641,0.252,0.2014,0.2552,0.037,1,Metamorphics,IND2497,469,454.0,504.0,1.3647440498258234,0.0,26.36,29.03000000000003,27.53,30.83,0.9542,0.7626,1.2512,0.6218,1.048,50.0,26.36,3.3,IBM MCDR Reports / GSI Mineral Inventory,newly_added_v2
Barajamda,Jharkhand,22.161372,85.436736,0.1328,0.1439,0.1528,0.2035,0.2595,0.2159,0.1423,0.302,1,Metamorphics,IND2497,475,460.0,510.0,2.107107837108201,0.0,27.11,29.03000000000003,27.53,30.83,1.2752,1.0609,1.2019,0.5888,0.7842,50.0,27.11,3.3,IBM MCDR Reports / GSI Mineral Inventory,newly_added_v2
Barajamda,Jharkhand,22.164364,85.43551,0.129,0.1397,0.1456,0.2269,0.2345,0.1918,0.2183,0.065,1,Metamorphics,IND2497,471,456.0,506.0,4.104916470375719,1.1,29.1,29.03000000000003,27.53,30.83,1.0335,0.8453,1.2226,0.6209,0.9676,50.0,28.0,3.3,IBM MCDR Reports / GSI Mineral Inventory,newly_added_v2
Barajamda,Jharkhand,22.165607,85.436007,0.1392,0.1522,0.1951,0.2093,0.261,0.2444,0.0351,0.179,1,Metamorphics,IND2497,476,461.0,511.0,5.508639097057479,2.51,30.51,29.03000000000003,27.53,30.83,1.247,1.1677,1.0679,0.7475,0.8019,50.0,28.0,3.3,IBM MCDR Reports / GSI Mineral Inventory,newly_added_v2
Barajamda,Jharkhand,22.164967,85.439382,0.1345,0.1482,0.1561,0.2321,0.2473,0.2135,0.1958,0.365,1,Metamorphics,IND2497,478,463.0,513.0,2.002185842330431,0.0,27.0,28.750000000000057,27.25,30.55,1.0655,0.9199,1.1583,0.6312,0.9385,50.0,27.0,3.3,IBM MCDR Reports / GSI Mineral Inventory,newly_added_v2
Barajamda,Jharkhand,22.165626,85.437915,0.1474,0.1615,0.1723,0.2333,0.2514,0.2287,0.1504,0.268,1,Metamorphics,IND2497,474,459.0,509.0,1.3647513018998505,0.0,26.36,29.03000000000003,27.53,30.83,1.0776,0.9803,1.0993,0.6854,0.928,50.0,26.36,3.3,IBM MCDR Reports / GSI Mineral Inventory,newly_added_v2
Barajamda,Jharkhand,22.165235,85.438072,0.1807,0.1851,0.2027,0.257,0.2948,0.3062,0.1181,0.254,1,Metamorphics,IND2497,474,459.0,509.0,0.0,0.0,25.0,29.03000000000003,27.53,30.83,1.1471,1.1914,0.9628,0.6876,0.8718,50.0,25.0,3.3,IBM MCDR Reports / GSI Mineral Inventory,newly_added_v2
Barajamda,Jharkhand,22.163519,85.439412,0.1357,0.1513,0.1584,0.2118,0.223,0.1956,0.1442,0.356,1,Metamorphics,IND2497,479,464.0,514.0,4.405895449343098,1.41,29.41,28.750000000000057,27.25,30.55,1.0529,0.9235,1.1401,0.7103,0.9498,50.0,28.0,3.3,IBM MCDR Reports / GSI Mineral Inventory,newly_added_v2
Barajamda,Jharkhand,22.163994,85.43848,0.1339,0.1482,0.1554,0.2364,0.2423,0.2001,0.2067,0.256,1,Metamorphics,IND2497,480,465.0,515.0,2.727938361966763,0.0,27.73,28.750000000000057,27.25,30.55,1.025,0.8464,1.2109,0.6414,0.9757,50.0,27.73,3.3,IBM MCDR Reports / GSI Mineral Inventory,newly_added_v2
Barajamda,Jharkhand,22.165137,85.435152,0.1292,0.1399,0.1407,0.2307,0.2385,0.1961,0.2423,0.154,1,Metamorphics,IND2497,470,455.0,505.0,3.837018047398036,0.84,28.84,29.03000000000003,27.53,30.83,1.0338,0.85,1.2162,0.5899,0.9673,50.0,28.0,3.3,IBM MCDR Reports / GSI Mineral Inventory,newly_added_v2
Barajamda,Jharkhand,22.163431,85.436468,0.1334,0.1441,0.1531,0.2149,0.2381,0.2084,0.1679,0.08,1,Metamorphics,IND2497,471,456.0,506.0,4.208544516529002,1.21,29.21,29.03000000000003,27.53,30.83,1.108,0.9698,1.1425,0.643,0.9026,50.0,28.0,3.3,IBM MCDR Reports / GSI Mineral Inventory,newly_added_v2
Barajamda,Jharkhand,22.163635,85.434802,0.1325,0.1463,0.1578,0.2342,0.2577,0.2153,0.1949,0.13,1,Metamorphics,IND2497,467,452.0,502.0,3.1412236942515928,0.14,28.14,29.03000000000003,27.53,30.83,1.1003,0.9193,1.1969,0.6123,0.9088,50.0,28.0,3.3,IBM MCDR Reports / GSI Mineral Inventory,newly_added_v2
Barajamda,Jharkhand,22.163476,85.435162,0.135,0.1454,0.1614,0.212,0.2527,0.2238,0.1355,0.104,1,Metamorphics,IND2497,467,452.0,502.0,2.9545955657958984,0.0,27.95,29.03000000000003,27.53,30.83,1.192,1.0557,1.1291,0.6387,0.8389,50.0,27.95,3.3,IBM MCDR Reports / GSI Mineral Inventory,newly_added_v2
Barajamda,Jharkhand,22.166455,85.436018,0.1289,0.1351,0.1389,0.1906,0.2114,0.1868,0.1569,0.273,1,Metamorphics,IND2497,477,462.0,512.0,1.8543341159820557,0.0,26.85,29.03000000000003,27.53,30.83,1.1091,0.9801,1.1317,0.657,0.9016,50.0,26.85,3.3,IBM MCDR Reports / GSI Mineral Inventory,newly_added_v2
Barajamda,Jharkhand,22.165157,85.437377,0.137,0.1455,0.16,0.2117,0.247,0.2152,0.1391,0.192,1,Metamorphics,IND2497,474,459.0,509.0,2.002189874649048,0.0,27.0,29.03000000000003,27.53,30.83,1.1667,1.0165,1.1478,0.6478,0.8571,50.0,27.0,3.3,IBM MCDR Reports / GSI Mineral Inventory,newly_added_v2
Barajamda,Jharkhand,22.163612,85.43511,0.1335,0.1452,0.1647,0.2155,0.2611,0.2283,0.1336,0.101,1,Metamorphics,IND2497,467,452.0,502.0,1.8543341159820557,0.0,26.85,29.03000000000003,27.53,30.83,1.2116,1.0594,1.1437,0.6308,0.8254,50.0,26.85,3.3,IBM MCDR Reports / GSI Mineral Inventory,newly_added_v2
Barajamda,Jharkhand,22.16393,85.435787,0.1324,0.1445,0.1556,0.2074,0.2427,0.2022,0.1427,0.023,1,Metamorphics,IND2497,469,454.0,504.0,0.9274099469184875,0.0,25.93,29.03000000000003,27.53,30.83,1.1702,0.9749,1.2003,0.6411,0.8546,50.0,25.93,3.3,IBM MCDR Reports / GSI Mineral Inventory,newly_added_v2
Barajamda,Jharkhand,22.166814,85.435773,0.1394,0.1458,0.1694,0.1815,0.2237,0.2071,0.0345,0.314,1,Metamorphics,IND2497,477,462.0,512.0,5.324724197387695,2.32,30.32,28.77000000000004,27.27,30.57,1.2325,1.141,1.0802,0.7573,0.8114,50.0,28.0,3.3,IBM MCDR Reports / GSI Mineral Inventory,newly_added_v2
Barajamda,Jharkhand,22.165042,85.437232,0.1401,0.1513,0.1689,0.2223,0.2513,0.2212,0.1365,0.172,1,Metamorphics,IND2497,474,459.0,509.0,3.141252040863037,0.14,28.14,29.03000000000003,27.53,30.83,1.1305,0.9951,1.1361,0.6721,0.8846,50.0,28.0,3.3,IBM MCDR Reports / GSI Mineral Inventory,newly_added_v2
Barajamda,Jharkhand,22.163697,85.436296,0.1331,0.1422,0.1521,0.2044,0.2354,0.2036,0.1467,0.045,1,Metamorphics,IND2497,470,455.0,505.0,2.7802884578704834,0.0,27.78,29.03000000000003,27.53,30.83,1.1517,0.9961,1.1562,0.6461,0.8683,50.0,27.78,3.3,IBM MCDR Reports / GSI Mineral Inventory,newly_added_v2
Barajamda,Jharkhand,22.166034,85.437648,0.1336,0.1461,0.1654,0.2017,0.2293,0.1993,0.0989,0.283,1,Metamorphics,IND2497,472,457.0,507.0,1.3647541999816895,0.0,26.36,29.03000000000003,27.53,30.83,1.1368,0.9881,1.1505,0.7213,0.8796,50.0,26.36,3.3,IBM MCDR Reports / GSI Mineral Inventory,newly_added_v2
Barajamda,Jharkhand,22.164875,85.435124,0.128,0.1373,0.1345,0.2369,0.2294,0.1854,0.2757,0.133,1,Metamorphics,IND2497,470,455.0,505.0,0.0,0.0,25.0,29.03000000000003,27.53,30.83,0.9683,0.7826,1.2373,0.5863,1.0327,50.0,25.0,3.3,IBM MCDR Reports / GSI Mineral Inventory,newly_added_v2
Barajamda,Jharkhand,22.164092,85.435334,0.1292,0.144,0.144,0.2482,0.2447,0.1977,0.2657,0.069,1,Metamorphics,IND2497,472,457.0,507.0,2.9545977115631104,0.0,27.95,29.03000000000003,27.53,30.83,0.9859,0.7965,1.2377,0.5885,1.0143,50.0,27.95,3.3,IBM MCDR Reports / GSI Mineral Inventory,newly_added_v2
Barajamda,Jharkhand,22.165752,85.438096,0.1365,0.1476,0.1569,0.2384,0.2476,0.2019,0.2062,0.291,1,Metamorphics,IND2497,473,458.0,508.0,2.20623779296875,0.0,27.21,29.03000000000003,27.53,30.83,1.0386,0.8469,1.2263,0.6337,0.9628,50.0,27.21,3.3,IBM MCDR Reports / GSI Mineral Inventory,newly_added_v2
Barajamda,Jharkhand,22.166114,85.438862,0.1434,0.154,0.181,0.2006,0.2523,0.2344,0.0514,0.377,1,Metamorphics,IND2497,475,460.0,510.0,3.1412744522094727,0.14,28.14,29.03000000000003,27.53,30.83,1.2577,1.1685,1.0764,0.7174,0.7951,50.0,28.0,3.3,IBM MCDR Reports / GSI Mineral Inventory,newly_added_v2
Barajamda,Jharkhand,22.165893,85.436109,0.1293,0.1402,0.1435,0.2031,0.2277,0.1952,0.172,0.211,1,Metamorphics,IND2497,477,462.0,512.0,2.20623779296875,0.0,27.21,29.03000000000003,27.53,30.83,1.1211,0.9611,1.1665,0.6302,0.892,50.0,27.21,3.3,IBM MCDR Reports / GSI Mineral Inventory,newly_added_v2
Barajamda,Jharkhand,22.161878,85.436906,0.1325,0.1439,0.1518,0.2279,0.2633,0.2191,0.2004,0.254,1,Metamorphics,IND2497,475,460.0,510.0,2.206184148788452,0.0,27.21,28.750000000000057,27.25,30.55,1.1553,0.9614,1.2017,0.5765,0.8656,50.0,27.21,3.3,IBM MCDR Reports / GSI Mineral Inventory,newly_added_v2
Barajamda,Jharkhand,22.162256,85.434042,0.1379,0.1544,0.1711,0.2353,0.286,0.2478,0.158,0.28,1,Metamorphics,IND2497,475,460.0,510.0,6.54066276550293,3.54,31.54,29.03000000000003,27.53,30.83,1.2155,1.0531,1.1542,0.5983,0.8227,50.0,28.0,3.3,IBM MCDR Reports / GSI Mineral Inventory,newly_added_v2
Barajamda,Jharkhand,22.163431,85.436381,0.1334,0.1441,0.1531,0.2149,0.2381,0.2084,0.1679,0.074,1,Metamorphics,IND2497,471,456.0,506.0,4.208544731140137,1.21,29.21,29.03000000000003,27.53,30.83,1.108,0.9698,1.1425,0.643,0.9026,50.0,28.0,3.3,IBM MCDR Reports / GSI Mineral Inventory,newly_added_v2
Barajamda,Jharkhand,22.165529,85.434003,0.1289,0.1395,0.1386,0.2423,0.2396,0.1931,0.2722,0.267,1,Metamorphics,IND2497,475,460.0,510.0,6.104936599731445,3.1,31.1,29.03000000000003,27.53,30.83,0.9889,0.7969,1.2408,0.5785,1.0113,50.0,28.0,3.3,IBM MCDR Reports / GSI Mineral Inventory,newly_added_v2
Barajamda,Jharkhand,22.164371,85.436293,0.1363,0.1534,0.1514,0.2649,0.2486,0.1992,0.2726,0.051,1,Metamorphics,IND2497,467,452.0,502.0,0.9274099469184875,0.0,25.93,29.03000000000003,27.53,30.83,0.9385,0.752,1.248,0.609,1.0656,50.0,25.93,3.3,IBM MCDR Reports / GSI Mineral Inventory,newly_added_v2
Barajamda,Jharkhand,22.16179,85.434495,0.133,0.1536,0.1455,0.299,0.2629,0.2085,0.3453,0.291,1,Metamorphics,IND2497,476,461.0,511.0,6.057352066040039,3.06,31.06,29.03000000000003,27.53,30.83,0.8793,0.6973,1.2609,0.5534,1.1373,50.0,28.0,3.3,IBM MCDR Reports / GSI Mineral Inventory,newly_added_v2
Barajamda,Jharkhand,22.165384,85.435649,0.1339,0.1437,0.1615,0.1896,0.224,0.2103,0.08,0.158,1,Metamorphics,IND2497,474,459.0,509.0,4.088072776794434,1.09,29.09,29.03000000000003,27.53,30.83,1.1814,1.1092,1.0651,0.721,0.8464,50.0,28.0,3.3,IBM MCDR Reports / GSI Mineral Inventory,newly_added_v2
Barajamda,Jharkhand,22.164764,85.436995,0.1361,0.1461,0.1566,0.1991,0.2354,0.2034,0.1195,0.133,1,Metamorphics,IND2497,472,457.0,507.0,5.079316139221191,2.08,30.08,29.03000000000003,27.53,30.83,1.1823,1.0216,1.1573,0.6653,0.8458,50.0,28.0,3.3,IBM MCDR Reports / GSI Mineral Inventory,newly_added_v2
Barajamda,Jharkhand,22.164928,85.436586,0.135,0.1455,0.1532,0.2232,0.2431,0.203,0.186,0.12,1,Metamorphics,IND2497,469,454.0,504.0,3.5265438556671143,0.53,28.53,29.03000000000003,27.53,30.83,1.0892,0.9095,1.1975,0.6302,0.9181,50.0,28.0,3.3,IBM MCDR Reports / GSI Mineral Inventory,newly_added_v2
Barajamda,Jharkhand,22.162407,85.43475,0.1576,0.1788,0.2042,0.224,0.2659,0.2473,0.0462,0.219,1,Metamorphics,IND2497,476,461.0,511.0,1.0013788938522339,0.0,26.0,29.03000000000003,27.53,30.83,1.1871,1.104,1.0752,0.768,0.8424,50.0,26.0,3.3,IBM MCDR Reports / GSI Mineral Inventory,newly_added_v2
Barajamda,Jharkhand,22.164388,85.433723,0.1289,0.1433,0.1382,0.2561,0.2352,0.1857,0.299,0.239,1,Metamorphics,IND2497,474,459.0,509.0,2.9545984268188477,0.0,27.95,29.03000000000003,27.53,30.83,0.9184,0.7251,1.2666,0.5876,1.0889,50.0,27.95,3.3,IBM MCDR Reports / GSI Mineral Inventory,newly_added_v2
Barajamda,Jharkhand,22.194854,85.388844,0.1411,0.1709,0.178,0.2983,0.344,0.2542,0.2526,5.952,0,Metamorphics,IND2497,399,384.0,434.0,3.704791784286499,0.7,28.7,28.170000000000016,26.67,29.97,1.1532,0.8522,1.3533,0.5174,0.8672,50.0,28.0,3.3,IBM MCDR Reports / GSI Mineral Inventory,newly_added_v2
Barajamda,Jharkhand,22.14741,85.489249,0.157,0.1741,0.2018,0.2651,0.3151,0.2648,0.1356,5.792,0,Metamorphics,IND2497,555,540.0,590.0,7.116946220397949,4.12,32.12,28.370000000000005,26.87,30.17,1.1886,0.9989,1.19,0.6404,0.8413,50.0,28.0,3.3,IBM MCDR Reports / GSI Mineral Inventory,newly_added_v2
Barajamda,Jharkhand,22.118369,85.433048,0.1506,0.1687,0.2445,0.263,0.3804,0.3607,0.0365,5.089,0,Metamorphics,IND2497,801,786.0,836.0,8.775830268859863,5.78,33.78,27.33000000000004,25.83,29.13,1.4464,1.3715,1.0546,0.6427,0.6914,50.0,28.0,3.3,IBM MCDR Reports / GSI Mineral Inventory,newly_added_v2
Barajamda,Jharkhand,22.14818,85.494059,0.1553,0.1778,0.2155,0.2759,0.3369,0.3011,0.1229,6.239,0,Metamorphics,IND2497,521,506.0,556.0,5.893488883972168,2.89,30.89,28.710000000000036,27.21,30.51,1.2211,1.0913,1.1189,0.6397,0.8189,50.0,28.0,3.3,IBM MCDR Reports / GSI Mineral Inventory,newly_added_v2
Barajamda,Jharkhand,22.183958,85.419907,0.1526,0.1712,0.1876,0.279,0.3264,0.2717,0.1959,2.773,0,Metamorphics,IND2497,456,441.0,491.0,6.208217620849609,3.21,31.21,28.890000000000043,27.39,30.69,1.1699,0.9738,1.2013,0.5748,0.8548,50.0,28.0,3.3,IBM MCDR Reports / GSI Mineral Inventory,newly_added_v2
Barajamda,Jharkhand,22.098696,85.438266,0.1388,0.157,0.1572,0.3012,0.2952,0.2193,0.3141,7.273,0,Metamorphics,IND2497,754,739.0,789.0,11.513887405395508,8.51,36.51,27.230000000000018,25.73,29.03,0.9801,0.7281,1.3461,0.5325,1.0203,50.0,28.0,3.3,IBM MCDR Reports / GSI Mineral Inventory,newly_added_v2
Barajamda,Jharkhand,22.136478,85.436078,0.1432,0.1693,0.1711,0.3432,0.3068,0.2207,0.3346,3.064,0,Metamorphics,IND2497,534,519.0,569.0,6.056297302246094,3.06,31.06,28.690000000000055,27.19,30.49,0.8939,0.6431,1.3901,0.5577,1.1186,50.0,28.0,3.3,IBM MCDR Reports / GSI Mineral Inventory,newly_added_v2
Barajamda,Jharkhand,22.11564,85.42662,0.1358,0.1504,0.1414,0.366,0.287,0.197,0.4426,5.47,0,Metamorphics,IND2497,570,555.0,605.0,20.605798721313477,17.61,45.61,29.29000000000002,27.79,31.09,0.7842,0.5383,1.4569,0.4927,1.2753,50.0,28.0,3.3,IBM MCDR Reports / GSI Mineral Inventory,newly_added_v2
Barajamda,Jharkhand,22.230146,85.4301,0.1437,0.1698,0.1546,0.2969,0.2766,0.1973,0.3152,7.388,0,Metamorphics,IND2497,449,434.0,484.0,19.8023738861084,16.8,44.8,28.470000000000027,26.97,30.27,0.9316,0.6645,1.4019,0.5589,1.0734,50.0,28.0,3.3,IBM MCDR Reports / GSI Mineral Inventory,newly_added_v2
Barajamda,Jharkhand,22.2075,85.487285,0.1422,0.1591,0.1576,0.313,0.3124,0.2395,0.3302,7.17,0,Metamorphics,IND2497,410,395.0,445.0,7.501317501068115,4.5,32.5,28.49000000000001,26.99,30.29,0.9981,0.7652,1.3044,0.5045,1.0019,50.0,28.0,3.3,IBM MCDR Reports / GSI Mineral Inventory,newly_added_v2
Barajamda,Jharkhand,22.108433,85.408508,0.1419,0.1556,0.1703,0.2708,0.3242,0.2593,0.2278,6.804,0,Metamorphics,IND2497,494,479.0,529.0,2.7802884578704834,0.0,27.78,29.690000000000055,28.19,31.49,1.1972,0.9575,1.2503,0.5253,0.8353,50.0,27.78,3.3,IBM MCDR Reports / GSI Mineral Inventory,newly_added_v2
Barajamda,Jharkhand,22.148103,85.397699,0.131,0.15,0.1416,0.244,0.2578,0.1879,0.2656,4.327,0,Metamorphics,IND2497,501,486.0,536.0,5.709136009216309,2.71,30.71,28.79000000000002,27.29,30.59,1.0566,0.7701,1.372,0.5493,0.9465,50.0,28.0,3.3,IBM MCDR Reports / GSI Mineral Inventory,newly_added_v2
Barajamda,Jharkhand,22.218409,85.418712,0.137,0.1549,0.1565,0.2836,0.2793,0.2017,0.2888,6.314,0,Metamorphics,IND2497,476,461.0,511.0,6.299249649047852,3.3,31.3,28.430000000000007,26.93,30.23,0.9848,0.7112,1.3847,0.5603,1.0154,50.0,28.0,3.3,IBM MCDR Reports / GSI Mineral Inventory,newly_added_v2
Barajamda,Jharkhand,22.220746,85.442449,0.1462,0.1586,0.1751,0.2495,0.3263,0.2732,0.1752,6.352,0,Metamorphics,IND2497,381,366.0,416.0,4.867088317871094,1.87,29.87,28.230000000000018,26.73,30.03,1.3078,1.095,1.1944,0.5366,0.7646,50.0,28.0,3.3,IBM MCDR Reports / GSI Mineral Inventory,newly_added_v2
Barajamda,Jharkhand,22.16205,85.463444,0.137,0.1614,0.1681,0.3105,0.2947,0.2253,0.2975,2.838,0,Metamorphics,IND2497,469,454.0,504.0,2.7279181480407715,0.0,27.73,28.890000000000043,27.39,30.69,0.9491,0.7256,1.308,0.5704,1.0536,50.0,27.73,3.3,IBM MCDR Reports / GSI Mineral Inventory,newly_added_v2
Barajamda,Jharkhand,22.186518,85.44571,0.1387,0.1604,0.159,0.2635,0.2546,0.1975,0.2473,2.699,0,Metamorphics,IND2497,490,475.0,525.0,3.5269365310668945,0.53,28.53,28.29000000000002,26.79,30.09,0.9662,0.7495,1.2891,0.6245,1.035,50.0,28.0,3.3,IBM MCDR Reports / GSI Mineral Inventory,newly_added_v2
Barajamda,Jharkhand,22.106141,85.433404,0.155,0.1798,0.1817,0.3197,0.3449,0.2478,0.2752,6.446,0,Metamorphics,IND2497,853,838.0,888.0,27.163127899169922,24.16,52.16,27.850000000000023,26.35,29.65,1.0788,0.7751,1.3918,0.5268,0.9269,50.0,28.0,3.3,IBM MCDR Reports / GSI Mineral Inventory,newly_added_v2
Barajamda,Jharkhand,22.113311,85.435639,0.1679,0.1857,0.2479,0.2483,0.3896,0.3927,0.0008,5.643,0,Metamorphics,IND2497,858,843.0,893.0,15.415994644165039,12.42,40.42,27.410000000000025,25.91,29.21,1.5691,1.5816,0.9921,0.6363,0.6373,50.0,28.0,3.3,IBM MCDR Reports / GSI Mineral Inventory,newly_added_v2
Barajamda,Jharkhand,22.15174,85.393622,0.1376,0.1497,0.1617,0.2174,0.2504,0.2115,0.1469,4.577,0,Metamorphics,IND2497,457,442.0,492.0,12.80584716796875,9.81,37.81,28.950000000000045,27.45,30.75,1.1518,0.9729,1.1839,0.6458,0.8682,50.0,28.0,3.3,IBM MCDR Reports / GSI Mineral Inventory,newly_added_v2
Barajamda,Jharkhand,22.138527,85.429567,0.1395,0.1566,0.1677,0.2551,0.3008,0.2419,0.2067,2.912,0,Metamorphics,IND2497,489,474.0,524.0,4.73352575302124,1.73,29.73,29.510000000000048,28.01,31.31,1.1791,0.9483,1.2435,0.5575,0.8481,50.0,28.0,3.3,IBM MCDR Reports / GSI Mineral Inventory,newly_added_v2
Barajamda,Jharkhand,22.155392,85.489323,0.1315,0.1513,0.1397,0.3258,0.2428,0.1753,0.3998,5.58,0,Metamorphics,IND2497,547,532.0,582.0,2.1070871353149414,0.0,27.11,28.650000000000034,27.15,30.45,0.7452,0.5381,1.3851,0.5754,1.3418,50.0,27.11,3.3,IBM MCDR Reports / GSI Mineral Inventory,newly_added_v2
Barajamda,Jharkhand,22.127714,85.433212,0.141,0.1616,0.1616,0.3275,0.2994,0.2077,0.3392,4.05,0,Metamorphics,IND2497,597,582.0,632.0,8.166128158569336,5.17,33.17,27.910000000000025,26.41,29.71,0.9142,0.6342,1.4415,0.5397,1.0939,50.0,28.0,3.3,IBM MCDR Reports / GSI Mineral Inventory,newly_added_v2
Barajamda,Jharkhand,22.175268,85.40414,0.1433,0.1669,0.182,0.2585,0.2992,0.2433,0.1737,3.516,0,Metamorphics,IND2497,464,449.0,499.0,6.2641472816467285,3.26,31.26,29.05000000000001,27.55,30.85,1.1574,0.9412,1.2298,0.6083,0.864,50.0,28.0,3.3,IBM MCDR Reports / GSI Mineral Inventory,newly_added_v2
Barajamda,Jharkhand,22.127997,85.467861,0.1409,0.1564,0.1742,0.2586,0.3195,0.2555,0.195,5.182,0,Metamorphics,IND2497,519,504.0,554.0,2.2057509422302246,0.0,27.21,27.370000000000005,25.87,29.17,1.2355,0.988,1.2505,0.5452,0.8094,50.0,27.21,3.3,IBM MCDR Reports / GSI Mineral Inventory,newly_added_v2
Barajamda,Jharkhand,22.189804,85.388565,0.1384,0.1545,0.1619,0.2789,0.3094,0.2441,0.2654,5.671,0,Metamorphics,IND2497,417,402.0,452.0,7.444643497467041,4.44,32.44,27.930000000000007,26.43,29.73,1.1094,0.8752,1.2675,0.5233,0.9014,50.0,28.0,3.3,IBM MCDR Reports / GSI Mineral Inventory,newly_added_v2
Barajamda,Jharkhand,22.212536,85.459117,0.1418,0.1591,0.1757,0.2697,0.3314,0.2568,0.211,5.905,0,Metamorphics,IND2497,429,414.0,464.0,3.424746513366699,0.42,28.42,28.310000000000002,26.81,30.11,1.2288,0.9522,1.2905,0.5302,0.8138,50.0,28.0,3.3,IBM MCDR Reports / GSI Mineral Inventory,newly_added_v2
Barajamda,Jharkhand,22.157238,85.378325,0.1437,0.1712,0.1751,0.2741,0.3007,0.2326,0.2204,5.993,0,Metamorphics,IND2497,458,443.0,493.0,9.177642822265625,6.18,34.18,27.83000000000004,26.33,29.63,1.097,0.8486,1.2928,0.5823,0.9115,50.0,28.0,3.3,IBM MCDR Reports / GSI Mineral Inventory,newly_added_v2
Barajamda,Jharkhand,22.220518,85.459239,0.1443,0.1626,0.177,0.2541,0.3117,0.2402,0.1788,6.732,0,Metamorphics,IND2497,441,426.0,476.0,14.251739501953125,11.25,39.25,28.230000000000018,26.73,30.03,1.2267,0.9453,1.2977,0.5679,0.8152,50.0,28.0,3.3,IBM MCDR Reports / GSI Mineral Inventory,newly_added_v2
Barajamda,Jharkhand,22.13987,85.447376,0.1559,0.1791,0.216,0.2854,0.371,0.3159,0.1384,2.931,0,Metamorphics,IND2497,556,541.0,591.0,7.639832973480225,4.64,32.64,28.07000000000005,26.57,29.87,1.2999,1.1069,1.1744,0.5822,0.7693,50.0,28.0,3.3,IBM MCDR Reports / GSI Mineral Inventory,newly_added_v2
Barajamda,Jharkhand,22.130806,85.406789,0.1322,0.1497,0.156,0.2801,0.2941,0.2382,0.2846,4.767,0,Metamorphics,IND2497,466,451.0,501.0,3.525925874710083,0.53,28.53,29.590000000000032,28.09,31.39,1.05,0.8504,1.2347,0.5304,0.9524,50.0,28.0,3.3,IBM MCDR Reports / GSI Mineral Inventory,newly_added_v2
Barajamda,Jharkhand,22.162104,85.396803,0.1319,0.151,0.1516,0.234,0.2435,0.2009,0.2137,4.046,0,Metamorphics,IND2497,446,431.0,481.0,11.219358444213867,8.22,36.22,29.090000000000032,27.59,30.89,1.0406,0.8585,1.212,0.6226,0.961,50.0,28.0,3.3,IBM MCDR Reports / GSI Mineral Inventory,newly_added_v2
Barajamda,Jharkhand,22.204755,85.477036,0.1571,0.1822,0.2001,0.29,0.3465,0.2708,0.1834,6.203,0,Metamorphics,IND2497,412,397.0,447.0,6.540708541870117,3.54,31.54,28.810000000000002,27.31,30.61,1.1948,0.9338,1.2795,0.5775,0.8369,50.0,28.0,3.3,IBM MCDR Reports / GSI Mineral Inventory,newly_added_v2
Barajamda,Jharkhand,22.147722,85.380117,0.1406,0.1634,0.176,0.2609,0.3169,0.2596,0.1943,6.04,0,Metamorphics,IND2497,437,422.0,472.0,2.1070618629455566,0.0,27.11,28.230000000000018,26.73,30.03,1.2146,0.995,1.2207,0.5554,0.8233,50.0,27.11,3.3,IBM MCDR Reports / GSI Mineral Inventory,newly_added_v2
Barajamda,Jharkhand,22.192527,85.426633,0.1331,0.1594,0.1482,0.3024,0.2617,0.1889,0.3422,3.319,0,Metamorphics,IND2497,480,465.0,515.0,17.209989547729492,14.21,42.21,28.250000000000057,26.75,30.05,0.8654,0.6247,1.3854,0.5663,1.1555,50.0,28.0,3.3,IBM MCDR Reports / GSI Mineral Inventory,newly_added_v2
Barajamda,Jharkhand,22.173456,85.387447,0.1296,0.144,0.1532,0.2571,0.2983,0.2239,0.2532,5.115,0,Metamorphics,IND2497,424,409.0,459.0,8.987191200256348,5.99,33.99,28.370000000000005,26.87,30.17,1.1602,0.8709,1.3323,0.5136,0.8619,50.0,28.0,3.3,IBM MCDR Reports / GSI Mineral Inventory,newly_added_v2
Barajamda,Jharkhand,22.191327,85.487329,0.1406,0.1612,0.1694,0.3166,0.329,0.2443,0.3029,6.104,0,Metamorphics,IND2497,423,408.0,458.0,3.4245712757110596,0.42,28.42,29.410000000000025,27.91,31.21,1.0392,0.7716,1.3467,0.5149,0.9623,50.0,28.0,3.3,IBM MCDR Reports / GSI Mineral Inventory,newly_added_v2
Barajamda,Jharkhand,22.169472,85.406174,0.1356,0.1518,0.1549,0.2472,0.2693,0.213,0.2295,3.135,0,Metamorphics,IND2497,466,451.0,501.0,6.592874050140381,3.59,31.59,29.510000000000048,28.01,31.31,1.0894,0.8617,1.2643,0.5752,0.9179,50.0,28.0,3.3,IBM MCDR Reports / GSI Mineral Inventory,newly_added_v2
Barajamda,Jharkhand,22.190103,85.411593,0.1524,0.1793,0.2153,0.2877,0.3609,0.305,0.1439,3.844,0,Metamorphics,IND2497,480,465.0,515.0,4.763309478759766,1.76,29.76,28.370000000000005,26.87,30.17,1.2544,1.0601,1.1833,0.5966,0.7972,50.0,28.0,3.3,IBM MCDR Reports / GSI Mineral Inventory,newly_added_v2
Barajamda,Jharkhand,22.220138,85.447309,0.1469,0.1677,0.1736,0.271,0.299,0.2202,0.2191,6.357,0,Metamorphics,IND2497,423,408.0,458.0,10.830415725708008,7.83,35.83,28.170000000000016,26.67,29.97,1.1033,0.8125,1.3579,0.5806,0.9064,50.0,28.0,3.3,IBM MCDR Reports / GSI Mineral Inventory,newly_added_v2
Barajamda,Jharkhand,22.155917,85.49879,0.1705,0.1782,0.1875,0.236,0.3326,0.2515,0.1145,6.536,0,Metamorphics,IND2497,551,536.0,586.0,4.733551025390625,1.73,29.73,28.850000000000023,27.35,30.65,1.4093,1.0657,1.3225,0.5637,0.7096,50.0,28.0,3.3,IBM MCDR Reports / GSI Mineral Inventory,newly_added_v2
Barajamda,Jharkhand,22.15806,85.409415,0.1401,0.1564,0.1802,0.2278,0.2652,0.2375,0.1167,2.819,0,Metamorphics,IND2497,438,423.0,473.0,12.074050903320312,9.07,37.07,29.29000000000002,27.79,31.09,1.1642,1.0426,1.1166,0.6795,0.859,50.0,28.0,3.3,IBM MCDR Reports / GSI Mineral Inventory,newly_added_v2
Barajamda,Jharkhand,22.206798,85.460309,0.1327,0.157,0.1485,0.2818,0.2781,0.2016,0.3098,5.383,0,Metamorphics,IND2497,416,401.0,451.0,2.1072609424591064,0.0,27.11,28.630000000000052,27.13,30.43,0.9869,0.7154,1.3795,0.534,1.0133,50.0,27.11,3.3,IBM MCDR Reports / GSI Mineral Inventory,newly_added_v2
Barajamda,Jharkhand,22.136627,85.471672,0.1552,0.1736,0.2047,0.2623,0.3518,0.306,0.1233,4.776,0,Metamorphics,IND2497,503,488.0,538.0,2.205861806869507,0.0,27.21,28.05000000000001,26.55,29.85,1.3412,1.1666,1.1497,0.5819,0.7456,50.0,27.21,3.3,IBM MCDR Reports / GSI Mineral Inventory,newly_added_v2
Barajamda,Jharkhand,22.123009,85.41622,0.1406,0.1557,0.1988,0.2169,0.2771,0.2712,0.0435,4.998,0,Metamorphics,IND2497,489,474.0,524.0,2.106978416442871,0.0,27.11,29.670000000000016,28.17,31.47,1.2775,1.2503,1.0218,0.7174,0.7827,50.0,27.11,3.3,IBM MCDR Reports / GSI Mineral Inventory,newly_added_v2
Barajamda,Jharkhand,22.162747,85.47806,0.1486,0.1644,0.1823,0.2709,0.3102,0.255,0.1955,4.338,0,Metamorphics,IND2497,474,459.0,509.0,3.8370134830474854,0.84,28.84,28.57000000000005,27.07,30.37,1.1451,0.9413,1.2165,0.5877,0.8733,50.0,28.0,3.3,IBM MCDR Reports / GSI Mineral Inventory,newly_added_v2
Gua,Jharkhand,22.214542,85.384752,0.1417,0.1616,0.169,0.3008,0.3181,0.2416,0.2805,0.057,1,Metamorphics,IND2497,400,385.0,435.0,6.5407185554504395,3.54,31.54,28.55000000000001,27.05,30.35,1.0575,0.8032,1.3166,0.5313,0.9456,50.0,28.0,3.3,SAIL / IBM IMYB,newly_added_v2
Gua,Jharkhand,22.21534,85.387694,0.1715,0.1869,0.1875,0.3562,0.3648,0.3,0.3103,0.28,1,Metamorphics,IND2497,383,368.0,418.0,2.206876754760742,0.0,27.21,28.55000000000001,27.05,30.35,1.0241,0.8422,1.216,0.514,0.9764,50.0,27.21,3.3,SAIL / IBM IMYB,newly_added_v2
Gua,Jharkhand,22.216756,85.385539,0.1487,0.1657,0.186,0.3146,0.3524,0.2793,0.2569,0.203,1,Metamorphics,IND2497,386,371.0,421.0,2.728489398956299,0.0,27.73,28.53000000000003,27.03,30.33,1.1202,0.8878,1.2617,0.5278,0.8927,50.0,27.73,3.3,SAIL / IBM IMYB,newly_added_v2
Gua,Jharkhand,22.215102,85.388207,0.1789,0.2133,0.2428,0.3466,0.3932,0.3397,0.1761,0.331,1,Metamorphics,IND2497,386,371.0,421.0,1.3650099039077759,0.0,26.37,28.55000000000001,27.05,30.35,1.1344,0.9801,1.1575,0.6175,0.8815,50.0,26.37,3.3,SAIL / IBM IMYB,newly_added_v2
Gua,Jharkhand,22.213735,85.386236,0.1711,0.2047,0.2399,0.3317,0.4037,0.3452,0.1606,0.19,1,Metamorphics,IND2497,393,378.0,428.0,4.088831901550293,1.09,29.09,28.55000000000001,27.05,30.35,1.2171,1.0407,1.1695,0.5943,0.8216,50.0,28.0,3.3,SAIL / IBM IMYB,newly_added_v2
Gua,Jharkhand,22.215604,85.384699,0.1524,0.1767,0.1915,0.335,0.3957,0.3097,0.2726,0.074,1,Metamorphics,IND2497,392,377.0,427.0,4.106329441070557,1.11,29.11,28.55000000000001,27.05,30.35,1.1812,0.9245,1.2777,0.484,0.8466,50.0,28.0,3.3,SAIL / IBM IMYB,newly_added_v2
Gua,Jharkhand,22.212209,85.38396,0.15,0.171,0.1937,0.2907,0.305,0.2635,0.2002,0.329,1,Metamorphics,IND2497,403,388.0,438.0,2.2068371772766113,0.0,27.21,28.55000000000001,27.05,30.35,1.0492,0.9064,1.1575,0.6351,0.9531,50.0,27.21,3.3,SAIL / IBM IMYB,newly_added_v2
Gua,Jharkhand,22.214816,85.381619,0.1346,0.15,0.1513,0.2574,0.2932,0.2142,0.2596,0.349,1,Metamorphics,IND2497,401,386.0,436.0,2.002894163131714,0.0,27.0,28.55000000000001,27.05,30.35,1.1391,0.8322,1.3688,0.516,0.8779,50.0,27.0,3.3,SAIL / IBM IMYB,newly_added_v2
Gua,Jharkhand,22.21433,85.386493,0.1647,0.1934,0.2165,0.327,0.3796,0.3111,0.2033,0.171,1,Metamorphics,IND2497,391,376.0,426.0,3.424760580062866,0.42,28.42,28.55000000000001,27.05,30.35,1.1609,0.9514,1.2202,0.5703,0.8614,50.0,28.0,3.3,SAIL / IBM IMYB,newly_added_v2
Gua,Jharkhand,22.214717,85.38338,0.1538,0.1798,0.1929,0.3381,0.3798,0.3062,0.2734,0.17,1,Metamorphics,IND2497,391,376.0,426.0,1.8543341159820557,0.0,26.85,28.55000000000001,27.05,30.35,1.1233,0.9056,1.2404,0.5079,0.8902,50.0,26.85,3.3,SAIL / IBM IMYB,newly_added_v2
Gua,Jharkhand,22.215933,85.385537,0.1478,0.1723,0.1729,0.3348,0.3075,0.2332,0.3189,0.118,1,Metamorphics,IND2497,387,372.0,422.0,2.728480815887451,0.0,27.73,28.55000000000001,27.05,30.35,0.9185,0.6965,1.3186,0.5623,1.0888,50.0,27.73,3.3,SAIL / IBM IMYB,newly_added_v2
Gua,Jharkhand,22.213615,85.384981,0.1472,0.1698,0.1781,0.2934,0.3579,0.2828,0.2445,0.154,1,Metamorphics,IND2497,399,384.0,434.0,7.117530822753906,4.12,32.12,28.55000000000001,27.05,30.35,1.2198,0.9639,1.2656,0.4976,0.8198,50.0,28.0,3.3,SAIL / IBM IMYB,newly_added_v2
Gua,Jharkhand,22.21633,85.388021,0.1424,0.1638,0.1711,0.3215,0.3525,0.2728,0.3053,0.345,1,Metamorphics,IND2497,383,368.0,418.0,0.9274099469184875,0.0,25.93,28.55000000000001,27.05,30.35,1.0964,0.8485,1.2922,0.4854,0.9121,50.0,25.93,3.3,SAIL / IBM IMYB,newly_added_v2
Gua,Jharkhand,22.217762,85.38465,0.1392,0.1605,0.1707,0.3162,0.3231,0.2474,0.2988,0.31,1,Metamorphics,IND2497,395,380.0,430.0,6.265864849090576,3.27,31.27,28.53000000000003,27.03,30.33,1.0218,0.7824,1.306,0.5283,0.9786,50.0,28.0,3.3,SAIL / IBM IMYB,newly_added_v2
Gua,Jharkhand,22.217964,85.38648,0.1447,0.1661,0.1859,0.3124,0.3513,0.2801,0.2539,0.363,1,Metamorphics,IND2497,385,370.0,420.0,6.0597100257873535,3.06,31.06,28.53000000000003,27.03,30.33,1.1245,0.8966,1.2542,0.5292,0.8893,50.0,28.0,3.3,SAIL / IBM IMYB,newly_added_v2
Gua,Jharkhand,22.214661,85.386781,0.162,0.1845,0.2048,0.3136,0.4038,0.3278,0.2099,0.187,1,Metamorphics,IND2497,389,374.0,424.0,4.407203197479248,1.41,29.41,28.55000000000001,27.05,30.35,1.2876,1.0453,1.2318,0.5072,0.7766,50.0,28.0,3.3,SAIL / IBM IMYB,newly_added_v2
Gua,Jharkhand,22.213641,85.387782,0.1686,0.1951,0.23,0.3102,0.3918,0.3349,0.1485,0.324,1,Metamorphics,IND2497,390,375.0,425.0,2.9547173976898193,0.0,27.95,28.670000000000016,27.17,30.47,1.2631,1.0796,1.1699,0.587,0.7917,50.0,27.95,3.3,SAIL / IBM IMYB,newly_added_v2
Gua,Jharkhand,22.216966,85.385106,0.1541,0.1835,0.2021,0.3446,0.4127,0.3224,0.2607,0.219,1,Metamorphics,IND2497,388,373.0,423.0,2.2068984508514404,0.0,27.21,28.53000000000003,27.03,30.33,1.1976,0.9356,1.2801,0.4897,0.835,50.0,27.21,3.3,SAIL / IBM IMYB,newly_added_v2
Gua,Jharkhand,22.214237,85.384651,0.1471,0.1647,0.1771,0.2884,0.3166,0.2411,0.2391,0.092,1,Metamorphics,IND2497,403,388.0,438.0,3.704791784286499,0.7,28.7,28.55000000000001,27.05,30.35,1.0978,0.836,1.3131,0.5594,0.9109,50.0,28.0,3.3,SAIL / IBM IMYB,newly_added_v2
Gua,Jharkhand,22.214166,85.384125,0.1576,0.1769,0.1954,0.2802,0.3484,0.2826,0.1783,0.129,1,Metamorphics,IND2497,403,388.0,438.0,7.1175360679626465,4.12,32.12,28.55000000000001,27.05,30.35,1.2434,1.0086,1.2328,0.5608,0.8042,50.0,28.0,3.3,SAIL / IBM IMYB,newly_added_v2
Gua,Jharkhand,22.213591,85.384011,0.1492,0.1683,0.1711,0.2791,0.3148,0.2514,0.2399,0.187,1,Metamorphics,IND2497,402,387.0,437.0,4.088827610015869,1.09,29.09,28.55000000000001,27.05,30.35,1.1279,0.9008,1.2522,0.5435,0.8866,50.0,28.0,3.3,SAIL / IBM IMYB,newly_added_v2
Gua,Jharkhand,22.215251,85.383102,0.132,0.1529,0.1403,0.3356,0.2708,0.1963,0.4104,0.198,1,Metamorphics,IND2497,394,379.0,429.0,5.326326370239258,2.33,30.33,28.55000000000001,27.05,30.35,0.8069,0.5849,1.3795,0.5181,1.2393,50.0,28.0,3.3,SAIL / IBM IMYB,newly_added_v2
Gua,Jharkhand,22.215658,85.384487,0.1575,0.186,0.1964,0.3635,0.4225,0.324,0.2984,0.09,1,Metamorphics,IND2497,393,378.0,428.0,0.9274099469184875,0.0,25.93,28.55000000000001,27.05,30.35,1.1623,0.8913,1.304,0.4649,0.8604,50.0,25.93,3.3,SAIL / IBM IMYB,newly_added_v2
Gua,Jharkhand,22.215081,85.387849,0.1694,0.1832,0.1995,0.3163,0.3757,0.3262,0.2264,0.294,1,Metamorphics,IND2497,385,370.0,420.0,2.7284719944000244,0.0,27.73,28.55000000000001,27.05,30.35,1.1878,1.0313,1.1517,0.531,0.8419,50.0,27.73,3.3,SAIL / IBM IMYB,newly_added_v2
Gua,Jharkhand,22.214831,85.385116,0.1447,0.1654,0.181,0.2886,0.3234,0.2622,0.2291,0.022,1,Metamorphics,IND2497,399,384.0,434.0,2.728469133377075,0.0,27.73,28.55000000000001,27.05,30.35,1.1206,0.9085,1.2334,0.5597,0.8924,50.0,27.73,3.3,SAIL / IBM IMYB,newly_added_v2
Gua,Jharkhand,22.214469,85.385829,0.1525,0.1751,0.1851,0.3315,0.3337,0.2559,0.2834,0.104,1,Metamorphics,IND2497,393,378.0,428.0,3.1422595977783203,0.14,28.14,28.55000000000001,27.05,30.35,1.0066,0.7719,1.304,0.5547,0.9934,50.0,28.0,3.3,SAIL / IBM IMYB,newly_added_v2
Gua,Jharkhand,22.217075,85.38282,0.1336,0.1487,0.1448,0.2864,0.2641,0.1982,0.3284,0.322,1,Metamorphics,IND2497,408,393.0,443.0,7.038540840148926,4.04,32.04,28.53000000000003,27.03,30.33,0.9221,0.692,1.3325,0.5483,1.0844,50.0,28.0,3.3,SAIL / IBM IMYB,newly_added_v2
Gua,Jharkhand,22.218255,85.385032,0.1652,0.196,0.2505,0.3208,0.4081,0.3764,0.1231,0.362,1,Metamorphics,IND2497,390,375.0,425.0,4.2089152336120605,1.21,29.21,28.53000000000003,27.03,30.33,1.2721,1.1733,1.0842,0.6138,0.7861,50.0,28.0,3.3,SAIL / IBM IMYB,newly_added_v2
Gua,Jharkhand,22.216343,85.382976,0.1677,0.1878,0.2271,0.2738,0.3056,0.2609,0.0932,0.257,1,Metamorphics,IND2497,405,390.0,440.0,7.028411865234375,4.03,32.03,28.55000000000001,27.05,30.35,1.1161,0.9529,1.1713,0.7431,0.8959,50.0,28.0,3.3,SAIL / IBM IMYB,newly_added_v2
Gua,Jharkhand,22.21701,85.386662,0.1487,0.1651,0.1735,0.2644,0.2616,0.2213,0.2076,0.282,1,Metamorphics,IND2497,386,371.0,421.0,2.0029258728027344,0.0,27.0,28.53000000000003,27.03,30.33,0.9894,0.837,1.1821,0.6632,1.0107,50.0,27.0,3.3,SAIL / IBM IMYB,newly_added_v2
Gua,Jharkhand,22.215141,85.387039,0.2027,0.2125,0.2161,0.3403,0.4143,0.3809,0.2232,0.211,1,Metamorphics,IND2497,386,371.0,421.0,5.081064701080322,2.08,30.08,28.55000000000001,27.05,30.35,1.2175,1.1193,1.0877,0.5216,0.8214,50.0,28.0,3.3,SAIL / IBM IMYB,newly_added_v2
Gua,Jharkhand,22.216647,85.385703,0.1539,0.1757,0.1924,0.2974,0.3393,0.2834,0.2144,0.197,1,Metamorphics,IND2497,386,371.0,421.0,0.0,0.0,25.0,28.53000000000003,27.03,30.33,1.1409,0.9529,1.1972,0.567,0.8765,50.0,25.0,3.3,SAIL / IBM IMYB,newly_added_v2
Gua,Jharkhand,22.214188,85.38143,0.1486,0.1701,0.1894,0.2945,0.3102,0.2611,0.2172,0.379,1,Metamorphics,IND2497,406,391.0,441.0,10.035439491271973,7.04,35.04,28.55000000000001,27.05,30.35,1.0533,0.8866,1.1881,0.6106,0.9494,50.0,28.0,3.3,SAIL / IBM IMYB,newly_added_v2
Gua,Jharkhand,22.215423,85.384754,0.1429,0.1661,0.1758,0.3169,0.3438,0.2723,0.2864,0.053,1,Metamorphics,IND2497,391,376.0,426.0,3.0028250217437744,0.0,28.0,28.55000000000001,27.05,30.35,1.0849,0.8593,1.2626,0.5113,0.9218,50.0,28.0,3.3,SAIL / IBM IMYB,newly_added_v2
Gua,Jharkhand,22.211942,85.384588,0.1412,0.1576,0.1546,0.3358,0.2764,0.2171,0.3695,0.343,1,Metamorphics,IND2497,401,386.0,436.0,1.8543341159820557,0.0,26.85,28.55000000000001,27.05,30.35,0.8231,0.6465,1.2731,0.5593,1.2149,50.0,26.85,3.3,SAIL / IBM IMYB,newly_added_v2
Gua,Jharkhand,22.213298,85.386898,0.1458,0.1635,0.1727,0.2726,0.3199,0.2613,0.2243,0.272,1,Metamorphics,IND2497,395,380.0,430.0,3.5274202823638916,0.53,28.53,28.55000000000001,27.05,30.35,1.1735,0.9585,1.2243,0.5399,0.8521,50.0,28.0,3.3,SAIL / IBM IMYB,newly_added_v2
Gua,Jharkhand,22.217868,85.38683,0.1482,0.1702,0.1839,0.3003,0.3359,0.2593,0.2404,0.371,1,Metamorphics,IND2497,384,369.0,419.0,4.0009918212890625,1.0,29.0,28.53000000000003,27.03,30.33,1.1185,0.8635,1.2954,0.5475,0.894,50.0,28.0,3.3,SAIL / IBM IMYB,newly_added_v2
Gua,Jharkhand,22.215327,85.385393,0.1672,0.202,0.2285,0.3319,0.3684,0.3054,0.1845,0.054,1,Metamorphics,IND2497,389,374.0,424.0,8.52115249633789,5.52,33.52,28.55000000000001,27.05,30.35,1.11,0.9202,1.2063,0.6202,0.9009,50.0,28.0,3.3,SAIL / IBM IMYB,newly_added_v2
Gua,Jharkhand,22.217524,85.386386,0.1487,0.1683,0.1798,0.2915,0.292,0.2499,0.237,0.315,1,Metamorphics,IND2497,386,371.0,421.0,1.3650230169296265,0.0,26.37,28.53000000000003,27.03,30.33,1.0017,0.8573,1.1685,0.6158,0.9983,50.0,26.37,3.3,SAIL / IBM IMYB,newly_added_v2
Gua,Jharkhand,22.21315,85.385865,0.1506,0.1739,0.1904,0.3078,0.3498,0.2943,0.2356,0.224,1,Metamorphics,IND2497,397,382.0,432.0,2.7802884578704834,0.0,27.78,28.55000000000001,27.05,30.35,1.1365,0.9561,1.1886,0.5443,0.8799,50.0,27.78,3.3,SAIL / IBM IMYB,newly_added_v2
Gua,Jharkhand,22.215274,85.38855,0.1553,0.1894,0.2315,0.2813,0.3899,0.3147,0.0971,0.367,1,Metamorphics,IND2497,386,371.0,421.0,0.9274099469184875,0.0,25.93,28.55000000000001,27.05,30.35,1.3861,1.1187,1.239,0.5937,0.7215,50.0,25.93,3.3,SAIL / IBM IMYB,newly_added_v2
Gua,Jharkhand,22.214593,85.386015,0.151,0.1734,0.1881,0.3027,0.342,0.2675,0.2335,0.114,1,Metamorphics,IND2497,392,377.0,427.0,2.2068660259246826,0.0,27.21,28.55000000000001,27.05,30.35,1.1298,0.8837,1.2785,0.55,0.8851,50.0,27.21,3.3,SAIL / IBM IMYB,newly_added_v2
Gua,Jharkhand,22.214156,85.382151,0.1349,0.1577,0.152,0.3501,0.3165,0.2324,0.3945,0.308,1,Metamorphics,IND2497,398,383.0,433.0,6.265718936920166,3.27,31.27,28.55000000000001,27.05,30.35,0.904,0.6638,1.3619,0.4803,1.1062,50.0,28.0,3.3,SAIL / IBM IMYB,newly_added_v2
Gua,Jharkhand,22.213939,85.387514,0.1785,0.2127,0.2519,0.3384,0.4349,0.3647,0.1465,0.285,1,Metamorphics,IND2497,390,375.0,425.0,2.1072864532470703,0.0,27.11,28.55000000000001,27.05,30.35,1.2852,1.0777,1.1925,0.5792,0.7781,50.0,27.11,3.3,SAIL / IBM IMYB,newly_added_v2
Gua,Jharkhand,22.215945,85.385517,0.1478,0.1723,0.1729,0.3348,0.3075,0.2332,0.3189,0.118,1,Metamorphics,IND2497,387,372.0,422.0,2.728480815887451,0.0,27.73,28.55000000000001,27.05,30.35,0.9185,0.6965,1.3186,0.5623,1.0888,50.0,27.73,3.3,SAIL / IBM IMYB,newly_added_v2
Gua,Jharkhand,22.220902,85.351508,0.1355,0.1536,0.1444,0.318,0.2765,0.2033,0.3754,3.514,0,Metamorphics,IND2497,537,522.0,572.0,11.311463356018066,8.31,36.31,26.630000000000052,25.13,28.43,0.8695,0.6393,1.3601,0.5222,1.1501,50.0,28.0,3.3,SAIL / IBM IMYB,newly_added_v2
Gua,Jharkhand,22.242281,85.428603,0.1378,0.1609,0.1498,0.2778,0.2842,0.203,0.2993,5.424,0,Metamorphics,IND2497,400,385.0,435.0,3.837160587310791,0.84,28.84,29.05000000000001,27.55,30.85,1.023,0.7307,1.4,0.5271,0.9775,50.0,28.0,3.3,SAIL / IBM IMYB,newly_added_v2
Gua,Jharkhand,22.185835,85.391823,0.1367,0.1551,0.1597,0.2553,0.2978,0.2179,0.2304,3.322,0,Metamorphics,IND2497,429,414.0,464.0,4.088393211364746,1.09,29.09,28.210000000000036,26.71,30.01,1.1665,0.8535,1.3667,0.5363,0.8573,50.0,28.0,3.3,SAIL / IBM IMYB,newly_added_v2
Gua,Jharkhand,22.175316,85.375157,0.1356,0.152,0.151,0.2713,0.2805,0.1992,0.2849,4.533,0,Metamorphics,IND2497,454,439.0,489.0,8.420807838439941,5.42,33.42,27.730000000000018,26.23,29.53,1.0339,0.7342,1.4081,0.5383,0.9672,50.0,28.0,3.3,SAIL / IBM IMYB,newly_added_v2
Gua,Jharkhand,22.232305,85.453557,0.1476,0.1633,0.1889,0.2432,0.3287,0.266,0.1257,7.323,0,Metamorphics,IND2497,465,450.0,500.0,7.1176958084106445,4.12,32.12,28.690000000000055,27.19,30.49,1.3516,1.0937,1.2357,0.5747,0.7399,50.0,28.0,3.3,SAIL / IBM IMYB,newly_added_v2
Gua,Jharkhand,22.211582,85.424042,0.1294,0.146,0.1365,0.2894,0.26,0.1938,0.359,4.042,0,Metamorphics,IND2497,462,447.0,497.0,15.728904724121094,12.73,40.73,28.310000000000002,26.81,30.11,0.8984,0.6697,1.3416,0.525,1.1131,50.0,28.0,3.3,SAIL / IBM IMYB,newly_added_v2
Gua,Jharkhand,22.23027,85.41015,0.1407,0.1552,0.1578,0.2578,0.29,0.2209,0.2406,3.1,0,Metamorphics,IND2497,401,386.0,436.0,23.141185760498047,20.14,48.14,27.910000000000025,26.41,29.71,1.1249,0.8569,1.3128,0.5441,0.889,50.0,28.0,3.3,SAIL / IBM IMYB,newly_added_v2
Gua,Jharkhand,22.239598,85.333958,0.1397,0.1668,0.1596,0.353,0.3327,0.2384,0.3773,5.93,0,Metamorphics,IND2497,351,336.0,386.0,2.7802884578704834,0.0,27.78,27.710000000000036,26.21,29.51,0.9425,0.6754,1.3956,0.4797,1.061,50.0,27.78,3.3,SAIL / IBM IMYB,newly_added_v2
Gua,Jharkhand,22.267042,85.399558,0.1419,0.1682,0.153,0.3573,0.3177,0.2096,0.4004,5.984,0,Metamorphics,IND2497,603,588.0,638.0,22.848440170288086,19.85,47.85,27.010000000000048,25.51,28.81,0.8892,0.5866,1.5157,0.4816,1.1246,50.0,28.0,3.3,SAIL / IBM IMYB,newly_added_v2
Gua,Jharkhand,22.186825,85.442225,0.1336,0.1569,0.1459,0.2884,0.2475,0.1816,0.3281,6.68,0,Metamorphics,IND2497,505,490.0,540.0,6.298934459686279,3.3,31.3,28.350000000000023,26.85,30.15,0.8582,0.6297,1.3629,0.5895,1.1653,50.0,28.0,3.3,SAIL / IBM IMYB,newly_added_v2
Gua,Jharkhand,22.215297,85.413682,0.1378,0.1579,0.1664,0.2903,0.3074,0.2312,0.2713,2.956,0,Metamorphics,IND2497,473,458.0,508.0,11.850388526916504,8.85,36.85,28.57000000000005,27.07,30.37,1.0589,0.7964,1.3296,0.5413,0.9444,50.0,28.0,3.3,SAIL / IBM IMYB,newly_added_v2
Gua,Jharkhand,22.176701,85.381493,0.1302,0.1465,0.1434,0.2782,0.2672,0.199,0.3197,4.279,0,Metamorphics,IND2497,401,386.0,436.0,1.8543341159820557,0.0,26.85,27.730000000000018,26.23,29.53,0.9605,0.7153,1.3427,0.5367,1.0412,50.0,26.85,3.3,SAIL / IBM IMYB,newly_added_v2
Gua,Jharkhand,22.211625,85.441997,0.149,0.1687,0.2036,0.2623,0.3682,0.284,0.126,5.886,0,Metamorphics,IND2497,404,389.0,439.0,4.763599395751953,1.76,29.76,28.370000000000005,26.87,30.17,1.4037,1.0827,1.2965,0.553,0.7124,50.0,28.0,3.3,SAIL / IBM IMYB,newly_added_v2
Gua,Jharkhand,22.280682,85.399035,0.1494,0.1731,0.1805,0.3279,0.3202,0.2298,0.2899,7.453,0,Metamorphics,IND2497,479,464.0,514.0,23.757871627807617,20.76,48.76,27.350000000000023,25.85,29.15,0.9765,0.7008,1.3934,0.5637,1.024,50.0,28.0,3.3,SAIL / IBM IMYB,newly_added_v2
Gua,Jharkhand,22.176197,85.397981,0.1349,0.1523,0.1634,0.2523,0.274,0.2195,0.2139,4.522,0,Metamorphics,IND2497,479,464.0,514.0,14.248295783996582,11.25,39.25,28.750000000000057,27.25,30.55,1.086,0.87,1.2483,0.5964,0.9208,50.0,28.0,3.3,SAIL / IBM IMYB,newly_added_v2
Gua,Jharkhand,22.215052,85.445553,0.142,0.1607,0.1727,0.278,0.303,0.2329,0.2336,6.24,0,Metamorphics,IND2497,388,373.0,423.0,5.326316833496094,2.33,30.33,28.370000000000005,26.87,30.17,1.0899,0.8378,1.301,0.57,0.9175,50.0,28.0,3.3,SAIL / IBM IMYB,newly_added_v2
Gua,Jharkhand,22.229355,85.340976,0.1433,0.1622,0.1754,0.3148,0.3209,0.242,0.2844,4.81,0,Metamorphics,IND2497,392,377.0,427.0,2.2070603370666504,0.0,27.21,27.410000000000025,25.91,29.21,1.0194,0.7687,1.326,0.5466,0.981,50.0,27.21,3.3,SAIL / IBM IMYB,newly_added_v2
Gua,Jharkhand,22.243656,85.38733,0.1357,0.1699,0.1613,0.333,0.2939,0.2112,0.3474,3.199,0,Metamorphics,IND2497,565,550.0,600.0,25.961042404174805,22.96,50.96,27.05000000000001,25.55,28.85,0.8826,0.6342,1.3916,0.5488,1.133,50.0,28.0,3.3,SAIL / IBM IMYB,newly_added_v2
Gua,Jharkhand,22.274396,85.377944,0.1481,0.1679,0.1858,0.3019,0.3732,0.2784,0.2381,6.652,0,Metamorphics,IND2497,395,380.0,430.0,2.1074910163879395,0.0,27.11,27.810000000000002,26.31,29.61,1.2362,0.9222,1.3405,0.4979,0.8089,50.0,27.11,3.3,SAIL / IBM IMYB,newly_added_v2
Gua,Jharkhand,22.22765,85.35762,0.1369,0.1575,0.1553,0.3388,0.318,0.2311,0.3714,3.154,0,Metamorphics,IND2497,478,463.0,513.0,23.336519241333008,20.34,48.34,27.370000000000005,25.87,29.17,0.9386,0.6821,1.376,0.4884,1.0654,50.0,28.0,3.3,SAIL / IBM IMYB,newly_added_v2
Gua,Jharkhand,22.188235,85.354097,0.1303,0.1577,0.1448,0.303,0.2772,0.1944,0.3533,4.361,0,Metamorphics,IND2497,767,752.0,802.0,32.95850372314453,29.96,57.96,27.05000000000001,25.55,28.85,0.9149,0.6416,1.4259,0.5224,1.0931,50.0,28.0,3.3,SAIL / IBM IMYB,newly_added_v2
Gua,Jharkhand,22.170312,85.357537,0.1384,0.1579,0.1598,0.311,0.2957,0.2149,0.3212,5.723,0,Metamorphics,IND2497,512,497.0,547.0,19.346107482910156,16.35,44.35,27.390000000000043,25.89,29.19,0.9508,0.691,1.376,0.5404,1.0517,50.0,28.0,3.3,SAIL / IBM IMYB,newly_added_v2
Gua,Jharkhand,22.228092,85.351009,0.1387,0.1689,0.1648,0.3462,0.3161,0.2317,0.355,3.794,0,Metamorphics,IND2497,487,472.0,522.0,7.954155921936035,4.95,32.95,27.150000000000034,25.65,28.95,0.9131,0.6693,1.3643,0.5214,1.0952,50.0,28.0,3.3,SAIL / IBM IMYB,newly_added_v2
Gua,Jharkhand,22.23654,85.394977,0.1395,0.1551,0.164,0.2645,0.3129,0.241,0.2345,2.609,0,Metamorphics,IND2497,396,381.0,431.0,1.3651233911514282,0.0,26.37,27.83000000000004,26.33,29.63,1.183,0.9112,1.2983,0.5241,0.8453,50.0,26.37,3.3,SAIL / IBM IMYB,newly_added_v2
Gua,Jharkhand,22.155943,85.408679,0.1342,0.1449,0.1655,0.2039,0.2628,0.2383,0.104,7.012,0,Metamorphics,IND2497,448,433.0,483.0,6.792787551879883,3.79,31.79,29.29000000000002,27.79,31.09,1.2889,1.1687,1.1028,0.6298,0.7759,50.0,28.0,3.3,SAIL / IBM IMYB,newly_added_v2
Gua,Jharkhand,22.238367,85.367865,0.13,0.1486,0.1404,0.3117,0.2864,0.2016,0.3789,3.144,0,Metamorphics,IND2497,479,464.0,514.0,6.825620174407959,3.83,31.83,27.03000000000003,25.53,28.83,0.9188,0.6468,1.4206,0.4902,1.0883,50.0,28.0,3.3,SAIL / IBM IMYB,newly_added_v2
Gua,Jharkhand,22.185727,85.441213,0.1339,0.1531,0.1501,0.2504,0.2569,0.1864,0.2504,6.647,0,Metamorphics,IND2497,529,514.0,564.0,7.50032901763916,4.5,32.5,28.350000000000023,26.85,30.15,1.026,0.7444,1.3782,0.5843,0.9747,50.0,28.0,3.3,SAIL / IBM IMYB,newly_added_v2
Gua,Jharkhand,22.191353,85.391388,0.1459,0.164,0.1699,0.303,0.3183,0.2358,0.2815,2.713,0,Metamorphics,IND2497,425,410.0,460.0,22.456819534301758,19.46,47.46,27.930000000000007,26.43,29.73,1.0505,0.7782,1.3499,0.5338,0.9519,50.0,28.0,3.3,SAIL / IBM IMYB,newly_added_v2
Gua,Jharkhand,22.188172,85.37049,0.1418,0.1716,0.166,0.3551,0.3117,0.2252,0.3629,3.34,0,Metamorphics,IND2497,482,467.0,517.0,21.046506881713867,18.05,46.05,27.450000000000045,25.95,29.25,0.8778,0.6342,1.3841,0.5326,1.1392,50.0,28.0,3.3,SAIL / IBM IMYB,newly_added_v2
Gua,Jharkhand,22.168093,85.424303,0.1257,0.1423,0.1367,0.3013,0.2379,0.1766,0.3758,6.608,0,Metamorphics,IND2497,458,443.0,493.0,3.526604175567627,0.53,28.53,29.410000000000025,27.91,31.21,0.7896,0.5861,1.3471,0.5746,1.2665,50.0,28.0,3.3,SAIL / IBM IMYB,newly_added_v2
Gua,Jharkhand,22.205311,85.36154,0.1369,0.1613,0.1582,0.2982,0.2949,0.2158,0.3067,2.647,0,Metamorphics,IND2497,501,486.0,536.0,16.553865432739258,13.55,41.55,27.29000000000002,25.79,29.09,0.9889,0.7237,1.3665,0.5365,1.0112,50.0,28.0,3.3,SAIL / IBM IMYB,newly_added_v2
Gua,Jharkhand,22.221645,85.416844,0.1391,0.1615,0.1594,0.263,0.2711,0.1991,0.2453,3.364,0,Metamorphics,IND2497,512,497.0,547.0,8.778759956359863,5.78,33.78,27.950000000000045,26.45,29.75,1.0308,0.757,1.3616,0.588,0.9701,50.0,28.0,3.3,SAIL / IBM IMYB,newly_added_v2
Gua,Jharkhand,22.209244,85.417754,0.1411,0.165,0.1704,0.2914,0.2869,0.2146,0.262,3.436,0,Metamorphics,IND2497,498,483.0,533.0,10.035162925720215,7.04,35.04,28.53000000000003,27.03,30.33,0.9846,0.7364,1.3369,0.5939,1.0157,50.0,28.0,3.3,SAIL / IBM IMYB,newly_added_v2
Gua,Jharkhand,22.27567,85.399497,0.1429,0.1722,0.1585,0.348,0.2981,0.2062,0.3741,6.917,0,Metamorphics,IND2497,520,505.0,555.0,17.13529396057129,14.14,42.14,27.250000000000057,25.75,29.05,0.8566,0.5925,1.4457,0.5317,1.1674,50.0,28.0,3.3,SAIL / IBM IMYB,newly_added_v2
Gua,Jharkhand,22.216331,85.43928,0.1527,0.1813,0.2001,0.286,0.3375,0.2659,0.1767,5.596,0,Metamorphics,IND2497,382,367.0,417.0,9.127626419067383,6.13,34.13,28.110000000000014,26.61,29.91,1.1801,0.9297,1.2693,0.5929,0.8474,50.0,28.0,3.3,SAIL / IBM IMYB,newly_added_v2
Gua,Jharkhand,22.18461,85.405261,0.1347,0.1567,0.1561,0.2638,0.2892,0.2197,0.2565,3.976,0,Metamorphics,IND2497,449,434.0,484.0,0.0,0.0,25.0,28.190000000000055,26.69,29.99,1.0963,0.8328,1.3163,0.5398,0.9122,50.0,25.0,3.3,SAIL / IBM IMYB,newly_added_v2
Gua,Jharkhand,22.258771,85.404057,0.144,0.1694,0.1813,0.3112,0.3379,0.2498,0.2638,5.253,0,Metamorphics,IND2497,445,430.0,480.0,3.837191581726074,0.84,28.84,27.450000000000045,25.95,29.25,1.0858,0.8027,1.3527,0.5365,0.921,50.0,28.0,3.3,SAIL / IBM IMYB,newly_added_v2
Gua,Jharkhand,22.23779,85.413727,0.1381,0.1546,0.1546,0.2563,0.2591,0.2025,0.2475,3.899,0,Metamorphics,IND2497,362,347.0,397.0,8.016905784606934,5.02,33.02,27.850000000000023,26.35,29.65,1.0109,0.7901,1.2795,0.5967,0.9892,50.0,28.0,3.3,SAIL / IBM IMYB,newly_added_v2
Gua,Jharkhand,22.23852,85.362503,0.1427,0.1769,0.1537,0.3973,0.2809,0.1909,0.4421,3.497,0,Metamorphics,IND2497,526,511.0,561.0,18.233888626098633,15.23,43.23,27.07000000000005,25.57,28.87,0.707,0.4805,1.4715,0.5472,1.4144,50.0,28.0,3.3,SAIL / IBM IMYB,newly_added_v2
Gua,Jharkhand,22.183619,85.348559,0.1387,0.1694,0.1509,0.3925,0.307,0.2095,0.4446,5.129,0,Metamorphics,IND2497,546,531.0,581.0,15.47715950012207,12.48,40.48,26.670000000000016,25.17,28.47,0.7822,0.5338,1.4654,0.4915,1.2785,50.0,28.0,3.3,SAIL / IBM IMYB,newly_added_v2
Gua,Jharkhand,22.231263,85.324314,0.1392,0.1634,0.1691,0.3567,0.3743,0.2667,0.3568,6.511,0,Metamorphics,IND2497,358,343.0,393.0,12.276592254638672,9.28,37.28,28.57000000000005,27.07,30.37,1.0493,0.7477,1.4034,0.4518,0.953,50.0,28.0,3.3,SAIL / IBM IMYB,newly_added_v2
Gua,Jharkhand,22.228325,85.314187,0.1491,0.1788,0.1875,0.346,0.374,0.285,0.2971,7.447,0,Metamorphics,IND2497,335,320.0,370.0,2.0030882358551025,0.0,27.0,28.730000000000018,27.23,30.53,1.0809,0.8237,1.3123,0.5013,0.9251,50.0,27.0,3.3,SAIL / IBM IMYB,newly_added_v2
Gua,Jharkhand,22.177912,85.373493,0.1411,0.1722,0.1534,0.3511,0.2828,0.1938,0.3919,4.296,0,Metamorphics,IND2497,450,435.0,485.0,8.777521133422852,5.78,33.78,27.430000000000007,25.93,29.23,0.8055,0.552,1.4592,0.5424,1.2415,50.0,28.0,3.3,SAIL / IBM IMYB,newly_added_v2
Gua,Jharkhand,22.252736,85.360084,0.1438,0.1672,0.1799,0.3262,0.3611,0.2731,0.2891,4.923,0,Metamorphics,IND2497,378,363.0,413.0,8.52127456665039,5.52,33.52,27.390000000000043,25.89,29.19,1.107,0.8372,1.3222,0.4982,0.9034,50.0,28.0,3.3,SAIL / IBM IMYB,newly_added_v2
Gua,Jharkhand,22.180603,85.416379,0.1904,0.2259,0.2571,0.3229,0.3858,0.3418,0.1134,5.012,0,Metamorphics,IND2497,452,437.0,487.0,0.0,0.0,25.0,29.690000000000055,28.19,31.49,1.1948,1.0585,1.1287,0.6664,0.837,50.0,25.0,3.3,SAIL / IBM IMYB,newly_added_v2
Rivona,Goa,15.189681,74.110716,0.1353,0.1522,0.1511,0.3113,0.2935,0.207,0.3465,0.085,1,Metamorphics,IND2497,88,73.0,123.0,1.9214138984680176,0.0,26.92,29.210000000000036,27.71,31.01,0.9428,0.665,1.4179,0.5148,1.0606,50.0,26.92,3.3,Directorate of Mines and Geology Goa / IBM Goa Region MCDR,newly_added_v2
Rivona,Goa,15.190704,74.10944,0.1343,0.1513,0.1412,0.332,0.2696,0.1837,0.4032,0.099,1,Metamorphics,IND2497,59,44.0,94.0,8.664210319519043,5.66,33.66,29.210000000000036,27.71,31.01,0.812,0.5533,1.4676,0.5237,1.2315,50.0,28.0,3.3,Directorate of Mines and Geology Goa / IBM Goa Region MCDR,newly_added_v2
Rivona,Goa,15.192517,74.111006,0.1361,0.1575,0.1606,0.3009,0.3213,0.2348,0.304,0.3,1,Metamorphics,IND2497,77,62.0,112.0,13.069622993469238,10.07,38.07,29.560000000000002,28.06,31.36,1.0678,0.7803,1.3684,0.4998,0.9365,50.0,28.0,3.3,Directorate of Mines and Geology Goa / IBM Goa Region MCDR,newly_added_v2
Rivona,Goa,15.186672,74.109355,0.1317,0.1507,0.144,0.3085,0.2929,0.2073,0.3635,0.377,1,Metamorphics,IND2497,52,37.0,87.0,2.08823299407959,0.0,27.09,29.210000000000036,27.71,31.01,0.9494,0.672,1.4129,0.4916,1.0533,50.0,27.09,3.3,Directorate of Mines and Geology Goa / IBM Goa Region MCDR,newly_added_v2
Rivona,Goa,15.19266,74.109993,0.1369,0.1573,0.1565,0.3042,0.3235,0.2335,0.3206,0.296,1,Metamorphics,IND2497,82,67.0,117.0,11.883977890014648,8.88,36.88,29.560000000000002,28.06,31.36,1.0634,0.7676,1.3854,0.4838,0.9403,50.0,28.0,3.3,Directorate of Mines and Geology Goa / IBM Goa Region MCDR,newly_added_v2
Rivona,Goa,15.192692,74.11203,0.1434,0.1641,0.1707,0.2773,0.3337,0.248,0.2379,0.371,1,Metamorphics,IND2497,86,71.0,121.0,15.956328392028809,12.96,40.96,29.560000000000002,28.06,31.36,1.2034,0.8943,1.3456,0.5115,0.831,50.0,28.0,3.3,Directorate of Mines and Geology Goa / IBM Goa Region MCDR,newly_added_v2
Rivona,Goa,15.189761,74.112374,0.1526,0.1704,0.1768,0.2993,0.297,0.2367,0.2573,0.256,1,Metamorphics,IND2497,88,73.0,123.0,10.096575736999512,7.1,35.1,29.210000000000036,27.71,31.01,0.9923,0.7908,1.2548,0.5953,1.0077,50.0,28.0,3.3,Directorate of Mines and Geology Goa / IBM Goa Region MCDR,newly_added_v2
Rivona,Goa,15.192447,74.108549,0.1511,0.172,0.1929,0.2869,0.3403,0.2933,0.1959,0.314,1,Metamorphics,IND2497,80,65.0,115.0,4.688113689422607,1.69,29.69,29.560000000000002,28.06,31.36,1.1861,1.0223,1.1602,0.5669,0.8431,50.0,28.0,3.3,Directorate of Mines and Geology Goa / IBM Goa Region MCDR,newly_added_v2
Rivona,Goa,15.19036,74.109992,0.1335,0.157,0.1404,0.3969,0.2744,0.1846,0.4774,0.04,1,Metamorphics,IND2497,72,57.0,107.0,11.613401412963867,8.61,36.61,29.210000000000036,27.71,31.01,0.6914,0.4651,1.4865,0.5117,1.4464,50.0,28.0,3.3,Directorate of Mines and Geology Goa / IBM Goa Region MCDR,newly_added_v2
Rivona,Goa,15.190507,74.109243,0.1363,0.1535,0.1484,0.3264,0.2831,0.1931,0.3749,0.099,1,Metamorphics,IND2497,60,45.0,95.0,11.94675064086914,8.95,36.95,29.210000000000036,27.71,31.01,0.8673,0.5916,1.4661,0.5242,1.1529,50.0,28.0,3.3,Directorate of Mines and Geology Goa / IBM Goa Region MCDR,newly_added_v2
Rivona,Goa,15.188312,74.112261,0.1461,0.1647,0.1522,0.3496,0.3007,0.2065,0.3934,0.307,1,Metamorphics,IND2497,70,55.0,105.0,8.906362533569336,5.91,33.91,29.210000000000036,27.71,31.01,0.8601,0.5907,1.4562,0.5062,1.1626,50.0,28.0,3.3,Directorate of Mines and Geology Goa / IBM Goa Region MCDR,newly_added_v2
Rivona,Goa,15.19163,74.107522,0.154,0.1764,0.2023,0.3083,0.372,0.3169,0.2076,0.322,1,Metamorphics,IND2497,76,61.0,111.0,5.007238864898682,2.01,30.01,29.210000000000036,27.71,31.01,1.2066,1.0279,1.1739,0.5438,0.8288,50.0,28.0,3.3,Directorate of Mines and Geology Goa / IBM Goa Region MCDR,newly_added_v2
Rivona,Goa,15.189374,74.109574,0.1329,0.1541,0.1459,0.3295,0.2938,0.1991,0.3862,0.083,1,Metamorphics,IND2497,82,67.0,117.0,2.133218765258789,0.0,27.13,29.210000000000036,27.71,31.01,0.8917,0.6042,1.4756,0.4966,1.1215,50.0,27.13,3.3,Directorate of Mines and Geology Goa / IBM Goa Region MCDR,newly_added_v2
Rivona,Goa,15.189099,74.107267,0.1377,0.1604,0.1471,0.3725,0.3062,0.2143,0.4338,0.31,1,Metamorphics,IND2497,56,41.0,91.0,10.454134941101074,7.45,35.45,29.210000000000036,27.71,31.01,0.822,0.5753,1.4288,0.4804,1.2165,50.0,28.0,3.3,Directorate of Mines and Geology Goa / IBM Goa Region MCDR,newly_added_v2
Rivona,Goa,15.193086,74.110573,0.1369,0.157,0.151,0.3281,0.3115,0.218,0.3697,0.349,1,Metamorphics,IND2497,88,73.0,123.0,5.007243633270264,2.01,30.01,29.560000000000002,28.06,31.36,0.9494,0.6644,1.4289,0.4848,1.0533,50.0,28.0,3.3,Directorate of Mines and Geology Goa / IBM Goa Region MCDR,newly_added_v2
Rivona,Goa,15.192314,74.10918,0.1748,0.2004,0.2232,0.3325,0.3769,0.3162,0.1967,0.272,1,Metamorphics,IND2497,81,66.0,116.0,7.909790515899658,4.91,32.91,29.560000000000002,28.06,31.36,1.1335,0.951,1.192,0.5922,0.8822,50.0,28.0,3.3,Directorate of Mines and Geology Goa / IBM Goa Region MCDR,newly_added_v2
Rivona,Goa,15.188153,74.109199,0.1377,0.1531,0.1581,0.287,0.3231,0.233,0.2896,0.223,1,Metamorphics,IND2497,59,44.0,94.0,5.007226467132568,2.01,30.01,29.210000000000036,27.71,31.01,1.1258,0.8118,1.3867,0.4893,0.8883,50.0,28.0,3.3,Directorate of Mines and Geology Goa / IBM Goa Region MCDR,newly_added_v2
Rivona,Goa,15.190786,74.109938,0.1337,0.152,0.1386,0.3481,0.2544,0.1739,0.4304,0.088,1,Metamorphics,IND2497,66,51.0,101.0,11.94675350189209,8.95,36.95,29.210000000000036,27.71,31.01,0.7308,0.4996,1.4629,0.5448,1.3683,50.0,28.0,3.3,Directorate of Mines and Geology Goa / IBM Goa Region MCDR,newly_added_v2
Rivona,Goa,15.186973,74.110153,0.1392,0.158,0.1627,0.3,0.2889,0.2196,0.2967,0.337,1,Metamorphics,IND2497,53,38.0,88.0,2.6692955493927,0.0,27.67,29.210000000000036,27.71,31.01,0.963,0.732,1.3156,0.5632,1.0384,50.0,27.67,3.3,Directorate of Mines and Geology Goa / IBM Goa Region MCDR,newly_added_v2
Rivona,Goa,15.188823,74.110073,0.1332,0.1505,0.1445,0.3107,0.2888,0.2049,0.3651,0.131,1,Metamorphics,IND2497,74,59.0,109.0,7.909774303436279,4.91,32.91,29.210000000000036,27.71,31.01,0.9295,0.6595,1.4095,0.5003,1.0758,50.0,28.0,3.3,Directorate of Mines and Geology Goa / IBM Goa Region MCDR,newly_added_v2
Rivona,Goa,15.190051,74.110486,0.1296,0.1489,0.1379,0.3436,0.2535,0.1773,0.4272,0.052,1,Metamorphics,IND2497,86,71.0,121.0,6.739734172821045,3.74,31.74,29.210000000000036,27.71,31.01,0.7378,0.516,1.4298,0.544,1.3554,50.0,28.0,3.3,Directorate of Mines and Geology Goa / IBM Goa Region MCDR,newly_added_v2
Rivona,Goa,15.189125,74.109848,0.1321,0.1499,0.1451,0.3062,0.2922,0.2015,0.357,0.099,1,Metamorphics,IND2497,79,64.0,114.0,8.34308910369873,5.34,33.34,29.210000000000036,27.71,31.01,0.9543,0.6581,1.4501,0.4966,1.0479,50.0,28.0,3.3,Directorate of Mines and Geology Goa / IBM Goa Region MCDR,newly_added_v2
Rivona,Goa,15.190158,74.109907,0.1348,0.1558,0.1459,0.3562,0.301,0.2059,0.4188,0.02,1,Metamorphics,IND2497,75,60.0,110.0,11.308707237243652,8.31,36.31,29.210000000000036,27.71,31.01,0.845,0.578,1.4619,0.4847,1.1834,50.0,28.0,3.3,Directorate of Mines and Geology Goa / IBM Goa Region MCDR,newly_added_v2
Rivona,Goa,15.190567,74.11063,0.1327,0.1533,0.1387,0.3658,0.2679,0.1822,0.4501,0.093,1,Metamorphics,IND2497,75,60.0,110.0,12.029692649841309,9.03,37.03,29.210000000000036,27.71,31.01,0.7324,0.4981,1.4704,0.5177,1.3654,50.0,28.0,3.3,Directorate of Mines and Geology Goa / IBM Goa Region MCDR,newly_added_v2
Rivona,Goa,15.19218,74.108736,0.1485,0.1674,0.1759,0.2727,0.3445,0.2913,0.2158,0.278,1,Metamorphics,IND2497,82,67.0,117.0,5.444236755371094,2.44,30.44,29.560000000000002,28.06,31.36,1.2633,1.0682,1.1826,0.5106,0.7916,50.0,28.0,3.3,Directorate of Mines and Geology Goa / IBM Goa Region MCDR,newly_added_v2
Rivona,Goa,15.188702,74.112699,0.1401,0.1635,0.1624,0.3313,0.2855,0.2178,0.3421,0.324,1,Metamorphics,IND2497,78,63.0,113.0,6.648101806640625,3.65,31.65,29.210000000000036,27.71,31.01,0.8618,0.6574,1.3108,0.5688,1.1604,50.0,28.0,3.3,Directorate of Mines and Geology Goa / IBM Goa Region MCDR,newly_added_v2
Rivona,Goa,15.189786,74.109866,0.1349,0.1549,0.1517,0.3196,0.3001,0.2079,0.3562,0.028,1,Metamorphics,IND2497,82,67.0,117.0,4.734775543212891,1.73,29.73,29.210000000000036,27.71,31.01,0.939,0.6505,1.4435,0.5055,1.065,50.0,28.0,3.3,Directorate of Mines and Geology Goa / IBM Goa Region MCDR,newly_added_v2
Rivona,Goa,15.19048,74.106778,0.1352,0.1561,0.1531,0.3344,0.3075,0.2184,0.3719,0.35,1,Metamorphics,IND2497,70,55.0,105.0,6.7397356033325195,3.74,31.74,29.210000000000036,27.71,31.01,0.9196,0.6531,1.408,0.4979,1.0875,50.0,28.0,3.3,Directorate of Mines and Geology Goa / IBM Goa Region MCDR,newly_added_v2
Rivona,Goa,15.191869,74.107679,0.1553,0.1744,0.1881,0.3097,0.3538,0.3006,0.2443,0.325,1,Metamorphics,IND2497,78,63.0,113.0,4.170954704284668,1.17,29.17,29.560000000000002,28.06,31.36,1.1424,0.9706,1.177,0.5317,0.8754,50.0,28.0,3.3,Directorate of Mines and Geology Goa / IBM Goa Region MCDR,newly_added_v2
Rivona,Goa,15.187697,74.112429,0.1289,0.1531,0.1348,0.3719,0.2438,0.1666,0.4679,0.366,1,Metamorphics,IND2497,80,65.0,115.0,5.820361614227295,2.82,30.82,29.210000000000036,27.71,31.01,0.6556,0.448,1.4634,0.5529,1.5254,50.0,28.0,3.3,Directorate of Mines and Geology Goa / IBM Goa Region MCDR,newly_added_v2
Rivona,Goa,15.187444,74.112039,0.1341,0.1553,0.1504,0.3215,0.2989,0.2072,0.3626,0.359,1,Metamorphics,IND2497,68,53.0,103.0,6.824260711669922,3.82,31.82,29.210000000000036,27.71,31.01,0.9297,0.6445,1.4426,0.5032,1.0756,50.0,28.0,3.3,Directorate of Mines and Geology Goa / IBM Goa Region MCDR,newly_added_v2
Rivona,Goa,15.189838,74.110497,0.1296,0.1489,0.1379,0.3436,0.2535,0.1773,0.4272,0.056,1,Metamorphics,IND2497,86,71.0,121.0,6.739734172821045,3.74,31.74,29.210000000000036,27.71,31.01,0.7378,0.516,1.4298,0.544,1.3554,50.0,28.0,3.3,Directorate of Mines and Geology Goa / IBM Goa Region MCDR,newly_added_v2
Rivona,Goa,15.190341,74.110538,0.1327,0.1533,0.1387,0.3658,0.2679,0.1822,0.4501,0.069,1,Metamorphics,IND2497,75,60.0,110.0,12.029692649841309,9.03,37.03,29.210000000000036,27.71,31.01,0.7324,0.4981,1.4704,0.5177,1.3654,50.0,28.0,3.3,Directorate of Mines and Geology Goa / IBM Goa Region MCDR,newly_added_v2
Rivona,Goa,15.190844,74.10675,0.1364,0.1587,0.1584,0.3142,0.3168,0.2295,0.3297,0.362,1,Metamorphics,IND2497,73,58.0,108.0,2.7802884578704834,0.0,27.78,29.210000000000036,27.71,31.01,1.0083,0.7304,1.3804,0.5,0.9918,50.0,27.78,3.3,Directorate of Mines and Geology Goa / IBM Goa Region MCDR,newly_added_v2
Rivona,Goa,15.188055,74.107255,0.1332,0.1503,0.143,0.3265,0.2731,0.1918,0.3908,0.366,1,Metamorphics,IND2497,55,40.0,90.0,5.820368766784668,2.82,30.82,29.210000000000036,27.71,31.01,0.8364,0.5874,1.4239,0.5236,1.1955,50.0,28.0,3.3,Directorate of Mines and Geology Goa / IBM Goa Region MCDR,newly_added_v2
Rivona,Goa,15.190729,74.10985,0.1323,0.1535,0.1381,0.3634,0.2525,0.1707,0.4493,0.083,1,Metamorphics,IND2497,62,47.0,97.0,11.308716773986816,8.31,36.31,29.210000000000036,27.71,31.01,0.6948,0.4697,1.4792,0.5469,1.4392,50.0,28.0,3.3,Directorate of Mines and Geology Goa / IBM Goa Region MCDR,newly_added_v2
Rivona,Goa,15.192184,74.108915,0.153,0.1756,0.2072,0.2987,0.3836,0.3217,0.1809,0.27,1,Metamorphics,IND2497,83,68.0,118.0,5.629144191741943,2.63,30.63,29.560000000000002,28.06,31.36,1.2842,1.077,1.1924,0.5401,0.7787,50.0,28.0,3.3,Directorate of Mines and Geology Goa / IBM Goa Region MCDR,newly_added_v2
Rivona,Goa,15.190456,74.112784,0.1345,0.155,0.1492,0.3551,0.2897,0.2122,0.4083,0.303,1,Metamorphics,IND2497,82,67.0,117.0,12.340561866760254,9.34,37.34,29.210000000000036,27.71,31.01,0.8158,0.5976,1.3652,0.515,1.2258,50.0,28.0,3.3,Directorate of Mines and Geology Goa / IBM Goa Region MCDR,newly_added_v2
Rivona,Goa,15.190942,74.111927,0.1317,0.1484,0.1428,0.3116,0.2783,0.1942,0.3715,0.232,1,Metamorphics,IND2497,68,53.0,103.0,3.424315929412842,0.42,28.42,29.210000000000036,27.71,31.01,0.8931,0.6232,1.4331,0.5131,1.1197,50.0,28.0,3.3,Directorate of Mines and Geology Goa / IBM Goa Region MCDR,newly_added_v2
Rivona,Goa,15.189558,74.108875,0.1388,0.1609,0.1565,0.3252,0.3108,0.2147,0.3502,0.13,1,Metamorphics,IND2497,74,59.0,109.0,5.6291422843933105,2.63,30.63,29.210000000000036,27.71,31.01,0.9557,0.6602,1.4476,0.5035,1.0463,50.0,28.0,3.3,Directorate of Mines and Geology Goa / IBM Goa Region MCDR,newly_added_v2
Rivona,Goa,15.189922,74.109393,0.1343,0.155,0.141,0.3577,0.268,0.1823,0.4345,0.066,1,Metamorphics,IND2497,73,58.0,108.0,9.11247730255127,6.11,34.11,29.210000000000036,27.71,31.01,0.7492,0.5096,1.4701,0.5261,1.3347,50.0,28.0,3.3,Directorate of Mines and Geology Goa / IBM Goa Region MCDR,newly_added_v2
Rivona,Goa,15.193081,74.108934,0.142,0.1641,0.166,0.3209,0.3197,0.2327,0.3181,0.362,1,Metamorphics,IND2497,89,74.0,124.0,0.0,0.0,25.0,29.560000000000002,28.06,31.36,0.9963,0.7251,1.3739,0.5192,1.0038,50.0,25.0,3.3,Directorate of Mines and Geology Goa / IBM Goa Region MCDR,newly_added_v2
Rivona,Goa,15.191445,74.109946,0.1355,0.1531,0.1494,0.3081,0.2978,0.216,0.3469,0.161,1,Metamorphics,IND2497,63,48.0,98.0,8.343091011047363,5.34,33.34,29.210000000000036,27.71,31.01,0.9666,0.7011,1.3787,0.5017,1.0346,50.0,28.0,3.3,Directorate of Mines and Geology Goa / IBM Goa Region MCDR,newly_added_v2
Rivona,Goa,15.193233,74.110691,0.1369,0.157,0.151,0.3281,0.3115,0.218,0.3697,0.367,1,Metamorphics,IND2497,88,73.0,123.0,5.007243633270264,2.01,30.01,29.560000000000002,28.06,31.36,0.9494,0.6644,1.4289,0.4848,1.0533,50.0,28.0,3.3,Directorate of Mines and Geology Goa / IBM Goa Region MCDR,newly_added_v2
Rivona,Goa,15.191871,74.10895,0.1463,0.1636,0.1848,0.2659,0.3632,0.291,0.1799,0.237,1,Metamorphics,IND2497,79,64.0,114.0,10.332365036010742,7.33,35.33,29.560000000000002,28.06,31.36,1.3659,1.0944,1.2481,0.5088,0.7321,50.0,28.0,3.3,Directorate of Mines and Geology Goa / IBM Goa Region MCDR,newly_added_v2
Rivona,Goa,15.201987,74.177162,0.1367,0.1376,0.1254,0.1222,0.1164,0.112,-0.0129,7.338,0,Metamorphics,IND2497,40,25.0,75.0,0.0,0.0,25.0,28.690000000000055,27.19,30.49,0.9525,0.9165,1.0393,1.0773,1.0498,50.0,25.0,3.3,Directorate of Mines and Geology Goa / IBM Goa Region MCDR,newly_added_v2
Rivona,Goa,15.234123,74.090788,0.141,0.1594,0.1511,0.3022,0.3084,0.2194,0.3333,5.328,0,Metamorphics,IND2497,17,2.0,52.0,4.261270523071289,1.26,29.26,30.400000000000034,28.9,32.2,1.0205,0.726,1.4057,0.4899,0.9799,50.0,28.0,3.3,Directorate of Mines and Geology Goa / IBM Goa Region MCDR,newly_added_v2
Rivona,Goa,15.189158,74.080196,0.1369,0.1535,0.1551,0.275,0.2994,0.222,0.2788,3.203,0,Metamorphics,IND2497,39,24.0,74.0,6.034990310668945,3.03,31.03,29.79000000000002,28.29,31.59,1.0887,0.8073,1.3486,0.518,0.9185,50.0,28.0,3.3,Directorate of Mines and Geology Goa / IBM Goa Region MCDR,newly_added_v2
Rivona,Goa,15.222945,74.106205,0.1348,0.1569,0.1456,0.3441,0.2986,0.2072,0.4054,3.69,0,Metamorphics,IND2497,74,59.0,109.0,23.560474395751953,20.56,48.56,29.370000000000005,27.87,31.17,0.8678,0.6022,1.4411,0.4876,1.1524,50.0,28.0,3.3,Directorate of Mines and Geology Goa / IBM Goa Region MCDR,newly_added_v2
Rivona,Goa,15.212542,74.08949,0.1577,0.1722,0.1958,0.2849,0.4283,0.3283,0.1854,3.339,0,Metamorphics,IND2497,25,10.0,60.0,4.000580310821533,1.0,29.0,29.850000000000023,28.35,31.65,1.5033,1.1523,1.3046,0.4572,0.6652,50.0,28.0,3.3,Directorate of Mines and Geology Goa / IBM Goa Region MCDR,newly_added_v2
Rivona,Goa,15.183258,74.083505,0.1415,0.1607,0.1634,0.3216,0.3216,0.2281,0.3262,2.944,0,Metamorphics,IND2497,66,51.0,101.0,9.56515884399414,6.57,34.57,30.07000000000005,28.57,31.87,1.0,0.7093,1.4099,0.5081,1.0,50.0,28.0,3.3,Directorate of Mines and Geology Goa / IBM Goa Region MCDR,newly_added_v2
Rivona,Goa,15.228728,74.075355,0.1448,0.1611,0.1696,0.3113,0.3423,0.2449,0.2947,5.696,0,Metamorphics,IND2497,26,11.0,61.0,6.002053737640381,3.0,31.0,30.350000000000023,28.85,32.15,1.0996,0.7867,1.3977,0.4955,0.9094,50.0,28.0,3.3,Directorate of Mines and Geology Goa / IBM Goa Region MCDR,newly_added_v2
Rivona,Goa,15.185942,74.153857,0.1308,0.149,0.1383,0.3315,0.2693,0.1858,0.4112,4.733,0,Metamorphics,IND2497,80,65.0,115.0,10.801774024963379,7.8,35.8,28.730000000000018,27.23,30.53,0.8124,0.5605,1.4494,0.5136,1.231,50.0,28.0,3.3,Directorate of Mines and Geology Goa / IBM Goa Region MCDR,newly_added_v2
Rivona,Goa,15.220658,74.124414,0.1493,0.1694,0.1675,0.3053,0.3112,0.2312,0.2915,3.748,0,Metamorphics,IND2497,20,5.0,55.0,5.536099433898926,2.54,30.54,29.750000000000057,28.25,31.55,1.0193,0.7573,1.346,0.5382,0.981,50.0,28.0,3.3,Directorate of Mines and Geology Goa / IBM Goa Region MCDR,newly_added_v2
Rivona,Goa,15.216452,74.132111,0.1325,0.1515,0.1483,0.3293,0.3117,0.2133,0.379,3.783,0,Metamorphics,IND2497,36,21.0,71.0,11.52450180053711,8.52,36.52,29.55000000000001,28.05,31.35,0.9466,0.6477,1.4613,0.4758,1.0565,50.0,28.0,3.3,Directorate of Mines and Geology Goa / IBM Goa Region MCDR,newly_added_v2
Rivona,Goa,15.173024,74.125325,0.1373,0.1593,0.1531,0.3351,0.2858,0.1979,0.3728,2.506,0,Metamorphics,IND2497,232,217.0,267.0,3.8267059326171875,0.83,28.83,28.590000000000032,27.09,30.39,0.8529,0.5906,1.4442,0.5357,1.1725,50.0,28.0,3.3,Directorate of Mines and Geology Goa / IBM Goa Region MCDR,newly_added_v2
Rivona,Goa,15.244322,74.098933,0.1564,0.1733,0.1783,0.2739,0.2992,0.2428,0.2114,6.163,0,Metamorphics,IND2497,13,-2.0,48.0,4.261438846588135,1.26,29.26,29.940000000000055,28.44,31.74,1.0924,0.8865,1.2323,0.5959,0.9154,50.0,28.0,3.3,Directorate of Mines and Geology Goa / IBM Goa Region MCDR,newly_added_v2
Rivona,Goa,15.127871,74.1128,0.1524,0.1695,0.1992,0.2648,0.4264,0.3221,0.1414,6.923,0,Metamorphics,IND2497,65,50.0,100.0,1.3351800441741943,0.0,26.34,31.57000000000005,30.07,33.37,1.6103,1.2164,1.3238,0.4672,0.621,50.0,26.34,3.3,Directorate of Mines and Geology Goa / IBM Goa Region MCDR,newly_added_v2
Rivona,Goa,15.152171,74.098338,0.1335,0.1518,0.1456,0.3359,0.3007,0.2064,0.3952,4.394,0,Metamorphics,IND2497,64,49.0,99.0,16.68743896484375,13.69,41.69,29.590000000000032,28.09,31.39,0.8952,0.6145,1.4569,0.4842,1.1171,50.0,28.0,3.3,Directorate of Mines and Geology Goa / IBM Goa Region MCDR,newly_added_v2
Rivona,Goa,15.163211,74.113597,0.1464,0.1638,0.1794,0.2756,0.3574,0.2843,0.2114,3.007,0,Metamorphics,IND2497,97,82.0,132.0,15.125223159790039,12.13,40.13,29.730000000000018,28.23,31.53,1.2968,1.0316,1.2571,0.502,0.7711,50.0,28.0,3.3,Directorate of Mines and Geology Goa / IBM Goa Region MCDR,newly_added_v2
Rivona,Goa,15.154291,74.058413,0.1277,0.1435,0.1406,0.307,0.2856,0.1956,0.3718,6.82,0,Metamorphics,IND2497,110,95.0,145.0,13.820435523986816,10.82,38.82,29.250000000000057,27.75,31.05,0.9303,0.6371,1.4601,0.4923,1.0749,50.0,28.0,3.3,Directorate of Mines and Geology Goa / IBM Goa Region MCDR,newly_added_v2
Rivona,Goa,15.217816,74.157139,0.1393,0.1584,0.1661,0.3091,0.3138,0.2404,0.3009,5.936,0,Metamorphics,IND2497,23,8.0,58.0,2.8811545372009277,0.0,27.88,30.02000000000004,28.52,31.82,1.0152,0.7777,1.3053,0.5293,0.985,50.0,27.88,3.3,Directorate of Mines and Geology Goa / IBM Goa Region MCDR,newly_added_v2
Rivona,Goa,15.204586,74.087988,0.1358,0.1561,0.147,0.3358,0.2899,0.2017,0.3911,2.869,0,Metamorphics,IND2497,49,34.0,84.0,9.621306419372559,6.62,34.62,29.810000000000002,28.31,31.61,0.8633,0.6007,1.4373,0.5071,1.1583,50.0,28.0,3.3,Directorate of Mines and Geology Goa / IBM Goa Region MCDR,newly_added_v2
Rivona,Goa,15.175059,74.143601,0.1403,0.1597,0.1723,0.3086,0.3586,0.2523,0.2834,3.975,0,Metamorphics,IND2497,130,115.0,165.0,4.725237846374512,1.73,29.73,28.410000000000025,26.91,30.21,1.162,0.8176,1.4213,0.4805,0.8606,50.0,28.0,3.3,Directorate of Mines and Geology Goa / IBM Goa Region MCDR,newly_added_v2
Rivona,Goa,15.248244,74.14037,0.1414,0.1642,0.1626,0.3124,0.3388,0.2455,0.3154,7.258,0,Metamorphics,IND2497,21,6.0,56.0,2.941274404525757,0.0,27.94,29.810000000000002,28.31,31.61,1.0845,0.7859,1.38,0.4799,0.9221,50.0,27.94,3.3,Directorate of Mines and Geology Goa / IBM Goa Region MCDR,newly_added_v2
Rivona,Goa,15.168656,74.13199,0.1315,0.1658,0.1413,0.4043,0.2699,0.184,0.482,3.351,0,Metamorphics,IND2497,183,168.0,218.0,18.6639461517334,15.66,43.66,28.060000000000002,26.56,29.86,0.6676,0.4551,1.4668,0.5235,1.498,50.0,28.0,3.3,Directorate of Mines and Geology Goa / IBM Goa Region MCDR,newly_added_v2
Rivona,Goa,15.137065,74.093296,0.1422,0.1585,0.1719,0.2876,0.3803,0.2835,0.2518,6.16,0,Metamorphics,IND2497,51,36.0,86.0,4.170727252960205,1.17,29.17,30.170000000000016,28.67,31.97,1.3223,0.9857,1.3414,0.452,0.7562,50.0,28.0,3.3,Directorate of Mines and Geology Goa / IBM Goa Region MCDR,newly_added_v2
Rivona,Goa,15.242355,74.145932,0.1403,0.1611,0.1631,0.3006,0.3461,0.2532,0.2965,6.991,0,Metamorphics,IND2497,34,19.0,69.0,3.83947491645813,0.84,28.84,29.700000000000045,28.2,31.5,1.1514,0.8423,1.3669,0.4713,0.8685,50.0,28.0,3.3,Directorate of Mines and Geology Goa / IBM Goa Region MCDR,newly_added_v2
Rivona,Goa,15.152865,74.076654,0.138,0.1576,0.1543,0.3221,0.3297,0.2355,0.3522,5.47,0,Metamorphics,IND2497,70,55.0,105.0,1.8543341159820557,0.0,26.85,29.690000000000055,28.19,31.49,1.0236,0.7311,1.4,0.468,0.9769,50.0,26.85,3.3,Directorate of Mines and Geology Goa / IBM Goa Region MCDR,newly_added_v2
Rivona,Goa,15.233306,74.118851,0.1395,0.1611,0.1608,0.309,0.3296,0.2405,0.3155,4.914,0,Metamorphics,IND2497,10,-5.0,45.0,2.9412524700164795,0.0,27.94,30.07000000000005,28.57,31.87,1.0667,0.7783,1.3705,0.4879,0.9375,50.0,27.94,3.3,Directorate of Mines and Geology Goa / IBM Goa Region MCDR,newly_added_v2
Rivona,Goa,15.222981,74.167784,0.145,0.163,0.1627,0.2868,0.2822,0.2309,0.2761,7.212,0,Metamorphics,IND2497,31,16.0,66.0,3.424682140350342,0.42,28.42,29.970000000000027,28.47,31.77,0.984,0.8051,1.2222,0.5765,1.0163,50.0,28.0,3.3,Directorate of Mines and Geology Goa / IBM Goa Region MCDR,newly_added_v2
Rivona,Goa,15.224401,74.163973,0.1383,0.1549,0.1514,0.3128,0.2839,0.2066,0.3477,6.949,0,Metamorphics,IND2497,28,13.0,63.0,8.28909969329834,5.29,33.29,29.970000000000027,28.47,31.77,0.9076,0.6605,1.3742,0.5333,1.1018,50.0,28.0,3.3,Directorate of Mines and Geology Goa / IBM Goa Region MCDR,newly_added_v2
Rivona,Goa,15.197445,74.136899,0.1341,0.1543,0.1447,0.3558,0.3065,0.206,0.4218,3.006,0,Metamorphics,IND2497,75,60.0,110.0,9.405977249145508,6.41,34.41,29.52000000000004,28.02,31.32,0.8614,0.579,1.4879,0.4721,1.1608,50.0,28.0,3.3,Directorate of Mines and Geology Goa / IBM Goa Region MCDR,newly_added_v2
Rivona,Goa,15.179906,74.079638,0.1364,0.1566,0.147,0.3147,0.2975,0.2085,0.3632,3.45,0,Metamorphics,IND2497,55,40.0,90.0,2.088218927383423,0.0,27.09,30.07000000000005,28.57,31.87,0.9453,0.6625,1.4269,0.4941,1.0578,50.0,27.09,3.3,Directorate of Mines and Geology Goa / IBM Goa Region MCDR,newly_added_v2
Rivona,Goa,15.183112,74.053574,0.133,0.1542,0.1432,0.3341,0.291,0.1966,0.4,6.11,0,Metamorphics,IND2497,72,57.0,107.0,12.340472221374512,9.34,37.34,30.210000000000036,28.71,32.01,0.871,0.5884,1.4802,0.4921,1.1481,50.0,28.0,3.3,Directorate of Mines and Geology Goa / IBM Goa Region MCDR,newly_added_v2
Rivona,Goa,15.183236,74.14492,0.1295,0.1474,0.1417,0.2941,0.2956,0.2099,0.3497,3.826,0,Metamorphics,IND2497,103,88.0,138.0,11.964445114135742,8.96,36.96,28.410000000000025,26.91,30.21,1.0051,0.7137,1.4083,0.4794,0.9949,50.0,28.0,3.3,Directorate of Mines and Geology Goa / IBM Goa Region MCDR,newly_added_v2
Rivona,Goa,15.221529,74.120533,0.1417,0.1656,0.152,0.3338,0.2557,0.1862,0.3742,3.688,0,Metamorphics,IND2497,11,-4.0,46.0,1.3354853391647339,0.0,26.34,29.750000000000057,28.25,31.55,0.766,0.5578,1.3733,0.5944,1.3054,50.0,26.34,3.3,Directorate of Mines and Geology Goa / IBM Goa Region MCDR,newly_added_v2
Rivona,Goa,15.215757,74.067859,0.1562,0.1778,0.1927,0.3135,0.3513,0.309,0.2386,5.359,0,Metamorphics,IND2497,22,7.0,57.0,3.9487714767456055,0.95,28.95,30.83000000000004,29.33,32.63,1.1206,0.9856,1.1369,0.5485,0.8924,50.0,28.0,3.3,Directorate of Mines and Geology Goa / IBM Goa Region MCDR,newly_added_v2
Rivona,Goa,15.17117,74.133337,0.135,0.1714,0.1428,0.4255,0.2803,0.1893,0.4974,3.268,0,Metamorphics,IND2497,251,236.0,286.0,25.49540138244629,22.5,50.5,28.060000000000002,26.56,29.86,0.6588,0.4449,1.4807,0.5095,1.518,50.0,28.0,3.3,Directorate of Mines and Geology Goa / IBM Goa Region MCDR,newly_added_v2
Rivona,Goa,15.178489,74.151492,0.1403,0.1574,0.1628,0.279,0.3166,0.2461,0.263,4.638,0,Metamorphics,IND2497,103,88.0,138.0,4.2603631019592285,1.26,29.26,28.370000000000005,26.87,30.17,1.1348,0.8821,1.2865,0.5142,0.8812,50.0,28.0,3.3,Directorate of Mines and Geology Goa / IBM Goa Region MCDR,newly_added_v2
Rivona,Goa,15.147817,74.078152,0.1371,0.1595,0.1535,0.3373,0.3306,0.2318,0.3745,5.81,0,Metamorphics,IND2497,58,43.0,93.0,8.762182235717773,5.76,33.76,29.57000000000005,28.07,31.37,0.9801,0.6872,1.4262,0.4643,1.0203,50.0,28.0,3.3,Directorate of Mines and Geology Goa / IBM Goa Region MCDR,newly_added_v2
Rivona,Goa,15.221016,74.115243,0.1377,0.1634,0.1447,0.3759,0.2551,0.1833,0.4441,3.498,0,Metamorphics,IND2497,12,-3.0,47.0,1.9216972589492798,0.0,26.92,29.33000000000004,27.83,31.13,0.6786,0.4876,1.3917,0.5672,1.4735,50.0,26.92,3.3,Directorate of Mines and Geology Goa / IBM Goa Region MCDR,newly_added_v2
Rivona,Goa,15.182175,74.14015,0.1303,0.15,0.1381,0.329,0.2789,0.1957,0.4087,3.354,0,Metamorphics,IND2497,107,92.0,142.0,4.882009506225586,1.88,29.88,28.410000000000025,26.91,30.21,0.8477,0.5948,1.4251,0.4952,1.1796,50.0,28.0,3.3,Directorate of Mines and Geology Goa / IBM Goa Region MCDR,newly_added_v2
Rivona,Goa,15.204524,74.087482,0.1463,0.1629,0.1639,0.3087,0.3333,0.2579,0.3064,2.91,0,Metamorphics,IND2497,52,37.0,87.0,10.992984771728516,7.99,35.99,29.810000000000002,28.31,31.61,1.0797,0.8354,1.2924,0.4917,0.9262,50.0,28.0,3.3,Directorate of Mines and Geology Goa / IBM Goa Region MCDR,newly_added_v2
Rivona,Goa,15.16097,74.132595,0.1297,0.1488,0.1415,0.3077,0.2863,0.1993,0.37,4.042,0,Metamorphics,IND2497,91,76.0,126.0,9.404932975769043,6.4,34.4,28.05000000000001,26.55,29.85,0.9305,0.6477,1.4365,0.4942,1.0747,50.0,28.0,3.3,Directorate of Mines and Geology Goa / IBM Goa Region MCDR,newly_added_v2
Rivona,Goa,15.166441,74.070972,0.141,0.1652,0.1714,0.3389,0.3331,0.2408,0.3282,4.945,0,Metamorphics,IND2497,88,73.0,123.0,7.067646745859214,4.07,32.07,29.310000000000002,27.81,31.11,0.9829,0.7105,1.3833,0.5146,1.0174,50.0,28.0,3.3,Directorate of Mines and Geology Goa / IBM Goa Region MCDR,newly_added_v2
Rivona,Goa,15.164463,74.102469,0.1321,0.1505,0.1362,0.3573,0.2604,0.1867,0.448,2.956,0,Metamorphics,IND2497,32,17.0,67.0,3.8380630016326904,0.84,28.84,29.630000000000052,28.13,31.43,0.7288,0.5225,1.3948,0.523,1.3721,50.0,28.0,3.3,Directorate of Mines and Geology Goa / IBM Goa Region MCDR,newly_added_v2
Rivona,Goa,15.213138,74.088994,0.1381,0.1545,0.1539,0.3135,0.329,0.2415,0.3415,3.424,0,Metamorphics,IND2497,21,6.0,56.0,6.048688888549805,3.05,31.05,29.850000000000023,28.35,31.65,1.0494,0.7703,1.3623,0.4678,0.9529,50.0,28.0,3.3,Directorate of Mines and Geology Goa / IBM Goa Region MCDR,newly_added_v2
Rivona,Goa,15.153195,74.123521,0.1333,0.1559,0.1526,0.3026,0.3172,0.2303,0.3295,4.347,0,Metamorphics,IND2497,85,70.0,120.0,14.380757331848145,11.38,39.38,29.49000000000001,27.99,31.29,1.0482,0.7611,1.3773,0.4811,0.954,50.0,28.0,3.3,Directorate of Mines and Geology Goa / IBM Goa Region MCDR,newly_added_v2
Rivona,Goa,15.156539,74.117737,0.1419,0.1667,0.173,0.3113,0.3239,0.233,0.2856,3.816,0,Metamorphics,IND2497,68,53.0,103.0,23.689252853393555,20.69,48.69,29.710000000000036,28.21,31.51,1.0405,0.7485,1.3901,0.5341,0.9611,50.0,28.0,3.3,Directorate of Mines and Geology Goa / IBM Goa Region MCDR,newly_added_v2
Sanguem,Goa,15.229894,74.150938,0.1488,0.1672,0.1946,0.2582,0.3533,0.2989,0.1405,0.101,1,Metamorphics,IND2497,27,12.0,62.0,1.9217783212661743,0.0,26.92,30.05000000000001,28.55,31.85,1.3683,1.1576,1.182,0.5508,0.7308,50.0,26.92,3.3,Goa DMG Lease Registers / IBM MCDR,newly_added_v2
Sanguem,Goa,15.230005,74.149607,0.178,0.1973,0.2219,0.2913,0.4248,0.395,0.1352,0.042,1,Metamorphics,IND2497,21,6.0,56.0,2.6695775985717773,0.0,27.67,30.05000000000001,28.55,31.85,1.4583,1.356,1.0754,0.5224,0.6857,50.0,27.67,3.3,Goa DMG Lease Registers / IBM MCDR,newly_added_v2
Sanguem,Goa,15.232007,74.151243,0.16,0.1767,0.1972,0.2794,0.3532,0.3171,0.1725,0.26,1,Metamorphics,IND2497,23,8.0,58.0,4.171121597290039,1.17,29.17,30.05000000000001,28.55,31.85,1.2641,1.1349,1.1138,0.5583,0.7911,50.0,28.0,3.3,Goa DMG Lease Registers / IBM MCDR,newly_added_v2
Sanguem,Goa,15.228752,74.149655,0.1838,0.2031,0.2282,0.2735,0.3907,0.356,0.0903,0.144,1,Metamorphics,IND2497,23,8.0,58.0,2.6695685386657715,0.0,27.67,30.05000000000001,28.55,31.85,1.4285,1.3016,1.0975,0.5841,0.7,50.0,27.67,3.3,Goa DMG Lease Registers / IBM MCDR,newly_added_v2
Sanguem,Goa,15.227195,74.148162,0.1648,0.181,0.2138,0.2852,0.4028,0.3598,0.1431,0.369,1,Metamorphics,IND2497,24,9.0,59.0,0.9611480832099915,0.0,25.96,30.05000000000001,28.55,31.85,1.4123,1.2616,1.1195,0.5308,0.708,50.0,25.96,3.3,Goa DMG Lease Registers / IBM MCDR,newly_added_v2
Sanguem,Goa,15.231064,74.148282,0.1323,0.1501,0.1445,0.2886,0.302,0.2236,0.3327,0.219,1,Metamorphics,IND2497,15,0.0,50.0,4.000762462615967,1.0,29.0,30.05000000000001,28.55,31.85,1.0464,0.7748,1.3506,0.4785,0.9556,50.0,28.0,3.3,Goa DMG Lease Registers / IBM MCDR,newly_added_v2
Sanguem,Goa,15.227535,74.151433,0.1592,0.1732,0.1961,0.2959,0.3603,0.3188,0.2028,0.315,1,Metamorphics,IND2497,23,8.0,58.0,4.794978141784668,1.79,29.79,30.05000000000001,28.55,31.85,1.2176,1.0774,1.1302,0.5443,0.8213,50.0,28.0,3.3,Goa DMG Lease Registers / IBM MCDR,newly_added_v2
Sanguem,Goa,15.231281,74.14853,0.1369,0.1516,0.1406,0.2898,0.2264,0.1702,0.3467,0.213,1,Metamorphics,IND2497,15,0.0,50.0,1.3355172872543335,0.0,26.34,30.05000000000001,28.55,31.85,0.7812,0.5873,1.3302,0.621,1.28,50.0,26.34,3.3,Goa DMG Lease Registers / IBM MCDR,newly_added_v2
Sanguem,Goa,15.231262,74.148797,0.1376,0.1428,0.1375,0.1556,0.1629,0.1369,0.0618,0.191,1,Metamorphics,IND2497,16,1.0,51.0,2.1335606575012207,0.0,27.13,30.05000000000001,28.55,31.85,1.0469,0.8798,1.1899,0.8441,0.9552,50.0,27.13,3.3,Goa DMG Lease Registers / IBM MCDR,newly_added_v2
Sanguem,Goa,15.231513,74.150848,0.1527,0.1722,0.1893,0.2863,0.3266,0.2911,0.204,0.191,1,Metamorphics,IND2497,23,8.0,58.0,0.9611671566963196,0.0,25.96,30.05000000000001,28.55,31.85,1.1408,1.0168,1.122,0.5796,0.8766,50.0,25.96,3.3,Goa DMG Lease Registers / IBM MCDR,newly_added_v2
Sanguem,Goa,15.229311,74.146868,0.1512,0.1645,0.1888,0.2812,0.3609,0.3056,0.1966,0.345,1,Metamorphics,IND2497,15,0.0,50.0,7.4398345947265625,4.44,32.44,30.05000000000001,28.55,31.85,1.2834,1.0868,1.181,0.5231,0.7792,50.0,28.0,3.3,Goa DMG Lease Registers / IBM MCDR,newly_added_v2
Sanguem,Goa,15.231462,74.148906,0.1357,0.1531,0.1385,0.3029,0.2274,0.1699,0.3725,0.201,1,Metamorphics,IND2497,15,0.0,50.0,1.3355181217193604,0.0,26.34,30.05000000000001,28.55,31.85,0.7507,0.5609,1.3384,0.6091,1.332,50.0,26.34,3.3,Goa DMG Lease Registers / IBM MCDR,newly_added_v2
Sanguem,Goa,15.228783,74.147423,0.134,0.1537,0.1454,0.3323,0.2698,0.1949,0.3912,0.308,1,Metamorphics,IND2497,12,-3.0,47.0,3.8392221927642822,0.84,28.84,30.05000000000001,28.55,31.85,0.8119,0.5865,1.3843,0.5389,1.2317,50.0,28.0,3.3,Goa DMG Lease Registers / IBM MCDR,newly_added_v2
Sanguem,Goa,15.231591,74.151554,0.1372,0.1545,0.1635,0.3027,0.3341,0.2485,0.2986,0.243,1,Metamorphics,IND2497,25,10.0,60.0,1.3355190753936768,0.0,26.34,30.05000000000001,28.55,31.85,1.1037,0.8209,1.3445,0.4894,0.906,50.0,26.34,3.3,Goa DMG Lease Registers / IBM MCDR,newly_added_v2
Sanguem,Goa,15.231224,74.15241,0.1391,0.1545,0.1626,0.272,0.3277,0.2508,0.2517,0.293,1,Metamorphics,IND2497,20,5.0,55.0,2.6695849895477295,0.0,27.67,30.05000000000001,28.55,31.85,1.2048,0.9221,1.3066,0.4962,0.83,50.0,27.67,3.3,Goa DMG Lease Registers / IBM MCDR,newly_added_v2
Sanguem,Goa,15.233312,74.149394,0.1392,0.156,0.1573,0.3154,0.3067,0.2383,0.3345,0.374,1,Metamorphics,IND2497,14,-1.0,49.0,5.327657699584961,2.33,30.33,30.05000000000001,28.55,31.85,0.9724,0.7555,1.287,0.5129,1.0284,50.0,28.0,3.3,Goa DMG Lease Registers / IBM MCDR,newly_added_v2
Sanguem,Goa,15.231961,74.152063,0.1339,0.1535,0.147,0.3058,0.2838,0.2064,0.3507,0.311,1,Metamorphics,IND2497,24,9.0,59.0,6.377196788787842,3.38,31.38,30.05000000000001,28.55,31.85,0.9281,0.675,1.375,0.518,1.0775,50.0,28.0,3.3,Goa DMG Lease Registers / IBM MCDR,newly_added_v2
Sanguem,Goa,15.231545,74.149882,0.14,0.1586,0.1593,0.2986,0.3009,0.2366,0.3042,0.172,1,Metamorphics,IND2497,19,4.0,54.0,3.8392727375030518,0.84,28.84,30.05000000000001,28.55,31.85,1.0077,0.7924,1.2718,0.5294,0.9924,50.0,28.0,3.3,Goa DMG Lease Registers / IBM MCDR,newly_added_v2
Sanguem,Goa,15.231587,74.149972,0.1574,0.1751,0.1896,0.3035,0.3415,0.2739,0.231,0.177,1,Metamorphics,IND2497,19,4.0,54.0,2.8813443183898926,0.0,27.88,30.05000000000001,28.55,31.85,1.1252,0.9025,1.2468,0.5552,0.8887,50.0,27.88,3.3,Goa DMG Lease Registers / IBM MCDR,newly_added_v2
Sanguem,Goa,15.231113,74.148024,0.1447,0.1583,0.1707,0.2649,0.3221,0.2608,0.2163,0.246,1,Metamorphics,IND2497,18,3.0,53.0,4.7353835105896,1.74,29.74,30.05000000000001,28.55,31.85,1.2159,0.9845,1.235,0.53,0.8224,50.0,28.0,3.3,Goa DMG Lease Registers / IBM MCDR,newly_added_v2
Sanguem,Goa,15.230859,74.149442,0.1448,0.1635,0.1644,0.3299,0.3245,0.2537,0.3348,0.113,1,Metamorphics,IND2497,20,5.0,55.0,3.8267714977264404,0.83,28.83,30.05000000000001,28.55,31.85,0.9836,0.769,1.2791,0.5066,1.0166,50.0,28.0,3.3,Goa DMG Lease Registers / IBM MCDR,newly_added_v2
Sanguem,Goa,15.232862,74.151328,0.1453,0.1562,0.155,0.2535,0.2171,0.1774,0.2411,0.349,1,Metamorphics,IND2497,20,5.0,55.0,13.585397720336914,10.59,38.59,30.05000000000001,28.55,31.85,0.8564,0.6998,1.2238,0.714,1.1677,50.0,28.0,3.3,Goa DMG Lease Registers / IBM MCDR,newly_added_v2
Sanguem,Goa,15.228853,74.150894,0.1634,0.192,0.2509,0.3088,0.3999,0.3406,0.1034,0.16,1,Metamorphics,IND2497,26,11.0,61.0,3.704791784286499,0.7,28.7,30.05000000000001,28.55,31.85,1.295,1.103,1.1741,0.6274,0.7722,50.0,28.0,3.3,Goa DMG Lease Registers / IBM MCDR,newly_added_v2
Sanguem,Goa,15.229798,74.151262,0.1446,0.1638,0.1801,0.2757,0.3452,0.2824,0.2097,0.137,1,Metamorphics,IND2497,27,12.0,62.0,2.6695756912231445,0.0,27.67,30.05000000000001,28.55,31.85,1.2521,1.0243,1.2224,0.5217,0.7987,50.0,27.67,3.3,Goa DMG Lease Registers / IBM MCDR,newly_added_v2
Sanguem,Goa,15.231163,74.148771,0.1376,0.1428,0.1375,0.1556,0.1629,0.1369,0.0618,0.185,1,Metamorphics,IND2497,16,1.0,51.0,2.1335606575012207,0.0,27.13,30.05000000000001,28.55,31.85,1.0469,0.8798,1.1899,0.8441,0.9552,50.0,27.13,3.3,Goa DMG Lease Registers / IBM MCDR,newly_added_v2
Sanguem,Goa,15.228051,74.148029,0.1678,0.1848,0.202,0.2975,0.3688,0.3026,0.1912,0.303,1,Metamorphics,IND2497,23,8.0,58.0,4.688412666320801,1.69,29.69,30.05000000000001,28.55,31.85,1.2397,1.0171,1.2188,0.5477,0.8067,50.0,28.0,3.3,Goa DMG Lease Registers / IBM MCDR,newly_added_v2
Sanguem,Goa,15.228364,74.150938,0.1992,0.2224,0.2593,0.2888,0.3526,0.3304,0.0538,0.208,1,Metamorphics,IND2497,24,9.0,59.0,2.6695666313171387,0.0,27.67,30.05000000000001,28.55,31.85,1.2209,1.144,1.0672,0.7354,0.8191,50.0,27.67,3.3,Goa DMG Lease Registers / IBM MCDR,newly_added_v2
Sanguem,Goa,15.230907,74.151264,0.1625,0.1778,0.1998,0.2593,0.3612,0.3209,0.1296,0.169,1,Metamorphics,IND2497,22,7.0,57.0,0.9274099469184875,0.0,25.93,30.05000000000001,28.55,31.85,1.393,1.2376,1.1256,0.5532,0.7179,50.0,25.93,3.3,Goa DMG Lease Registers / IBM MCDR,newly_added_v2
Sanguem,Goa,15.230109,74.147846,0.1323,0.1474,0.143,0.3001,0.2752,0.2074,0.3545,0.232,1,Metamorphics,IND2497,22,7.0,57.0,5.1379828453063965,2.14,30.14,30.05000000000001,28.55,31.85,0.917,0.6911,1.3269,0.5196,1.0905,50.0,28.0,3.3,Goa DMG Lease Registers / IBM MCDR,newly_added_v2
Sanguem,Goa,15.232867,74.148484,0.1311,0.1478,0.1353,0.3711,0.2565,0.1787,0.4656,0.358,1,Metamorphics,IND2497,12,-3.0,47.0,6.464860916137695,3.46,31.46,30.05000000000001,28.55,31.85,0.6912,0.4815,1.4354,0.5275,1.4468,50.0,28.0,3.3,Goa DMG Lease Registers / IBM MCDR,newly_added_v2
Sanguem,Goa,15.23161,74.151228,0.1636,0.178,0.2014,0.2858,0.3631,0.3053,0.1732,0.223,1,Metamorphics,IND2497,23,8.0,58.0,2.1335651874542236,0.0,27.13,30.05000000000001,28.55,31.85,1.2705,1.0682,1.1893,0.5547,0.7871,50.0,27.13,3.3,Goa DMG Lease Registers / IBM MCDR,newly_added_v2
Sanguem,Goa,15.228923,74.149746,0.1652,0.1846,0.2053,0.2737,0.3673,0.3279,0.1428,0.123,1,Metamorphics,IND2497,22,7.0,57.0,1.335510015487671,0.0,26.34,30.05000000000001,28.55,31.85,1.342,1.198,1.1202,0.5589,0.7452,50.0,26.34,3.3,Goa DMG Lease Registers / IBM MCDR,newly_added_v2
Sanguem,Goa,15.228906,74.150711,0.1533,0.1745,0.2001,0.327,0.3976,0.3346,0.2408,0.144,1,Metamorphics,IND2497,29,14.0,64.0,2.9412460327148438,0.0,27.94,30.05000000000001,28.55,31.85,1.2159,1.0232,1.1883,0.5033,0.8224,50.0,27.94,3.3,Goa DMG Lease Registers / IBM MCDR,newly_added_v2
Sanguem,Goa,15.228587,74.150133,0.1649,0.1821,0.2141,0.2827,0.3914,0.3539,0.1381,0.158,1,Metamorphics,IND2497,23,8.0,58.0,2.6695666313171387,0.0,27.67,30.05000000000001,28.55,31.85,1.3845,1.2519,1.106,0.547,0.7223,50.0,27.67,3.3,Goa DMG Lease Registers / IBM MCDR,newly_added_v2
Sanguem,Goa,15.23209,74.150519,0.1647,0.1779,0.2157,0.2921,0.395,0.3492,0.1505,0.239,1,Metamorphics,IND2497,20,5.0,55.0,1.9217987060546875,0.0,26.92,30.05000000000001,28.55,31.85,1.3523,1.1955,1.1312,0.5461,0.7395,50.0,26.92,3.3,Goa DMG Lease Registers / IBM MCDR,newly_added_v2
Sanguem,Goa,15.230662,74.150872,0.1431,0.1572,0.1564,0.3241,0.3493,0.2787,0.349,0.119,1,Metamorphics,IND2497,25,10.0,60.0,5.007373332977295,2.01,30.01,30.05000000000001,28.55,31.85,1.0778,0.8599,1.2533,0.4478,0.9279,50.0,28.0,3.3,Goa DMG Lease Registers / IBM MCDR,newly_added_v2
Sanguem,Goa,15.229255,74.147912,0.1391,0.1567,0.1649,0.2902,0.3102,0.2378,0.2753,0.239,1,Metamorphics,IND2497,20,5.0,55.0,5.007368564605713,2.01,30.01,30.05000000000001,28.55,31.85,1.0689,0.8194,1.3045,0.5316,0.9355,50.0,28.0,3.3,Goa DMG Lease Registers / IBM MCDR,newly_added_v2
Sanguem,Goa,15.230235,74.149798,0.149,0.1661,0.1786,0.2932,0.3782,0.3276,0.2429,0.034,1,Metamorphics,IND2497,20,5.0,55.0,1.3355145454406738,0.0,26.34,30.05000000000001,28.55,31.85,1.2899,1.1173,1.1545,0.4722,0.7753,50.0,26.34,3.3,Goa DMG Lease Registers / IBM MCDR,newly_added_v2
Sanguem,Goa,15.230098,74.151293,0.1456,0.1652,0.1767,0.3193,0.3467,0.2751,0.2875,0.139,1,Metamorphics,IND2497,26,11.0,61.0,4.261202335357666,1.26,29.26,30.05000000000001,28.55,31.85,1.0858,0.8616,1.2603,0.5097,0.921,50.0,28.0,3.3,Goa DMG Lease Registers / IBM MCDR,newly_added_v2
Sanguem,Goa,15.232277,74.148719,0.1304,0.1473,0.1362,0.3208,0.2673,0.1877,0.4039,0.288,1,Metamorphics,IND2497,20,5.0,55.0,3.4247875213623047,0.42,28.42,30.05000000000001,28.55,31.85,0.8332,0.5851,1.4241,0.5095,1.2001,50.0,28.0,3.3,Goa DMG Lease Registers / IBM MCDR,newly_added_v2
Sanguem,Goa,15.233056,74.150405,0.1349,0.1471,0.1347,0.2711,0.2093,0.1616,0.3361,0.343,1,Metamorphics,IND2497,15,0.0,50.0,0.961174726486206,0.0,25.96,30.05000000000001,28.55,31.85,0.772,0.5961,1.2952,0.6436,1.2953,50.0,25.96,3.3,Goa DMG Lease Registers / IBM MCDR,newly_added_v2
Sanguem,Goa,15.229076,74.152765,0.1512,0.1664,0.1795,0.2634,0.3506,0.3075,0.1894,0.314,1,Metamorphics,IND2497,24,9.0,59.0,0.9611557126045227,0.0,25.96,30.05000000000001,28.55,31.85,1.3311,1.1674,1.1402,0.512,0.7513,50.0,25.96,3.3,Goa DMG Lease Registers / IBM MCDR,newly_added_v2
Sanguem,Goa,15.228915,74.150059,0.1737,0.1931,0.2298,0.285,0.3506,0.3188,0.1072,0.121,1,Metamorphics,IND2497,22,7.0,57.0,3.0264036655426025,0.03,28.03,30.05000000000001,28.55,31.85,1.2302,1.1186,1.0997,0.6554,0.8129,50.0,28.0,3.3,Goa DMG Lease Registers / IBM MCDR,newly_added_v2
Sanguem,Goa,15.231983,74.151458,0.1357,0.1536,0.1507,0.3035,0.2764,0.2023,0.3364,0.271,1,Metamorphics,IND2497,25,10.0,60.0,4.000770568847656,1.0,29.0,30.05000000000001,28.55,31.85,0.9107,0.6666,1.3663,0.5452,1.098,50.0,28.0,3.3,Goa DMG Lease Registers / IBM MCDR,newly_added_v2
Sanguem,Goa,15.231986,74.152316,0.1356,0.153,0.1521,0.2978,0.2969,0.2191,0.3238,0.333,1,Metamorphics,IND2497,20,5.0,55.0,6.760884761810303,3.76,31.76,30.05000000000001,28.55,31.85,0.997,0.7357,1.3551,0.5123,1.003,50.0,28.0,3.3,Goa DMG Lease Registers / IBM MCDR,newly_added_v2
Sanguem,Goa,15.16797,74.174011,0.1544,0.1798,0.2051,0.3289,0.3896,0.3271,0.2318,7.371,0,Metamorphics,IND2497,47,32.0,82.0,2.6691722869873047,0.0,27.67,27.930000000000007,26.43,29.73,1.1846,0.9945,1.1911,0.5264,0.8442,50.0,27.67,3.3,Goa DMG Lease Registers / IBM MCDR,newly_added_v2
Sanguem,Goa,15.222752,74.211259,0.1371,0.158,0.1526,0.324,0.3035,0.2145,0.3596,6.629,0,Metamorphics,IND2497,31,16.0,66.0,4.000680923461914,1.0,29.0,28.890000000000043,27.39,30.69,0.9367,0.662,1.4149,0.5028,1.0675,50.0,28.0,3.3,Goa DMG Lease Registers / IBM MCDR,newly_added_v2
Sanguem,Goa,15.204876,74.116188,0.1309,0.1512,0.1454,0.3042,0.2944,0.2066,0.3532,4.584,0,Metamorphics,IND2497,49,34.0,84.0,7.3788604736328125,4.38,32.38,29.450000000000045,27.95,31.25,0.9678,0.6792,1.425,0.4939,1.0333,50.0,28.0,3.3,Goa DMG Lease Registers / IBM MCDR,newly_added_v2
Sanguem,Goa,15.237423,74.181086,0.14,0.1575,0.1714,0.2815,0.3471,0.2628,0.2431,3.44,0,Metamorphics,IND2497,12,-3.0,47.0,2.6696250438690186,0.0,27.67,29.650000000000034,28.15,31.45,1.233,0.9336,1.3208,0.4938,0.811,50.0,27.67,3.3,Goa DMG Lease Registers / IBM MCDR,newly_added_v2
Sanguem,Goa,15.226618,74.088468,0.1444,0.1657,0.1662,0.314,0.3375,0.2546,0.3078,6.62,0,Metamorphics,IND2497,28,13.0,63.0,1.8543341159820557,0.0,26.85,30.74000000000001,29.24,32.54,1.0748,0.8108,1.3256,0.4924,0.9304,50.0,26.85,3.3,Goa DMG Lease Registers / IBM MCDR,newly_added_v2
Sanguem,Goa,15.267991,74.106558,0.1824,0.2059,0.2269,0.3271,0.378,0.3351,0.1809,6.297,0,Metamorphics,IND2497,16,1.0,51.0,3.425199508666992,0.43,28.43,30.000000000000057,28.5,31.8,1.1556,1.0245,1.128,0.6003,0.8653,50.0,28.0,3.3,Goa DMG Lease Registers / IBM MCDR,newly_added_v2
Sanguem,Goa,15.170939,74.144109,0.1337,0.1546,0.138,0.4071,0.2712,0.1797,0.4937,6.605,0,Metamorphics,IND2497,199,184.0,234.0,19.65757179260254,16.66,44.66,27.78000000000003,26.28,29.58,0.6662,0.4414,1.5092,0.5088,1.5011,50.0,28.0,3.3,Goa DMG Lease Registers / IBM MCDR,newly_added_v2
Sanguem,Goa,15.21891,74.178441,0.1369,0.151,0.1478,0.3341,0.2965,0.2117,0.3866,3.295,0,Metamorphics,IND2497,27,12.0,62.0,4.2610249519348145,1.26,29.26,29.230000000000018,27.73,31.03,0.8875,0.6336,1.4006,0.4985,1.1268,50.0,28.0,3.3,Goa DMG Lease Registers / IBM MCDR,newly_added_v2
Sanguem,Goa,15.259766,74.185282,0.139,0.1552,0.1582,0.2984,0.3067,0.219,0.3071,5.034,0,Metamorphics,IND2497,89,74.0,124.0,11.032917022705078,8.03,36.03,30.370000000000005,28.87,32.17,1.0278,0.7339,1.4005,0.5158,0.9729,50.0,28.0,3.3,Goa DMG Lease Registers / IBM MCDR,newly_added_v2
Sanguem,Goa,15.27407,74.106748,0.139,0.1553,0.1562,0.2836,0.3207,0.2318,0.2897,6.756,0,Metamorphics,IND2497,22,7.0,57.0,2.1339125633239746,0.0,27.13,30.000000000000057,28.5,31.8,1.1308,0.8173,1.3835,0.4871,0.8843,50.0,27.13,3.3,Goa DMG Lease Registers / IBM MCDR,newly_added_v2
Sanguem,Goa,15.238361,74.173048,0.136,0.1532,0.1487,0.3369,0.2966,0.2087,0.3876,2.645,0,Metamorphics,IND2497,48,33.0,83.0,8.665352821350098,5.67,33.67,29.99000000000001,28.49,31.79,0.8804,0.6195,1.4212,0.5013,1.1359,50.0,28.0,3.3,Goa DMG Lease Registers / IBM MCDR,newly_added_v2
Sanguem,Goa,15.261114,74.096989,0.1393,0.1639,0.1481,0.393,0.2671,0.1812,0.4526,6.665,0,Metamorphics,IND2497,6,-9.0,41.0,2.7802884578704834,0.0,27.78,30.100000000000023,28.6,31.9,0.6796,0.4611,1.4741,0.5545,1.4714,50.0,27.78,3.3,Goa DMG Lease Registers / IBM MCDR,newly_added_v2
Sanguem,Goa,15.197589,74.159428,0.1358,0.1625,0.1507,0.3646,0.325,0.2215,0.4151,3.747,0,Metamorphics,IND2497,71,56.0,106.0,11.44378662109375,8.44,36.44,29.29000000000002,27.79,31.09,0.8914,0.6075,1.4673,0.4637,1.1218,50.0,28.0,3.3,Goa DMG Lease Registers / IBM MCDR,newly_added_v2
Sanguem,Goa,15.21209,74.086654,0.1488,0.1606,0.1831,0.242,0.3789,0.3541,0.1386,7.09,0,Metamorphics,IND2497,21,6.0,56.0,2.941220760345459,0.0,27.94,30.07000000000005,28.57,31.87,1.5657,1.4632,1.07,0.4832,0.6387,50.0,27.94,3.3,Goa DMG Lease Registers / IBM MCDR,newly_added_v2
Sanguem,Goa,15.245491,74.117746,0.1521,0.1753,0.1826,0.3082,0.3267,0.2722,0.2559,3.87,0,Metamorphics,IND2497,20,5.0,55.0,4.735595703125,1.74,29.74,30.610000000000014,29.11,32.41,1.06,0.8832,1.2002,0.5589,0.9434,50.0,28.0,3.3,Goa DMG Lease Registers / IBM MCDR,newly_added_v2
Sanguem,Goa,15.200232,74.114823,0.1378,0.1569,0.1596,0.3197,0.3273,0.2314,0.334,5.026,0,Metamorphics,IND2497,106,91.0,141.0,4.882410526275635,1.88,29.88,29.450000000000045,27.95,31.25,1.0238,0.7238,1.4144,0.4876,0.9768,50.0,28.0,3.3,Goa DMG Lease Registers / IBM MCDR,newly_added_v2
Sanguem,Goa,15.257507,74.155543,0.132,0.1519,0.1434,0.329,0.2914,0.206,0.3929,3.119,0,Metamorphics,IND2497,66,51.0,101.0,11.613783836364746,8.61,36.61,29.77000000000004,28.27,31.57,0.8857,0.6261,1.4146,0.4921,1.129,50.0,28.0,3.3,Goa DMG Lease Registers / IBM MCDR,newly_added_v2
Sanguem,Goa,15.197457,74.127374,0.142,0.1656,0.1692,0.3297,0.357,0.2595,0.3217,4.362,0,Metamorphics,IND2497,75,60.0,110.0,18.202444076538086,15.2,43.2,29.480000000000018,27.98,31.28,1.0828,0.7871,1.3757,0.4739,0.9235,50.0,28.0,3.3,Goa DMG Lease Registers / IBM MCDR,newly_added_v2
Sanguem,Goa,15.2509,74.127072,0.1338,0.1517,0.1458,0.3064,0.2776,0.2032,0.3552,3.388,0,Metamorphics,IND2497,16,1.0,51.0,9.407512664794922,6.41,34.41,30.590000000000032,29.09,32.39,0.906,0.6632,1.3661,0.5252,1.1037,50.0,28.0,3.3,Goa DMG Lease Registers / IBM MCDR,newly_added_v2
Sanguem,Goa,15.201365,74.190977,0.1374,0.1537,0.1632,0.2943,0.3394,0.2479,0.2866,5.434,0,Metamorphics,IND2497,58,43.0,93.0,1.3354188203811646,0.0,26.34,28.860000000000014,27.36,30.66,1.1532,0.8423,1.3691,0.4808,0.8671,50.0,26.34,3.3,Goa DMG Lease Registers / IBM MCDR,newly_added_v2
Sanguem,Goa,15.25349,74.130991,0.1473,0.1684,0.1732,0.3068,0.2835,0.2209,0.2783,3.318,0,Metamorphics,IND2497,12,-3.0,47.0,10.140375137329102,7.14,35.14,29.880000000000052,28.38,31.68,0.9241,0.72,1.2834,0.6109,1.0822,50.0,28.0,3.3,Goa DMG Lease Registers / IBM MCDR,newly_added_v2
Sanguem,Goa,15.208973,74.096099,0.1416,0.1608,0.1544,0.3406,0.3053,0.2172,0.3762,6.245,0,Metamorphics,IND2497,143,128.0,178.0,15.636197090148926,12.64,40.64,29.370000000000005,27.87,31.17,0.8964,0.6377,1.4056,0.5057,1.1156,50.0,28.0,3.3,Goa DMG Lease Registers / IBM MCDR,newly_added_v2
Sanguem,Goa,15.203322,74.173897,0.1414,0.1465,0.1362,0.1427,0.1617,0.1431,0.0233,3.925,0,Metamorphics,IND2497,40,25.0,75.0,13.460905075073242,10.46,38.46,28.690000000000055,27.19,30.49,1.1331,1.0028,1.13,0.8423,0.8825,50.0,28.0,3.3,Goa DMG Lease Registers / IBM MCDR,newly_added_v2
Sanguem,Goa,15.203241,74.136466,0.1427,0.1603,0.1751,0.2855,0.3623,0.3094,0.2397,3.315,0,Metamorphics,IND2497,29,14.0,64.0,1.3354251384735107,0.0,26.34,29.390000000000043,27.89,31.19,1.269,1.0837,1.171,0.4833,0.788,50.0,26.34,3.3,Goa DMG Lease Registers / IBM MCDR,newly_added_v2
Sanguem,Goa,15.271014,74.096676,0.1622,0.1784,0.1943,0.2929,0.3535,0.3076,0.2024,7.325,0,Metamorphics,IND2497,11,-4.0,46.0,2.133889675140381,0.0,27.13,29.79000000000002,28.29,31.59,1.2069,1.0502,1.1492,0.5496,0.8286,50.0,27.13,3.3,Goa DMG Lease Registers / IBM MCDR,newly_added_v2
Sanguem,Goa,15.207384,74.102007,0.1417,0.1595,0.1635,0.3045,0.3351,0.2415,0.3013,5.737,0,Metamorphics,IND2497,43,28.0,78.0,9.011772155761719,6.01,34.01,30.130000000000052,28.63,31.93,1.1005,0.7931,1.3876,0.4879,0.9087,50.0,28.0,3.3,Goa DMG Lease Registers / IBM MCDR,newly_added_v2
Sanguem,Goa,15.200891,74.169277,0.1393,0.1586,0.1547,0.3186,0.2927,0.2086,0.3463,3.845,0,Metamorphics,IND2497,56,41.0,91.0,6.048475742340088,3.05,31.05,29.130000000000052,27.63,30.93,0.9187,0.6547,1.4032,0.5285,1.0885,50.0,28.0,3.3,Goa DMG Lease Registers / IBM MCDR,newly_added_v2
Sanguem,Goa,15.234421,74.126229,0.1523,0.1678,0.195,0.2774,0.4175,0.3174,0.1744,2.6,0,Metamorphics,IND2497,19,4.0,54.0,2.1335880756378174,0.0,27.13,30.600000000000023,29.1,32.4,1.505,1.1442,1.3154,0.4671,0.6644,50.0,27.13,3.3,Goa DMG Lease Registers / IBM MCDR,newly_added_v2
Sanguem,Goa,15.286845,74.153297,0.1366,0.1496,0.1496,0.2712,0.259,0.1998,0.289,6.338,0,Metamorphics,IND2497,68,53.0,103.0,5.629217147827148,2.63,30.63,30.57000000000005,29.07,32.37,0.955,0.7367,1.2963,0.5776,1.0471,50.0,28.0,3.3,Goa DMG Lease Registers / IBM MCDR,newly_added_v2
Sanguem,Goa,15.191893,74.097487,0.1389,0.1586,0.1476,0.3067,0.2698,0.1992,0.3502,7.058,0,Metamorphics,IND2497,31,16.0,66.0,8.777059803364525,5.78,33.78,29.980000000000018,28.48,31.78,0.8797,0.6495,1.3544,0.5471,1.1368,50.0,28.0,3.3,Goa DMG Lease Registers / IBM MCDR,newly_added_v2
Sanguem,Goa,15.279388,74.152725,0.1443,0.1569,0.172,0.187,0.1929,0.1808,0.0418,5.506,0,Metamorphics,IND2497,68,53.0,103.0,9.014521598815918,6.01,34.01,30.07000000000005,28.57,31.87,1.0316,0.9668,1.0669,0.8917,0.9694,50.0,28.0,3.3,Goa DMG Lease Registers / IBM MCDR,newly_added_v2
Sanguem,Goa,15.241464,74.117053,0.1419,0.16,0.1727,0.2909,0.3591,0.2737,0.255,3.762,0,Metamorphics,IND2497,18,3.0,53.0,3.02656626701355,0.03,28.03,30.380000000000052,28.88,32.18,1.2344,0.9409,1.312,0.4809,0.8101,50.0,28.0,3.3,Goa DMG Lease Registers / IBM MCDR,newly_added_v2
Sanguem,Goa,15.265404,74.142287,0.1338,0.1497,0.1407,0.3072,0.2629,0.1887,0.3717,4.027,0,Metamorphics,IND2497,66,51.0,101.0,12.764832496643066,9.76,37.76,29.410000000000025,27.91,31.21,0.8558,0.6143,1.3932,0.5352,1.1685,50.0,28.0,3.3,Goa DMG Lease Registers / IBM MCDR,newly_added_v2
Sanguem,Goa,15.184443,74.174505,0.1482,0.1464,0.1352,0.1272,0.1169,0.1119,-0.0305,5.714,0,Metamorphics,IND2497,40,25.0,75.0,0.0,0.0,25.0,28.33000000000004,26.83,30.13,0.919,0.8797,1.0447,1.1565,1.0881,50.0,25.0,3.3,Goa DMG Lease Registers / IBM MCDR,newly_added_v2
Sanguem,Goa,15.207119,74.183202,0.1555,0.1694,0.1838,0.2066,0.2667,0.2561,0.0584,4.382,0,Metamorphics,IND2497,40,25.0,75.0,0.0,0.0,25.0,28.670000000000016,27.17,30.47,1.2909,1.2396,1.0414,0.6892,0.7747,50.0,25.0,3.3,Goa DMG Lease Registers / IBM MCDR,newly_added_v2
Sanguem,Goa,15.19696,74.157271,0.1415,0.1611,0.1706,0.3244,0.3575,0.2699,0.3107,3.76,0,Metamorphics,IND2497,49,34.0,84.0,6.732570648193359,3.73,31.73,29.29000000000002,27.79,31.09,1.102,0.832,1.3246,0.4772,0.9074,50.0,28.0,3.3,Goa DMG Lease Registers / IBM MCDR,newly_added_v2
Sanguem,Goa,15.2538,74.101066,0.1506,0.1689,0.1854,0.2937,0.3765,0.2868,0.226,5.886,0,Metamorphics,IND2497,2,-13.0,37.0,2.13374789269916,0.0,27.13,29.99000000000001,28.49,31.79,1.2819,0.9765,1.3128,0.4924,0.7801,50.0,27.13,3.3,Goa DMG Lease Registers / IBM MCDR,newly_added_v2
Sanguem,Goa,15.262253,74.175036,0.1392,0.1543,0.1514,0.2884,0.3081,0.2248,0.3115,4.486,0,Metamorphics,IND2497,64,49.0,99.0,11.942612648010254,8.94,36.94,30.110000000000014,28.61,31.91,1.0683,0.7795,1.3706,0.4914,0.9361,50.0,28.0,3.3,Goa DMG Lease Registers / IBM MCDR,newly_added_v2
Sanguem,Goa,15.206226,74.109875,0.1404,0.1653,0.153,0.3539,0.288,0.2087,0.3963,5.058,0,Metamorphics,IND2497,249,234.0,284.0,10.177309036254883,7.18,35.18,29.57000000000005,28.07,31.37,0.8138,0.5897,1.38,0.5312,1.2288,50.0,28.0,3.3,Goa DMG Lease Registers / IBM MCDR,newly_added_v2
Sanguem,Goa,15.187544,74.194429,0.1411,0.1476,0.1306,0.127,0.1206,0.12,-0.014,6.716,0,Metamorphics,IND2497,40,25.0,75.0,0.0,0.0,25.0,28.850000000000023,27.35,30.65,0.9496,0.9449,1.005,1.0829,1.0531,50.0,25.0,3.3,Goa DMG Lease Registers / IBM MCDR,newly_added_v2
Sanguem,Goa,15.190097,74.116202,0.1309,0.1493,0.1446,0.3093,0.2728,0.1968,0.3629,5.737,0,Metamorphics,IND2497,78,63.0,113.0,4.260553359985352,1.26,29.26,28.78000000000003,27.28,30.58,0.882,0.6363,1.3862,0.5301,1.1338,50.0,28.0,3.3,Goa DMG Lease Registers / IBM MCDR,newly_added_v2
Sanguem,Goa,15.257904,74.17335,0.1419,0.1589,0.1726,0.2907,0.3763,0.2824,0.2549,3.992,0,Metamorphics,IND2497,64,49.0,99.0,4.261657238006592,1.26,29.26,30.110000000000014,28.61,31.91,1.2945,0.9714,1.3325,0.4587,0.7725,50.0,28.0,3.3,Goa DMG Lease Registers / IBM MCDR,newly_added_v2
Sanguem,Goa,15.255257,74.148082,0.1315,0.1515,0.1398,0.3208,0.2736,0.1882,0.393,2.819,0,Metamorphics,IND2497,38,23.0,73.0,11.850617408752441,8.85,36.85,29.670000000000016,28.17,31.47,0.8529,0.5867,1.4538,0.511,1.1725,50.0,28.0,3.3,Goa DMG Lease Registers / IBM MCDR,newly_added_v2
Sanguem,Goa,15.263024,74.109408,0.1755,0.1978,0.228,0.2658,0.3448,0.3186,0.0765,5.703,0,Metamorphics,IND2497,18,3.0,53.0,1.3356223106384277,0.0,26.34,30.380000000000052,28.88,32.18,1.2972,1.1986,1.0822,0.6613,0.7709,50.0,26.34,3.3,Goa DMG Lease Registers / IBM MCDR,newly_added_v2
Sanguem,Goa,15.221726,74.115622,0.1378,0.1645,0.1534,0.3743,0.3096,0.2156,0.4186,3.806,0,Metamorphics,IND2497,20,5.0,55.0,4.688359260559082,1.69,29.69,29.33000000000004,27.83,31.13,0.8271,0.576,1.436,0.4955,1.209,50.0,28.0,3.3,Goa DMG Lease Registers / IBM MCDR,newly_added_v2
Tambesra,Rajasthan,23.199075,74.36318,0.1738,0.1932,0.2274,0.2716,0.304,0.28,0.0886,0.341,1,Metamorphics,IND2497,293,278.0,328.0,2.957169771194458,0.0,27.96,38.31,36.81,40.11,1.1193,1.0309,1.0857,0.748,0.8934,50.0,27.96,3.3,Rajasthan Department of Mines and Geology / Geological Society of India,newly_added_v2
Tambesra,Rajasthan,23.200065,74.35928,0.1744,0.1992,0.2407,0.2808,0.3087,0.2817,0.0769,0.074,1,Metamorphics,IND2497,298,283.0,333.0,0.9274099469184875,0.0,25.93,38.650000000000034,37.15,40.45,1.0994,1.0032,1.0958,0.7797,0.9096,50.0,25.93,3.3,Rajasthan Department of Mines and Geology / Geological Society of India,newly_added_v2
Tambesra,Rajasthan,23.201054,74.356841,0.1776,0.2069,0.2435,0.3096,0.3411,0.3016,0.1195,0.344,1,Metamorphics,IND2497,291,276.0,326.0,4.134387016296387,1.13,29.13,38.650000000000034,37.15,40.45,1.1017,0.9742,1.131,0.7139,0.9077,50.0,28.0,3.3,Rajasthan Department of Mines and Geology / Geological Society of India,newly_added_v2
Tambesra,Rajasthan,23.197756,74.358225,0.1757,0.2004,0.2395,0.2941,0.3211,0.2917,0.1023,0.309,1,Metamorphics,IND2497,297,282.0,332.0,4.134297847747803,1.13,29.13,39.35000000000002,37.85,41.15,1.0918,0.9918,1.1008,0.7459,0.9159,50.0,28.0,3.3,Rajasthan Department of Mines and Geology / Geological Society of India,newly_added_v2
Tambesra,Rajasthan,23.199024,74.357715,0.1741,0.1992,0.241,0.2955,0.3404,0.3073,0.1016,0.258,1,Metamorphics,IND2497,294,279.0,329.0,2.739072322845459,0.0,27.74,39.35000000000002,37.85,41.15,1.1519,1.0399,1.1077,0.708,0.8681,50.0,27.74,3.3,Rajasthan Department of Mines and Geology / Geological Society of India,newly_added_v2
Tambesra,Rajasthan,23.198593,74.357736,0.168,0.1902,0.2302,0.2711,0.3156,0.288,0.0816,0.28,1,Metamorphics,IND2497,294,279.0,329.0,3.024428606033325,0.02,28.02,39.35000000000002,37.85,41.15,1.1641,1.0623,1.0958,0.7294,0.859,50.0,28.0,3.3,Rajasthan Department of Mines and Geology / Geological Society of India,newly_added_v2
Tambesra,Rajasthan,23.199798,74.363699,0.1738,0.1941,0.2198,0.2794,0.3071,0.2726,0.1194,0.379,1,Metamorphics,IND2497,286,271.0,321.0,4.1047139167785645,1.1,29.1,38.31,36.81,40.11,1.0991,0.9757,1.1266,0.7157,0.9098,50.0,28.0,3.3,Rajasthan Department of Mines and Geology / Geological Society of India,newly_added_v2
Tambesra,Rajasthan,23.198829,74.361077,0.1698,0.1928,0.2312,0.271,0.302,0.2787,0.0793,0.171,1,Metamorphics,IND2497,298,283.0,333.0,1.3703175783157349,0.0,26.37,39.35000000000002,37.85,41.15,1.1144,1.0284,1.0836,0.7656,0.8974,50.0,26.37,3.3,Rajasthan Department of Mines and Geology / Geological Society of India,newly_added_v2
Tambesra,Rajasthan,23.199923,74.359691,0.1728,0.1992,0.243,0.2837,0.3113,0.2825,0.0773,0.033,1,Metamorphics,IND2497,297,282.0,332.0,2.219986915588379,0.0,27.22,39.35000000000002,37.85,41.15,1.0973,0.9958,1.1019,0.7806,0.9113,50.0,27.22,3.3,Rajasthan Department of Mines and Geology / Geological Society of India,newly_added_v2
Tambesra,Rajasthan,23.200748,74.362053,0.1745,0.1973,0.2286,0.296,0.3165,0.2769,0.1285,0.226,1,Metamorphics,IND2497,292,277.0,327.0,3.704791784286499,0.7,28.7,38.650000000000034,37.15,40.45,1.0693,0.9355,1.143,0.7223,0.9352,50.0,28.0,3.3,Rajasthan Department of Mines and Geology / Geological Society of India,newly_added_v2
Tambesra,Rajasthan,23.200437,74.36271,0.1608,0.1855,0.2085,0.322,0.319,0.2719,0.2139,0.282,1,Metamorphics,IND2497,293,278.0,328.0,6.102010250091553,3.1,31.1,38.650000000000034,37.15,40.45,0.9907,0.8444,1.1732,0.6536,1.0094,50.0,28.0,3.3,Rajasthan Department of Mines and Geology / Geological Society of India,newly_added_v2
Tambesra,Rajasthan,23.200415,74.357973,0.1809,0.2047,0.2477,0.2999,0.3445,0.3106,0.0953,0.212,1,Metamorphics,IND2497,294,279.0,329.0,4.134370803833008,1.13,29.13,38.650000000000034,37.15,40.45,1.1487,1.0357,1.1091,0.719,0.8705,50.0,28.0,3.3,Rajasthan Department of Mines and Geology / Geological Society of India,newly_added_v2
Tambesra,Rajasthan,23.198533,74.357015,0.1693,0.1914,0.2254,0.2762,0.3136,0.2819,0.1013,0.346,1,Metamorphics,IND2497,298,283.0,333.0,2.0173263549804688,0.0,27.02,39.35000000000002,37.85,41.15,1.1354,1.0206,1.1125,0.7187,0.8807,50.0,27.02,3.3,Rajasthan Department of Mines and Geology / Geological Society of India,newly_added_v2
Tambesra,Rajasthan,23.201027,74.358365,0.1727,0.1965,0.241,0.2914,0.3199,0.2963,0.0947,0.203,1,Metamorphics,IND2497,294,279.0,329.0,4.777251243591309,1.78,29.78,38.650000000000034,37.15,40.45,1.0978,1.0168,1.0796,0.7534,0.9109,50.0,28.0,3.3,Rajasthan Department of Mines and Geology / Geological Society of India,newly_added_v2
Tambesra,Rajasthan,23.202069,74.357791,0.1666,0.1868,0.211,0.3247,0.3163,0.2716,0.2122,0.323,1,Metamorphics,IND2497,284,269.0,319.0,0.9274099469184875,0.0,25.93,38.650000000000034,37.15,40.45,0.9741,0.8365,1.1646,0.6671,1.0266,50.0,25.93,3.3,Rajasthan Department of Mines and Geology / Geological Society of India,newly_added_v2
Tambesra,Rajasthan,23.200626,74.360479,0.1635,0.1839,0.2101,0.2996,0.3111,0.2716,0.1756,0.085,1,Metamorphics,IND2497,290,275.0,325.0,5.116372108459473,2.12,30.12,38.650000000000034,37.15,40.45,1.0384,0.9065,1.1454,0.6753,0.963,50.0,28.0,3.3,Rajasthan Department of Mines and Geology / Geological Society of India,newly_added_v2
Tambesra,Rajasthan,23.199968,74.360645,0.1848,0.2082,0.2487,0.3268,0.3663,0.3161,0.1357,0.066,1,Metamorphics,IND2497,291,276.0,326.0,3.8389933109283447,0.84,28.84,39.35000000000002,37.85,41.15,1.1209,0.9673,1.1588,0.679,0.8922,50.0,28.0,3.3,Rajasthan Department of Mines and Geology / Geological Society of India,newly_added_v2
Tambesra,Rajasthan,23.200227,74.35697,0.1679,0.1912,0.2304,0.2796,0.3051,0.2791,0.0965,0.311,1,Metamorphics,IND2497,296,281.0,331.0,5.898672580718994,2.9,30.9,38.650000000000034,37.15,40.45,1.0912,0.9982,1.0932,0.7552,0.9164,50.0,28.0,3.3,Rajasthan Department of Mines and Geology / Geological Society of India,newly_added_v2
Tambesra,Rajasthan,23.19967,74.359241,0.1738,0.1993,0.2415,0.2912,0.3328,0.3012,0.0933,0.086,1,Metamorphics,IND2497,298,283.0,333.0,3.5458545684814453,0.55,28.55,39.35000000000002,37.85,41.15,1.1429,1.0343,1.1049,0.7257,0.875,50.0,28.0,3.3,Rajasthan Department of Mines and Geology / Geological Society of India,newly_added_v2
Tambesra,Rajasthan,23.201071,74.360732,0.1733,0.1993,0.2346,0.337,0.3582,0.2961,0.1791,0.141,1,Metamorphics,IND2497,287,272.0,322.0,3.1629745960235596,0.16,28.16,38.650000000000034,37.15,40.45,1.0629,0.8786,1.2097,0.6549,0.9408,50.0,28.0,3.3,Rajasthan Department of Mines and Geology / Geological Society of India,newly_added_v2
Tambesra,Rajasthan,23.199952,74.358555,0.1775,0.202,0.2415,0.2853,0.3283,0.2978,0.0831,0.148,1,Metamorphics,IND2497,297,282.0,332.0,4.029696941375732,1.03,29.03,39.35000000000002,37.85,41.15,1.1507,1.0438,1.1024,0.7356,0.869,50.0,28.0,3.3,Rajasthan Department of Mines and Geology / Geological Society of India,newly_added_v2
Tambesra,Rajasthan,23.200278,74.35876,0.1804,0.2105,0.2583,0.3246,0.3744,0.325,0.1137,0.131,1,Metamorphics,IND2497,297,282.0,332.0,1.3703253269195557,0.0,26.37,38.650000000000034,37.15,40.45,1.1534,1.0012,1.152,0.6899,0.867,50.0,26.37,3.3,Rajasthan Department of Mines and Geology / Geological Society of India,newly_added_v2
Tambesra,Rajasthan,23.199917,74.361358,0.175,0.2003,0.2378,0.3245,0.336,0.2891,0.1542,0.139,1,Metamorphics,IND2497,292,277.0,327.0,6.30942964553833,3.31,31.31,39.35000000000002,37.85,41.15,1.0354,0.8909,1.1622,0.7077,0.9658,50.0,28.0,3.3,Rajasthan Department of Mines and Geology / Geological Society of India,newly_added_v2
Tambesra,Rajasthan,23.200672,74.35901,0.1842,0.2163,0.2628,0.3364,0.3685,0.3195,0.1228,0.126,1,Metamorphics,IND2497,298,283.0,333.0,1.3703268766403198,0.0,26.37,38.650000000000034,37.15,40.45,1.0954,0.9498,1.1534,0.7132,0.9129,50.0,26.37,3.3,Rajasthan Department of Mines and Geology / Geological Society of India,newly_added_v2
Tambesra,Rajasthan,23.201136,74.358622,0.1691,0.191,0.2254,0.2841,0.3139,0.2794,0.1152,0.189,1,Metamorphics,IND2497,293,278.0,328.0,4.735163688659668,1.74,29.74,38.650000000000034,37.15,40.45,1.1049,0.9835,1.1235,0.7181,0.9051,50.0,28.0,3.3,Rajasthan Department of Mines and Geology / Geological Society of India,newly_added_v2
Tambesra,Rajasthan,23.201942,74.359229,0.1679,0.1875,0.2144,0.2972,0.3264,0.281,0.1618,0.23,1,Metamorphics,IND2497,288,273.0,323.0,2.957176923751831,0.0,27.96,38.650000000000034,37.15,40.45,1.0983,0.9455,1.1616,0.6569,0.9105,50.0,27.96,3.3,Rajasthan Department of Mines and Geology / Geological Society of India,newly_added_v2
Tambesra,Rajasthan,23.200315,74.359714,0.1891,0.2188,0.2649,0.3215,0.386,0.337,0.0965,0.046,1,Metamorphics,IND2497,298,283.0,333.0,3.162956476211548,0.16,28.16,38.650000000000034,37.15,40.45,1.2006,1.0482,1.1454,0.6863,0.8329,50.0,28.0,3.3,Rajasthan Department of Mines and Geology / Geological Society of India,newly_added_v2
Tambesra,Rajasthan,23.20121,74.358553,0.1691,0.191,0.2254,0.2841,0.3139,0.2794,0.1152,0.2,1,Metamorphics,IND2497,293,278.0,328.0,4.735163688659668,1.74,29.74,38.650000000000034,37.15,40.45,1.1049,0.9835,1.1235,0.7181,0.9051,50.0,28.0,3.3,Rajasthan Department of Mines and Geology / Geological Society of India,newly_added_v2
Tambesra,Rajasthan,23.199577,74.361468,0.1727,0.1942,0.2309,0.2754,0.3099,0.2842,0.0879,0.157,1,Metamorphics,IND2497,297,282.0,332.0,3.704791784286499,0.7,28.7,39.35000000000002,37.85,41.15,1.1253,1.032,1.0904,0.7451,0.8887,50.0,28.0,3.3,Rajasthan Department of Mines and Geology / Geological Society of India,newly_added_v2
Tambesra,Rajasthan,23.200216,74.359694,0.1805,0.2061,0.2489,0.2997,0.3371,0.3024,0.0926,0.039,1,Metamorphics,IND2497,298,283.0,333.0,1.3703237771987915,0.0,26.37,38.650000000000034,37.15,40.45,1.1248,1.009,1.1147,0.7384,0.8891,50.0,26.37,3.3,Rajasthan Department of Mines and Geology / Geological Society of India,newly_added_v2
Tambesra,Rajasthan,23.200192,74.360646,0.1783,0.2041,0.24,0.3046,0.3533,0.311,0.1186,0.069,1,Metamorphics,IND2497,290,275.0,325.0,2.739081621170044,0.0,27.74,38.650000000000034,37.15,40.45,1.1599,1.021,1.136,0.6793,0.8622,50.0,27.74,3.3,Rajasthan Department of Mines and Geology / Geological Society of India,newly_added_v2
Tambesra,Rajasthan,23.198638,74.359309,0.1685,0.1914,0.2314,0.267,0.3007,0.2786,0.0714,0.167,1,Metamorphics,IND2497,300,285.0,335.0,2.0173306465148926,0.0,27.02,39.35000000000002,37.85,41.15,1.1262,1.0434,1.0793,0.7695,0.8879,50.0,27.02,3.3,Rajasthan Department of Mines and Geology / Geological Society of India,newly_added_v2
Tambesra,Rajasthan,23.196998,74.360892,0.1635,0.1872,0.229,0.273,0.3076,0.2812,0.0876,0.346,1,Metamorphics,IND2497,305,290.0,340.0,0.9274099469184875,0.0,25.93,39.35000000000002,37.85,41.15,1.1267,1.03,1.0939,0.7445,0.8875,50.0,25.93,3.3,Rajasthan Department of Mines and Geology / Geological Society of India,newly_added_v2
Tambesra,Rajasthan,23.199743,74.358722,0.1719,0.1968,0.2345,0.2748,0.3174,0.2899,0.0791,0.134,1,Metamorphics,IND2497,298,283.0,333.0,3.43320894241333,0.43,28.43,39.35000000000002,37.85,41.15,1.155,1.0549,1.0949,0.7388,0.8658,50.0,28.0,3.3,Rajasthan Department of Mines and Geology / Geological Society of India,newly_added_v2
Tambesra,Rajasthan,23.19731,74.360229,0.1682,0.1906,0.2251,0.277,0.3284,0.2917,0.1034,0.3,1,Metamorphics,IND2497,304,289.0,339.0,2.739053964614868,0.0,27.74,39.35000000000002,37.85,41.15,1.1856,1.0531,1.1258,0.6854,0.8435,50.0,27.74,3.3,Rajasthan Department of Mines and Geology / Geological Society of India,newly_added_v2
Tambesra,Rajasthan,23.200985,74.362165,0.1869,0.2154,0.2558,0.3531,0.3714,0.3198,0.1598,0.247,1,Metamorphics,IND2497,289,274.0,324.0,5.547544956207275,2.55,30.55,38.650000000000034,37.15,40.45,1.0518,0.9057,1.1614,0.6887,0.9507,50.0,28.0,3.3,Rajasthan Department of Mines and Geology / Geological Society of India,newly_added_v2
Tambesra,Rajasthan,23.202231,74.360072,0.1747,0.1981,0.2189,0.3191,0.2996,0.2684,0.1862,0.248,1,Metamorphics,IND2497,286,271.0,321.0,2.2200212478637695,0.0,27.22,38.650000000000034,37.15,40.45,0.9389,0.8411,1.1162,0.7306,1.0651,50.0,27.22,3.3,Rajasthan Department of Mines and Geology / Geological Society of India,newly_added_v2
Tambesra,Rajasthan,23.200075,74.358845,0.1716,0.1974,0.2377,0.2831,0.3272,0.2932,0.0872,0.118,1,Metamorphics,IND2497,297,282.0,332.0,1.3703237771987915,0.0,26.37,38.650000000000034,37.15,40.45,1.1558,1.0357,1.116,0.7265,0.8652,50.0,26.37,3.3,Rajasthan Department of Mines and Geology / Geological Society of India,newly_added_v2
Tambesra,Rajasthan,23.200066,74.359215,0.1708,0.195,0.238,0.2912,0.3384,0.2974,0.1005,0.081,1,Metamorphics,IND2497,298,283.0,333.0,1.3703237771987915,0.0,26.37,38.650000000000034,37.15,40.45,1.1621,1.0213,1.1379,0.7033,0.8605,50.0,26.37,3.3,Rajasthan Department of Mines and Geology / Geological Society of India,newly_added_v2
Tambesra,Rajasthan,23.20015,74.358089,0.1747,0.1993,0.2417,0.289,0.333,0.3023,0.0891,0.196,1,Metamorphics,IND2497,293,278.0,328.0,4.890575408935547,1.89,29.89,38.650000000000034,37.15,40.45,1.1522,1.046,1.1016,0.7258,0.8679,50.0,28.0,3.3,Rajasthan Department of Mines and Geology / Geological Society of India,newly_added_v2
Tambesra,Rajasthan,23.199651,74.359667,0.1733,0.1974,0.2408,0.286,0.3218,0.2901,0.0858,0.052,1,Metamorphics,IND2497,297,282.0,332.0,2.7390754222869873,0.0,27.74,39.35000000000002,37.85,41.15,1.1252,1.0143,1.1093,0.7483,0.8888,50.0,27.74,3.3,Rajasthan Department of Mines and Geology / Geological Society of India,newly_added_v2
Tambesra,Rajasthan,23.19817,74.361383,0.1686,0.1957,0.2374,0.28,0.3144,0.293,0.0823,0.248,1,Metamorphics,IND2497,298,283.0,333.0,1.3703144788742065,0.0,26.37,39.35000000000002,37.85,41.15,1.1229,1.0464,1.073,0.7551,0.8906,50.0,26.37,3.3,Rajasthan Department of Mines and Geology / Geological Society of India,newly_added_v2
Tambesra,Rajasthan,23.197547,74.362404,0.1785,0.2035,0.2402,0.2875,0.312,0.2852,0.0896,0.368,1,Metamorphics,IND2497,301,286.0,336.0,2.110722541809082,0.0,27.11,38.31,36.81,40.11,1.0852,0.992,1.094,0.7699,0.9215,50.0,27.11,3.3,Rajasthan Department of Mines and Geology / Geological Society of India,newly_added_v2
Tambesra,Rajasthan,23.200094,74.360312,0.1787,0.2045,0.246,0.3027,0.3492,0.311,0.1033,0.034,1,Metamorphics,IND2497,292,277.0,327.0,5.359954357147217,2.36,30.36,38.650000000000034,37.15,40.45,1.1536,1.0274,1.1228,0.7045,0.8668,50.0,28.0,3.3,Rajasthan Department of Mines and Geology / Geological Society of India,newly_added_v2
Tambesra,Rajasthan,23.201381,74.360133,0.1673,0.1906,0.2199,0.331,0.3444,0.2939,0.2017,0.154,1,Metamorphics,IND2497,291,276.0,326.0,6.820562839508057,3.82,31.82,38.650000000000034,37.15,40.45,1.0405,0.8879,1.1718,0.6385,0.9611,50.0,28.0,3.3,Rajasthan Department of Mines and Geology / Geological Society of India,newly_added_v2
Tambesra,Rajasthan,23.218444,74.325191,0.1842,0.208,0.2452,0.2914,0.3272,0.2964,0.0861,4.111,0,Metamorphics,IND2497,322,307.0,357.0,11.568666458129883,8.57,36.57,39.410000000000025,37.91,41.21,1.1229,1.0172,1.1039,0.7494,0.8906,50.0,28.0,3.3,Rajasthan Department of Mines and Geology / Geological Society of India,newly_added_v2
Tambesra,Rajasthan,23.186223,74.329765,0.168,0.1872,0.217,0.2704,0.3118,0.2799,0.1096,3.453,0,Metamorphics,IND2497,301,286.0,336.0,7.027448654174805,4.03,32.03,38.150000000000034,36.65,39.95,1.1531,1.0351,1.114,0.696,0.8672,50.0,28.0,3.3,Rajasthan Department of Mines and Geology / Geological Society of India,newly_added_v2
Tambesra,Rajasthan,23.200374,74.415057,0.1606,0.1799,0.2051,0.295,0.3866,0.3118,0.1798,5.633,0,Metamorphics,IND2497,275,260.0,310.0,2.7390847206115723,0.0,27.74,36.190000000000055,34.69,37.99,1.3105,1.0569,1.2399,0.5305,0.7631,50.0,27.74,3.3,Rajasthan Department of Mines and Geology / Geological Society of India,newly_added_v2
Tambesra,Rajasthan,23.170049,74.408372,0.1717,0.198,0.2422,0.2884,0.337,0.2967,0.0871,5.968,0,Metamorphics,IND2497,321,306.0,356.0,5.3589019775390625,2.36,30.36,39.25000000000006,37.75,41.05,1.1685,1.0288,1.1358,0.7187,0.8558,50.0,28.0,3.3,Rajasthan Department of Mines and Geology / Geological Society of India,newly_added_v2
Tambesra,Rajasthan,23.178981,74.380534,0.1787,0.2017,0.2351,0.3052,0.3088,0.2732,0.1297,3.145,0,Metamorphics,IND2497,295,280.0,330.0,4.735128879547119,1.74,29.74,37.59000000000003,36.09,39.39,1.0118,0.8952,1.1303,0.7613,0.9883,50.0,28.0,3.3,Rajasthan Department of Mines and Geology / Geological Society of India,newly_added_v2
Tambesra,Rajasthan,23.224355,74.406132,0.1521,0.1802,0.1789,0.3971,0.3357,0.2577,0.3788,5.443,0,Metamorphics,IND2497,263,248.0,298.0,0.0,0.0,25.0,35.85000000000002,34.35,37.65,0.8454,0.649,1.3027,0.5329,1.1829,50.0,25.0,3.3,Rajasthan Department of Mines and Geology / Geological Society of India,newly_added_v2
Tambesra,Rajasthan,23.182265,74.421748,0.1481,0.176,0.1746,0.3905,0.334,0.252,0.3821,6.619,0,Metamorphics,IND2497,274,259.0,309.0,2.9571263790130615,0.0,27.96,37.870000000000005,36.37,39.67,0.8553,0.6453,1.3254,0.5228,1.1692,50.0,27.96,3.3,Rajasthan Department of Mines and Geology / Geological Society of India,newly_added_v2
Tambesra,Rajasthan,23.195068,74.321729,0.1814,0.2037,0.237,0.3125,0.3548,0.3159,0.1374,3.954,0,Metamorphics,IND2497,278,263.0,313.0,0.9274099469184875,0.0,25.93,37.05000000000001,35.55,38.85,1.1354,1.0109,1.1231,0.668,0.8808,50.0,25.93,3.3,Rajasthan Department of Mines and Geology / Geological Society of India,newly_added_v2
Tambesra,Rajasthan,23.174182,74.405622,0.1671,0.187,0.2211,0.2727,0.3251,0.291,0.1045,5.482,0,Metamorphics,IND2497,311,296.0,346.0,5.465131759643555,2.47,30.47,39.25000000000006,37.75,41.05,1.1922,1.0671,1.1172,0.6801,0.8388,50.0,28.0,3.3,Rajasthan Department of Mines and Geology / Geological Society of India,newly_added_v2
Tambesra,Rajasthan,23.262316,74.358071,0.1711,0.1995,0.2314,0.3044,0.3262,0.2778,0.1362,6.94,0,Metamorphics,IND2497,259,244.0,294.0,1.8543341159820557,0.0,26.85,37.33000000000004,35.83,39.13,1.0716,0.9126,1.1742,0.7094,0.9332,50.0,26.85,3.3,Rajasthan Department of Mines and Geology / Geological Society of India,newly_added_v2
Tambesra,Rajasthan,23.230815,74.336084,0.1819,0.2064,0.2517,0.3365,0.4212,0.3455,0.1442,4.214,0,Metamorphics,IND2497,313,298.0,348.0,8.808354377746582,5.81,33.81,40.160000000000025,38.66,41.96,1.2517,1.0267,1.2191,0.5976,0.7989,50.0,28.0,3.3,Rajasthan Department of Mines and Geology / Geological Society of India,newly_added_v2
Tambesra,Rajasthan,23.214561,74.398886,0.1681,0.192,0.2246,0.2961,0.3553,0.3006,0.1373,4.296,0,Metamorphics,IND2497,251,236.0,286.0,1.3704055547714233,0.0,26.37,35.85000000000002,34.35,37.65,1.1999,1.0152,1.182,0.6321,0.8334,50.0,26.37,3.3,Rajasthan Department of Mines and Geology / Geological Society of India,newly_added_v2
Tambesra,Rajasthan,23.256639,74.325212,0.1668,0.1897,0.2165,0.2993,0.3046,0.2622,0.1605,7.24,0,Metamorphics,IND2497,285,270.0,320.0,2.110936164855957,0.0,27.11,37.910000000000025,36.41,39.71,1.0177,0.876,1.1617,0.7108,0.9826,50.0,27.11,3.3,Rajasthan Department of Mines and Geology / Geological Society of India,newly_added_v2
Tambesra,Rajasthan,23.205485,74.403741,0.1592,0.1805,0.1983,0.325,0.337,0.2708,0.2421,4.517,0,Metamorphics,IND2497,265,250.0,300.0,3.8390047550201416,0.84,28.84,36.49000000000001,34.99,38.29,1.0369,0.8332,1.2445,0.5884,0.9644,50.0,28.0,3.3,Rajasthan Department of Mines and Geology / Geological Society of India,newly_added_v2
Tambesra,Rajasthan,23.237426,74.404025,0.1692,0.1938,0.2237,0.322,0.3601,0.3008,0.1801,6.136,0,Metamorphics,IND2497,257,242.0,292.0,2.017909288406372,0.0,27.02,37.370000000000005,35.87,39.17,1.1183,0.9342,1.1971,0.6212,0.8942,50.0,27.02,3.3,Rajasthan Department of Mines and Geology / Geological Society of India,newly_added_v2
Tambesra,Rajasthan,23.153142,74.327785,0.1855,0.218,0.266,0.3776,0.5134,0.4596,0.1734,6.17,0,Metamorphics,IND2497,252,237.0,287.0,4.735087871551514,1.74,29.74,37.670000000000016,36.17,39.47,1.3596,1.2172,1.1171,0.5181,0.7355,50.0,28.0,3.3,Rajasthan Department of Mines and Geology / Geological Society of India,newly_added_v2
Tambesra,Rajasthan,23.179905,74.384305,0.1791,0.2035,0.2374,0.3227,0.3818,0.3277,0.1523,3.345,0,Metamorphics,IND2497,287,272.0,322.0,5.547544956207275,2.55,30.55,37.59000000000003,36.09,39.39,1.1831,1.0155,1.1651,0.6218,0.8452,50.0,28.0,3.3,Rajasthan Department of Mines and Geology / Geological Society of India,newly_added_v2
Tambesra,Rajasthan,23.25026,74.373078,0.1604,0.1896,0.2384,0.3581,0.3817,0.3371,0.2007,5.753,0,Metamorphics,IND2497,256,241.0,291.0,1.0093663930892944,0.0,26.01,37.31,35.81,39.11,1.0659,0.9414,1.1323,0.6246,0.9382,50.0,26.01,3.3,Rajasthan Department of Mines and Geology / Geological Society of India,newly_added_v2
Tambesra,Rajasthan,23.197752,74.427223,0.1643,0.1947,0.2118,0.3788,0.342,0.2743,0.2828,6.883,0,Metamorphics,IND2497,258,243.0,293.0,9.229159355163574,6.23,34.23,36.77000000000004,35.27,38.57,0.9029,0.7241,1.2468,0.6193,1.1076,50.0,28.0,3.3,Rajasthan Department of Mines and Geology / Geological Society of India,newly_added_v2
Tambesra,Rajasthan,23.244327,74.375198,0.2158,0.251,0.2978,0.4026,0.4594,0.3925,0.1496,5.174,0,Metamorphics,IND2497,264,249.0,299.0,2.7802884578704834,0.0,27.78,37.670000000000016,36.17,39.47,1.1411,0.9749,1.1704,0.6482,0.8764,50.0,27.78,3.3,Rajasthan Department of Mines and Geology / Geological Society of India,newly_added_v2
Tambesra,Rajasthan,23.164732,74.29785,0.1734,0.2051,0.2408,0.3524,0.4586,0.372,0.1881,7.473,0,Metamorphics,IND2497,230,215.0,265.0,2.9570815563201904,0.0,27.96,37.210000000000036,35.71,39.01,1.3014,1.0556,1.2328,0.5251,0.7684,50.0,27.96,3.3,Rajasthan Department of Mines and Geology / Geological Society of India,newly_added_v2
Tambesra,Rajasthan,23.251415,74.366974,0.1734,0.2069,0.2421,0.399,0.4689,0.4056,0.2447,5.768,0,Metamorphics,IND2497,268,253.0,303.0,1.3706096410751343,0.0,26.37,37.31,35.81,39.11,1.1752,1.0165,1.1561,0.5163,0.8509,50.0,26.37,3.3,Rajasthan Department of Mines and Geology / Geological Society of India,newly_added_v2
Tambesra,Rajasthan,23.153703,74.389035,0.1673,0.192,0.2287,0.2858,0.3103,0.2769,0.111,5.949,0,Metamorphics,IND2497,316,301.0,351.0,2.016653060913086,0.0,27.02,39.150000000000034,37.65,40.95,1.0857,0.9689,1.1206,0.737,0.921,50.0,27.02,3.3,Rajasthan Department of Mines and Geology / Geological Society of India,newly_added_v2
Tambesra,Rajasthan,23.162195,74.347408,0.1779,0.2048,0.2447,0.3054,0.3817,0.3342,0.1103,4.401,0,Metamorphics,IND2497,273,258.0,308.0,6.3051252365112305,3.31,31.31,38.29000000000002,36.79,40.09,1.2498,1.0943,1.1421,0.6411,0.8001,50.0,28.0,3.3,Rajasthan Department of Mines and Geology / Geological Society of India,newly_added_v2
Tambesra,Rajasthan,23.225024,74.399065,0.1678,0.1947,0.2196,0.3465,0.3398,0.2807,0.2242,4.872,0,Metamorphics,IND2497,255,240.0,290.0,1.009175181388855,0.0,26.01,35.63000000000005,34.13,37.43,0.9807,0.8101,1.2105,0.6463,1.0197,50.0,26.01,3.3,Rajasthan Department of Mines and Geology / Geological Society of India,newly_added_v2
Tambesra,Rajasthan,23.163328,74.317346,0.1841,0.2274,0.2784,0.3691,0.498,0.4558,0.1401,5.976,0,Metamorphics,IND2497,249,234.0,284.0,1.8543341159820557,0.0,26.85,37.710000000000036,36.21,39.51,1.3492,1.2349,1.0926,0.559,0.7412,50.0,26.85,3.3,Rajasthan Department of Mines and Geology / Geological Society of India,newly_added_v2
Tambesra,Rajasthan,23.181038,74.326728,0.1651,0.1824,0.2138,0.2541,0.2992,0.2669,0.0861,4.006,0,Metamorphics,IND2497,291,276.0,326.0,7.599680423736572,4.6,32.6,37.450000000000045,35.95,39.25,1.1775,1.0504,1.121,0.7146,0.8493,50.0,28.0,3.3,Rajasthan Department of Mines and Geology / Geological Society of India,newly_added_v2
Tambesra,Rajasthan,23.193463,74.41636,0.1829,0.2129,0.2644,0.334,0.3843,0.3367,0.1163,5.812,0,Metamorphics,IND2497,274,259.0,309.0,2.7802884578704834,0.0,27.78,37.07000000000005,35.57,38.87,1.1506,1.0081,1.1414,0.688,0.8691,50.0,27.78,3.3,Rajasthan Department of Mines and Geology / Geological Society of India,newly_added_v2
Tambesra,Rajasthan,23.232331,74.40101,0.161,0.1809,0.2062,0.2806,0.3189,0.2934,0.1528,5.528,0,Metamorphics,IND2497,252,237.0,287.0,3.0251944065093994,0.03,28.03,36.150000000000034,34.65,37.95,1.1365,1.0456,1.0869,0.6466,0.8799,50.0,28.0,3.3,Rajasthan Department of Mines and Geology / Geological Society of India,newly_added_v2
Tambesra,Rajasthan,23.247245,74.399827,0.1727,0.2039,0.2187,0.3813,0.3843,0.3172,0.271,6.653,0,Metamorphics,IND2497,250,235.0,285.0,1.8543341159820557,0.0,26.85,36.83000000000004,35.33,38.63,1.0079,0.8319,1.2115,0.5691,0.9922,50.0,26.85,3.3,Rajasthan Department of Mines and Geology / Geological Society of India,newly_added_v2
Tambesra,Rajasthan,23.240434,74.400148,0.1668,0.1873,0.2126,0.2859,0.3376,0.2916,0.147,6.094,0,Metamorphics,IND2497,258,243.0,293.0,3.5466463565826416,0.55,28.55,37.110000000000014,35.61,38.91,1.1808,1.0199,1.1578,0.6297,0.8469,50.0,28.0,3.3,Rajasthan Department of Mines and Geology / Geological Society of India,newly_added_v2
Tambesra,Rajasthan,23.221657,74.378578,0.1663,0.1917,0.2136,0.3381,0.3541,0.2846,0.2257,3.07,0,Metamorphics,IND2497,270,255.0,305.0,2.220287799835205,0.0,27.22,37.170000000000016,35.67,38.97,1.0473,0.8418,1.2442,0.6032,0.9548,50.0,27.22,3.3,Rajasthan Department of Mines and Geology / Geological Society of India,newly_added_v2
Tambesra,Rajasthan,23.209744,74.392453,0.1703,0.2032,0.2509,0.368,0.4078,0.3559,0.1892,3.493,0,Metamorphics,IND2497,260,245.0,295.0,1.370377779006958,0.0,26.37,36.33000000000004,34.83,38.13,1.1082,0.9671,1.1458,0.6153,0.9024,50.0,26.37,3.3,Rajasthan Department of Mines and Geology / Geological Society of India,newly_added_v2
Tambesra,Rajasthan,23.166091,74.354597,0.1815,0.205,0.2438,0.3049,0.3669,0.3213,0.1114,3.815,0,Metamorphics,IND2497,282,267.0,317.0,5.464954376220703,2.46,30.46,38.170000000000016,36.67,39.97,1.2033,1.0538,1.1419,0.6645,0.831,50.0,28.0,3.3,Rajasthan Department of Mines and Geology / Geological Society of India,newly_added_v2
Tambesra,Rajasthan,23.19091,74.327168,0.1814,0.2105,0.2563,0.3186,0.3782,0.323,0.1084,3.508,0,Metamorphics,IND2497,308,293.0,343.0,7.468845367431641,4.47,32.47,37.33000000000004,35.83,39.13,1.1871,1.0138,1.1709,0.6777,0.8424,50.0,28.0,3.3,Rajasthan Department of Mines and Geology / Geological Society of India,newly_added_v2
Tambesra,Rajasthan,23.234634,74.369525,0.1736,0.206,0.2371,0.3833,0.4398,0.3601,0.2357,3.977,0,Metamorphics,IND2497,262,247.0,297.0,2.2204668521881104,0.0,27.22,38.690000000000055,37.19,40.49,1.1474,0.9395,1.2213,0.5391,0.8715,50.0,27.22,3.3,Rajasthan Department of Mines and Geology / Geological Society of India,newly_added_v2
Tambesra,Rajasthan,23.211756,74.406979,0.1558,0.1801,0.18,0.3627,0.3184,0.2542,0.3367,4.982,0,Metamorphics,IND2497,255,240.0,290.0,7.1266560554504395,4.13,32.13,35.81,34.31,37.61,0.8779,0.7009,1.2526,0.5653,1.1391,50.0,28.0,3.3,Rajasthan Department of Mines and Geology / Geological Society of India,newly_added_v2
Tambesra,Rajasthan,23.168776,74.421242,0.1735,0.1964,0.221,0.3199,0.3258,0.2759,0.1828,7.166,0,Metamorphics,IND2497,288,273.0,323.0,2.219564914703369,0.0,27.22,37.81,36.31,39.61,1.0184,0.8625,1.1809,0.6783,0.9819,50.0,27.22,3.3,Rajasthan Department of Mines and Geology / Geological Society of India,newly_added_v2
Tambesra,Rajasthan,23.189325,74.338351,0.1851,0.2115,0.2599,0.3283,0.4333,0.3654,0.1163,2.514,0,Metamorphics,IND2497,308,293.0,343.0,3.5456624031066895,0.55,28.55,38.150000000000034,36.65,39.95,1.3198,1.113,1.1858,0.5998,0.7577,50.0,28.0,3.3,Rajasthan Department of Mines and Geology / Geological Society of India,newly_added_v2
Tambesra,Rajasthan,23.232246,74.300875,0.1691,0.1907,0.2178,0.3288,0.3612,0.3134,0.2031,7.034,0,Metamorphics,IND2497,256,241.0,291.0,1.3705029487609863,0.0,26.37,36.99000000000001,35.49,38.79,1.0985,0.9532,1.1525,0.603,0.9103,50.0,26.37,3.3,Rajasthan Department of Mines and Geology / Geological Society of India,newly_added_v2
Tambesra,Rajasthan,23.231091,74.406035,0.173,0.193,0.2265,0.2935,0.3753,0.3274,0.1288,5.845,0,Metamorphics,IND2497,258,243.0,293.0,3.1636226177215576,0.16,28.16,36.150000000000034,34.65,37.95,1.2787,1.1155,1.1463,0.6035,0.782,50.0,28.0,3.3,Rajasthan Department of Mines and Geology / Geological Society of India,newly_added_v2
Tambesra,Rajasthan,23.173568,74.357881,0.1614,0.1872,0.2014,0.3139,0.318,0.2592,0.2183,2.95,0,Metamorphics,IND2497,283,268.0,318.0,1.8543341159820557,0.0,26.85,37.47000000000003,35.97,39.27,1.0131,0.8257,1.2269,0.6333,0.9871,50.0,26.85,3.3,Rajasthan Department of Mines and Geology / Geological Society of India,newly_added_v2
Tambesra,Rajasthan,23.244198,74.395536,0.1964,0.2296,0.2707,0.3571,0.4072,0.347,0.1376,6.118,0,Metamorphics,IND2497,251,236.0,286.0,1.3705708980560303,0.0,26.37,36.690000000000055,35.19,38.49,1.1403,0.9717,1.1735,0.6648,0.877,50.0,26.37,3.3,Rajasthan Department of Mines and Geology / Geological Society of India,newly_added_v2
Tambesra,Rajasthan,23.20401,74.39668,0.1864,0.2171,0.2665,0.3239,0.3718,0.3301,0.0972,3.779,0,Metamorphics,IND2497,272,257.0,307.0,0.0,0.0,25.0,37.450000000000045,35.95,39.25,1.1479,1.0191,1.1263,0.7168,0.8712,50.0,25.0,3.3,Rajasthan Department of Mines and Geology / Geological Society of India,newly_added_v2
Tambesra,Rajasthan,23.180933,74.429727,0.1534,0.1735,0.1966,0.3256,0.2959,0.2578,0.247,7.443,0,Metamorphics,IND2497,279,264.0,314.0,1.3702188730239868,0.0,26.37,36.83000000000004,35.33,38.63,0.9088,0.7918,1.1478,0.6644,1.1004,50.0,26.37,3.3,Rajasthan Department of Mines and Geology / Geological Society of India,newly_added_v2
Rupakhera,Rajasthan,23.226361,74.381073,0.2185,0.2524,0.3037,0.3811,0.4707,0.4072,0.113,0.187,1,Metamorphics,IND2497,259,244.0,294.0,2.7802884578704834,0.0,27.78,37.09000000000003,35.59,38.89,1.2351,1.0685,1.1559,0.6452,0.8096,50.0,27.78,3.3,Rajasthan DMG Mineral Block Notification,newly_added_v2
Rupakhera,Rajasthan,23.225722,74.380199,0.1904,0.231,0.291,0.4068,0.5001,0.4209,0.166,0.083,1,Metamorphics,IND2497,263,248.0,298.0,3.0250437259674072,0.03,28.03,37.09000000000003,35.59,38.89,1.2294,1.0347,1.1882,0.5819,0.8134,50.0,28.0,3.3,Rajasthan DMG Mineral Block Notification,newly_added_v2
Rupakhera,Rajasthan,23.225357,74.378845,0.1841,0.2216,0.2699,0.3946,0.5226,0.4548,0.1877,0.125,1,Metamorphics,IND2497,262,247.0,297.0,1.3704657554626465,0.0,26.37,37.09000000000003,35.59,38.89,1.3244,1.1526,1.1491,0.5165,0.7551,50.0,26.37,3.3,Rajasthan DMG Mineral Block Notification,newly_added_v2
Rupakhera,Rajasthan,23.224914,74.378707,0.2011,0.24,0.3042,0.3974,0.5329,0.4576,0.1328,0.133,1,Metamorphics,IND2497,259,244.0,294.0,5.521238803863525,2.52,30.52,37.170000000000016,35.67,38.97,1.341,1.1515,1.1646,0.5708,0.7457,50.0,28.0,3.3,Rajasthan DMG Mineral Block Notification,newly_added_v2
Rupakhera,Rajasthan,23.225025,74.379471,0.1804,0.2149,0.2656,0.3467,0.4736,0.4253,0.1325,0.054,1,Metamorphics,IND2497,260,245.0,295.0,4.777595043182373,1.78,29.78,37.170000000000016,35.67,38.97,1.366,1.2267,1.1136,0.5608,0.7321,50.0,28.0,3.3,Rajasthan DMG Mineral Block Notification,newly_added_v2
Rupakhera,Rajasthan,23.225196,74.379714,0.1909,0.2381,0.3044,0.4,0.525,0.474,0.1357,0.037,1,Metamorphics,IND2497,262,247.0,297.0,2.1108226776123047,0.0,27.11,37.09000000000003,35.59,38.89,1.3125,1.185,1.1076,0.5798,0.7619,50.0,27.11,3.3,Rajasthan DMG Mineral Block Notification,newly_added_v2
Rupakhera,Rajasthan,23.226113,74.382221,0.1862,0.2191,0.2633,0.3857,0.4545,0.3806,0.1886,0.259,1,Metamorphics,IND2497,262,247.0,297.0,2.7393715381622314,0.0,27.74,37.09000000000003,35.59,38.89,1.1784,0.9868,1.1942,0.5793,0.8486,50.0,27.74,3.3,Rajasthan DMG Mineral Block Notification,newly_added_v2
Rupakhera,Rajasthan,23.223765,74.380554,0.1899,0.2286,0.285,0.3719,0.4385,0.3931,0.1323,0.149,1,Metamorphics,IND2497,261,246.0,296.0,0.9274099469184875,0.0,25.93,37.170000000000016,35.67,38.97,1.1791,1.057,1.1155,0.6499,0.8481,50.0,25.93,3.3,Rajasthan DMG Mineral Block Notification,newly_added_v2
Rupakhera,Rajasthan,23.226582,74.378352,0.1866,0.2197,0.2562,0.3933,0.4851,0.4162,0.2111,0.244,1,Metamorphics,IND2497,260,245.0,295.0,3.163520574569702,0.16,28.16,37.09000000000003,35.59,38.89,1.2334,1.0582,1.1655,0.5281,0.8108,50.0,28.0,3.3,Rajasthan DMG Mineral Block Notification,newly_added_v2
Rupakhera,Rajasthan,23.225191,74.37952,0.1887,0.233,0.294,0.3931,0.5255,0.4735,0.1442,0.053,1,Metamorphics,IND2497,262,247.0,297.0,2.1108226776123047,0.0,27.11,37.09000000000003,35.59,38.89,1.3368,1.2045,1.1098,0.5595,0.748,50.0,27.11,3.3,Rajasthan DMG Mineral Block Notification,newly_added_v2
Rupakhera,Rajasthan,23.224374,74.38049,0.1762,0.2122,0.2568,0.3852,0.4422,0.3788,0.2,0.086,1,Metamorphics,IND2497,260,245.0,295.0,1.3704596757888794,0.0,26.37,37.170000000000016,35.67,38.97,1.148,0.9834,1.1674,0.5807,0.8711,50.0,26.37,3.3,Rajasthan DMG Mineral Block Notification,newly_added_v2
Rupakhera,Rajasthan,23.22455,74.383548,0.1658,0.1993,0.2695,0.3337,0.4043,0.3813,0.1064,0.366,1,Metamorphics,IND2497,267,252.0,302.0,1.3704612255096436,0.0,26.37,37.170000000000016,35.67,38.97,1.2116,1.1426,1.0603,0.6666,0.8254,50.0,26.37,3.3,Rajasthan DMG Mineral Block Notification,newly_added_v2
Rupakhera,Rajasthan,23.225844,74.378748,0.1601,0.191,0.2089,0.374,0.4261,0.3458,0.2832,0.159,1,Metamorphics,IND2497,261,246.0,296.0,0.9274099469184875,0.0,25.93,37.09000000000003,35.59,38.89,1.1393,0.9246,1.2322,0.4903,0.8777,50.0,25.93,3.3,Rajasthan DMG Mineral Block Notification,newly_added_v2
Rupakhera,Rajasthan,23.223358,74.377577,0.1749,0.2067,0.2547,0.3472,0.4306,0.3786,0.1537,0.308,1,Metamorphics,IND2497,262,247.0,297.0,1.0091625452041626,0.0,26.01,37.170000000000016,35.67,38.97,1.2402,1.0904,1.1373,0.5915,0.8063,50.0,26.01,3.3,Rajasthan DMG Mineral Block Notification,newly_added_v2
Rupakhera,Rajasthan,23.22709,74.381956,0.1946,0.2349,0.2838,0.381,0.4921,0.4377,0.1462,0.307,1,Metamorphics,IND2497,257,242.0,292.0,0.9274099469184875,0.0,25.93,37.09000000000003,35.59,38.89,1.2916,1.1488,1.1243,0.5767,0.7742,50.0,25.93,3.3,Rajasthan DMG Mineral Block Notification,newly_added_v2
Rupakhera,Rajasthan,23.227268,74.380953,0.1701,0.196,0.224,0.3466,0.414,0.3558,0.2149,0.271,1,Metamorphics,IND2497,257,242.0,292.0,1.0091919898986816,0.0,26.01,37.09000000000003,35.59,38.89,1.1945,1.0265,1.1636,0.5411,0.8372,50.0,26.01,3.3,Rajasthan DMG Mineral Block Notification,newly_added_v2
Rupakhera,Rajasthan,23.22674,74.382958,0.1919,0.2234,0.2777,0.3694,0.4876,0.4302,0.1417,0.359,1,Metamorphics,IND2497,263,248.0,298.0,3.1635265350341797,0.16,28.16,37.09000000000003,35.59,38.89,1.32,1.1646,1.1334,0.5695,0.7576,50.0,28.0,3.3,Rajasthan DMG Mineral Block Notification,newly_added_v2
Rupakhera,Rajasthan,23.223716,74.379104,0.2136,0.2607,0.343,0.4397,0.5481,0.4763,0.1235,0.17,1,Metamorphics,IND2497,259,244.0,294.0,5.898794174194336,2.9,30.9,37.170000000000016,35.67,38.97,1.2465,1.0832,1.1507,0.6258,0.8022,50.0,28.0,3.3,Rajasthan DMG Mineral Block Notification,newly_added_v2
Rupakhera,Rajasthan,23.223794,74.377282,0.1758,0.2072,0.256,0.3493,0.4368,0.388,0.1541,0.309,1,Metamorphics,IND2497,262,247.0,297.0,3.704791784286499,0.7,28.7,37.170000000000016,35.67,38.97,1.2505,1.1108,1.1258,0.5861,0.7997,50.0,28.0,3.3,Rajasthan DMG Mineral Block Notification,newly_added_v2
Rupakhera,Rajasthan,23.224443,74.380571,0.1856,0.2254,0.2812,0.3991,0.4554,0.3989,0.1733,0.085,1,Metamorphics,IND2497,260,245.0,295.0,2.7393529415130615,0.0,27.74,37.170000000000016,35.67,38.97,1.1411,0.9995,1.1416,0.6175,0.8764,50.0,27.74,3.3,Rajasthan DMG Mineral Block Notification,newly_added_v2
Rupakhera,Rajasthan,23.226317,74.380262,0.1836,0.2194,0.268,0.3815,0.4949,0.4175,0.1747,0.149,1,Metamorphics,IND2497,260,245.0,295.0,1.0091856718063354,0.0,26.01,37.09000000000003,35.59,38.89,1.2972,1.0944,1.1854,0.5415,0.7709,50.0,26.01,3.3,Rajasthan DMG Mineral Block Notification,newly_added_v2
Rupakhera,Rajasthan,23.226264,74.377788,0.1681,0.1893,0.1837,0.3785,0.3645,0.2825,0.3465,0.266,1,Metamorphics,IND2497,257,242.0,292.0,1.370470404624939,0.0,26.37,37.950000000000045,36.45,39.75,0.963,0.7464,1.2903,0.504,1.0384,50.0,26.37,3.3,Rajasthan DMG Mineral Block Notification,newly_added_v2
Rupakhera,Rajasthan,23.227268,74.38265,0.1845,0.2161,0.2584,0.3566,0.4562,0.3806,0.1597,0.37,1,Metamorphics,IND2497,260,245.0,295.0,2.7393836975097656,0.0,27.74,37.09000000000003,35.59,38.89,1.2793,1.0673,1.1986,0.5664,0.7817,50.0,27.74,3.3,Rajasthan DMG Mineral Block Notification,newly_added_v2
Rupakhera,Rajasthan,23.227394,74.382238,0.1861,0.2187,0.2586,0.3593,0.4644,0.4011,0.163,0.351,1,Metamorphics,IND2497,259,244.0,294.0,4.735205173492432,1.74,29.74,37.09000000000003,35.59,38.89,1.2925,1.1163,1.1578,0.5568,0.7737,50.0,28.0,3.3,Rajasthan DMG Mineral Block Notification,newly_added_v2
Rupakhera,Rajasthan,23.226447,74.380468,0.18,0.2107,0.2523,0.3587,0.4991,0.4322,0.1741,0.168,1,Metamorphics,IND2497,260,245.0,295.0,1.0091856718063354,0.0,26.01,37.09000000000003,35.59,38.89,1.3914,1.2049,1.1548,0.5055,0.7187,50.0,26.01,3.3,Rajasthan DMG Mineral Block Notification,newly_added_v2
Rupakhera,Rajasthan,23.224597,74.381026,0.1952,0.2418,0.3058,0.4115,0.5273,0.4505,0.1474,0.114,1,Metamorphics,IND2497,260,245.0,295.0,3.433429718017578,0.43,28.43,37.170000000000016,35.67,38.97,1.2814,1.0948,1.1705,0.5799,0.7804,50.0,28.0,3.3,Rajasthan DMG Mineral Block Notification,newly_added_v2
Rupakhera,Rajasthan,23.223925,74.377595,0.1792,0.2145,0.2693,0.3578,0.468,0.4273,0.1411,0.274,1,Metamorphics,IND2497,261,246.0,296.0,2.739346742630005,0.0,27.74,37.170000000000016,35.67,38.97,1.308,1.1942,1.0952,0.5754,0.7645,50.0,27.74,3.3,Rajasthan DMG Mineral Block Notification,newly_added_v2
Rupakhera,Rajasthan,23.222641,74.378658,0.1744,0.204,0.2547,0.3262,0.4013,0.359,0.1231,0.296,1,Metamorphics,IND2497,265,250.0,300.0,2.2203030586242676,0.0,27.22,37.170000000000016,35.67,38.97,1.2302,1.1006,1.1178,0.6347,0.8129,50.0,27.22,3.3,Rajasthan DMG Mineral Block Notification,newly_added_v2
Rupakhera,Rajasthan,23.226988,74.379698,0.2107,0.2293,0.2582,0.3568,0.4384,0.3887,0.1603,0.223,1,Metamorphics,IND2497,261,246.0,296.0,1.3704735040664673,0.0,26.37,37.09000000000003,35.59,38.89,1.2287,1.0894,1.1279,0.589,0.8139,50.0,26.37,3.3,Rajasthan DMG Mineral Block Notification,newly_added_v2
Rupakhera,Rajasthan,23.223764,74.38217,0.1955,0.2319,0.3002,0.388,0.4481,0.389,0.1276,0.261,1,Metamorphics,IND2497,267,252.0,302.0,1.370456576347351,0.0,26.37,37.170000000000016,35.67,38.97,1.1549,1.0026,1.1519,0.6699,0.8659,50.0,26.37,3.3,Rajasthan DMG Mineral Block Notification,newly_added_v2
Rupakhera,Rajasthan,23.224428,74.378061,0.1945,0.2363,0.298,0.4031,0.5138,0.4671,0.1499,0.208,1,Metamorphics,IND2497,260,245.0,295.0,1.0091710090637207,0.0,26.01,37.170000000000016,35.67,38.97,1.2746,1.1588,1.1,0.58,0.7845,50.0,26.01,3.3,Rajasthan DMG Mineral Block Notification,newly_added_v2
Rupakhera,Rajasthan,23.224743,74.379549,0.1781,0.2141,0.265,0.3429,0.4658,0.4151,0.1281,0.054,1,Metamorphics,IND2497,258,243.0,293.0,4.891185760498047,1.89,29.89,37.170000000000016,35.67,38.97,1.3584,1.2106,1.1221,0.5689,0.7362,50.0,28.0,3.3,Rajasthan DMG Mineral Block Notification,newly_added_v2
Rupakhera,Rajasthan,23.224443,74.380882,0.1778,0.2172,0.265,0.4007,0.4564,0.3858,0.2038,0.109,1,Metamorphics,IND2497,262,247.0,297.0,2.2203257083892822,0.0,27.22,37.170000000000016,35.67,38.97,1.139,0.9628,1.183,0.5806,0.878,50.0,27.22,3.3,Rajasthan DMG Mineral Block Notification,newly_added_v2
Rupakhera,Rajasthan,23.223226,74.381705,0.1825,0.2145,0.2472,0.3749,0.4156,0.3462,0.2053,0.263,1,Metamorphics,IND2497,267,252.0,302.0,2.220310688018799,0.0,27.22,37.170000000000016,35.67,38.97,1.1086,0.9234,1.2005,0.5948,0.9021,50.0,27.22,3.3,Rajasthan DMG Mineral Block Notification,newly_added_v2
Rupakhera,Rajasthan,23.222299,74.378872,0.1787,0.2112,0.257,0.3608,0.4338,0.3606,0.168,0.322,1,Metamorphics,IND2497,267,252.0,302.0,2.957228899002075,0.0,27.96,37.170000000000016,35.67,38.97,1.2023,0.9994,1.203,0.5924,0.8317,50.0,27.96,3.3,Rajasthan DMG Mineral Block Notification,newly_added_v2
Rupakhera,Rajasthan,23.228178,74.381234,0.1815,0.2207,0.2759,0.3758,0.4538,0.4062,0.1533,0.376,1,Metamorphics,IND2497,256,241.0,291.0,5.547544956207275,2.55,30.55,37.09000000000003,35.59,38.89,1.2076,1.0809,1.1172,0.608,0.8281,50.0,28.0,3.3,Rajasthan DMG Mineral Block Notification,newly_added_v2
Rupakhera,Rajasthan,23.226248,74.382051,0.1922,0.2289,0.2794,0.3801,0.4916,0.4202,0.1527,0.252,1,Metamorphics,IND2497,261,246.0,296.0,4.735204219818115,1.74,29.74,37.09000000000003,35.59,38.89,1.2933,1.1055,1.1699,0.5683,0.7732,50.0,28.0,3.3,Rajasthan DMG Mineral Block Notification,newly_added_v2
Rupakhera,Rajasthan,23.226747,74.377447,0.166,0.1936,0.2208,0.3562,0.374,0.3391,0.2347,0.326,1,Metamorphics,IND2497,258,243.0,293.0,0.9274099469184875,0.0,25.93,37.950000000000045,36.45,39.75,1.05,0.952,1.1029,0.5904,0.9524,50.0,25.93,3.3,Rajasthan DMG Mineral Block Notification,newly_added_v2
Rupakhera,Rajasthan,23.227666,74.381475,0.1837,0.2245,0.2727,0.3657,0.4716,0.4227,0.1457,0.333,1,Metamorphics,IND2497,259,244.0,294.0,1.3704766035079956,0.0,26.37,37.09000000000003,35.59,38.89,1.2896,1.1559,1.1157,0.5782,0.7754,50.0,26.37,3.3,Rajasthan DMG Mineral Block Notification,newly_added_v2
Rupakhera,Rajasthan,23.225101,74.381923,0.1923,0.2286,0.2805,0.3773,0.4692,0.4085,0.1472,0.197,1,Metamorphics,IND2497,263,248.0,298.0,3.163496494293213,0.16,28.16,37.09000000000003,35.59,38.89,1.2436,1.0827,1.1486,0.5978,0.8041,50.0,28.0,3.3,Rajasthan DMG Mineral Block Notification,newly_added_v2
Rupakhera,Rajasthan,23.228152,74.381123,0.1815,0.2207,0.2759,0.3758,0.4538,0.4062,0.1533,0.369,1,Metamorphics,IND2497,256,241.0,291.0,5.547544956207275,2.55,30.55,37.09000000000003,35.59,38.89,1.2076,1.0809,1.1172,0.608,0.8281,50.0,28.0,3.3,Rajasthan DMG Mineral Block Notification,newly_added_v2
Rupakhera,Rajasthan,23.224441,74.379233,0.1843,0.2156,0.261,0.4152,0.4269,0.3402,0.228,0.1,1,Metamorphics,IND2497,256,241.0,291.0,1.0091710090637207,0.0,26.01,37.170000000000016,35.67,38.97,1.0282,0.8194,1.2549,0.6114,0.9726,50.0,26.01,3.3,Rajasthan DMG Mineral Block Notification,newly_added_v2
Rupakhera,Rajasthan,23.22514,74.381608,0.1956,0.2382,0.2942,0.3871,0.482,0.4295,0.1364,0.165,1,Metamorphics,IND2497,261,246.0,296.0,3.163496494293213,0.16,28.16,37.09000000000003,35.59,38.89,1.2452,1.1095,1.1222,0.6104,0.8031,50.0,28.0,3.3,Rajasthan DMG Mineral Block Notification,newly_added_v2
Rupakhera,Rajasthan,23.225527,74.378282,0.1766,0.2126,0.2515,0.3579,0.4718,0.4112,0.1746,0.185,1,Metamorphics,IND2497,260,245.0,295.0,3.1635024547576904,0.16,28.16,37.09000000000003,35.59,38.89,1.3182,1.1489,1.1474,0.5331,0.7586,50.0,28.0,3.3,Rajasthan DMG Mineral Block Notification,newly_added_v2
Rupakhera,Rajasthan,23.226011,74.37861,0.1752,0.2036,0.2406,0.3563,0.4501,0.3768,0.1938,0.181,1,Metamorphics,IND2497,260,245.0,295.0,3.1635146141052246,0.16,28.16,37.09000000000003,35.59,38.89,1.2633,1.0575,1.1945,0.5345,0.7916,50.0,28.0,3.3,Rajasthan DMG Mineral Block Notification,newly_added_v2
Rupakhera,Rajasthan,23.256245,74.411412,0.1701,0.2047,0.2523,0.3837,0.4731,0.4198,0.2066,4.735,0,Metamorphics,IND2497,271,256.0,306.0,3.839104652404785,0.84,28.84,36.51000000000005,35.01,38.31,1.233,1.0941,1.127,0.5333,0.811,50.0,28.0,3.3,Rajasthan DMG Mineral Block Notification,newly_added_v2
Rupakhera,Rajasthan,23.199443,74.339964,0.1713,0.1882,0.2252,0.284,0.3835,0.3245,0.1155,4.987,0,Metamorphics,IND2497,311,296.0,346.0,4.43332052230835,1.43,29.43,39.97000000000003,38.47,41.77,1.3504,1.1426,1.1818,0.5872,0.7405,50.0,28.0,3.3,Rajasthan DMG Mineral Block Notification,newly_added_v2
Rupakhera,Rajasthan,23.201935,74.395416,0.1954,0.2313,0.2812,0.355,0.4271,0.3721,0.116,3.013,0,Metamorphics,IND2497,277,262.0,312.0,2.739103317260742,0.0,27.74,37.450000000000045,35.95,39.25,1.2031,1.0482,1.1478,0.6584,0.8312,50.0,27.74,3.3,Rajasthan DMG Mineral Block Notification,newly_added_v2
Rupakhera,Rajasthan,23.272482,74.380055,0.1613,0.1837,0.2218,0.2787,0.311,0.2728,0.1137,5.286,0,Metamorphics,IND2497,235,220.0,270.0,2.1109933853149414,0.0,27.11,36.670000000000016,35.17,38.47,1.1159,0.9788,1.14,0.7132,0.8961,50.0,27.11,3.3,Rajasthan DMG Mineral Block Notification,newly_added_v2
Rupakhera,Rajasthan,23.203948,74.362413,0.1745,0.1973,0.2269,0.2949,0.3175,0.2768,0.1303,2.954,0,Metamorphics,IND2497,279,264.0,314.0,2.110745668411255,0.0,27.11,38.650000000000034,37.15,40.45,1.0766,0.9386,1.147,0.7146,0.9288,50.0,27.11,3.3,Rajasthan DMG Mineral Block Notification,newly_added_v2
Rupakhera,Rajasthan,23.208093,74.431509,0.1779,0.2019,0.2311,0.3312,0.3783,0.314,0.178,5.595,0,Metamorphics,IND2497,275,260.0,310.0,0.9274099469184875,0.0,25.93,36.910000000000025,35.41,38.71,1.1422,0.9481,1.2048,0.6109,0.8755,50.0,25.93,3.3,Rajasthan DMG Mineral Block Notification,newly_added_v2
Rupakhera,Rajasthan,23.237129,74.427484,0.1927,0.2302,0.2891,0.3452,0.3974,0.3477,0.0884,5.042,0,Metamorphics,IND2497,297,282.0,332.0,1.009265422821045,0.0,26.01,38.53000000000003,37.03,40.33,1.1512,1.0072,1.1429,0.7275,0.8686,50.0,26.01,3.3,Rajasthan DMG Mineral Block Notification,newly_added_v2
Rupakhera,Rajasthan,23.275078,74.362428,0.1702,0.2021,0.2346,0.3674,0.4243,0.368,0.2206,5.857,0,Metamorphics,IND2497,243,228.0,278.0,2.0184805393218994,0.0,27.02,37.07000000000005,35.57,38.87,1.1549,1.0016,1.153,0.5529,0.8659,50.0,27.02,3.3,Rajasthan DMG Mineral Block Notification,newly_added_v2
Rupakhera,Rajasthan,23.261544,74.394113,0.2053,0.2494,0.3149,0.3971,0.5037,0.4414,0.1154,4.317,0,Metamorphics,IND2497,249,234.0,284.0,2.7802884578704834,0.0,27.78,36.650000000000034,35.15,38.45,1.2684,1.1116,1.1411,0.6252,0.7884,50.0,27.78,3.3,Rajasthan DMG Mineral Block Notification,newly_added_v2
Rupakhera,Rajasthan,23.19385,74.389973,0.1844,0.2234,0.284,0.3624,0.4406,0.3805,0.1213,3.615,0,Metamorphics,IND2497,273,258.0,308.0,1.8543341159820557,0.0,26.85,37.53000000000003,36.03,39.33,1.2158,1.0499,1.158,0.6446,0.8225,50.0,26.85,3.3,Rajasthan DMG Mineral Block Notification,newly_added_v2
Rupakhera,Rajasthan,23.190239,74.344587,0.1714,0.1966,0.231,0.2837,0.3211,0.2849,0.1024,5.301,0,Metamorphics,IND2497,307,292.0,342.0,3.024240255355835,0.02,28.02,39.00000000000006,37.5,40.8,1.1318,1.0042,1.1271,0.7194,0.8835,50.0,28.0,3.3,Rajasthan DMG Mineral Block Notification,newly_added_v2
Rupakhera,Rajasthan,23.200927,74.340301,0.1704,0.1927,0.2334,0.296,0.3584,0.312,0.1182,4.866,0,Metamorphics,IND2497,314,299.0,349.0,3.4332187175750732,0.43,28.43,40.38000000000005,38.88,42.18,1.2108,1.0541,1.1487,0.6512,0.8259,50.0,28.0,3.3,Rajasthan DMG Mineral Block Notification,newly_added_v2
Rupakhera,Rajasthan,23.266187,74.419027,0.1786,0.2024,0.2383,0.2992,0.344,0.3076,0.1133,6.08,0,Metamorphics,IND2497,272,257.0,307.0,2.220897912979126,0.0,27.22,38.49000000000001,36.99,40.29,1.1497,1.0281,1.1183,0.6927,0.8698,50.0,27.22,3.3,Rajasthan DMG Mineral Block Notification,newly_added_v2
Rupakhera,Rajasthan,23.234988,74.440584,0.1801,0.207,0.2548,0.3288,0.3857,0.3172,0.1268,6.297,0,Metamorphics,IND2497,339,324.0,374.0,4.777737617492676,1.78,29.78,38.690000000000055,37.19,40.49,1.1731,0.9647,1.216,0.6606,0.8525,50.0,28.0,3.3,Rajasthan DMG Mineral Block Notification,newly_added_v2
Rupakhera,Rajasthan,23.243181,74.34395,0.1651,0.1878,0.2174,0.288,0.3473,0.2985,0.1397,4.207,0,Metamorphics,IND2497,297,282.0,332.0,6.125441074371338,3.13,31.13,38.150000000000034,36.65,39.95,1.2059,1.0365,1.1635,0.626,0.8293,50.0,28.0,3.3,Rajasthan DMG Mineral Block Notification,newly_added_v2
Rupakhera,Rajasthan,23.207849,74.4491,0.1879,0.218,0.2693,0.355,0.4328,0.3562,0.1373,7.322,0,Metamorphics,IND2497,329,314.0,364.0,5.465878009796143,2.47,30.47,36.950000000000045,35.45,38.75,1.2192,1.0034,1.215,0.6222,0.8202,50.0,28.0,3.3,Rajasthan DMG Mineral Block Notification,newly_added_v2
Rupakhera,Rajasthan,23.211391,74.332295,0.1735,0.194,0.2284,0.2735,0.3085,0.2868,0.0899,5.11,0,Metamorphics,IND2497,311,296.0,346.0,1.8543341159820557,0.0,26.85,40.01000000000005,38.51,41.81,1.128,1.0486,1.0757,0.7404,0.8865,50.0,26.85,3.3,Rajasthan DMG Mineral Block Notification,newly_added_v2
Rupakhera,Rajasthan,23.23759,74.402888,0.1809,0.2042,0.2356,0.3301,0.407,0.3634,0.167,2.729,0,Metamorphics,IND2497,257,242.0,292.0,1.8543341159820557,0.0,26.85,37.370000000000005,35.87,39.17,1.233,1.1009,1.12,0.5789,0.8111,50.0,26.85,3.3,Rajasthan DMG Mineral Block Notification,newly_added_v2
Rupakhera,Rajasthan,23.219053,74.349374,0.1689,0.1916,0.2285,0.2824,0.3441,0.3091,0.1055,3.202,0,Metamorphics,IND2497,299,284.0,334.0,2.017632246017456,0.0,27.02,40.13000000000005,38.63,41.93,1.2185,1.0945,1.1132,0.6641,0.8207,50.0,27.02,3.3,Rajasthan DMG Mineral Block Notification,newly_added_v2
Rupakhera,Rajasthan,23.267936,74.417172,0.1672,0.1851,0.2097,0.2717,0.2939,0.2605,0.1288,6.108,0,Metamorphics,IND2497,269,254.0,304.0,2.9573469161987305,0.0,27.96,38.31,36.81,40.11,1.0817,0.9588,1.1282,0.7135,0.9245,50.0,27.96,3.3,Rajasthan DMG Mineral Block Notification,newly_added_v2
Rupakhera,Rajasthan,23.244081,74.430167,0.1682,0.1842,0.2151,0.2594,0.2977,0.2725,0.0934,5.554,0,Metamorphics,IND2497,327,312.0,362.0,6.8217363357543945,3.82,31.82,38.63000000000005,37.13,40.43,1.1476,1.0505,1.0925,0.7225,0.8713,50.0,28.0,3.3,Rajasthan DMG Mineral Block Notification,newly_added_v2
Rupakhera,Rajasthan,23.174766,74.423571,0.1628,0.1887,0.2054,0.348,0.3246,0.2685,0.2577,7.151,0,Metamorphics,IND2497,288,273.0,323.0,5.520622253417969,2.52,30.52,37.81,36.31,39.61,0.9328,0.7716,1.2089,0.6328,1.0721,50.0,28.0,3.3,Rajasthan DMG Mineral Block Notification,newly_added_v2
Rupakhera,Rajasthan,23.233431,74.334132,0.1757,0.1956,0.2342,0.3021,0.4155,0.3427,0.1266,4.785,0,Metamorphics,IND2497,301,286.0,336.0,2.9572582244873047,0.0,27.96,38.64000000000004,37.14,40.44,1.3754,1.1344,1.2124,0.5637,0.7271,50.0,27.96,3.3,Rajasthan DMG Mineral Block Notification,newly_added_v2
Rupakhera,Rajasthan,23.267596,74.417262,0.1693,0.1906,0.2153,0.3072,0.3155,0.2787,0.1759,6.084,0,Metamorphics,IND2497,266,251.0,301.0,2.1109752655029297,0.0,27.11,38.31,36.81,40.11,1.027,0.9072,1.132,0.6824,0.9737,50.0,27.11,3.3,Rajasthan DMG Mineral Block Notification,newly_added_v2
Rupakhera,Rajasthan,23.261786,74.360117,0.1843,0.2101,0.248,0.304,0.3741,0.3215,0.1014,4.572,0,Metamorphics,IND2497,265,250.0,300.0,3.839116096496582,0.84,28.84,37.33000000000004,35.83,39.13,1.2306,1.0576,1.1636,0.6629,0.8126,50.0,28.0,3.3,Rajasthan DMG Mineral Block Notification,newly_added_v2
Rupakhera,Rajasthan,23.17404,74.345386,0.1916,0.2161,0.2516,0.3384,0.3788,0.3415,0.1471,6.687,0,Metamorphics,IND2497,275,260.0,310.0,2.2196333408355713,0.0,27.22,37.77000000000004,36.27,39.57,1.1194,1.0092,1.1092,0.6642,0.8933,50.0,27.22,3.3,Rajasthan DMG Mineral Block Notification,newly_added_v2
Rupakhera,Rajasthan,23.170602,74.399026,0.1687,0.1966,0.2476,0.2962,0.3449,0.3091,0.0894,6.361,0,Metamorphics,IND2497,331,316.0,366.0,7.4459967613220215,4.45,32.45,38.99000000000001,37.49,40.79,1.1644,1.0436,1.1158,0.7179,0.8588,50.0,28.0,3.3,Rajasthan DMG Mineral Block Notification,newly_added_v2
Rupakhera,Rajasthan,23.275074,74.36461,0.1614,0.1943,0.2388,0.3459,0.4421,0.3901,0.1832,5.792,0,Metamorphics,IND2497,241,226.0,276.0,3.5473110675811768,0.55,28.55,37.07000000000005,35.57,38.87,1.2781,1.1278,1.1333,0.5401,0.7824,50.0,28.0,3.3,Rajasthan DMG Mineral Block Notification,newly_added_v2
Rupakhera,Rajasthan,23.196496,74.380228,0.1665,0.1965,0.2227,0.3492,0.3575,0.3064,0.2212,3.173,0,Metamorphics,IND2497,270,255.0,305.0,2.110719680786133,0.0,27.11,37.57000000000005,36.07,39.37,1.0238,0.8774,1.1668,0.6229,0.9768,50.0,27.11,3.3,Rajasthan DMG Mineral Block Notification,newly_added_v2
Rupakhera,Rajasthan,23.269141,74.395132,0.1785,0.2023,0.236,0.352,0.4496,0.3634,0.1973,5.152,0,Metamorphics,IND2497,252,237.0,287.0,5.044912338256836,2.04,30.04,36.93000000000001,35.43,38.73,1.2773,1.0324,1.2372,0.5249,0.7829,50.0,28.0,3.3,Rajasthan DMG Mineral Block Notification,newly_added_v2
Rupakhera,Rajasthan,23.259138,74.32049,0.1861,0.213,0.2565,0.3256,0.4076,0.3422,0.1187,7.177,0,Metamorphics,IND2497,299,284.0,334.0,5.118534088134766,2.12,30.12,37.75000000000006,36.25,39.55,1.2518,1.051,1.1911,0.6293,0.7988,50.0,28.0,3.3,Rajasthan DMG Mineral Block Notification,newly_added_v2
Rupakhera,Rajasthan,23.180912,74.377486,0.1891,0.2233,0.2616,0.3646,0.3438,0.2887,0.1645,4.915,0,Metamorphics,IND2497,282,267.0,317.0,4.432821273803711,1.43,29.43,37.610000000000014,36.11,39.41,0.943,0.7918,1.1909,0.7609,1.0605,50.0,28.0,3.3,Rajasthan DMG Mineral Block Notification,newly_added_v2
Rupakhera,Rajasthan,23.253189,74.442321,0.1875,0.2239,0.2712,0.3555,0.3784,0.3217,0.1345,7.106,0,Metamorphics,IND2497,299,284.0,334.0,2.7396740913391113,0.0,27.74,37.150000000000034,35.65,38.95,1.0644,0.9049,1.1763,0.7167,0.9395,50.0,27.74,3.3,Rajasthan DMG Mineral Block Notification,newly_added_v2
Rupakhera,Rajasthan,23.219078,74.32768,0.1696,0.192,0.2319,0.2836,0.3338,0.2982,0.1003,5.393,0,Metamorphics,IND2497,316,301.0,351.0,3.163358449935913,0.16,28.16,39.410000000000025,37.91,41.21,1.177,1.0515,1.1194,0.6947,0.8496,50.0,28.0,3.3,Rajasthan DMG Mineral Block Notification,newly_added_v2
Rupakhera,Rajasthan,23.203549,74.39996,0.1718,0.1964,0.2338,0.3344,0.3662,0.3195,0.1771,3.142,0,Metamorphics,IND2497,269,254.0,304.0,2.1107447147369385,0.0,27.11,37.450000000000045,35.95,39.25,1.0951,0.9554,1.1462,0.6384,0.9132,50.0,27.11,3.3,Rajasthan DMG Mineral Block Notification,newly_added_v2
Rupakhera,Rajasthan,23.261602,74.343847,0.2018,0.2362,0.2882,0.3672,0.4427,0.3942,0.1205,5.503,0,Metamorphics,IND2497,264,249.0,299.0,3.4337570667266846,0.43,28.43,37.97000000000003,36.47,39.77,1.2056,1.0735,1.123,0.651,0.8295,50.0,28.0,3.3,Rajasthan DMG Mineral Block Notification,newly_added_v2
Rupakhera,Rajasthan,23.191233,74.412533,0.1772,0.2077,0.2605,0.354,0.3976,0.3464,0.1522,5.021,0,Metamorphics,IND2497,278,263.0,313.0,1.008919358253479,0.0,26.01,37.53000000000003,36.03,39.33,1.1232,0.9785,1.1478,0.6552,0.8903,50.0,26.01,3.3,Rajasthan DMG Mineral Block Notification,newly_added_v2
Rupakhera,Rajasthan,23.282391,74.343546,0.181,0.2153,0.2599,0.3503,0.4859,0.4361,0.1481,7.398,0,Metamorphics,IND2497,268,253.0,303.0,3.83915638923645,0.84,28.84,38.39000000000004,36.89,40.19,1.3871,1.2449,1.1142,0.5349,0.7209,50.0,28.0,3.3,Rajasthan DMG Mineral Block Notification,newly_added_v2
Rupakhera,Rajasthan,23.216625,74.441023,0.1798,0.2036,0.2405,0.3101,0.3643,0.3092,0.1264,6.312,0,Metamorphics,IND2497,312,297.0,347.0,8.8094482421875,5.81,33.81,38.610000000000014,37.11,40.41,1.1748,0.9971,1.1782,0.6602,0.8512,50.0,28.0,3.3,Rajasthan DMG Mineral Block Notification,newly_added_v2
Rupakhera,Rajasthan,23.289611,74.366813,0.2098,0.2613,0.3298,0.4127,0.4955,0.4474,0.1116,7.318,0,Metamorphics,IND2497,236,221.0,271.0,4.032407760620117,1.03,29.03,36.81,35.31,38.61,1.2006,1.0841,1.1075,0.6656,0.8329,50.0,28.0,3.3,Rajasthan DMG Mineral Block Notification,newly_added_v2
Rupakhera,Rajasthan,23.253629,74.414617,0.1906,0.2281,0.2849,0.3693,0.4611,0.4058,0.129,4.764,0,Metamorphics,IND2497,271,256.0,306.0,2.9573097229003906,0.0,27.96,37.25000000000006,35.75,39.05,1.2486,1.0988,1.1363,0.6179,0.8009,50.0,27.96,3.3,Rajasthan DMG Mineral Block Notification,newly_added_v2
Rupakhera,Rajasthan,23.212335,74.337571,0.1686,0.1894,0.2154,0.2943,0.3163,0.2733,0.1548,4.564,0,Metamorphics,IND2497,295,280.0,330.0,4.0300726890563965,1.03,29.03,40.51000000000005,39.01,42.31,1.0748,0.9286,1.1573,0.681,0.9304,50.0,28.0,3.3,Rajasthan DMG Mineral Block Notification,newly_added_v2
Rupakhera,Rajasthan,23.208037,74.438159,0.1629,0.1853,0.2155,0.3083,0.3085,0.2674,0.1772,6.242,0,Metamorphics,IND2497,277,262.0,312.0,4.029947280883789,1.03,29.03,36.910000000000025,35.41,38.71,1.0006,0.8673,1.1537,0.6985,0.9994,50.0,28.0,3.3,Rajasthan DMG Mineral Block Notification,newly_added_v2
Rupakhera,Rajasthan,23.259584,74.334919,0.1976,0.2278,0.2722,0.3336,0.3656,0.33,0.1014,6.007,0,Metamorphics,IND2497,271,256.0,306.0,0.0,0.0,25.0,38.57000000000005,37.07,40.37,1.0959,0.9892,1.1079,0.7445,0.9125,50.0,25.0,3.3,Rajasthan DMG Mineral Block Notification,newly_added_v2
Rupakhera,Rajasthan,23.275025,74.356651,0.1733,0.2049,0.2361,0.3754,0.4385,0.3524,0.2278,6.059,0,Metamorphics,IND2497,244,229.0,279.0,7.601153373718262,4.6,32.6,37.25000000000006,35.75,39.05,1.1681,0.9387,1.2443,0.5384,0.8561,50.0,28.0,3.3,Rajasthan DMG Mineral Block Notification,newly_added_v2
Balaghat,Madhya Pradesh,21.849376,80.238184,0.159,0.1752,0.1667,0.4278,0.34,0.2762,0.4392,0.248,1,Metamorphics,IND2497,317,302.0,352.0,2.7802884578704834,0.0,27.78,30.79000000000002,29.29,32.59,0.7948,0.6456,1.231,0.4903,1.2582,50.0,27.78,3.3,Original Dataset / MOIL Ltd / IBM IMYB,original_v1
Balaghat,Madhya Pradesh,21.848146,80.238192,0.1625,0.1912,0.1875,0.3644,0.3118,0.2483,0.3205,0.245,1,Metamorphics,IND2497,317,302.0,352.0,1.8543341159820557,0.0,26.85,30.79000000000002,29.29,32.59,0.8557,0.6814,1.2557,0.6013,1.1687,50.0,26.85,3.3,Original Dataset / MOIL Ltd / IBM IMYB,original_v1
Balaghat,Madhya Pradesh,21.848093,80.234666,0.1591,0.1809,0.2045,0.2777,0.3865,0.3352,0.1518,0.144,1,Metamorphics,IND2497,317,302.0,352.0,3.421750068664551,0.42,28.42,30.79000000000002,29.29,32.59,1.3918,1.2071,1.153,0.5291,0.7185,50.0,28.0,3.3,Original Dataset / MOIL Ltd / IBM IMYB,original_v1
Balaghat,Madhya Pradesh,21.84673,80.232976,0.1468,0.1693,0.184,0.3256,0.3683,0.2854,0.2779,0.373,1,Metamorphics,IND2497,320,305.0,355.0,6.540328025817871,3.54,31.54,30.79000000000002,29.29,32.59,1.1311,0.8765,1.2905,0.4996,0.8841,50.0,28.0,3.3,Original Dataset / MOIL Ltd / IBM IMYB,original_v1
Balaghat,Madhya Pradesh,21.845422,80.235814,0.1988,0.2232,0.2441,0.3425,0.3828,0.3479,0.1677,0.365,1,Metamorphics,IND2497,311,296.0,346.0,1.3630950450897217,0.0,26.36,30.79000000000002,29.29,32.59,1.1177,1.0158,1.1003,0.6377,0.8947,50.0,26.36,3.3,Original Dataset / MOIL Ltd / IBM IMYB,original_v1
Balaghat,Madhya Pradesh,21.847635,80.238247,0.1968,0.228,0.2522,0.3708,0.3909,0.3436,0.1904,0.27,1,Metamorphics,IND2497,315,300.0,350.0,0.9991588592529297,0.0,26.0,32.73000000000002,31.23,34.53,1.0542,0.9266,1.1377,0.6452,0.9486,50.0,26.0,3.3,Original Dataset / MOIL Ltd / IBM IMYB,original_v1
Balaghat,Madhya Pradesh,21.848369,80.236377,0.1885,0.2324,0.2843,0.3774,0.4495,0.3864,0.1407,0.062,1,Metamorphics,IND2497,316,301.0,351.0,4.758788585662842,1.76,29.76,30.79000000000002,29.29,32.59,1.191,1.0238,1.1633,0.6325,0.8396,50.0,28.0,3.3,Original Dataset / MOIL Ltd / IBM IMYB,original_v1
Balaghat,Madhya Pradesh,21.847135,80.235098,0.1867,0.22,0.256,0.3491,0.4103,0.3604,0.1539,0.193,1,Metamorphics,IND2497,315,300.0,350.0,2.7246687412261963,0.0,27.72,30.79000000000002,29.29,32.59,1.1753,1.0324,1.1385,0.6239,0.8508,50.0,27.72,3.3,Original Dataset / MOIL Ltd / IBM IMYB,original_v1
Balaghat,Madhya Pradesh,21.84667,80.237148,0.2092,0.2328,0.2556,0.3348,0.3764,0.3408,0.1341,0.26,1,Metamorphics,IND2497,314,299.0,349.0,2.10605525970459,0.0,27.11,30.79000000000002,29.29,32.59,1.1243,1.0179,1.1045,0.6791,0.8895,50.0,27.11,3.3,Original Dataset / MOIL Ltd / IBM IMYB,original_v1
Balaghat,Madhya Pradesh,21.850111,80.23355,0.1503,0.1706,0.1929,0.2901,0.3557,0.2907,0.2012,0.289,1,Metamorphics,IND2497,370,355.0,405.0,21.512767791748047,18.51,46.51,32.110000000000014,30.61,33.91,1.2261,1.0021,1.2236,0.5423,0.8156,50.0,28.0,3.3,Original Dataset / MOIL Ltd / IBM IMYB,original_v1
Balaghat,Madhya Pradesh,21.849334,80.234926,0.1529,0.1742,0.1986,0.303,0.3845,0.3286,0.2081,0.123,1,Metamorphics,IND2497,325,310.0,360.0,5.700024127960205,2.7,30.7,30.79000000000002,29.29,32.59,1.269,1.0845,1.1701,0.5165,0.788,50.0,28.0,3.3,Original Dataset / MOIL Ltd / IBM IMYB,original_v1
Balaghat,Madhya Pradesh,21.845935,80.235472,0.156,0.1836,0.1916,0.3623,0.3737,0.3011,0.3082,0.311,1,Metamorphics,IND2497,314,299.0,349.0,3.421732187271118,0.42,28.42,30.79000000000002,29.29,32.59,1.0315,0.8311,1.2411,0.5127,0.9695,50.0,28.0,3.3,Original Dataset / MOIL Ltd / IBM IMYB,original_v1
Balaghat,Madhya Pradesh,21.84886,80.236123,0.1639,0.1915,0.2156,0.3235,0.3436,0.2766,0.2001,0.029,1,Metamorphics,IND2497,319,304.0,354.0,5.63570499420166,2.64,30.64,30.79000000000002,29.29,32.59,1.0621,0.855,1.2422,0.6275,0.9415,50.0,28.0,3.3,Original Dataset / MOIL Ltd / IBM IMYB,original_v1
Balaghat,Madhya Pradesh,21.849427,80.238305,0.1469,0.1697,0.1644,0.4207,0.3373,0.2562,0.438,0.261,1,Metamorphics,IND2497,317,302.0,352.0,4.758802890777588,1.76,29.76,30.79000000000002,29.29,32.59,0.8018,0.609,1.3165,0.4874,1.2473,50.0,28.0,3.3,Original Dataset / MOIL Ltd / IBM IMYB,original_v1
Balaghat,Madhya Pradesh,21.850083,80.238279,0.1754,0.2088,0.244,0.3281,0.4412,0.3541,0.147,0.29,1,Metamorphics,IND2497,316,301.0,351.0,6.044467926025391,3.04,31.04,32.110000000000014,30.61,33.91,1.3447,1.0792,1.246,0.553,0.7437,50.0,28.0,3.3,Original Dataset / MOIL Ltd / IBM IMYB,original_v1
Balaghat,Madhya Pradesh,21.848696,80.237092,0.2219,0.2493,0.2666,0.3447,0.3938,0.362,0.1278,0.123,1,Metamorphics,IND2497,319,304.0,354.0,2.1060616970062256,0.0,27.11,30.79000000000002,29.29,32.59,1.1424,1.0502,1.0878,0.677,0.8753,50.0,27.11,3.3,Original Dataset / MOIL Ltd / IBM IMYB,original_v1
Balaghat,Madhya Pradesh,21.847645,80.232997,0.1725,0.1971,0.2289,0.3029,0.389,0.3214,0.1392,0.322,1,Metamorphics,IND2497,325,310.0,360.0,7.015305042266846,4.02,32.02,30.79000000000002,29.29,32.59,1.2843,1.0611,1.2103,0.5884,0.7787,50.0,28.0,3.3,Original Dataset / MOIL Ltd / IBM IMYB,original_v1
Balaghat,Madhya Pradesh,21.848726,80.234678,0.1721,0.2012,0.2346,0.307,0.407,0.3423,0.1337,0.126,1,Metamorphics,IND2497,324,309.0,359.0,5.437097549438477,2.44,30.44,30.79000000000002,29.29,32.59,1.3257,1.115,1.189,0.5764,0.7543,50.0,28.0,3.3,Original Dataset / MOIL Ltd / IBM IMYB,original_v1
Balaghat,Madhya Pradesh,21.848811,80.235618,0.1805,0.2033,0.2288,0.3344,0.3895,0.3305,0.1875,0.032,1,Metamorphics,IND2497,319,304.0,354.0,5.036752700805664,2.04,30.04,30.79000000000002,29.29,32.59,1.1648,0.9883,1.1785,0.5874,0.8585,50.0,28.0,3.3,Original Dataset / MOIL Ltd / IBM IMYB,original_v1
Balaghat,Madhya Pradesh,21.849045,80.235494,0.1428,0.1591,0.1763,0.3051,0.3557,0.2958,0.2676,0.057,1,Metamorphics,IND2497,322,307.0,357.0,2.1060636043548584,0.0,27.11,30.79000000000002,29.29,32.59,1.1658,0.9695,1.2025,0.4956,0.8577,50.0,27.11,3.3,Original Dataset / MOIL Ltd / IBM IMYB,original_v1
Balaghat,Madhya Pradesh,21.850398,80.23382,0.1559,0.1747,0.2002,0.2952,0.3634,0.3116,0.1918,0.286,1,Metamorphics,IND2497,362,347.0,397.0,21.82286262512207,18.82,46.82,32.110000000000014,30.61,33.91,1.231,1.0556,1.1662,0.5509,0.8123,50.0,28.0,3.3,Original Dataset / MOIL Ltd / IBM IMYB,original_v1
Balaghat,Madhya Pradesh,21.846308,80.234856,0.1978,0.2324,0.2708,0.336,0.404,0.3616,0.1074,0.287,1,Metamorphics,IND2497,316,301.0,351.0,1.363099217414856,0.0,26.36,30.79000000000002,29.29,32.59,1.2024,1.0762,1.1173,0.6703,0.8317,50.0,26.36,3.3,Original Dataset / MOIL Ltd / IBM IMYB,original_v1
Balaghat,Madhya Pradesh,21.848903,80.234902,0.1566,0.1792,0.2049,0.3123,0.3962,0.3266,0.2077,0.106,1,Metamorphics,IND2497,323,308.0,358.0,3.5208728313446045,0.52,28.52,30.79000000000002,29.29,32.59,1.2687,1.0458,1.2131,0.5172,0.7882,50.0,28.0,3.3,Original Dataset / MOIL Ltd / IBM IMYB,original_v1
Balaghat,Madhya Pradesh,21.848053,80.238794,0.2217,0.2562,0.2888,0.3795,0.4259,0.3842,0.1357,0.308,1,Metamorphics,IND2497,315,300.0,350.0,2.7802884578704834,0.0,27.78,32.73000000000002,31.23,34.53,1.1223,1.0124,1.1085,0.6781,0.8911,50.0,27.78,3.3,Original Dataset / MOIL Ltd / IBM IMYB,original_v1
Balaghat,Madhya Pradesh,21.850785,80.234782,0.154,0.1818,0.2114,0.3368,0.4104,0.3109,0.2287,0.259,1,Metamorphics,IND2497,335,320.0,370.0,12.647392272949219,9.65,37.65,32.110000000000014,30.61,33.91,1.2185,0.9231,1.32,0.5151,0.8207,50.0,28.0,3.3,Original Dataset / MOIL Ltd / IBM IMYB,original_v1
Balaghat,Madhya Pradesh,21.85008,80.235485,0.1581,0.1875,0.217,0.3139,0.4078,0.333,0.1825,0.16,1,Metamorphics,IND2497,325,310.0,360.0,7.015392780303955,4.02,32.02,30.79000000000002,29.29,32.59,1.2991,1.0608,1.2246,0.5321,0.7697,50.0,28.0,3.3,Original Dataset / MOIL Ltd / IBM IMYB,original_v1
Balaghat,Madhya Pradesh,21.847421,80.239219,0.2207,0.2547,0.2885,0.3605,0.4261,0.3905,0.1109,0.371,1,Metamorphics,IND2497,315,300.0,350.0,0.9274099469184875,0.0,25.93,32.73000000000002,31.23,34.53,1.182,1.0832,1.0912,0.6771,0.846,50.0,25.93,3.3,Original Dataset / MOIL Ltd / IBM IMYB,original_v1
Balaghat,Madhya Pradesh,21.850659,80.236072,0.1496,0.172,0.185,0.3241,0.3674,0.2721,0.2732,0.219,1,Metamorphics,IND2497,325,310.0,360.0,3.520907402038574,0.52,28.52,32.110000000000014,30.61,33.91,1.1336,0.8396,1.3502,0.5035,0.8821,50.0,28.0,3.3,Original Dataset / MOIL Ltd / IBM IMYB,original_v1
Balaghat,Madhya Pradesh,21.847979,80.235165,0.1782,0.2119,0.2404,0.3448,0.4102,0.3335,0.1784,0.11,1,Metamorphics,IND2497,318,303.0,353.0,3.836437940597534,0.84,28.84,30.79000000000002,29.29,32.59,1.1897,0.9672,1.23,0.5861,0.8406,50.0,28.0,3.3,Original Dataset / MOIL Ltd / IBM IMYB,original_v1
Balaghat,Madhya Pradesh,21.850553,80.233777,0.1559,0.1747,0.2002,0.2952,0.3634,0.3116,0.1918,0.301,1,Metamorphics,IND2497,362,347.0,397.0,21.82286262512207,18.82,46.82,32.110000000000014,30.61,33.91,1.231,1.0556,1.1662,0.5509,0.8123,50.0,28.0,3.3,Original Dataset / MOIL Ltd / IBM IMYB,original_v1
Balaghat,Madhya Pradesh,21.851132,80.234271,0.1459,0.1677,0.1865,0.2986,0.3541,0.2739,0.2311,0.319,1,Metamorphics,IND2497,351,336.0,386.0,14.723308563232422,11.72,39.72,32.110000000000014,30.61,33.91,1.1859,0.9173,1.2928,0.5267,0.8433,50.0,28.0,3.3,Original Dataset / MOIL Ltd / IBM IMYB,original_v1
Balaghat,Madhya Pradesh,21.847226,80.233781,0.1652,0.1904,0.2151,0.3038,0.3833,0.3343,0.1709,0.274,1,Metamorphics,IND2497,321,306.0,356.0,4.083160400390625,1.08,29.08,30.79000000000002,29.29,32.59,1.2617,1.1004,1.1466,0.5612,0.7926,50.0,28.0,3.3,Original Dataset / MOIL Ltd / IBM IMYB,original_v1
Balaghat,Madhya Pradesh,21.84619,80.235085,0.2108,0.2446,0.2768,0.3423,0.4117,0.374,0.1058,0.292,1,Metamorphics,IND2497,315,300.0,350.0,2.2021501064300537,0.0,27.2,30.79000000000002,29.29,32.59,1.2027,1.0926,1.1008,0.6723,0.8314,50.0,27.2,3.3,Original Dataset / MOIL Ltd / IBM IMYB,original_v1
Balaghat,Madhya Pradesh,21.849049,80.233635,0.154,0.1709,0.1927,0.295,0.3479,0.2985,0.2098,0.237,1,Metamorphics,IND2497,347,332.0,382.0,21.40107536315918,18.4,46.4,30.79000000000002,29.29,32.59,1.1793,1.0119,1.1655,0.5539,0.8479,50.0,28.0,3.3,Original Dataset / MOIL Ltd / IBM IMYB,original_v1
Balaghat,Madhya Pradesh,21.847796,80.239317,0.187,0.216,0.2451,0.3463,0.4042,0.3594,0.1711,0.367,1,Metamorphics,IND2497,315,300.0,350.0,0.0,0.0,25.0,32.73000000000002,31.23,34.53,1.1672,1.0378,1.1247,0.6064,0.8568,50.0,25.0,3.3,Original Dataset / MOIL Ltd / IBM IMYB,original_v1
Balaghat,Madhya Pradesh,21.848391,80.23516,0.1757,0.2067,0.239,0.3227,0.3983,0.3404,0.149,0.084,1,Metamorphics,IND2497,319,304.0,354.0,3.5208630561828613,0.52,28.52,30.79000000000002,29.29,32.59,1.2343,1.0548,1.1701,0.6001,0.8102,50.0,28.0,3.3,Original Dataset / MOIL Ltd / IBM IMYB,original_v1
Balaghat,Madhya Pradesh,21.849061,80.23665,0.1533,0.1778,0.1803,0.3247,0.3524,0.2788,0.2859,0.087,1,Metamorphics,IND2497,320,305.0,355.0,2.2021889686584473,0.0,27.2,30.79000000000002,29.29,32.59,1.0853,0.8586,1.264,0.5116,0.9214,50.0,27.2,3.3,Original Dataset / MOIL Ltd / IBM IMYB,original_v1
Balaghat,Madhya Pradesh,21.84738,80.237283,0.1742,0.2188,0.2462,0.3978,0.3998,0.3464,0.2354,0.205,1,Metamorphics,IND2497,314,299.0,349.0,0.9274099469184875,0.0,25.93,30.79000000000002,29.29,32.59,1.005,0.8708,1.1542,0.6158,0.995,50.0,25.93,3.3,Original Dataset / MOIL Ltd / IBM IMYB,original_v1
Balaghat,Madhya Pradesh,21.847233,80.235313,0.195,0.2239,0.2544,0.3296,0.4011,0.3499,0.1288,0.174,1,Metamorphics,IND2497,315,300.0,350.0,2.7246687412261963,0.0,27.72,30.79000000000002,29.29,32.59,1.2169,1.0616,1.1463,0.6343,0.8217,50.0,27.72,3.3,Original Dataset / MOIL Ltd / IBM IMYB,original_v1
Balaghat,Madhya Pradesh,21.848181,80.235574,0.1649,0.1956,0.2268,0.3402,0.4061,0.3367,0.2,0.067,1,Metamorphics,IND2497,316,301.0,351.0,4.858497142791748,1.86,29.86,30.79000000000002,29.29,32.59,1.1937,0.9897,1.2061,0.5585,0.8377,50.0,28.0,3.3,Original Dataset / MOIL Ltd / IBM IMYB,original_v1
Balaghat,Madhya Pradesh,21.848213,80.236846,0.1996,0.2338,0.2575,0.394,0.4004,0.3474,0.2095,0.112,1,Metamorphics,IND2497,317,302.0,352.0,4.206445693969727,1.21,29.21,30.79000000000002,29.29,32.59,1.0162,0.8817,1.1526,0.6431,0.984,50.0,28.0,3.3,Original Dataset / MOIL Ltd / IBM IMYB,original_v1
Balaghat,Madhya Pradesh,21.850094,80.238103,0.175,0.2113,0.2517,0.3415,0.4543,0.3716,0.1514,0.275,1,Metamorphics,IND2497,319,304.0,354.0,2.2022030353546143,0.0,27.2,32.110000000000014,30.61,33.91,1.3303,1.0881,1.2226,0.554,0.7517,50.0,27.2,3.3,Original Dataset / MOIL Ltd / IBM IMYB,original_v1
Balaghat,Madhya Pradesh,21.848402,80.236554,0.1885,0.2324,0.2843,0.3774,0.4495,0.3864,0.1407,0.075,1,Metamorphics,IND2497,316,301.0,351.0,4.758788585662842,1.76,29.76,30.79000000000002,29.29,32.59,1.191,1.0238,1.1633,0.6325,0.8396,50.0,28.0,3.3,Original Dataset / MOIL Ltd / IBM IMYB,original_v1
Balaghat,Madhya Pradesh,21.849014,80.235747,0.1533,0.1731,0.1871,0.3376,0.3564,0.2698,0.2868,0.038,1,Metamorphics,IND2497,322,307.0,357.0,3.704791784286499,0.7,28.7,30.79000000000002,29.29,32.59,1.0557,0.7992,1.321,0.525,0.9473,50.0,28.0,3.3,Original Dataset / MOIL Ltd / IBM IMYB,original_v1
Balaghat,Madhya Pradesh,21.847559,80.233911,0.1561,0.184,0.2058,0.32,0.3884,0.3349,0.2172,0.242,1,Metamorphics,IND2497,323,308.0,358.0,2.7246713638305664,0.0,27.72,30.79000000000002,29.29,32.59,1.2137,1.0466,1.1597,0.5299,0.8239,50.0,27.72,3.3,Original Dataset / MOIL Ltd / IBM IMYB,original_v1
Balaghat,Madhya Pradesh,21.808768,80.214764,0.1485,0.1697,0.1628,0.2912,0.2171,0.1663,0.2828,4.953,0,Metamorphics,IND2497,305,290.0,340.0,0.9988873600959778,0.0,26.0,30.77000000000004,29.27,32.57,0.7455,0.5711,1.3055,0.7499,1.3413,50.0,26.0,3.3,Original Dataset / MOIL Ltd / IBM IMYB,original_v1
Balaghat,Madhya Pradesh,21.856878,80.195322,0.155,0.179,0.1671,0.3498,0.2313,0.1739,0.3535,4.29,0,Metamorphics,IND2497,306,291.0,341.0,0.9274099469184875,0.0,25.93,31.230000000000018,29.73,33.03,0.6612,0.4971,1.3301,0.7224,1.5123,50.0,25.93,3.3,Original Dataset / MOIL Ltd / IBM IMYB,original_v1
Balaghat,Madhya Pradesh,21.855592,80.274775,0.1783,0.2149,0.2374,0.3985,0.4466,0.366,0.2533,4.089,0,Metamorphics,IND2497,312,297.0,347.0,2.9538626670837402,0.0,27.95,33.63000000000005,32.13,35.43,1.1207,0.9184,1.2202,0.5316,0.8923,50.0,27.95,3.3,Original Dataset / MOIL Ltd / IBM IMYB,original_v1
Balaghat,Madhya Pradesh,21.876641,80.249647,0.1571,0.1779,0.2016,0.3385,0.3944,0.2852,0.2535,3.419,0,Metamorphics,IND2497,335,320.0,370.0,4.398584842681885,1.4,29.4,31.57000000000005,30.07,33.37,1.1651,0.8425,1.3829,0.5112,0.8583,50.0,28.0,3.3,Original Dataset / MOIL Ltd / IBM IMYB,original_v1
Balaghat,Madhya Pradesh,21.809707,80.260415,0.1517,0.1806,0.1653,0.3633,0.2572,0.1889,0.3746,5.026,0,Metamorphics,IND2497,305,290.0,340.0,0.9988951086997986,0.0,26.0,31.110000000000014,29.61,32.91,0.708,0.52,1.3616,0.6427,1.4125,50.0,26.0,3.3,Original Dataset / MOIL Ltd / IBM IMYB,original_v1
Balaghat,Madhya Pradesh,21.88772,80.263306,0.1608,0.1833,0.2107,0.3385,0.3887,0.2779,0.2327,5.185,0,Metamorphics,IND2497,336,321.0,371.0,0.9994407296180725,0.0,26.0,31.450000000000045,29.95,33.25,1.1483,0.821,1.3987,0.5421,0.8709,50.0,26.0,3.3,Original Dataset / MOIL Ltd / IBM IMYB,original_v1
Balaghat,Madhya Pradesh,21.856093,80.269879,0.198,0.2322,0.2737,0.3988,0.5107,0.4177,0.186,3.606,0,Metamorphics,IND2497,312,297.0,347.0,0.9992190599441528,0.0,26.0,33.63000000000005,32.13,35.43,1.2806,1.0474,1.2226,0.5359,0.7809,50.0,26.0,3.3,Original Dataset / MOIL Ltd / IBM IMYB,original_v1
Balaghat,Madhya Pradesh,21.824739,80.266789,0.175,0.1995,0.2222,0.3257,0.4377,0.3651,0.1889,4.159,0,Metamorphics,IND2497,306,291.0,341.0,0.9989997744560242,0.0,26.0,32.03000000000003,30.53,33.83,1.3439,1.121,1.1988,0.5077,0.7441,50.0,26.0,3.3,Original Dataset / MOIL Ltd / IBM IMYB,original_v1
Balaghat,Madhya Pradesh,21.849238,80.201138,0.1643,0.1879,0.195,0.3316,0.299,0.2304,0.2594,3.592,0,Metamorphics,IND2497,309,294.0,344.0,2.2021889686584473,0.0,27.2,30.510000000000048,29.01,32.31,0.9017,0.6948,1.2977,0.6522,1.109,50.0,27.2,3.3,Original Dataset / MOIL Ltd / IBM IMYB,original_v1
Balaghat,Madhya Pradesh,21.894975,80.234845,0.1468,0.1772,0.1752,0.3334,0.3294,0.2286,0.311,5.152,0,Metamorphics,IND2497,360,345.0,395.0,1.3633500337600708,0.0,26.36,32.31,30.81,34.11,0.988,0.6857,1.4409,0.5319,1.0121,50.0,26.36,3.3,Original Dataset / MOIL Ltd / IBM IMYB,original_v1
Balaghat,Madhya Pradesh,21.907737,80.228324,0.1488,0.1792,0.175,0.3405,0.3376,0.2358,0.321,6.618,0,Metamorphics,IND2497,367,352.0,402.0,8.28909969329834,5.29,33.29,32.370000000000005,30.87,34.17,0.9915,0.6925,1.4317,0.5184,1.0086,50.0,28.0,3.3,Original Dataset / MOIL Ltd / IBM IMYB,original_v1
Balaghat,Madhya Pradesh,21.837557,80.214403,0.1511,0.1726,0.1646,0.3176,0.2246,0.1764,0.3173,2.544,0,Metamorphics,IND2497,306,291.0,341.0,1.3630552291870117,0.0,26.36,29.690000000000055,28.19,31.49,0.7072,0.5554,1.2732,0.7329,1.4141,50.0,26.36,3.3,Original Dataset / MOIL Ltd / IBM IMYB,original_v1
Balaghat,Madhya Pradesh,21.883755,80.210058,0.2121,0.2622,0.3105,0.4063,0.4817,0.4074,0.1336,4.728,0,Metamorphics,IND2497,311,296.0,346.0,3.1355717182159424,0.14,28.14,32.150000000000034,30.65,33.95,1.1856,1.0027,1.1824,0.6446,0.8435,50.0,28.0,3.3,Original Dataset / MOIL Ltd / IBM IMYB,original_v1
Balaghat,Madhya Pradesh,21.81248,80.198729,0.1987,0.2225,0.2302,0.3313,0.3508,0.2998,0.1801,5.569,0,Metamorphics,IND2497,310,295.0,345.0,0.9989144802093506,0.0,26.0,32.870000000000005,31.37,34.67,1.0589,0.9049,1.1701,0.6562,0.9444,50.0,26.0,3.3,Original Dataset / MOIL Ltd / IBM IMYB,original_v1
Balaghat,Madhya Pradesh,21.821754,80.171547,0.2041,0.2399,0.2581,0.3657,0.4241,0.3559,0.1725,7.294,0,Metamorphics,IND2497,308,293.0,343.0,2.99450945854187,0.0,27.99,33.47000000000003,31.97,35.27,1.1597,0.9732,1.1916,0.6086,0.8623,50.0,27.99,3.3,Original Dataset / MOIL Ltd / IBM IMYB,original_v1
Balaghat,Madhya Pradesh,21.880547,80.215878,0.2363,0.3059,0.3626,0.4439,0.5096,0.453,0.1008,4.105,0,Metamorphics,IND2497,315,300.0,350.0,1.3632758855819702,0.0,26.36,31.750000000000057,30.25,33.55,1.148,1.0205,1.1249,0.7115,0.8711,50.0,26.36,3.3,Original Dataset / MOIL Ltd / IBM IMYB,original_v1
Balaghat,Madhya Pradesh,21.79978,80.281853,0.1503,0.1824,0.1853,0.3532,0.3901,0.2855,0.3118,7.225,0,Metamorphics,IND2497,309,294.0,344.0,0.0,0.0,25.0,31.29000000000002,29.79,33.09,1.1045,0.8083,1.3664,0.475,0.9054,50.0,25.0,3.3,Original Dataset / MOIL Ltd / IBM IMYB,original_v1
Balaghat,Madhya Pradesh,21.839131,80.285172,0.1809,0.2128,0.252,0.3677,0.4782,0.3731,0.1867,5.201,0,Metamorphics,IND2497,314,299.0,349.0,0.9274099469184875,0.0,25.93,34.27000000000004,32.77,36.07,1.3005,1.0147,1.2817,0.527,0.7689,50.0,25.93,3.3,Original Dataset / MOIL Ltd / IBM IMYB,original_v1
Balaghat,Madhya Pradesh,21.876448,80.174494,0.2212,0.268,0.3222,0.3784,0.5006,0.4656,0.0802,7.057,0,Metamorphics,IND2497,294,279.0,329.0,7.486345291137695,4.49,32.49,32.09000000000003,30.59,33.89,1.3229,1.2304,1.0752,0.6436,0.7559,50.0,28.0,3.3,Original Dataset / MOIL Ltd / IBM IMYB,original_v1
Balaghat,Madhya Pradesh,21.861504,80.19587,0.1485,0.1704,0.1614,0.3483,0.2338,0.1759,0.3667,4.375,0,Metamorphics,IND2497,307,292.0,342.0,1.8543341159820557,0.0,26.85,31.07000000000005,29.57,32.87,0.6713,0.505,1.3292,0.6903,1.4897,50.0,26.85,3.3,Original Dataset / MOIL Ltd / IBM IMYB,original_v1
Balaghat,Madhya Pradesh,21.889568,80.248348,0.161,0.1767,0.2059,0.2996,0.369,0.3051,0.1854,4.728,0,Metamorphics,IND2497,410,395.0,445.0,23.742612838745117,20.74,48.74,31.870000000000005,30.37,33.67,1.2316,1.0184,1.2094,0.558,0.8119,50.0,28.0,3.3,Original Dataset / MOIL Ltd / IBM IMYB,original_v1
Balaghat,Madhya Pradesh,21.870895,80.299199,0.1442,0.1737,0.1692,0.3786,0.3443,0.2532,0.3823,6.991,0,Metamorphics,IND2497,327,312.0,362.0,2.106135368347168,0.0,27.11,32.190000000000055,30.69,33.99,0.9094,0.6688,1.3598,0.4914,1.0996,50.0,27.11,3.3,Original Dataset / MOIL Ltd / IBM IMYB,original_v1
Balaghat,Madhya Pradesh,21.89185,80.220215,0.1727,0.2029,0.2211,0.3785,0.4105,0.3248,0.2625,5.069,0,Metamorphics,IND2497,324,309.0,359.0,3.521634101867676,0.52,28.52,32.59000000000003,31.09,34.39,1.0845,0.8581,1.2639,0.5386,0.922,50.0,28.0,3.3,Original Dataset / MOIL Ltd / IBM IMYB,original_v1
Balaghat,Madhya Pradesh,21.877552,80.227139,0.1987,0.2394,0.2736,0.428,0.5101,0.4033,0.2201,3.337,0,Metamorphics,IND2497,317,302.0,352.0,3.421989679336548,0.42,28.42,31.890000000000043,30.39,33.69,1.1918,0.9423,1.2648,0.5364,0.8391,50.0,28.0,3.3,Original Dataset / MOIL Ltd / IBM IMYB,original_v1
Balaghat,Madhya Pradesh,21.895272,80.238213,0.1491,0.1727,0.1952,0.3408,0.3797,0.2717,0.2716,5.19,0,Metamorphics,IND2497,377,362.0,412.0,4.206756114959717,1.21,29.21,31.810000000000002,30.31,33.61,1.1141,0.7972,1.3975,0.5141,0.8976,50.0,28.0,3.3,Original Dataset / MOIL Ltd / IBM IMYB,original_v1
Balaghat,Madhya Pradesh,21.836511,80.211893,0.1501,0.1718,0.1601,0.3383,0.2429,0.1787,0.3575,2.827,0,Metamorphics,IND2497,306,291.0,341.0,2.9948172569274902,0.0,27.99,29.610000000000014,28.11,31.41,0.718,0.5282,1.3593,0.6591,1.3928,50.0,27.99,3.3,Original Dataset / MOIL Ltd / IBM IMYB,original_v1
Balaghat,Madhya Pradesh,21.886516,80.189658,0.1752,0.2056,0.2447,0.339,0.4029,0.3262,0.1616,6.368,0,Metamorphics,IND2497,311,296.0,346.0,3.704791784286499,0.7,28.7,31.590000000000032,30.09,33.39,1.1885,0.9622,1.2351,0.6073,0.8414,50.0,28.0,3.3,Original Dataset / MOIL Ltd / IBM IMYB,original_v1
Balaghat,Madhya Pradesh,21.881671,80.263073,0.1539,0.179,0.1945,0.3327,0.3913,0.2869,0.2621,4.621,0,Metamorphics,IND2497,330,315.0,365.0,1.3632816076278687,0.0,26.36,31.510000000000048,30.01,33.31,1.1761,0.8623,1.3639,0.4971,0.8502,50.0,26.36,3.3,Original Dataset / MOIL Ltd / IBM IMYB,original_v1
Balaghat,Madhya Pradesh,21.835062,80.187879,0.1706,0.2029,0.2174,0.3491,0.3688,0.2984,0.2325,5.189,0,Metamorphics,IND2497,308,293.0,343.0,1.3630423545837402,0.0,26.36,31.33000000000004,29.83,33.13,1.0564,0.8548,1.2359,0.5895,0.9466,50.0,26.36,3.3,Original Dataset / MOIL Ltd / IBM IMYB,original_v1
Balaghat,Madhya Pradesh,21.859158,80.165357,0.1586,0.1831,0.1934,0.3125,0.3982,0.2914,0.2354,7.381,0,Metamorphics,IND2497,303,288.0,338.0,4.3981428146362305,1.4,29.4,32.79000000000002,31.29,34.59,1.2742,0.9325,1.3665,0.4857,0.7848,50.0,28.0,3.3,Original Dataset / MOIL Ltd / IBM IMYB,original_v1
Balaghat,Madhya Pradesh,21.896552,80.215394,0.2594,0.3424,0.4273,0.5076,0.5677,0.5006,0.0859,5.733,0,Metamorphics,IND2497,327,312.0,362.0,1.3633586168289185,0.0,26.36,32.650000000000034,31.15,34.45,1.1184,0.9862,1.134,0.7527,0.8941,50.0,26.36,3.3,Original Dataset / MOIL Ltd / IBM IMYB,original_v1
Balaghat,Madhya Pradesh,21.880541,80.285538,0.1628,0.19,0.2113,0.3331,0.3948,0.3019,0.2237,6.234,0,Metamorphics,IND2497,317,302.0,352.0,1.3632758855819702,0.0,26.36,30.890000000000043,29.39,32.69,1.1852,0.9063,1.3077,0.5352,0.8437,50.0,26.36,3.3,Original Dataset / MOIL Ltd / IBM IMYB,original_v1
Balaghat,Madhya Pradesh,21.827538,80.276333,0.1658,0.2071,0.231,0.3996,0.4389,0.3399,0.2674,4.796,0,Metamorphics,IND2497,312,297.0,347.0,5.635678768157959,2.64,30.64,33.57000000000005,32.07,35.37,1.0983,0.8506,1.2913,0.5263,0.9105,50.0,28.0,3.3,Original Dataset / MOIL Ltd / IBM IMYB,original_v1
Balaghat,Madhya Pradesh,21.87357,80.245408,0.1566,0.1843,0.1896,0.3495,0.3359,0.2636,0.2966,2.938,0,Metamorphics,IND2497,349,334.0,384.0,12.127439498901367,9.13,37.13,32.450000000000045,30.95,34.25,0.9611,0.7542,1.2743,0.5645,1.0405,50.0,28.0,3.3,Original Dataset / MOIL Ltd / IBM IMYB,original_v1
Balaghat,Madhya Pradesh,21.794398,80.213547,0.1697,0.197,0.2118,0.3385,0.3316,0.2636,0.2302,6.471,0,Metamorphics,IND2497,304,289.0,339.0,1.8543341159820557,0.0,26.85,31.750000000000057,30.25,33.55,0.9796,0.7787,1.258,0.6387,1.0208,50.0,26.85,3.3,Original Dataset / MOIL Ltd / IBM IMYB,original_v1
Balaghat,Madhya Pradesh,21.855459,80.287407,0.1598,0.1913,0.1955,0.3864,0.3851,0.313,0.3281,5.375,0,Metamorphics,IND2497,311,296.0,346.0,4.206491470336914,1.21,29.21,33.47000000000003,31.97,35.27,0.9966,0.81,1.2304,0.5077,1.0034,50.0,28.0,3.3,Original Dataset / MOIL Ltd / IBM IMYB,original_v1
Balaghat,Madhya Pradesh,21.822715,80.259649,0.2095,0.2461,0.287,0.3983,0.4688,0.3922,0.1624,3.793,0,Metamorphics,IND2497,305,290.0,340.0,1.3629798889160156,0.0,26.36,31.53000000000003,30.03,33.33,1.177,0.9847,1.1953,0.6122,0.8496,50.0,26.36,3.3,Original Dataset / MOIL Ltd / IBM IMYB,original_v1
Balaghat,Madhya Pradesh,21.802365,80.258242,0.153,0.1791,0.1668,0.3702,0.2778,0.215,0.3788,5.651,0,Metamorphics,IND2497,300,285.0,335.0,1.3628747463226318,0.0,26.36,30.49000000000001,28.99,32.29,0.7504,0.5808,1.2921,0.6004,1.3326,50.0,26.36,3.3,Original Dataset / MOIL Ltd / IBM IMYB,original_v1
Balaghat,Madhya Pradesh,21.837939,80.213736,0.1486,0.1726,0.1584,0.3569,0.2254,0.1701,0.3852,2.584,0,Metamorphics,IND2497,304,289.0,339.0,1.8543341159820557,0.0,26.85,29.610000000000014,28.11,31.41,0.6315,0.4766,1.3251,0.7028,1.5834,50.0,26.85,3.3,Original Dataset / MOIL Ltd / IBM IMYB,original_v1
Balaghat,Madhya Pradesh,21.819394,80.197031,0.1869,0.2191,0.2295,0.3875,0.3714,0.3042,0.2561,5.174,0,Metamorphics,IND2497,307,292.0,342.0,4.2062554359436035,1.21,29.21,32.31,30.81,34.11,0.9585,0.785,1.2209,0.6179,1.0433,50.0,28.0,3.3,Original Dataset / MOIL Ltd / IBM IMYB,original_v1
Balaghat,Madhya Pradesh,21.850581,80.181819,0.1454,0.1696,0.1668,0.3427,0.3346,0.2427,0.3452,5.592,0,Metamorphics,IND2497,306,291.0,341.0,1.8543341159820557,0.0,26.85,31.690000000000055,30.19,33.49,0.9764,0.7082,1.3787,0.4985,1.0242,50.0,26.85,3.3,Original Dataset / MOIL Ltd / IBM IMYB,original_v1
Balaghat,Madhya Pradesh,21.833889,80.185848,0.1924,0.2239,0.2327,0.3673,0.3521,0.282,0.2243,5.428,0,Metamorphics,IND2497,307,292.0,342.0,2.72453236579895,0.0,27.72,31.33000000000004,29.83,33.13,0.9586,0.7678,1.2486,0.6609,1.0432,50.0,27.72,3.3,Original Dataset / MOIL Ltd / IBM IMYB,original_v1
Balaghat,Madhya Pradesh,21.871834,80.223796,0.206,0.2451,0.2822,0.4178,0.5188,0.414,0.1937,2.863,0,Metamorphics,IND2497,315,300.0,350.0,1.998048186302185,0.0,27.0,32.05000000000001,30.55,33.85,1.2417,0.9909,1.2531,0.5439,0.8053,50.0,27.0,3.3,Original Dataset / MOIL Ltd / IBM IMYB,original_v1
Balaghat,Madhya Pradesh,21.854954,80.207353,0.1581,0.1835,0.1858,0.3465,0.3007,0.2385,0.3019,3.031,0,Metamorphics,IND2497,307,292.0,342.0,0.9274099469184875,0.0,25.93,29.730000000000018,28.23,31.53,0.8678,0.6883,1.2608,0.6179,1.1523,50.0,25.93,3.3,Original Dataset / MOIL Ltd / IBM IMYB,original_v1
Balaghat,Madhya Pradesh,21.879506,80.255955,0.1631,0.1882,0.2178,0.3397,0.4375,0.3178,0.2187,4.007,0,Metamorphics,IND2497,331,316.0,366.0,2.1061649322509766,0.0,27.11,31.57000000000005,30.07,33.37,1.2879,0.9355,1.3767,0.4978,0.7765,50.0,27.11,3.3,Original Dataset / MOIL Ltd / IBM IMYB,original_v1
Ukwa,Madhya Pradesh,21.959446,80.470892,0.1928,0.2295,0.2709,0.3576,0.4681,0.3813,0.1379,0.295,1,Acid plutonic rocks,IND2479,615,600.0,650.0,2.997398853302002,0.0,28.0,32.75000000000006,31.25,34.55,1.309,1.0663,1.2276,0.5787,0.7639,50.0,28.0,3.3,Original Dataset / MOIL Ltd / IBM IMYB,original_v1
Ukwa,Madhya Pradesh,21.961125,80.468469,0.1817,0.2177,0.2601,0.337,0.4316,0.3521,0.1288,0.162,1,Acid plutonic rocks,IND2479,616,601.0,651.0,0.9274099469184875,0.0,25.93,32.75000000000006,31.25,34.55,1.2807,1.0448,1.2258,0.6026,0.7808,50.0,25.93,3.3,Original Dataset / MOIL Ltd / IBM IMYB,original_v1
Ukwa,Madhya Pradesh,21.960225,80.469415,0.176,0.2181,0.2703,0.3446,0.4346,0.3695,0.1208,0.191,1,Acid plutonic rocks,IND2479,617,602.0,652.0,0.9999498128890991,0.0,26.0,32.75000000000006,31.25,34.55,1.2612,1.0723,1.1762,0.622,0.7929,50.0,26.0,3.3,Original Dataset / MOIL Ltd / IBM IMYB,original_v1
Ukwa,Madhya Pradesh,21.961419,80.470223,0.1801,0.2173,0.254,0.3588,0.4354,0.3465,0.171,0.069,1,Acid plutonic rocks,IND2479,617,602.0,652.0,0.9999576210975647,0.0,26.0,32.75000000000006,31.25,34.55,1.2135,0.9657,1.2566,0.5834,0.8241,50.0,26.0,3.3,Original Dataset / MOIL Ltd / IBM IMYB,original_v1
Ukwa,Madhya Pradesh,21.959254,80.468957,0.2016,0.2431,0.2919,0.3839,0.4828,0.3938,0.1361,0.307,1,Acid plutonic rocks,IND2479,613,598.0,648.0,3.422658920288086,0.42,28.42,32.75000000000006,31.25,34.55,1.2576,1.0258,1.226,0.6046,0.7952,50.0,28.0,3.3,Original Dataset / MOIL Ltd / IBM IMYB,original_v1
Ukwa,Madhya Pradesh,21.963928,80.472586,0.1754,0.2152,0.2383,0.3745,0.4492,0.3544,0.2223,0.366,1,Acid plutonic rocks,IND2479,621,606.0,656.0,0.0,0.0,25.0,32.75000000000006,31.25,34.55,1.1995,0.9463,1.2675,0.5305,0.8337,50.0,25.0,3.3,Original Dataset / MOIL Ltd / IBM IMYB,original_v1
Ukwa,Madhya Pradesh,21.963934,80.468488,0.1776,0.22,0.2576,0.3653,0.4069,0.3339,0.1729,0.264,1,Acid plutonic rocks,IND2479,617,602.0,652.0,1.999341607093811,0.0,27.0,32.75000000000006,31.25,34.55,1.1139,0.914,1.2186,0.6331,0.8978,50.0,27.0,3.3,Original Dataset / MOIL Ltd / IBM IMYB,original_v1
Ukwa,Madhya Pradesh,21.961544,80.466859,0.1854,0.2222,0.267,0.3468,0.4313,0.3559,0.13,0.306,1,Acid plutonic rocks,IND2479,613,598.0,648.0,5.5063042640686035,2.51,30.51,32.75000000000006,31.25,34.55,1.2437,1.0262,1.2119,0.6191,0.8041,50.0,28.0,3.3,Original Dataset / MOIL Ltd / IBM IMYB,original_v1
Ukwa,Madhya Pradesh,21.963217,80.469333,0.1899,0.2276,0.2714,0.369,0.4738,0.3729,0.1524,0.154,1,Acid plutonic rocks,IND2479,616,601.0,651.0,2.7258574962615967,0.0,27.73,32.75000000000006,31.25,34.55,1.284,1.0106,1.2706,0.5728,0.7788,50.0,27.73,3.3,Original Dataset / MOIL Ltd / IBM IMYB,original_v1
Ukwa,Madhya Pradesh,21.960047,80.46908,0.1732,0.2128,0.2635,0.3405,0.4376,0.3634,0.1275,0.219,1,Acid plutonic rocks,IND2479,617,602.0,652.0,1.363685965538025,0.0,26.36,32.75000000000006,31.25,34.55,1.2852,1.0673,1.2042,0.6021,0.7781,50.0,26.36,3.3,Original Dataset / MOIL Ltd / IBM IMYB,original_v1
Ukwa,Madhya Pradesh,21.962478,80.46982,0.1646,0.1983,0.2521,0.3387,0.4374,0.3529,0.1466,0.064,1,Acid plutonic rocks,IND2479,615,600.0,650.0,3.5228989124298096,0.52,28.52,32.75000000000006,31.25,34.55,1.2914,1.0419,1.2394,0.5764,0.7743,50.0,28.0,3.3,Original Dataset / MOIL Ltd / IBM IMYB,original_v1
Ukwa,Madhya Pradesh,21.959848,80.469274,0.1719,0.2136,0.2642,0.3261,0.426,0.3633,0.1049,0.235,1,Acid plutonic rocks,IND2479,617,602.0,652.0,0.0,0.0,25.0,32.75000000000006,31.25,34.55,1.3063,1.1141,1.1726,0.6202,0.7655,50.0,25.0,3.3,Original Dataset / MOIL Ltd / IBM IMYB,original_v1
Ukwa,Madhya Pradesh,21.960808,80.473091,0.1702,0.2018,0.2294,0.3434,0.4075,0.3291,0.199,0.361,1,Acid plutonic rocks,IND2479,617,602.0,652.0,4.099328517913818,1.1,29.1,32.870000000000005,31.37,34.67,1.1867,0.9584,1.2382,0.5629,0.8427,50.0,28.0,3.3,Original Dataset / MOIL Ltd / IBM IMYB,original_v1
Ukwa,Madhya Pradesh,21.964037,80.468203,0.1924,0.223,0.2534,0.3434,0.4246,0.3413,0.1508,0.289,1,Acid plutonic rocks,IND2479,618,603.0,653.0,2.2036471366882324,0.0,27.2,32.75000000000006,31.25,34.55,1.2365,0.9939,1.2441,0.5968,0.8088,50.0,27.2,3.3,Original Dataset / MOIL Ltd / IBM IMYB,original_v1
Ukwa,Madhya Pradesh,21.960798,80.470527,0.1869,0.2315,0.2807,0.3551,0.4502,0.381,0.117,0.144,1,Acid plutonic rocks,IND2479,619,604.0,654.0,2.1064345836639404,0.0,27.11,32.75000000000006,31.25,34.55,1.2678,1.0729,1.1816,0.6235,0.7888,50.0,27.11,3.3,Original Dataset / MOIL Ltd / IBM IMYB,original_v1
Ukwa,Madhya Pradesh,21.959638,80.469607,0.1609,0.1989,0.2299,0.3661,0.4037,0.3354,0.2285,0.253,1,Acid plutonic rocks,IND2479,617,602.0,652.0,0.9274099469184875,0.0,25.93,32.75000000000006,31.25,34.55,1.1027,0.9161,1.2036,0.5695,0.9069,50.0,25.93,3.3,Original Dataset / MOIL Ltd / IBM IMYB,original_v1
Ukwa,Madhya Pradesh,21.962028,80.470542,0.1653,0.2028,0.244,0.3266,0.4134,0.3332,0.1448,0.078,1,Acid plutonic rocks,IND2479,618,603.0,653.0,1.8543341159820557,0.0,26.85,32.75000000000006,31.25,34.55,1.2658,1.0202,1.2407,0.5902,0.79,50.0,26.85,3.3,Original Dataset / MOIL Ltd / IBM IMYB,original_v1
Ukwa,Madhya Pradesh,21.962887,80.472716,0.1921,0.2311,0.2728,0.3749,0.4726,0.3886,0.1576,0.321,1,Acid plutonic rocks,IND2479,618,603.0,653.0,3.137160539627075,0.14,28.14,32.75000000000006,31.25,34.55,1.2606,1.0365,1.2162,0.5772,0.7933,50.0,28.0,3.3,Original Dataset / MOIL Ltd / IBM IMYB,original_v1
Ukwa,Madhya Pradesh,21.962135,80.469014,0.1774,0.2241,0.2764,0.3439,0.4401,0.3787,0.1088,0.085,1,Acid plutonic rocks,IND2479,615,600.0,650.0,2.7258460521698,0.0,27.73,32.75000000000006,31.25,34.55,1.2797,1.1012,1.1621,0.628,0.7814,50.0,27.73,3.3,Original Dataset / MOIL Ltd / IBM IMYB,original_v1
Ukwa,Madhya Pradesh,21.963646,80.467255,0.1778,0.218,0.2687,0.3581,0.4215,0.3433,0.1426,0.327,1,Acid plutonic rocks,IND2479,613,598.0,648.0,0.0,0.0,25.0,32.75000000000006,31.25,34.55,1.177,0.9587,1.2278,0.6375,0.8496,50.0,25.0,3.3,Original Dataset / MOIL Ltd / IBM IMYB,original_v1
Ukwa,Madhya Pradesh,21.965093,80.469677,0.1638,0.2006,0.2579,0.3835,0.3761,0.2979,0.1958,0.356,1,Acid plutonic rocks,IND2479,621,606.0,656.0,5.037392616271973,2.04,30.04,32.75000000000006,31.25,34.55,0.9807,0.7768,1.2625,0.6857,1.0197,50.0,28.0,3.3,Original Dataset / MOIL Ltd / IBM IMYB,original_v1
Ukwa,Madhya Pradesh,21.960309,80.469247,0.1792,0.2253,0.2753,0.3458,0.4374,0.3677,0.1135,0.186,1,Acid plutonic rocks,IND2479,617,602.0,652.0,3.137115955352783,0.14,28.14,32.75000000000006,31.25,34.55,1.2649,1.0633,1.1896,0.6294,0.7906,50.0,28.0,3.3,Original Dataset / MOIL Ltd / IBM IMYB,original_v1
Ukwa,Madhya Pradesh,21.962921,80.470296,0.1726,0.2053,0.2633,0.3921,0.3788,0.2941,0.1965,0.125,1,Acid plutonic rocks,IND2479,613,598.0,648.0,1.363698959350586,0.0,26.36,32.75000000000006,31.25,34.55,0.9661,0.7501,1.288,0.6951,1.0351,50.0,26.36,3.3,Original Dataset / MOIL Ltd / IBM IMYB,original_v1
Ukwa,Madhya Pradesh,21.961824,80.46927,0.172,0.2118,0.2537,0.3184,0.4154,0.3521,0.1131,0.055,1,Acid plutonic rocks,IND2479,616,601.0,651.0,1.9993103742599487,0.0,27.0,32.75000000000006,31.25,34.55,1.3046,1.1058,1.1798,0.6107,0.7665,50.0,27.0,3.3,Original Dataset / MOIL Ltd / IBM IMYB,original_v1
Ukwa,Madhya Pradesh,21.961046,80.471454,0.1595,0.1922,0.218,0.3341,0.3669,0.3037,0.2103,0.195,1,Acid plutonic rocks,IND2479,615,600.0,650.0,1.3636903762817383,0.0,26.36,32.75000000000006,31.25,34.55,1.0982,0.909,1.2081,0.5942,0.9106,50.0,26.36,3.3,Original Dataset / MOIL Ltd / IBM IMYB,original_v1
Ukwa,Madhya Pradesh,21.961567,80.469269,0.1711,0.2128,0.2558,0.3237,0.4179,0.351,0.1172,0.066,1,Acid plutonic rocks,IND2479,616,601.0,651.0,0.9999576210975647,0.0,26.0,32.75000000000006,31.25,34.55,1.291,1.0843,1.1906,0.6121,0.7746,50.0,26.0,3.3,Original Dataset / MOIL Ltd / IBM IMYB,original_v1
Ukwa,Madhya Pradesh,21.961532,80.46943,0.1711,0.2128,0.2558,0.3237,0.4179,0.351,0.1172,0.056,1,Acid plutonic rocks,IND2479,616,601.0,651.0,0.9999576210975647,0.0,26.0,32.75000000000006,31.25,34.55,1.291,1.0843,1.1906,0.6121,0.7746,50.0,26.0,3.3,Original Dataset / MOIL Ltd / IBM IMYB,original_v1
Ukwa,Madhya Pradesh,21.960623,80.472835,0.1672,0.2043,0.2363,0.3313,0.3937,0.3332,0.1674,0.344,1,Acid plutonic rocks,IND2479,619,604.0,654.0,1.9992985725402832,0.0,27.0,32.870000000000005,31.37,34.67,1.1883,1.0057,1.1816,0.6002,0.8415,50.0,27.0,3.3,Original Dataset / MOIL Ltd / IBM IMYB,original_v1
Ukwa,Madhya Pradesh,21.960681,80.468622,0.1658,0.1982,0.2362,0.3536,0.4164,0.3319,0.1991,0.182,1,Acid plutonic rocks,IND2479,617,602.0,652.0,3.4226701259613037,0.42,28.42,32.75000000000006,31.25,34.55,1.1776,0.9386,1.2546,0.5672,0.8492,50.0,28.0,3.3,Original Dataset / MOIL Ltd / IBM IMYB,original_v1
Ukwa,Madhya Pradesh,21.960891,80.469164,0.1714,0.2107,0.2525,0.3265,0.4125,0.3451,0.1278,0.13,1,Acid plutonic rocks,IND2479,615,600.0,650.0,1.3636903762817383,0.0,26.36,32.75000000000006,31.25,34.55,1.2634,1.057,1.1953,0.6121,0.7915,50.0,26.36,3.3,Original Dataset / MOIL Ltd / IBM IMYB,original_v1
Ukwa,Madhya Pradesh,21.960576,80.471429,0.1625,0.2007,0.2275,0.3143,0.3794,0.3176,0.1602,0.224,1,Acid plutonic rocks,IND2479,617,602.0,652.0,3.704791784286499,0.7,28.7,32.75000000000006,31.25,34.55,1.2071,1.0105,1.1946,0.5996,0.8284,50.0,28.0,3.3,Original Dataset / MOIL Ltd / IBM IMYB,original_v1
Ukwa,Madhya Pradesh,21.960817,80.470365,0.1869,0.2315,0.2807,0.3551,0.4502,0.381,0.117,0.134,1,Acid plutonic rocks,IND2479,619,604.0,654.0,2.1064345836639404,0.0,27.11,32.75000000000006,31.25,34.55,1.2678,1.0729,1.1816,0.6235,0.7888,50.0,27.11,3.3,Original Dataset / MOIL Ltd / IBM IMYB,original_v1
Ukwa,Madhya Pradesh,21.961905,80.470011,0.1757,0.2147,0.2443,0.3469,0.4194,0.3385,0.1735,0.022,1,Acid plutonic rocks,IND2479,618,603.0,653.0,0.9274099469184875,0.0,25.93,32.75000000000006,31.25,34.55,1.209,0.9758,1.239,0.5825,0.8271,50.0,25.93,3.3,Original Dataset / MOIL Ltd / IBM IMYB,original_v1
Ukwa,Madhya Pradesh,21.961843,80.468836,0.1928,0.2367,0.2897,0.3626,0.4631,0.3815,0.1118,0.1,1,Acid plutonic rocks,IND2479,615,600.0,650.0,1.3636932373046875,0.0,26.36,32.75000000000006,31.25,34.55,1.2772,1.0521,1.2139,0.6256,0.783,50.0,26.36,3.3,Original Dataset / MOIL Ltd / IBM IMYB,original_v1
Ukwa,Madhya Pradesh,21.962753,80.468353,0.1716,0.2055,0.2524,0.3452,0.4395,0.3549,0.1553,0.177,1,Acid plutonic rocks,IND2479,616,601.0,651.0,2.997469186782837,0.0,28.0,32.75000000000006,31.25,34.55,1.2732,1.0281,1.2384,0.5743,0.7854,50.0,28.0,3.3,Original Dataset / MOIL Ltd / IBM IMYB,original_v1
Ukwa,Madhya Pradesh,21.961834,80.469142,0.1788,0.218,0.2648,0.3301,0.4287,0.3613,0.1098,0.068,1,Acid plutonic rocks,IND2479,615,600.0,650.0,0.9999595284461975,0.0,26.0,32.75000000000006,31.25,34.55,1.2987,1.0945,1.1865,0.6177,0.77,50.0,26.0,3.3,Original Dataset / MOIL Ltd / IBM IMYB,original_v1
Ukwa,Madhya Pradesh,21.958963,80.470553,0.1983,0.2332,0.2817,0.3849,0.5006,0.4013,0.1548,0.336,1,Acid plutonic rocks,IND2479,615,600.0,650.0,1.8543341159820557,0.0,26.85,32.75000000000006,31.25,34.55,1.3006,1.0426,1.2474,0.5627,0.7689,50.0,26.85,3.3,Original Dataset / MOIL Ltd / IBM IMYB,original_v1
Ukwa,Madhya Pradesh,21.961442,80.471158,0.1817,0.2129,0.2526,0.3704,0.4412,0.3595,0.1891,0.149,1,Acid plutonic rocks,IND2479,617,602.0,652.0,1.363691806793213,0.0,26.36,32.75000000000006,31.25,34.55,1.1911,0.9706,1.2273,0.5725,0.8395,50.0,26.36,3.3,Original Dataset / MOIL Ltd / IBM IMYB,original_v1
Ukwa,Madhya Pradesh,21.962783,80.471691,0.1777,0.2161,0.2554,0.3382,0.4316,0.3487,0.1395,0.219,1,Acid plutonic rocks,IND2479,616,601.0,651.0,2.2036328315734863,0.0,27.2,32.75000000000006,31.25,34.55,1.2762,1.031,1.2377,0.5918,0.7836,50.0,27.2,3.3,Original Dataset / MOIL Ltd / IBM IMYB,original_v1
Ukwa,Madhya Pradesh,21.963068,80.467865,0.1876,0.2188,0.2583,0.3542,0.461,0.361,0.1566,0.238,1,Acid plutonic rocks,IND2479,614,599.0,649.0,3.1371660232543945,0.14,28.14,32.75000000000006,31.25,34.55,1.3015,1.0192,1.277,0.5603,0.7683,50.0,28.0,3.3,Original Dataset / MOIL Ltd / IBM IMYB,original_v1
Ukwa,Madhya Pradesh,21.963785,80.472256,0.2071,0.2468,0.2921,0.4044,0.4795,0.3872,0.1612,0.329,1,Acid plutonic rocks,IND2479,621,606.0,656.0,2.203643560409546,0.0,27.2,32.75000000000006,31.25,34.55,1.1857,0.9575,1.2384,0.6092,0.8434,50.0,27.2,3.3,Original Dataset / MOIL Ltd / IBM IMYB,original_v1
Ukwa,Madhya Pradesh,21.96174,80.471865,0.2063,0.2547,0.3067,0.3955,0.5028,0.4117,0.1265,0.214,1,Acid plutonic rocks,IND2479,614,599.0,649.0,2.1064374446868896,0.0,27.11,32.75000000000006,31.25,34.55,1.2713,1.041,1.2213,0.61,0.7866,50.0,27.11,3.3,Original Dataset / MOIL Ltd / IBM IMYB,original_v1
Ukwa,Madhya Pradesh,21.964601,80.471318,0.1836,0.2146,0.265,0.3845,0.478,0.3682,0.184,0.339,1,Acid plutonic rocks,IND2479,621,606.0,656.0,1.3637075424194336,0.0,26.36,32.75000000000006,31.25,34.55,1.2432,0.9576,1.2982,0.5544,0.8044,50.0,26.36,3.3,Original Dataset / MOIL Ltd / IBM IMYB,original_v1
Ukwa,Madhya Pradesh,21.962321,80.469853,0.1708,0.212,0.2595,0.3245,0.4199,0.3485,0.1113,0.047,1,Acid plutonic rocks,IND2479,616,601.0,651.0,2.1064393520355225,0.0,27.11,32.75000000000006,31.25,34.55,1.294,1.074,1.2049,0.618,0.7728,50.0,27.11,3.3,Original Dataset / MOIL Ltd / IBM IMYB,original_v1
Ukwa,Madhya Pradesh,21.963685,80.470182,0.1903,0.2258,0.2728,0.3842,0.5017,0.3902,0.1696,0.203,1,Acid plutonic rocks,IND2479,618,603.0,653.0,3.8366477489471436,0.84,28.84,32.75000000000006,31.25,34.55,1.3058,1.0156,1.2858,0.5438,0.7658,50.0,28.0,3.3,Original Dataset / MOIL Ltd / IBM IMYB,original_v1
Ukwa,Madhya Pradesh,21.921686,80.499214,0.1611,0.1884,0.2267,0.3381,0.4734,0.3703,0.1972,5.409,0,Acid plutonic rocks,IND2479,582,567.0,617.0,0.9274099469184875,0.0,25.93,32.13000000000005,30.63,33.93,1.4002,1.0952,1.2784,0.4789,0.7142,50.0,25.93,3.3,Original Dataset / MOIL Ltd / IBM IMYB,original_v1
Ukwa,Madhya Pradesh,22.002618,80.440486,0.1515,0.1771,0.1978,0.3271,0.4021,0.3193,0.2463,5.45,0,Acid plutonic rocks,IND2479,638,623.0,673.0,1.0002491474151611,0.0,26.0,32.31,30.81,34.11,1.2293,0.9762,1.2593,0.4919,0.8135,50.0,26.0,3.3,Original Dataset / MOIL Ltd / IBM IMYB,original_v1
Ukwa,Madhya Pradesh,21.916418,80.456062,0.1458,0.1724,0.1702,0.3261,0.3293,0.2314,0.3141,5.258,0,Acid plutonic rocks,IND2479,744,729.0,779.0,8.127351760864258,5.13,33.13,30.710000000000036,29.21,32.51,1.0098,0.7096,1.4231,0.5169,0.9903,50.0,28.0,3.3,Original Dataset / MOIL Ltd / IBM IMYB,original_v1
Ukwa,Madhya Pradesh,21.895615,80.482457,0.1769,0.2136,0.2272,0.3894,0.4807,0.402,0.2631,7.494,0,Acid plutonic rocks,IND2479,606,591.0,641.0,7.580341815948486,4.58,32.58,32.09000000000003,30.59,33.89,1.2345,1.0324,1.1958,0.4726,0.8101,50.0,28.0,3.3,Original Dataset / MOIL Ltd / IBM IMYB,original_v1
Ukwa,Madhya Pradesh,21.923802,80.515915,0.1437,0.1656,0.1815,0.3016,0.3694,0.2705,0.2486,6.376,0,Acid plutonic rocks,IND2479,635,620.0,670.0,12.92368221282959,9.92,37.92,31.590000000000032,30.09,33.39,1.2248,0.8969,1.3656,0.4913,0.8165,50.0,28.0,3.3,Original Dataset / MOIL Ltd / IBM IMYB,original_v1
Ukwa,Madhya Pradesh,21.966406,80.435109,0.1778,0.2082,0.2515,0.3508,0.4871,0.4006,0.1649,3.617,0,Acid plutonic rocks,IND2479,601,586.0,636.0,7.02639627456665,4.03,32.03,32.55000000000001,31.05,34.35,1.3885,1.142,1.2159,0.5163,0.7202,50.0,28.0,3.3,Original Dataset / MOIL Ltd / IBM IMYB,original_v1
Ukwa,Madhya Pradesh,21.947788,80.527554,0.1666,0.1928,0.2237,0.3223,0.4203,0.3494,0.1806,6.166,0,Acid plutonic rocks,IND2479,665,650.0,700.0,4.400384902954102,1.4,29.4,32.57000000000005,31.07,34.37,1.3041,1.0841,1.2029,0.5322,0.7668,50.0,28.0,3.3,Original Dataset / MOIL Ltd / IBM IMYB,original_v1
Ukwa,Madhya Pradesh,21.918663,80.466746,0.1452,0.1727,0.1804,0.3254,0.3563,0.2545,0.2867,4.824,0,Acid plutonic rocks,IND2479,646,631.0,681.0,2.1062939167022705,0.0,27.11,31.79000000000002,30.29,33.59,1.095,0.7821,1.4,0.5063,0.9133,50.0,27.11,3.3,Original Dataset / MOIL Ltd / IBM IMYB,original_v1
Ukwa,Madhya Pradesh,21.921624,80.469209,0.1426,0.171,0.1735,0.3307,0.3595,0.2608,0.3118,4.484,0,Acid plutonic rocks,IND2479,640,625.0,675.0,9.640811920166016,6.64,34.64,31.79000000000002,30.29,33.59,1.0871,0.7886,1.3785,0.4826,0.9199,50.0,28.0,3.3,Original Dataset / MOIL Ltd / IBM IMYB,original_v1
Ukwa,Madhya Pradesh,21.992057,80.423829,0.1452,0.1692,0.1718,0.3212,0.3437,0.2473,0.303,5.813,0,Acid plutonic rocks,IND2479,605,590.0,640.0,2.7261552810668945,0.0,27.73,32.29000000000002,30.79,34.09,1.07,0.7699,1.3898,0.4999,0.9345,50.0,27.73,3.3,Original Dataset / MOIL Ltd / IBM IMYB,original_v1
Ukwa,Madhya Pradesh,21.917646,80.428243,0.1475,0.1716,0.1756,0.3391,0.3347,0.2363,0.3177,6.533,0,Acid plutonic rocks,IND2479,693,678.0,728.0,5.635789394378662,2.64,30.64,31.190000000000055,29.69,32.99,0.987,0.6968,1.4164,0.5246,1.0131,50.0,28.0,3.3,Original Dataset / MOIL Ltd / IBM IMYB,original_v1
Ukwa,Madhya Pradesh,21.932111,80.466939,0.1849,0.2207,0.2719,0.3886,0.5452,0.4355,0.1767,3.329,0,Acid plutonic rocks,IND2479,623,608.0,658.0,8.408089637756348,5.41,33.41,32.57000000000005,31.07,34.37,1.403,1.1207,1.2519,0.4987,0.7128,50.0,28.0,3.3,Original Dataset / MOIL Ltd / IBM IMYB,original_v1
Ukwa,Madhya Pradesh,21.980202,80.511159,0.1467,0.1652,0.182,0.2934,0.3509,0.2685,0.2343,4.731,0,Acid plutonic rocks,IND2479,634,619.0,669.0,3.137507200241089,0.14,28.14,31.650000000000034,30.15,33.45,1.196,0.9151,1.3069,0.5187,0.8361,50.0,28.0,3.3,Original Dataset / MOIL Ltd / IBM IMYB,original_v1
Ukwa,Madhya Pradesh,21.926832,80.4107,0.1474,0.1737,0.176,0.3376,0.3436,0.2506,0.3146,7.244,0,Acid plutonic rocks,IND2479,692,677.0,727.0,4.6273674964904785,1.63,29.63,30.970000000000027,29.47,32.77,1.0178,0.7423,1.3711,0.5122,0.9825,50.0,28.0,3.3,Original Dataset / MOIL Ltd / IBM IMYB,original_v1
Ukwa,Madhya Pradesh,21.956075,80.398996,0.1811,0.2112,0.2415,0.3483,0.4413,0.3851,0.1811,7.339,0,Acid plutonic rocks,IND2479,618,603.0,653.0,1.8543341159820557,0.0,26.85,31.77000000000004,30.27,33.57,1.267,1.1057,1.1459,0.5472,0.7893,50.0,26.85,3.3,Original Dataset / MOIL Ltd / IBM IMYB,original_v1
Ukwa,Madhya Pradesh,21.934,80.506729,0.1602,0.177,0.2049,0.3084,0.4035,0.3297,0.2016,4.918,0,Acid plutonic rocks,IND2479,602,587.0,637.0,8.139020919799805,5.14,33.14,32.53000000000003,31.03,34.33,1.3084,1.0691,1.2238,0.5078,0.7643,50.0,28.0,3.3,Original Dataset / MOIL Ltd / IBM IMYB,original_v1
Ukwa,Madhya Pradesh,21.929711,80.4725,0.1404,0.1671,0.1682,0.3358,0.3479,0.2542,0.3325,3.594,0,Acid plutonic rocks,IND2479,625,610.0,660.0,4.084425449371338,1.08,29.08,32.57000000000005,31.07,34.37,1.036,0.757,1.3686,0.4835,0.9652,50.0,28.0,3.3,Original Dataset / MOIL Ltd / IBM IMYB,original_v1
Ukwa,Madhya Pradesh,21.944659,80.489737,0.155,0.1739,0.2075,0.292,0.4077,0.3272,0.1692,2.814,0,Acid plutonic rocks,IND2479,605,590.0,640.0,2.725665807723999,0.0,27.73,33.110000000000014,31.61,34.91,1.3962,1.1205,1.246,0.509,0.7162,50.0,27.73,3.3,Original Dataset / MOIL Ltd / IBM IMYB,original_v1
Ukwa,Madhya Pradesh,21.968441,80.495125,0.145,0.174,0.1737,0.3515,0.3646,0.2784,0.3385,2.714,0,Acid plutonic rocks,IND2479,636,621.0,671.0,3.8366570472717285,0.84,28.84,32.07000000000005,30.57,33.87,1.0373,0.792,1.3096,0.4764,0.9641,50.0,28.0,3.3,Original Dataset / MOIL Ltd / IBM IMYB,original_v1
Ukwa,Madhya Pradesh,21.921215,80.521987,0.141,0.1621,0.1795,0.3005,0.3657,0.2695,0.2521,7.039,0,Acid plutonic rocks,IND2479,621,606.0,656.0,4.2069268226623535,1.21,29.21,31.650000000000034,30.15,33.45,1.217,0.8968,1.357,0.4908,0.8217,50.0,28.0,3.3,Original Dataset / MOIL Ltd / IBM IMYB,original_v1
Ukwa,Madhya Pradesh,21.920103,80.483003,0.155,0.1833,0.1997,0.3638,0.4065,0.3022,0.2912,4.848,0,Acid plutonic rocks,IND2479,623,608.0,658.0,1.998725175857544,0.0,27.0,31.930000000000007,30.43,33.73,1.1174,0.8307,1.3451,0.4913,0.895,50.0,27.0,3.3,Original Dataset / MOIL Ltd / IBM IMYB,original_v1
Ukwa,Madhya Pradesh,21.986261,80.466581,0.1666,0.1964,0.2306,0.3631,0.4776,0.3761,0.2232,2.732,0,Acid plutonic rocks,IND2479,633,618.0,668.0,4.401365756988525,1.4,29.4,32.43000000000001,30.93,34.23,1.3153,1.0358,1.2699,0.4828,0.7603,50.0,28.0,3.3,Original Dataset / MOIL Ltd / IBM IMYB,original_v1
Ukwa,Madhya Pradesh,21.951292,80.431565,0.1468,0.1743,0.1862,0.3577,0.382,0.2762,0.3153,4.12,0,Acid plutonic rocks,IND2479,636,621.0,671.0,2.954089403152466,0.0,27.95,32.39000000000004,30.89,34.19,1.0679,0.7722,1.3831,0.4874,0.9364,50.0,27.95,3.3,Original Dataset / MOIL Ltd / IBM IMYB,original_v1
Ukwa,Madhya Pradesh,21.983912,80.426401,0.1467,0.1718,0.1898,0.3188,0.379,0.2852,0.2536,5.107,0,Acid plutonic rocks,IND2479,596,581.0,631.0,2.203902244567871,0.0,27.2,32.43000000000001,30.93,34.23,1.1888,0.8946,1.3289,0.5008,0.8412,50.0,27.2,3.3,Original Dataset / MOIL Ltd / IBM IMYB,original_v1
Ukwa,Madhya Pradesh,21.956889,80.534222,0.1597,0.1839,0.2167,0.322,0.4034,0.3313,0.1955,6.674,0,Acid plutonic rocks,IND2479,657,642.0,692.0,3.422638416290283,0.42,28.42,32.47000000000003,30.97,34.27,1.2528,1.0289,1.2176,0.5372,0.7982,50.0,28.0,3.3,Original Dataset / MOIL Ltd / IBM IMYB,original_v1
Ukwa,Madhya Pradesh,21.983497,80.514698,0.1371,0.1576,0.1549,0.3465,0.3082,0.2379,0.3821,5.222,0,Acid plutonic rocks,IND2479,637,622.0,672.0,6.256453990936279,3.26,31.26,31.450000000000045,29.95,33.25,0.8895,0.6866,1.2955,0.5026,1.1243,50.0,28.0,3.3,Original Dataset / MOIL Ltd / IBM IMYB,original_v1
Ukwa,Madhya Pradesh,21.92756,80.511642,0.1468,0.1687,0.1743,0.3228,0.3513,0.2603,0.2987,5.768,0,Acid plutonic rocks,IND2479,619,604.0,654.0,3.8365819454193115,0.84,28.84,32.07000000000005,30.57,33.87,1.0883,0.8064,1.3496,0.4962,0.9189,50.0,28.0,3.3,Original Dataset / MOIL Ltd / IBM IMYB,original_v1
Ukwa,Madhya Pradesh,21.988401,80.421806,0.145,0.164,0.1839,0.3199,0.3802,0.2778,0.2699,5.767,0,Acid plutonic rocks,IND2479,610,595.0,645.0,0.9274099469184875,0.0,25.93,32.370000000000005,30.87,34.17,1.1885,0.8684,1.3686,0.4837,0.8414,50.0,25.93,3.3,Original Dataset / MOIL Ltd / IBM IMYB,original_v1
Ukwa,Madhya Pradesh,21.929342,80.504324,0.1485,0.1672,0.1943,0.2983,0.3895,0.2957,0.2111,5.083,0,Acid plutonic rocks,IND2479,618,603.0,653.0,6.047721862792969,3.05,31.05,32.35000000000002,30.85,34.15,1.3057,0.9913,1.3172,0.4988,0.7659,50.0,28.0,3.3,Original Dataset / MOIL Ltd / IBM IMYB,original_v1
Ukwa,Madhya Pradesh,21.899027,80.462802,0.1616,0.1829,0.21,0.3171,0.3845,0.331,0.2032,7.036,0,Acid plutonic rocks,IND2479,727,712.0,762.0,2.202819585800171,0.0,27.2,30.870000000000005,29.37,32.67,1.2126,1.0438,1.1616,0.5462,0.8247,50.0,27.2,3.3,Original Dataset / MOIL Ltd / IBM IMYB,original_v1
Ukwa,Madhya Pradesh,21.987721,80.439287,0.1615,0.1889,0.2237,0.3478,0.4394,0.3528,0.2171,4.264,0,Acid plutonic rocks,IND2479,625,610.0,660.0,4.760622024536133,1.76,29.76,32.47000000000003,30.97,34.27,1.2634,1.0144,1.2455,0.5091,0.7915,50.0,28.0,3.3,Original Dataset / MOIL Ltd / IBM IMYB,original_v1
Ukwa,Madhya Pradesh,21.917854,80.475161,0.1411,0.1685,0.1707,0.3002,0.3505,0.253,0.275,4.934,0,Acid plutonic rocks,IND2479,619,604.0,654.0,3.42231822013855,0.42,28.42,31.930000000000007,30.43,33.73,1.1676,0.8428,1.3854,0.487,0.8565,50.0,28.0,3.3,Original Dataset / MOIL Ltd / IBM IMYB,original_v1
Ukwa,Madhya Pradesh,21.912307,80.469183,0.1449,0.1673,0.1913,0.3426,0.3748,0.2683,0.2834,5.521,0,Acid plutonic rocks,IND2479,644,629.0,679.0,5.635782718658447,2.64,30.64,31.310000000000002,29.81,33.11,1.094,0.7831,1.3969,0.5104,0.9141,50.0,28.0,3.3,Original Dataset / MOIL Ltd / IBM IMYB,original_v1
Ukwa,Madhya Pradesh,21.976415,80.496496,0.1474,0.1816,0.1836,0.3534,0.3613,0.28,0.3162,3.195,0,Acid plutonic rocks,IND2479,652,637.0,687.0,2.2038066387176514,0.0,27.2,32.210000000000036,30.71,34.01,1.0224,0.7923,1.2904,0.5082,0.9781,50.0,27.2,3.3,Original Dataset / MOIL Ltd / IBM IMYB,original_v1
Ukwa,Madhya Pradesh,21.945818,80.447881,0.1481,0.1704,0.1783,0.3264,0.3745,0.2896,0.2934,2.885,0,Acid plutonic rocks,IND2479,618,603.0,653.0,1.8543341159820557,0.0,26.85,32.370000000000005,30.87,34.17,1.1474,0.8873,1.2932,0.4761,0.8716,50.0,26.85,3.3,Original Dataset / MOIL Ltd / IBM IMYB,original_v1
Ukwa,Madhya Pradesh,21.97424,80.501586,0.1375,0.1606,0.1677,0.3008,0.3347,0.2431,0.2841,3.558,0,Acid plutonic rocks,IND2479,629,614.0,664.0,2.1064791679382324,0.0,27.11,32.07000000000005,30.57,33.87,1.1127,0.8082,1.3768,0.501,0.8987,50.0,27.11,3.3,Original Dataset / MOIL Ltd / IBM IMYB,original_v1
Ukwa,Madhya Pradesh,21.954,80.428921,0.1587,0.1893,0.2097,0.3904,0.4285,0.3164,0.3011,4.311,0,Acid plutonic rocks,IND2479,625,610.0,660.0,1.9992009401321411,0.0,27.0,32.150000000000034,30.65,33.95,1.0976,0.8105,1.3543,0.4894,0.9111,50.0,27.0,3.3,Original Dataset / MOIL Ltd / IBM IMYB,original_v1
Ukwa,Madhya Pradesh,21.965321,80.499518,0.1406,0.1691,0.1748,0.3272,0.3317,0.2387,0.3036,3.092,0,Acid plutonic rocks,IND2479,628,613.0,663.0,10.514750480651855,7.51,35.51,32.690000000000055,31.19,34.49,1.0138,0.7295,1.3896,0.527,0.9864,50.0,28.0,3.3,Original Dataset / MOIL Ltd / IBM IMYB,original_v1
Ukwa,Madhya Pradesh,21.950958,80.407406,0.1586,0.1824,0.2024,0.3426,0.3804,0.3002,0.2572,6.556,0,Acid plutonic rocks,IND2479,619,604.0,654.0,0.9274099469184875,0.0,25.93,32.09000000000003,30.59,33.89,1.1103,0.8762,1.2672,0.5321,0.9006,50.0,25.93,3.3,Original Dataset / MOIL Ltd / IBM IMYB,original_v1
Ukwa,Madhya Pradesh,21.918205,80.476109,0.1437,0.1655,0.175,0.3082,0.3453,0.2463,0.2757,4.908,0,Acid plutonic rocks,IND2479,618,603.0,653.0,5.03713321685791,2.04,30.04,31.930000000000007,30.43,33.73,1.1204,0.7992,1.4019,0.5068,0.8926,50.0,28.0,3.3,Original Dataset / MOIL Ltd / IBM IMYB,original_v1
Ukwa,Madhya Pradesh,21.978793,80.499005,0.1489,0.1743,0.1853,0.3261,0.3831,0.2764,0.2753,3.554,0,Acid plutonic rocks,IND2479,641,626.0,676.0,5.072895526885986,2.07,30.07,32.210000000000036,30.71,34.01,1.1748,0.8476,1.386,0.4837,0.8512,50.0,28.0,3.3,Original Dataset / MOIL Ltd / IBM IMYB,original_v1
Ukwa,Madhya Pradesh,22.021194,80.478877,0.1422,0.1647,0.1633,0.2867,0.3015,0.2395,0.2742,6.667,0,Acid plutonic rocks,IND2479,767,752.0,802.0,7.9525322914123535,4.95,32.95,30.150000000000034,28.65,31.95,1.0516,0.8354,1.2589,0.5416,0.9509,50.0,28.0,3.3,Original Dataset / MOIL Ltd / IBM IMYB,original_v1
Ukwa,Madhya Pradesh,21.940059,80.458081,0.1531,0.1827,0.1924,0.3682,0.3875,0.288,0.3136,2.716,0,Acid plutonic rocks,IND2479,620,605.0,655.0,3.1367027759552,0.14,28.14,32.43000000000001,30.93,34.23,1.0524,0.7822,1.3455,0.4965,0.9502,50.0,28.0,3.3,Original Dataset / MOIL Ltd / IBM IMYB,original_v1
Ukwa,Madhya Pradesh,21.94151,80.446523,0.2118,0.2535,0.3016,0.4062,0.5348,0.4455,0.1478,3.306,0,Acid plutonic rocks,IND2479,614,599.0,649.0,2.106370687484741,0.0,27.11,32.23000000000002,30.73,34.03,1.3166,1.0968,1.2004,0.5639,0.7595,50.0,27.11,3.3,Original Dataset / MOIL Ltd / IBM IMYB,original_v1
Ukwa,Madhya Pradesh,21.940136,80.458346,0.1417,0.1651,0.1782,0.3313,0.3535,0.2675,0.3005,2.696,0,Acid plutonic rocks,IND2479,622,607.0,657.0,2.2033462524414062,0.0,27.2,32.43000000000001,30.93,34.23,1.067,0.8074,1.3215,0.5041,0.9372,50.0,27.2,3.3,Original Dataset / MOIL Ltd / IBM IMYB,original_v1
Tirodi,Madhya Pradesh,21.683581,79.747187,0.1653,0.1911,0.2223,0.2932,0.4169,0.3339,0.1375,0.04,1,Metamorphics,IND2497,345,330.0,380.0,2.9916369915008545,0.0,27.99,33.170000000000016,31.67,34.97,1.4219,1.1388,1.2486,0.5332,0.7033,50.0,27.99,3.3,Original Dataset / MOIL Ltd / IBM IMYB,original_v1
Tirodi,Madhya Pradesh,21.684336,79.746587,0.1515,0.1711,0.1935,0.2854,0.3911,0.2908,0.1919,0.085,1,Metamorphics,IND2497,345,330.0,380.0,2.1055197715759277,0.0,27.11,33.170000000000016,31.67,34.97,1.3704,1.0189,1.3449,0.4948,0.7297,50.0,27.11,3.3,Original Dataset / MOIL Ltd / IBM IMYB,original_v1
Tirodi,Madhya Pradesh,21.681649,79.745913,0.1683,0.1853,0.2029,0.267,0.3767,0.3014,0.1364,0.236,1,Metamorphics,IND2497,339,324.0,374.0,5.503153324127197,2.5,30.5,33.43000000000001,31.93,35.23,1.4109,1.1288,1.2498,0.5386,0.7088,50.0,28.0,3.3,Original Dataset / MOIL Ltd / IBM IMYB,original_v1
Tirodi,Madhya Pradesh,21.683554,79.746547,0.1693,0.1992,0.2199,0.3455,0.4232,0.3391,0.2221,0.027,1,Metamorphics,IND2497,342,327.0,377.0,1.3622710704803467,0.0,26.36,33.170000000000016,31.67,34.97,1.2249,0.9815,1.248,0.5196,0.8164,50.0,26.36,3.3,Original Dataset / MOIL Ltd / IBM IMYB,original_v1
Tirodi,Madhya Pradesh,21.683116,79.749241,0.1618,0.1915,0.2147,0.3164,0.4328,0.3625,0.1915,0.258,1,Metamorphics,IND2497,346,331.0,381.0,2.105516195297241,0.0,27.11,33.43000000000001,31.93,35.23,1.3679,1.1457,1.1939,0.4961,0.7311,50.0,27.11,3.3,Original Dataset / MOIL Ltd / IBM IMYB,original_v1
Tirodi,Madhya Pradesh,21.683166,79.746954,0.1857,0.2179,0.263,0.3638,0.5153,0.4278,0.1608,0.051,1,Metamorphics,IND2497,346,331.0,381.0,3.9860198497772217,0.99,28.99,33.43000000000001,31.93,35.23,1.4164,1.1759,1.2045,0.5104,0.706,50.0,28.0,3.3,Original Dataset / MOIL Ltd / IBM IMYB,original_v1
Tirodi,Madhya Pradesh,21.685879,79.744098,0.1763,0.209,0.254,0.347,0.4779,0.3989,0.1547,0.377,1,Metamorphics,IND2497,336,321.0,371.0,1.362282395362854,0.0,26.36,33.170000000000016,31.67,34.97,1.3772,1.1496,1.198,0.5315,0.7261,50.0,26.36,3.3,Original Dataset / MOIL Ltd / IBM IMYB,original_v1
Tirodi,Madhya Pradesh,21.683954,79.746111,0.1535,0.1801,0.1927,0.3083,0.3848,0.3003,0.2307,0.081,1,Metamorphics,IND2497,344,329.0,379.0,2.9534599781036377,0.0,27.95,33.170000000000016,31.67,34.97,1.2481,0.9741,1.2814,0.5008,0.8012,50.0,27.95,3.3,Original Dataset / MOIL Ltd / IBM IMYB,original_v1
Tirodi,Madhya Pradesh,21.684187,79.744605,0.1627,0.1795,0.2088,0.3013,0.4205,0.3526,0.1813,0.236,1,Metamorphics,IND2497,344,329.0,379.0,7.009592533111572,4.01,32.01,33.170000000000016,31.67,34.97,1.3956,1.1703,1.1926,0.4966,0.7165,50.0,28.0,3.3,Original Dataset / MOIL Ltd / IBM IMYB,original_v1
Tirodi,Madhya Pradesh,21.684776,79.749574,0.1721,0.1937,0.2283,0.3164,0.4435,0.3735,0.1617,0.315,1,Metamorphics,IND2497,351,336.0,386.0,2.723015069961548,0.0,27.72,33.170000000000016,31.67,34.97,1.4017,1.1805,1.1874,0.5148,0.7134,50.0,27.72,3.3,Original Dataset / MOIL Ltd / IBM IMYB,original_v1
Tirodi,Madhya Pradesh,21.683389,79.749279,0.1787,0.2047,0.238,0.3212,0.4503,0.3955,0.1488,0.257,1,Metamorphics,IND2497,347,332.0,382.0,1.362269639968872,0.0,26.36,33.170000000000016,31.67,34.97,1.4019,1.2313,1.1386,0.5285,0.7133,50.0,26.36,3.3,Original Dataset / MOIL Ltd / IBM IMYB,original_v1
Tirodi,Madhya Pradesh,21.682213,79.749066,0.1728,0.2015,0.2349,0.34,0.4664,0.3751,0.1828,0.281,1,Metamorphics,IND2497,343,328.0,378.0,2.105513572692871,0.0,27.11,33.43000000000001,31.93,35.23,1.3718,1.1032,1.2434,0.5036,0.729,50.0,27.11,3.3,Original Dataset / MOIL Ltd / IBM IMYB,original_v1
Tirodi,Madhya Pradesh,21.682213,79.745845,0.1798,0.2057,0.2349,0.3063,0.4123,0.3421,0.1319,0.183,1,Metamorphics,IND2497,346,331.0,381.0,2.722989559173584,0.0,27.72,33.43000000000001,31.93,35.23,1.3461,1.1169,1.2052,0.5697,0.7429,50.0,27.72,3.3,Original Dataset / MOIL Ltd / IBM IMYB,original_v1
Tirodi,Madhya Pradesh,21.682906,79.747455,0.1901,0.2215,0.2616,0.3714,0.5073,0.417,0.1735,0.103,1,Metamorphics,IND2497,346,331.0,381.0,4.09180212020874,1.09,29.09,33.43000000000001,31.93,35.23,1.3659,1.1228,1.2165,0.5157,0.7321,50.0,28.0,3.3,Original Dataset / MOIL Ltd / IBM IMYB,original_v1
Tirodi,Madhya Pradesh,21.683757,79.747346,0.1713,0.2017,0.2377,0.3323,0.4532,0.3759,0.166,0.059,1,Metamorphics,IND2497,345,330.0,380.0,2.9916369915008545,0.0,27.99,33.170000000000016,31.67,34.97,1.3638,1.1312,1.2056,0.5245,0.7332,50.0,27.99,3.3,Original Dataset / MOIL Ltd / IBM IMYB,original_v1
Tirodi,Madhya Pradesh,21.680642,79.746713,0.1592,0.1852,0.2088,0.2858,0.3803,0.3333,0.1557,0.329,1,Metamorphics,IND2497,341,326.0,376.0,0.9274099469184875,0.0,25.93,33.43000000000001,31.93,35.23,1.3307,1.1662,1.141,0.549,0.7515,50.0,25.93,3.3,Original Dataset / MOIL Ltd / IBM IMYB,original_v1
Tirodi,Madhya Pradesh,21.684507,79.748136,0.1683,0.1944,0.2304,0.3217,0.4388,0.3585,0.1654,0.171,1,Metamorphics,IND2497,349,334.0,384.0,0.9274099469184875,0.0,25.93,33.170000000000016,31.67,34.97,1.364,1.1144,1.224,0.5251,0.7331,50.0,25.93,3.3,Original Dataset / MOIL Ltd / IBM IMYB,original_v1
Tirodi,Madhya Pradesh,21.683115,79.74688,0.1667,0.1974,0.2242,0.3538,0.4507,0.3624,0.2242,0.055,1,Metamorphics,IND2497,344,329.0,379.0,1.362268328666687,0.0,26.36,33.43000000000001,31.93,35.23,1.2739,1.0243,1.2437,0.4974,0.785,50.0,26.36,3.3,Original Dataset / MOIL Ltd / IBM IMYB,original_v1
Tirodi,Madhya Pradesh,21.685703,79.747366,0.1529,0.1784,0.1916,0.3048,0.4014,0.3181,0.228,0.241,1,Metamorphics,IND2497,347,332.0,382.0,0.9980340003967285,0.0,26.0,33.170000000000016,31.67,34.97,1.3169,1.0436,1.2619,0.4773,0.7593,50.0,26.0,3.3,Original Dataset / MOIL Ltd / IBM IMYB,original_v1
Tirodi,Madhya Pradesh,21.680886,79.746739,0.1605,0.1854,0.2102,0.297,0.4085,0.3582,0.1711,0.302,1,Metamorphics,IND2497,340,325.0,375.0,1.8543341159820557,0.0,26.85,33.43000000000001,31.93,35.23,1.3754,1.2061,1.1404,0.5146,0.7271,50.0,26.85,3.3,Original Dataset / MOIL Ltd / IBM IMYB,original_v1
Tirodi,Madhya Pradesh,21.683044,79.746867,0.1667,0.1974,0.2242,0.3538,0.4507,0.3624,0.2242,0.062,1,Metamorphics,IND2497,344,329.0,379.0,1.362268328666687,0.0,26.36,33.43000000000001,31.93,35.23,1.2739,1.0243,1.2437,0.4974,0.785,50.0,26.36,3.3,Original Dataset / MOIL Ltd / IBM IMYB,original_v1
Tirodi,Madhya Pradesh,21.683122,79.746408,0.1659,0.1931,0.2203,0.2994,0.4231,0.3301,0.1522,0.067,1,Metamorphics,IND2497,345,330.0,380.0,2.953458070755005,0.0,27.95,33.43000000000001,31.93,35.23,1.4132,1.1025,1.2817,0.5207,0.7076,50.0,27.95,3.3,Original Dataset / MOIL Ltd / IBM IMYB,original_v1
Tirodi,Madhya Pradesh,21.685878,79.744947,0.157,0.1792,0.1978,0.306,0.3866,0.3021,0.2148,0.318,1,Metamorphics,IND2497,341,326.0,376.0,4.091884136199951,1.09,29.09,33.170000000000016,31.67,34.97,1.2634,0.9873,1.2797,0.5116,0.7915,50.0,28.0,3.3,Original Dataset / MOIL Ltd / IBM IMYB,original_v1
Tirodi,Madhya Pradesh,21.682011,79.74447,0.157,0.1861,0.1909,0.3496,0.3768,0.2948,0.2936,0.299,1,Metamorphics,IND2497,343,328.0,378.0,0.9980071187019348,0.0,26.0,33.43000000000001,31.93,35.23,1.0778,0.8432,1.2782,0.5066,0.9278,50.0,26.0,3.3,Original Dataset / MOIL Ltd / IBM IMYB,original_v1
Tirodi,Madhya Pradesh,21.682318,79.748262,0.167,0.1938,0.2251,0.3339,0.4746,0.3645,0.1946,0.208,1,Metamorphics,IND2497,344,329.0,379.0,3.4204089641571045,0.42,28.42,33.43000000000001,31.93,35.23,1.4214,1.0916,1.3021,0.4743,0.7035,50.0,28.0,3.3,Original Dataset / MOIL Ltd / IBM IMYB,original_v1
Tirodi,Madhya Pradesh,21.683285,79.746736,0.1756,0.2108,0.2382,0.3491,0.4347,0.3533,0.1888,0.036,1,Metamorphics,IND2497,343,328.0,378.0,3.131585121154785,0.13,28.13,33.170000000000016,31.67,34.97,1.2452,1.012,1.2304,0.548,0.8031,50.0,28.0,3.3,Original Dataset / MOIL Ltd / IBM IMYB,original_v1
Tirodi,Madhya Pradesh,21.683897,79.745861,0.1493,0.1701,0.175,0.2566,0.3174,0.2588,0.1891,0.103,1,Metamorphics,IND2497,343,328.0,378.0,2.7230064868927,0.0,27.72,33.170000000000016,31.67,34.97,1.2369,1.0086,1.2264,0.5514,0.8084,50.0,27.72,3.3,Original Dataset / MOIL Ltd / IBM IMYB,original_v1
Tirodi,Madhya Pradesh,21.681593,79.748797,0.1636,0.1826,0.2102,0.3079,0.4412,0.3434,0.1886,0.304,1,Metamorphics,IND2497,343,328.0,378.0,3.704791784286499,0.7,28.7,33.43000000000001,31.93,35.23,1.4329,1.1153,1.2848,0.4764,0.6979,50.0,28.0,3.3,Original Dataset / MOIL Ltd / IBM IMYB,original_v1
Tirodi,Madhya Pradesh,21.683487,79.74456,0.1555,0.1697,0.192,0.2762,0.3834,0.3287,0.1798,0.232,1,Metamorphics,IND2497,349,334.0,384.0,5.062824726104736,2.06,30.06,33.170000000000016,31.67,34.97,1.3881,1.1901,1.1664,0.5008,0.7204,50.0,28.0,3.3,Original Dataset / MOIL Ltd / IBM IMYB,original_v1
Tirodi,Madhya Pradesh,21.682732,79.744114,0.1583,0.1833,0.2056,0.3219,0.4216,0.3325,0.2205,0.294,1,Metamorphics,IND2497,350,335.0,385.0,8.763681411743164,5.76,33.76,33.43000000000001,31.93,35.23,1.3097,1.0329,1.268,0.4877,0.7635,50.0,28.0,3.3,Original Dataset / MOIL Ltd / IBM IMYB,original_v1
Tirodi,Madhya Pradesh,21.68393,79.747198,0.1638,0.187,0.2183,0.2922,0.4134,0.3195,0.1448,0.055,1,Metamorphics,IND2497,346,331.0,381.0,3.5179548263549805,0.52,28.52,33.170000000000016,31.67,34.97,1.4148,1.0934,1.2939,0.5281,0.7068,50.0,28.0,3.3,Original Dataset / MOIL Ltd / IBM IMYB,original_v1
Tirodi,Madhya Pradesh,21.683789,79.748643,0.1759,0.2063,0.2454,0.3311,0.468,0.3914,0.1487,0.192,1,Metamorphics,IND2497,347,332.0,382.0,1.3622710704803467,0.0,26.36,33.170000000000016,31.67,34.97,1.4135,1.1821,1.1957,0.5244,0.7075,50.0,26.36,3.3,Original Dataset / MOIL Ltd / IBM IMYB,original_v1
Tirodi,Madhya Pradesh,21.682986,79.749914,0.156,0.1839,0.2078,0.3134,0.4393,0.3472,0.2026,0.329,1,Metamorphics,IND2497,343,328.0,378.0,3.517935276031494,0.52,28.52,33.43000000000001,31.93,35.23,1.4017,1.1078,1.2653,0.473,0.7134,50.0,28.0,3.3,Original Dataset / MOIL Ltd / IBM IMYB,original_v1
Tirodi,Madhya Pradesh,21.681068,79.748562,0.161,0.1831,0.2117,0.2952,0.4502,0.3605,0.1647,0.336,1,Metamorphics,IND2497,340,325.0,375.0,3.836137294769287,0.84,28.84,33.43000000000001,31.93,35.23,1.5251,1.2212,1.2488,0.4702,0.6557,50.0,28.0,3.3,Original Dataset / MOIL Ltd / IBM IMYB,original_v1
Tirodi,Madhya Pradesh,21.683399,79.745977,0.1592,0.1867,0.1959,0.299,0.3547,0.2802,0.2083,0.088,1,Metamorphics,IND2497,341,326.0,376.0,3.4204177856445312,0.42,28.42,33.170000000000016,31.67,34.97,1.1863,0.9371,1.2659,0.5523,0.843,50.0,28.0,3.3,Original Dataset / MOIL Ltd / IBM IMYB,original_v1
Tirodi,Madhya Pradesh,21.681189,79.745416,0.1556,0.1793,0.2005,0.3098,0.4237,0.3252,0.2142,0.304,1,Metamorphics,IND2497,344,329.0,379.0,2.9915852546691895,0.0,27.99,33.43000000000001,31.93,35.23,1.3677,1.0497,1.3029,0.4732,0.7312,50.0,27.99,3.3,Original Dataset / MOIL Ltd / IBM IMYB,original_v1
Tirodi,Madhya Pradesh,21.68416,79.746827,0.151,0.1716,0.1935,0.2757,0.3802,0.2829,0.1752,0.062,1,Metamorphics,IND2497,346,331.0,381.0,3.420424461364746,0.42,28.42,33.170000000000016,31.67,34.97,1.379,1.0261,1.3439,0.5089,0.7251,50.0,28.0,3.3,Original Dataset / MOIL Ltd / IBM IMYB,original_v1
Tirodi,Madhya Pradesh,21.682725,79.744515,0.1756,0.207,0.2377,0.3235,0.4125,0.3274,0.1529,0.256,1,Metamorphics,IND2497,343,328.0,378.0,4.080653190612793,1.08,29.08,33.43000000000001,31.93,35.23,1.2751,1.0121,1.2599,0.5762,0.7842,50.0,28.0,3.3,Original Dataset / MOIL Ltd / IBM IMYB,original_v1
Tirodi,Madhya Pradesh,21.682821,79.747784,0.1879,0.2193,0.2592,0.3692,0.5093,0.4138,0.175,0.134,1,Metamorphics,IND2497,348,333.0,383.0,2.2000913619995117,0.0,27.2,33.43000000000001,31.93,35.23,1.3795,1.1208,1.2308,0.5089,0.7249,50.0,27.2,3.3,Original Dataset / MOIL Ltd / IBM IMYB,original_v1
Tirodi,Madhya Pradesh,21.683206,79.746204,0.1659,0.1931,0.2203,0.2994,0.4231,0.3301,0.1522,0.076,1,Metamorphics,IND2497,345,330.0,380.0,2.953458070755005,0.0,27.95,33.43000000000001,31.93,35.23,1.4132,1.1025,1.2817,0.5207,0.7076,50.0,27.95,3.3,Original Dataset / MOIL Ltd / IBM IMYB,original_v1
Tirodi,Madhya Pradesh,21.684213,79.74595,0.1606,0.187,0.2078,0.3104,0.4127,0.3181,0.198,0.111,1,Metamorphics,IND2497,344,329.0,379.0,2.7230093479156494,0.0,27.72,33.170000000000016,31.67,34.97,1.3296,1.0248,1.2974,0.5035,0.7521,50.0,27.72,3.3,Original Dataset / MOIL Ltd / IBM IMYB,original_v1
Tirodi,Madhya Pradesh,21.682571,79.748046,0.1731,0.2045,0.2383,0.3497,0.4893,0.3839,0.1895,0.172,1,Metamorphics,IND2497,346,331.0,381.0,2.1055142879486084,0.0,27.11,33.43000000000001,31.93,35.23,1.3992,1.0978,1.2746,0.487,0.7147,50.0,27.11,3.3,Original Dataset / MOIL Ltd / IBM IMYB,original_v1
Tirodi,Madhya Pradesh,21.683148,79.745755,0.1491,0.1655,0.1669,0.2191,0.3109,0.2528,0.1352,0.119,1,Metamorphics,IND2497,343,328.0,378.0,4.732856273651123,1.73,29.73,33.43000000000001,31.93,35.23,1.419,1.1538,1.2298,0.5368,0.7047,50.0,28.0,3.3,Original Dataset / MOIL Ltd / IBM IMYB,original_v1
Tirodi,Madhya Pradesh,21.681359,79.748263,0.1521,0.1686,0.1967,0.2852,0.4258,0.339,0.1836,0.292,1,Metamorphics,IND2497,339,324.0,374.0,4.756609916687012,1.76,29.76,33.43000000000001,31.93,35.23,1.493,1.1886,1.256,0.462,0.6698,50.0,28.0,3.3,Original Dataset / MOIL Ltd / IBM IMYB,original_v1
Tirodi,Madhya Pradesh,21.680902,79.747121,0.159,0.1801,0.2044,0.2799,0.4144,0.371,0.1559,0.302,1,Metamorphics,IND2497,339,324.0,374.0,2.722978353500366,0.0,27.72,33.43000000000001,31.93,35.23,1.4805,1.3255,1.117,0.4932,0.6754,50.0,27.72,3.3,Original Dataset / MOIL Ltd / IBM IMYB,original_v1
Tirodi,Madhya Pradesh,21.646817,79.732574,0.1796,0.2087,0.2471,0.319,0.4512,0.3821,0.127,4.351,0,Metamorphics,IND2497,331,316.0,366.0,3.1308603286743164,0.13,28.13,33.670000000000016,32.17,35.47,1.4144,1.1978,1.1808,0.5477,0.707,50.0,28.0,3.3,Original Dataset / MOIL Ltd / IBM IMYB,original_v1
Tirodi,Madhya Pradesh,21.671801,79.78095,0.1813,0.2134,0.2474,0.3503,0.474,0.382,0.1722,3.769,0,Metamorphics,IND2497,332,317.0,367.0,2.7228856086730957,0.0,27.72,33.09000000000003,31.59,34.89,1.3531,1.0905,1.2408,0.5219,0.739,50.0,27.72,3.3,Original Dataset / MOIL Ltd / IBM IMYB,original_v1
Tirodi,Madhya Pradesh,21.673133,79.707573,0.1507,0.1764,0.1984,0.3041,0.412,0.3118,0.2103,4.222,0,Metamorphics,IND2497,322,307.0,357.0,2.199969530105591,0.0,27.2,33.39000000000004,31.89,35.19,1.3548,1.0253,1.3214,0.4816,0.7381,50.0,27.2,3.3,Original Dataset / MOIL Ltd / IBM IMYB,original_v1
Tirodi,Madhya Pradesh,21.71762,79.699602,0.167,0.1895,0.2127,0.3098,0.4206,0.3448,0.1858,6.179,0,Metamorphics,IND2497,344,329.0,379.0,2.2005274295806885,0.0,27.2,34.09000000000003,32.59,35.89,1.3577,1.113,1.2198,0.5057,0.7366,50.0,27.2,3.3,Original Dataset / MOIL Ltd / IBM IMYB,original_v1
Tirodi,Madhya Pradesh,21.682885,79.69077,0.1617,0.1921,0.2085,0.3362,0.4539,0.3511,0.2344,5.796,0,Metamorphics,IND2497,329,314.0,364.0,1.3622668981552124,0.0,26.36,33.33000000000004,31.83,35.13,1.3501,1.0443,1.2928,0.4594,0.7407,50.0,26.36,3.3,Original Dataset / MOIL Ltd / IBM IMYB,original_v1
Tirodi,Madhya Pradesh,21.670287,79.703346,0.1624,0.1907,0.2134,0.3397,0.4264,0.3287,0.2283,4.733,0,Metamorphics,IND2497,321,306.0,356.0,0.9274099469184875,0.0,25.93,33.39000000000004,31.89,35.19,1.2552,0.9676,1.2972,0.5005,0.7967,50.0,25.93,3.3,Original Dataset / MOIL Ltd / IBM IMYB,original_v1
Tirodi,Madhya Pradesh,21.690183,79.777994,0.1667,0.2035,0.2111,0.4091,0.4254,0.3284,0.3193,3.309,0,Metamorphics,IND2497,351,336.0,386.0,2.953474283218384,0.0,27.95,34.03000000000003,32.53,35.83,1.0398,0.8027,1.2954,0.4962,0.9617,50.0,27.95,3.3,Original Dataset / MOIL Ltd / IBM IMYB,original_v1
Tirodi,Madhya Pradesh,21.662262,79.78378,0.1638,0.1915,0.2209,0.3231,0.4389,0.3487,0.1879,4.503,0,Metamorphics,IND2497,329,314.0,364.0,2.1054489612579346,0.0,27.11,33.410000000000025,31.91,35.21,1.3584,1.0792,1.2587,0.5033,0.7362,50.0,27.11,3.3,Original Dataset / MOIL Ltd / IBM IMYB,original_v1
Tirodi,Madhya Pradesh,21.668191,79.698803,0.1721,0.1985,0.229,0.3243,0.4651,0.3816,0.1722,5.253,0,Metamorphics,IND2497,323,308.0,358.0,1.3621937036514282,0.0,26.36,33.39000000000004,31.89,35.19,1.4342,1.1767,1.2188,0.4924,0.6973,50.0,26.36,3.3,Original Dataset / MOIL Ltd / IBM IMYB,original_v1
Tirodi,Madhya Pradesh,21.712431,79.796195,0.206,0.2476,0.3007,0.4149,0.5108,0.4129,0.1596,6.034,0,Metamorphics,IND2497,343,328.0,378.0,1.3624176979064941,0.0,26.36,34.210000000000036,32.71,36.01,1.2311,0.9952,1.2371,0.5887,0.8123,50.0,26.36,3.3,Original Dataset / MOIL Ltd / IBM IMYB,original_v1
Tirodi,Madhya Pradesh,21.749346,79.749153,0.1536,0.1811,0.1952,0.3409,0.3852,0.3004,0.2718,7.323,0,Metamorphics,IND2497,345,330.0,380.0,1.9963446855545044,0.0,27.0,34.83000000000004,33.33,36.63,1.13,0.8812,1.2823,0.5067,0.885,50.0,27.0,3.3,Original Dataset / MOIL Ltd / IBM IMYB,original_v1
Tirodi,Madhya Pradesh,21.699829,79.769411,0.165,0.196,0.2156,0.3581,0.4139,0.3211,0.2484,2.955,0,Metamorphics,IND2497,351,336.0,386.0,3.8361706733703613,0.84,28.84,33.53000000000003,32.03,35.33,1.1558,0.8967,1.289,0.5209,0.8652,50.0,28.0,3.3,Original Dataset / MOIL Ltd / IBM IMYB,original_v1
Tirodi,Madhya Pradesh,21.624764,79.774021,0.1628,0.1946,0.2084,0.3928,0.4621,0.3561,0.3067,7.129,0,Metamorphics,IND2497,320,305.0,355.0,0.9976115226745605,0.0,26.0,34.110000000000014,32.61,35.91,1.1764,0.9066,1.2977,0.451,0.85,50.0,26.0,3.3,Original Dataset / MOIL Ltd / IBM IMYB,original_v1
Tirodi,Madhya Pradesh,21.68807,79.773638,0.1437,0.1634,0.1556,0.208,0.2198,0.1913,0.1441,2.82,0,Metamorphics,IND2497,339,324.0,374.0,1.3622936010360718,0.0,26.36,34.03000000000003,32.53,35.83,1.0567,0.9197,1.149,0.7079,0.9463,50.0,26.36,3.3,Original Dataset / MOIL Ltd / IBM IMYB,original_v1
Tirodi,Madhya Pradesh,21.708923,79.753389,0.1932,0.2378,0.2745,0.4191,0.5066,0.4032,0.2085,2.9,0,Metamorphics,IND2497,352,337.0,387.0,2.2004191875457764,0.0,27.2,34.05000000000001,32.55,35.85,1.2088,0.9621,1.2564,0.5418,0.8273,50.0,27.2,3.3,Original Dataset / MOIL Ltd / IBM IMYB,original_v1
Tirodi,Madhya Pradesh,21.723131,79.74263,0.2142,0.2585,0.3103,0.4266,0.5429,0.4349,0.1578,4.422,0,Metamorphics,IND2497,355,340.0,390.0,0.0,0.0,25.0,33.99000000000001,32.49,35.79,1.2726,1.0195,1.2483,0.5716,0.7858,50.0,25.0,3.3,Original Dataset / MOIL Ltd / IBM IMYB,original_v1
Tirodi,Madhya Pradesh,21.634001,79.739714,0.1897,0.224,0.2572,0.3804,0.4847,0.4007,0.1932,5.57,0,Metamorphics,IND2497,325,310.0,360.0,1.36202073097229,0.0,26.36,33.690000000000055,32.19,35.49,1.2742,1.0534,1.2096,0.5306,0.7848,50.0,26.36,3.3,Original Dataset / MOIL Ltd / IBM IMYB,original_v1
Tirodi,Madhya Pradesh,21.639071,79.713134,0.1616,0.1844,0.2179,0.3167,0.4437,0.3548,0.1848,6.058,0,Metamorphics,IND2497,310,295.0,345.0,0.9274099469184875,0.0,25.93,34.150000000000034,32.65,35.95,1.401,1.1203,1.2506,0.4911,0.7138,50.0,25.93,3.3,Original Dataset / MOIL Ltd / IBM IMYB,original_v1
Tirodi,Madhya Pradesh,21.711332,79.683614,0.1764,0.2088,0.2392,0.3651,0.4718,0.3811,0.2083,7.229,0,Metamorphics,IND2497,344,329.0,379.0,2.72328519821167,0.0,27.72,33.81,32.31,35.61,1.2922,1.0438,1.238,0.507,0.7738,50.0,27.72,3.3,Original Dataset / MOIL Ltd / IBM IMYB,original_v1
Tirodi,Madhya Pradesh,21.636103,79.76742,0.1519,0.1743,0.1912,0.296,0.4103,0.3145,0.2151,5.701,0,Metamorphics,IND2497,312,297.0,347.0,2.1995034217834473,0.0,27.2,33.150000000000034,31.65,34.95,1.3861,1.0625,1.3046,0.466,0.7214,50.0,27.2,3.3,Original Dataset / MOIL Ltd / IBM IMYB,original_v1
Tirodi,Madhya Pradesh,21.666194,79.718524,0.167,0.1894,0.2083,0.3024,0.4133,0.3538,0.1843,3.509,0,Metamorphics,IND2497,320,305.0,355.0,0.9978975057601929,0.0,26.0,33.670000000000016,32.17,35.47,1.3667,1.17,1.1682,0.504,0.7317,50.0,26.0,3.3,Original Dataset / MOIL Ltd / IBM IMYB,original_v1
Tirodi,Madhya Pradesh,21.670463,79.80822,0.1492,0.1712,0.1746,0.3071,0.3162,0.2497,0.2751,6.52,0,Metamorphics,IND2497,333,318.0,368.0,1.9952514171600342,0.0,27.0,31.750000000000057,30.25,33.55,1.0296,0.8131,1.2663,0.5522,0.9712,50.0,27.0,3.3,Original Dataset / MOIL Ltd / IBM IMYB,original_v1
Tirodi,Madhya Pradesh,21.664167,79.731703,0.2255,0.2552,0.2826,0.3339,0.422,0.3656,0.0832,2.668,0,Metamorphics,IND2497,330,315.0,365.0,4.39324951171875,1.39,29.39,33.51000000000005,32.01,35.31,1.2639,1.0949,1.1543,0.6697,0.7912,50.0,28.0,3.3,Original Dataset / MOIL Ltd / IBM IMYB,original_v1
Tirodi,Madhya Pradesh,21.688843,79.795575,0.1807,0.2116,0.2449,0.3577,0.4616,0.3716,0.1872,5.079,0,Metamorphics,IND2497,345,330.0,380.0,0.9980551600456238,0.0,26.0,34.170000000000016,32.67,35.97,1.2905,1.0389,1.2422,0.5305,0.7749,50.0,26.0,3.3,Original Dataset / MOIL Ltd / IBM IMYB,original_v1
Tirodi,Madhya Pradesh,21.712902,79.75407,0.2025,0.2348,0.2872,0.4084,0.5225,0.4093,0.1742,3.347,0,Metamorphics,IND2497,356,341.0,391.0,4.394464015960693,1.39,29.39,34.05000000000001,32.55,35.85,1.2794,1.0022,1.2766,0.5497,0.7816,50.0,28.0,3.3,Original Dataset / MOIL Ltd / IBM IMYB,original_v1
Tirodi,Madhya Pradesh,21.716804,79.746864,0.1873,0.2235,0.25,0.3853,0.45,0.3551,0.213,3.696,0,Metamorphics,IND2497,351,336.0,386.0,5.310020446777344,2.31,30.31,34.03000000000003,32.53,35.83,1.1679,0.9216,1.2672,0.5556,0.8562,50.0,28.0,3.3,Original Dataset / MOIL Ltd / IBM IMYB,original_v1
Tirodi,Madhya Pradesh,21.713124,79.746165,0.1732,0.2022,0.235,0.3524,0.4907,0.3927,0.1999,3.287,0,Metamorphics,IND2497,349,334.0,384.0,2.10561466217041,0.0,27.11,33.83000000000004,32.33,35.63,1.3925,1.1144,1.2496,0.4789,0.7182,50.0,27.11,3.3,Original Dataset / MOIL Ltd / IBM IMYB,original_v1
Tirodi,Madhya Pradesh,21.648909,79.796117,0.1709,0.1955,0.2296,0.3263,0.4746,0.3804,0.174,6.398,0,Metamorphics,IND2497,323,308.0,358.0,4.205138206481934,1.21,29.21,33.35000000000002,31.85,35.15,1.4545,1.1658,1.2476,0.4838,0.6875,50.0,28.0,3.3,Original Dataset / MOIL Ltd / IBM IMYB,original_v1
Tirodi,Madhya Pradesh,21.649133,79.724523,0.165,0.1921,0.2191,0.2954,0.4268,0.3674,0.1483,4.476,0,Metamorphics,IND2497,312,297.0,347.0,0.9274099469184875,0.0,25.93,33.81,32.31,35.61,1.4448,1.2437,1.1617,0.5134,0.6921,50.0,25.93,3.3,Original Dataset / MOIL Ltd / IBM IMYB,original_v1
Tirodi,Madhya Pradesh,21.679849,79.697772,0.1643,0.1938,0.2073,0.3621,0.3926,0.3152,0.2719,5.089,0,Metamorphics,IND2497,331,316.0,366.0,2.200056552886963,0.0,27.2,33.33000000000004,31.83,35.13,1.0842,0.8705,1.2456,0.528,0.9223,50.0,27.2,3.3,Original Dataset / MOIL Ltd / IBM IMYB,original_v1
Tirodi,Madhya Pradesh,21.70515,79.761551,0.1972,0.2298,0.263,0.3782,0.4902,0.3881,0.1797,2.843,0,Metamorphics,IND2497,353,338.0,388.0,2.1055891513824463,0.0,27.11,33.83000000000004,32.33,35.63,1.2961,1.0262,1.2631,0.5365,0.7715,50.0,27.11,3.3,Original Dataset / MOIL Ltd / IBM IMYB,original_v1
Tirodi,Madhya Pradesh,21.700529,79.713544,0.213,0.2488,0.2898,0.3848,0.4856,0.4092,0.1408,3.922,0,Metamorphics,IND2497,330,315.0,365.0,3.5182480812072754,0.52,28.52,33.53000000000003,32.03,35.33,1.262,1.0634,1.1867,0.5968,0.7924,50.0,28.0,3.3,Original Dataset / MOIL Ltd / IBM IMYB,original_v1
Tirodi,Madhya Pradesh,21.646861,79.80261,0.1686,0.1973,0.2237,0.3484,0.4706,0.3674,0.218,7.075,0,Metamorphics,IND2497,330,315.0,365.0,3.4201231002807617,0.42,28.42,33.35000000000002,31.85,35.15,1.3507,1.0545,1.2809,0.4754,0.7403,50.0,28.0,3.3,Original Dataset / MOIL Ltd / IBM IMYB,original_v1
Tirodi,Madhya Pradesh,21.672704,79.816551,0.1813,0.213,0.2442,0.3594,0.4278,0.337,0.1909,7.316,0,Metamorphics,IND2497,338,323.0,373.0,0.9979417324066162,0.0,26.0,31.750000000000057,30.25,33.55,1.1903,0.9377,1.2694,0.5708,0.8401,50.0,26.0,3.3,Original Dataset / MOIL Ltd / IBM IMYB,original_v1
Tirodi,Madhya Pradesh,21.700572,79.797061,0.1666,0.2014,0.2288,0.375,0.4479,0.3555,0.2421,5.532,0,Metamorphics,IND2497,354,339.0,389.0,4.09227991104126,1.09,29.09,33.85000000000002,32.35,35.65,1.1944,0.948,1.2599,0.5108,0.8372,50.0,28.0,3.3,Original Dataset / MOIL Ltd / IBM IMYB,original_v1
Tirodi,Madhya Pradesh,21.626366,79.715462,0.1873,0.2209,0.2539,0.3588,0.4876,0.4036,0.1712,7.149,0,Metamorphics,IND2497,307,292.0,342.0,1.3619813919067383,0.0,26.36,33.710000000000036,32.21,35.51,1.359,1.1249,1.2081,0.5207,0.7358,50.0,26.36,3.3,Original Dataset / MOIL Ltd / IBM IMYB,original_v1
Tirodi,Madhya Pradesh,21.655071,79.767068,0.1719,0.1858,0.2081,0.2906,0.4369,0.3558,0.1654,3.806,0,Metamorphics,IND2497,322,307.0,357.0,0.9978206753730774,0.0,26.0,33.710000000000036,32.21,35.51,1.5034,1.2244,1.2279,0.4763,0.6651,50.0,26.0,3.3,Original Dataset / MOIL Ltd / IBM IMYB,original_v1
Tirodi,Madhya Pradesh,21.708071,79.759678,0.1632,0.1917,0.2071,0.3448,0.3489,0.2711,0.2495,3.032,0,Metamorphics,IND2497,351,336.0,386.0,1.9957704544067383,0.0,27.0,33.83000000000004,32.33,35.63,1.0119,0.7863,1.287,0.5936,0.9882,50.0,27.0,3.3,Original Dataset / MOIL Ltd / IBM IMYB,original_v1
Tirodi,Madhya Pradesh,21.717316,79.734254,0.1779,0.2109,0.2449,0.3617,0.4704,0.384,0.1925,3.971,0,Metamorphics,IND2497,352,337.0,387.0,1.3624416589736938,0.0,26.36,34.03000000000003,32.53,35.83,1.3005,1.0617,1.225,0.5206,0.7689,50.0,26.36,3.3,Original Dataset / MOIL Ltd / IBM IMYB,original_v1
Tirodi,Madhya Pradesh,21.739971,79.72988,0.1806,0.2104,0.2394,0.3481,0.4477,0.3594,0.185,6.515,0,Metamorphics,IND2497,353,338.0,388.0,0.0,0.0,25.0,33.97000000000003,32.47,35.77,1.2861,1.0325,1.2457,0.5347,0.7775,50.0,25.0,3.3,Original Dataset / MOIL Ltd / IBM IMYB,original_v1
Tirodi,Madhya Pradesh,21.707485,79.685452,0.1763,0.2076,0.2322,0.3472,0.4746,0.397,0.1985,6.881,0,Metamorphics,IND2497,348,333.0,383.0,7.444602012634277,4.44,32.44,33.25000000000006,31.75,35.05,1.3669,1.1434,1.1955,0.4893,0.7316,50.0,28.0,3.3,Original Dataset / MOIL Ltd / IBM IMYB,original_v1
Tirodi,Madhya Pradesh,21.667015,79.698006,0.1595,0.1865,0.2134,0.3296,0.4375,0.34,0.214,5.374,0,Metamorphics,IND2497,326,311.0,361.0,3.9855759143829346,0.99,28.99,33.39000000000004,31.89,35.19,1.3274,1.0316,1.2868,0.4878,0.7534,50.0,28.0,3.3,Original Dataset / MOIL Ltd / IBM IMYB,original_v1
Tirodi,Madhya Pradesh,21.62287,79.719407,0.1776,0.206,0.2509,0.334,0.4531,0.3949,0.1421,7.33,0,Metamorphics,IND2497,302,287.0,337.0,1.361963152885437,0.0,26.36,33.51000000000005,32.01,35.31,1.3566,1.1823,1.1474,0.5537,0.7371,50.0,26.36,3.3,Original Dataset / MOIL Ltd / IBM IMYB,original_v1
Tirodi,Madhya Pradesh,21.686277,79.685483,0.1613,0.1847,0.2214,0.2881,0.4142,0.3468,0.1309,6.35,0,Metamorphics,IND2497,335,320.0,370.0,1.3622851371765137,0.0,26.36,33.690000000000055,32.19,35.49,1.4377,1.2037,1.1943,0.5345,0.6956,50.0,26.36,3.3,Original Dataset / MOIL Ltd / IBM IMYB,original_v1
Tirodi,Madhya Pradesh,21.620149,79.76486,0.2162,0.2643,0.3232,0.4328,0.5603,0.4806,0.145,7.306,0,Metamorphics,IND2497,309,294.0,344.0,2.9533112049102783,0.0,27.95,32.83000000000004,31.33,34.63,1.2946,1.1104,1.1658,0.5768,0.7724,50.0,27.95,3.3,Original Dataset / MOIL Ltd / IBM IMYB,original_v1
Sitapatore,Madhya Pradesh,21.665173,79.665768,0.1664,0.1907,0.2151,0.2947,0.4356,0.3446,0.1561,0.186,1,Metamorphics,IND2497,331,316.0,366.0,2.105457067489624,0.0,27.11,33.170000000000016,31.67,34.97,1.4781,1.1693,1.2641,0.4938,0.6765,50.0,27.11,3.3,Original Dataset / MOIL Ltd / IBM IMYB,original_v1
Sitapatore,Madhya Pradesh,21.6668,79.666893,0.1376,0.1556,0.1605,0.2846,0.3138,0.2442,0.2788,0.03,1,Metamorphics,IND2497,329,314.0,364.0,2.1054625511169434,0.0,27.11,33.09000000000003,31.59,34.89,1.1026,0.858,1.285,0.5115,0.9069,50.0,27.11,3.3,Original Dataset / MOIL Ltd / IBM IMYB,original_v1
Sitapatore,Madhya Pradesh,21.666334,79.666381,0.1493,0.1732,0.1816,0.2923,0.3729,0.2921,0.2336,0.044,1,Metamorphics,IND2497,329,314.0,364.0,4.7564191818237305,1.76,29.76,33.170000000000016,31.67,34.97,1.2757,0.9993,1.2766,0.487,0.7839,50.0,28.0,3.3,Original Dataset / MOIL Ltd / IBM IMYB,original_v1
Sitapatore,Madhya Pradesh,21.665095,79.663426,0.173,0.1983,0.2356,0.2989,0.4521,0.4016,0.1184,0.378,1,Metamorphics,IND2497,332,317.0,367.0,2.7228152751922607,0.0,27.72,33.170000000000016,31.67,34.97,1.5125,1.3436,1.1257,0.5211,0.6611,50.0,27.72,3.3,Original Dataset / MOIL Ltd / IBM IMYB,original_v1
Sitapatore,Madhya Pradesh,21.666229,79.66761,0.1479,0.17,0.1794,0.2813,0.3631,0.2974,0.2212,0.103,1,Metamorphics,IND2497,328,313.0,363.0,3.8361103534698486,0.84,28.84,33.170000000000016,31.67,34.97,1.2908,1.0572,1.2209,0.4941,0.7747,50.0,28.0,3.3,Original Dataset / MOIL Ltd / IBM IMYB,original_v1
Sitapatore,Madhya Pradesh,21.663348,79.666336,0.1869,0.2176,0.2477,0.3583,0.4941,0.4018,0.1825,0.364,1,Metamorphics,IND2497,331,316.0,366.0,0.9274099469184875,0.0,25.93,33.170000000000016,31.67,34.97,1.379,1.1214,1.2297,0.5013,0.7252,50.0,25.93,3.3,Original Dataset / MOIL Ltd / IBM IMYB,original_v1
Sitapatore,Madhya Pradesh,21.666704,79.666502,0.1466,0.1713,0.1737,0.3033,0.3704,0.2822,0.2717,0.024,1,Metamorphics,IND2497,331,316.0,366.0,2.722832202911377,0.0,27.72,33.09000000000003,31.59,34.89,1.2212,0.9304,1.3125,0.469,0.8188,50.0,27.72,3.3,Original Dataset / MOIL Ltd / IBM IMYB,original_v1
Sitapatore,Madhya Pradesh,21.667419,79.667283,0.1306,0.1447,0.1439,0.2542,0.2153,0.178,0.2771,0.109,1,Metamorphics,IND2497,328,313.0,363.0,2.1054651737213135,0.0,27.11,33.09000000000003,31.59,34.89,0.847,0.7002,1.2096,0.6684,1.1807,50.0,27.11,3.3,Original Dataset / MOIL Ltd / IBM IMYB,original_v1
Sitapatore,Madhya Pradesh,21.667619,79.664411,0.1661,0.1863,0.219,0.2898,0.4208,0.3444,0.1392,0.263,1,Metamorphics,IND2497,336,321.0,371.0,0.9979071021080017,0.0,26.0,33.09000000000003,31.59,34.89,1.452,1.1884,1.2218,0.5204,0.6887,50.0,26.0,3.3,Original Dataset / MOIL Ltd / IBM IMYB,original_v1
Sitapatore,Madhya Pradesh,21.666987,79.666509,0.1544,0.1785,0.1969,0.3097,0.4011,0.3162,0.2227,0.047,1,Metamorphics,IND2497,331,316.0,366.0,2.19989275932312,0.0,27.2,33.09000000000003,31.59,34.89,1.2951,1.021,1.2685,0.4909,0.7721,50.0,27.2,3.3,Original Dataset / MOIL Ltd / IBM IMYB,original_v1
Sitapatore,Madhya Pradesh,21.665558,79.668173,0.1519,0.1738,0.1889,0.2888,0.3827,0.3022,0.2091,0.192,1,Metamorphics,IND2497,328,313.0,363.0,0.9274099469184875,0.0,25.93,33.170000000000016,31.67,34.97,1.3251,1.0464,1.2664,0.4936,0.7546,50.0,25.93,3.3,Original Dataset / MOIL Ltd / IBM IMYB,original_v1
Sitapatore,Madhya Pradesh,21.666233,79.669982,0.1465,0.1719,0.1802,0.2956,0.3815,0.3019,0.2425,0.342,1,Metamorphics,IND2497,329,314.0,364.0,3.131244421005249,0.13,28.13,33.170000000000016,31.67,34.97,1.2906,1.0213,1.2637,0.4723,0.7748,50.0,28.0,3.3,Original Dataset / MOIL Ltd / IBM IMYB,original_v1
Sitapatore,Madhya Pradesh,21.665277,79.663515,0.1658,0.186,0.2142,0.288,0.4246,0.365,0.147,0.361,1,Metamorphics,IND2497,333,318.0,368.0,0.9274099469184875,0.0,25.93,33.170000000000016,31.67,34.97,1.4743,1.2674,1.1633,0.5045,0.6783,50.0,25.93,3.3,Original Dataset / MOIL Ltd / IBM IMYB,original_v1
Sitapatore,Madhya Pradesh,21.663478,79.666721,0.1911,0.2214,0.2561,0.3685,0.497,0.4045,0.18,0.348,1,Metamorphics,IND2497,331,316.0,366.0,0.0,0.0,25.0,33.170000000000016,31.67,34.97,1.3487,1.0977,1.2287,0.5153,0.7414,50.0,25.0,3.3,Original Dataset / MOIL Ltd / IBM IMYB,original_v1
Sitapatore,Madhya Pradesh,21.666525,79.665816,0.1589,0.1779,0.2041,0.2846,0.4233,0.3515,0.1647,0.092,1,Metamorphics,IND2497,332,317.0,367.0,1.9951938390731812,0.0,27.0,33.170000000000016,31.67,34.97,1.4874,1.2351,1.2043,0.4822,0.6723,50.0,27.0,3.3,Original Dataset / MOIL Ltd / IBM IMYB,original_v1
Sitapatore,Madhya Pradesh,21.667405,79.669812,0.1553,0.1772,0.1943,0.3025,0.3833,0.3073,0.2178,0.334,1,Metamorphics,IND2497,332,317.0,367.0,0.9979071021080017,0.0,26.0,33.09000000000003,31.59,34.89,1.2671,1.0159,1.2473,0.5069,0.7892,50.0,26.0,3.3,Original Dataset / MOIL Ltd / IBM IMYB,original_v1
Sitapatore,Madhya Pradesh,21.666602,79.667599,0.1477,0.1731,0.1767,0.2997,0.3494,0.2727,0.2582,0.093,1,Metamorphics,IND2497,332,317.0,367.0,1.8543341159820557,0.0,26.85,33.09000000000003,31.59,34.89,1.1658,0.9099,1.2813,0.5057,0.8578,50.0,26.85,3.3,Original Dataset / MOIL Ltd / IBM IMYB,original_v1
Sitapatore,Madhya Pradesh,21.667814,79.668648,0.1497,0.1726,0.1901,0.2887,0.3575,0.2802,0.2059,0.243,1,Metamorphics,IND2497,333,318.0,368.0,1.8543341159820557,0.0,26.85,33.09000000000003,31.59,34.89,1.2383,0.9706,1.2759,0.5317,0.8076,50.0,26.85,3.3,Original Dataset / MOIL Ltd / IBM IMYB,original_v1
Sitapatore,Madhya Pradesh,21.66706,79.666429,0.1544,0.1785,0.1969,0.3097,0.4011,0.3162,0.2227,0.058,1,Metamorphics,IND2497,331,316.0,366.0,2.19989275932312,0.0,27.2,33.09000000000003,31.59,34.89,1.2951,1.021,1.2685,0.4909,0.7721,50.0,27.2,3.3,Original Dataset / MOIL Ltd / IBM IMYB,original_v1
Sitapatore,Madhya Pradesh,21.665376,79.664522,0.1624,0.1822,0.2078,0.2768,0.4109,0.3303,0.1424,0.263,1,Metamorphics,IND2497,334,319.0,369.0,2.991257429122925,0.0,27.99,33.170000000000016,31.67,34.97,1.4845,1.1933,1.244,0.5057,0.6736,50.0,27.99,3.3,Original Dataset / MOIL Ltd / IBM IMYB,original_v1
Sitapatore,Madhya Pradesh,21.666793,79.66438,0.1607,0.1866,0.2112,0.3083,0.4229,0.3356,0.1869,0.241,1,Metamorphics,IND2497,335,320.0,370.0,3.5176517963409424,0.52,28.52,33.09000000000003,31.59,34.89,1.3717,1.0886,1.2601,0.4994,0.729,50.0,28.0,3.3,Original Dataset / MOIL Ltd / IBM IMYB,original_v1
Sitapatore,Madhya Pradesh,21.668463,79.667245,0.1337,0.1492,0.1435,0.2161,0.235,0.1957,0.2019,0.215,1,Metamorphics,IND2497,329,314.0,364.0,1.3621950149536133,0.0,26.36,33.09000000000003,31.59,34.89,1.0875,0.9056,1.2008,0.6106,0.9196,50.0,26.36,3.3,Original Dataset / MOIL Ltd / IBM IMYB,original_v1
Sitapatore,Madhya Pradesh,21.665337,79.665413,0.1564,0.1812,0.1912,0.3274,0.4113,0.3143,0.2626,0.194,1,Metamorphics,IND2497,335,320.0,370.0,6.7803449630737305,3.78,31.78,33.170000000000016,31.67,34.97,1.2563,0.96,1.3086,0.4649,0.796,50.0,28.0,3.3,Original Dataset / MOIL Ltd / IBM IMYB,original_v1
Sitapatore,Madhya Pradesh,21.668364,79.666525,0.1493,0.1722,0.1752,0.2877,0.3659,0.2879,0.243,0.197,1,Metamorphics,IND2497,331,316.0,366.0,2.1999101638793945,0.0,27.2,33.09000000000003,31.59,34.89,1.2718,1.0007,1.2709,0.4788,0.7863,50.0,27.2,3.3,Original Dataset / MOIL Ltd / IBM IMYB,original_v1
Sitapatore,Madhya Pradesh,21.668691,79.664266,0.1634,0.1846,0.2035,0.3078,0.3958,0.3199,0.204,0.343,1,Metamorphics,IND2497,337,322.0,372.0,1.9952245950698853,0.0,27.0,33.09000000000003,31.59,34.89,1.2859,1.0393,1.2373,0.5141,0.7777,50.0,27.0,3.3,Original Dataset / MOIL Ltd / IBM IMYB,original_v1
Sitapatore,Madhya Pradesh,21.668358,79.666514,0.1493,0.1722,0.1752,0.2877,0.3659,0.2879,0.243,0.197,1,Metamorphics,IND2497,331,316.0,366.0,2.1999101638793945,0.0,27.2,33.09000000000003,31.59,34.89,1.2718,1.0007,1.2709,0.4788,0.7863,50.0,27.2,3.3,Original Dataset / MOIL Ltd / IBM IMYB,original_v1
Sitapatore,Madhya Pradesh,21.666006,79.67002,0.1454,0.1693,0.1767,0.2882,0.3666,0.2765,0.2398,0.35,1,Metamorphics,IND2497,328,313.0,363.0,1.3621809482574463,0.0,26.36,33.170000000000016,31.67,34.97,1.272,0.9594,1.3259,0.482,0.7861,50.0,26.36,3.3,Original Dataset / MOIL Ltd / IBM IMYB,original_v1
Sitapatore,Madhya Pradesh,21.665804,79.666252,0.1522,0.1793,0.1894,0.3032,0.3926,0.3149,0.231,0.1,1,Metamorphics,IND2497,329,314.0,364.0,3.9855451583862305,0.99,28.99,33.170000000000016,31.67,34.97,1.2949,1.0386,1.2467,0.4824,0.7723,50.0,28.0,3.3,Original Dataset / MOIL Ltd / IBM IMYB,original_v1
Sitapatore,Madhya Pradesh,21.666708,79.666336,0.1585,0.1823,0.2073,0.3095,0.4183,0.3277,0.1978,0.039,1,Metamorphics,IND2497,331,316.0,366.0,0.9274099469184875,0.0,25.93,33.09000000000003,31.59,34.89,1.3515,1.0588,1.2765,0.4956,0.7399,50.0,25.93,3.3,Original Dataset / MOIL Ltd / IBM IMYB,original_v1
Sitapatore,Madhya Pradesh,21.66493,79.666229,0.1681,0.1896,0.2183,0.2852,0.4399,0.3643,0.1329,0.192,1,Metamorphics,IND2497,331,316.0,366.0,0.9274099469184875,0.0,25.93,33.170000000000016,31.67,34.97,1.5424,1.2773,1.2075,0.4962,0.6483,50.0,25.93,3.3,Original Dataset / MOIL Ltd / IBM IMYB,original_v1
Sitapatore,Madhya Pradesh,21.665183,79.667902,0.1672,0.1875,0.2214,0.2925,0.4433,0.3793,0.1384,0.201,1,Metamorphics,IND2497,328,313.0,363.0,0.9978898167610168,0.0,26.0,33.170000000000016,31.67,34.97,1.5156,1.2968,1.1687,0.4994,0.6598,50.0,26.0,3.3,Original Dataset / MOIL Ltd / IBM IMYB,original_v1
Sitapatore,Madhya Pradesh,21.667692,79.668999,0.1421,0.1674,0.1709,0.2925,0.3397,0.2588,0.2624,0.267,1,Metamorphics,IND2497,332,317.0,367.0,3.420292854309082,0.42,28.42,33.09000000000003,31.59,34.89,1.1614,0.8848,1.3126,0.5031,0.8611,50.0,28.0,3.3,Original Dataset / MOIL Ltd / IBM IMYB,original_v1
Sitapatore,Madhya Pradesh,21.665534,79.663297,0.1703,0.1967,0.2318,0.3334,0.4407,0.3815,0.1798,0.372,1,Metamorphics,IND2497,333,318.0,368.0,0.9274099469184875,0.0,25.93,33.170000000000016,31.67,34.97,1.3218,1.1443,1.1552,0.526,0.7565,50.0,25.93,3.3,Original Dataset / MOIL Ltd / IBM IMYB,original_v1
Sitapatore,Madhya Pradesh,21.665978,79.665035,0.1512,0.1799,0.1887,0.3223,0.415,0.309,0.2614,0.186,1,Metamorphics,IND2497,336,321.0,371.0,3.4202771186828613,0.42,28.42,33.170000000000016,31.67,34.97,1.2876,0.9587,1.343,0.4547,0.7766,50.0,28.0,3.3,Original Dataset / MOIL Ltd / IBM IMYB,original_v1
Sitapatore,Madhya Pradesh,21.666653,79.666927,0.1371,0.1539,0.1505,0.2445,0.2615,0.2109,0.238,0.024,1,Metamorphics,IND2497,330,315.0,365.0,1.9951976537704468,0.0,27.0,33.09000000000003,31.59,34.89,1.0695,0.8626,1.2399,0.5755,0.935,50.0,27.0,3.3,Original Dataset / MOIL Ltd / IBM IMYB,original_v1
Sitapatore,Madhya Pradesh,21.66566,79.668671,0.1417,0.1694,0.1624,0.3005,0.3356,0.2488,0.2983,0.229,1,Metamorphics,IND2497,328,313.0,363.0,0.9978936910629272,0.0,26.0,33.170000000000016,31.67,34.97,1.1168,0.828,1.3489,0.4839,0.8954,50.0,26.0,3.3,Original Dataset / MOIL Ltd / IBM IMYB,original_v1
Sitapatore,Madhya Pradesh,21.666468,79.669021,0.1597,0.1847,0.214,0.3002,0.4388,0.3587,0.1676,0.241,1,Metamorphics,IND2497,328,313.0,363.0,2.199885845184326,0.0,27.2,33.170000000000016,31.67,34.97,1.4617,1.1949,1.2233,0.4877,0.6841,50.0,27.2,3.3,Original Dataset / MOIL Ltd / IBM IMYB,original_v1
Sitapatore,Madhya Pradesh,21.666758,79.668795,0.1503,0.1747,0.1901,0.2886,0.3876,0.3063,0.2058,0.217,1,Metamorphics,IND2497,329,314.0,364.0,0.0,0.0,25.0,33.09000000000003,31.59,34.89,1.343,1.0613,1.2654,0.4905,0.7446,50.0,25.0,3.3,Original Dataset / MOIL Ltd / IBM IMYB,original_v1
Sitapatore,Madhya Pradesh,21.665308,79.665504,0.1564,0.1812,0.1912,0.3274,0.4113,0.3143,0.2626,0.19,1,Metamorphics,IND2497,335,320.0,370.0,6.7803449630737305,3.78,31.78,33.170000000000016,31.67,34.97,1.2563,0.96,1.3086,0.4649,0.796,50.0,28.0,3.3,Original Dataset / MOIL Ltd / IBM IMYB,original_v1
Sitapatore,Madhya Pradesh,21.665237,79.666711,0.1637,0.1871,0.2139,0.307,0.432,0.3364,0.1787,0.152,1,Metamorphics,IND2497,326,311.0,361.0,2.1054580211639404,0.0,27.11,33.170000000000016,31.67,34.97,1.4072,1.0958,1.2842,0.4951,0.7106,50.0,27.11,3.3,Original Dataset / MOIL Ltd / IBM IMYB,original_v1
Sitapatore,Madhya Pradesh,21.666338,79.665818,0.1589,0.1779,0.2041,0.2846,0.4233,0.3515,0.1647,0.096,1,Metamorphics,IND2497,332,317.0,367.0,1.9951938390731812,0.0,27.0,33.170000000000016,31.67,34.97,1.4874,1.2351,1.2043,0.4822,0.6723,50.0,27.0,3.3,Original Dataset / MOIL Ltd / IBM IMYB,original_v1
Sitapatore,Madhya Pradesh,21.667443,79.66552,0.1576,0.1814,0.1997,0.2938,0.3995,0.321,0.1907,0.154,1,Metamorphics,IND2497,335,320.0,370.0,2.199899911880493,0.0,27.2,33.09000000000003,31.59,34.89,1.3598,1.0926,1.2445,0.4999,0.7354,50.0,27.2,3.3,Original Dataset / MOIL Ltd / IBM IMYB,original_v1
Sitapatore,Madhya Pradesh,21.667062,79.667755,0.1427,0.1637,0.1631,0.2889,0.3272,0.2505,0.2783,0.121,1,Metamorphics,IND2497,332,317.0,367.0,0.9979032874107361,0.0,26.0,33.09000000000003,31.59,34.89,1.1326,0.8671,1.3062,0.4985,0.8829,50.0,26.0,3.3,Original Dataset / MOIL Ltd / IBM IMYB,original_v1
Sitapatore,Madhya Pradesh,21.666064,79.666402,0.1494,0.1738,0.1872,0.2813,0.3778,0.3028,0.2009,0.067,1,Metamorphics,IND2497,327,312.0,362.0,2.7228267192840576,0.0,27.72,33.170000000000016,31.67,34.97,1.3431,1.0764,1.2477,0.4955,0.7446,50.0,27.72,3.3,Original Dataset / MOIL Ltd / IBM IMYB,original_v1
Sitapatore,Madhya Pradesh,21.667344,79.66728,0.1359,0.1515,0.1523,0.2442,0.2527,0.2028,0.2318,0.102,1,Metamorphics,IND2497,329,314.0,364.0,3.420288324356079,0.42,28.42,33.09000000000003,31.59,34.89,1.0348,0.8305,1.2461,0.6027,0.9664,50.0,28.0,3.3,Original Dataset / MOIL Ltd / IBM IMYB,original_v1
Sitapatore,Madhya Pradesh,21.66968,79.703764,0.1674,0.195,0.2252,0.3406,0.4822,0.3744,0.204,3.85,0,Metamorphics,IND2497,321,306.0,356.0,1.3622007369995117,0.0,26.36,33.39000000000004,31.89,35.19,1.4157,1.0992,1.2879,0.467,0.7063,50.0,26.36,3.3,Original Dataset / MOIL Ltd / IBM IMYB,original_v1
Sitapatore,Madhya Pradesh,21.635919,79.697359,0.1652,0.186,0.2119,0.3187,0.4483,0.3624,0.2013,4.661,0,Metamorphics,IND2497,318,303.0,353.0,1.3620291948318481,0.0,26.36,33.63000000000005,32.13,35.43,1.4067,1.1371,1.237,0.4727,0.7109,50.0,26.36,3.3,Original Dataset / MOIL Ltd / IBM IMYB,original_v1
Sitapatore,Madhya Pradesh,21.694658,79.658776,0.154,0.1722,0.1948,0.299,0.3826,0.3022,0.211,3.229,0,Metamorphics,IND2497,347,332.0,382.0,1.9955857992172241,0.0,27.0,34.07000000000005,32.57,35.87,1.2796,1.0107,1.266,0.5091,0.7815,50.0,27.0,3.3,Original Dataset / MOIL Ltd / IBM IMYB,original_v1
Sitapatore,Madhya Pradesh,21.676598,79.637208,0.1613,0.181,0.1971,0.2871,0.3834,0.314,0.1859,3.248,0,Metamorphics,IND2497,336,321.0,371.0,1.9953359365463257,0.0,27.0,33.57000000000005,32.07,35.37,1.3354,1.0937,1.221,0.5141,0.7488,50.0,27.0,3.3,Original Dataset / MOIL Ltd / IBM IMYB,original_v1
Sitapatore,Madhya Pradesh,21.63621,79.666783,0.1741,0.2002,0.2315,0.3081,0.4535,0.4025,0.142,3.383,0,Metamorphics,IND2497,323,308.0,358.0,0.9976901412010193,0.0,26.0,32.910000000000025,31.41,34.71,1.4719,1.3064,1.1267,0.5105,0.6794,50.0,26.0,3.3,Original Dataset / MOIL Ltd / IBM IMYB,original_v1
Sitapatore,Madhya Pradesh,21.705875,79.608061,0.1713,0.1975,0.2286,0.3372,0.4589,0.3789,0.1919,7.478,0,Metamorphics,IND2497,365,350.0,400.0,2.200380802154541,0.0,27.2,33.89000000000004,32.39,35.69,1.3609,1.1237,1.2111,0.4981,0.7348,50.0,27.2,3.3,Original Dataset / MOIL Ltd / IBM IMYB,original_v1
Sitapatore,Madhya Pradesh,21.658199,79.618386,0.1512,0.1737,0.1854,0.2898,0.3904,0.2994,0.2197,5.085,0,Metamorphics,IND2497,341,326.0,376.0,2.1997814178466797,0.0,27.2,33.610000000000014,32.11,35.41,1.3471,1.0331,1.3039,0.4749,0.7423,50.0,27.2,3.3,Original Dataset / MOIL Ltd / IBM IMYB,original_v1
Sitapatore,Madhya Pradesh,21.648748,79.725776,0.176,0.202,0.236,0.3107,0.439,0.3639,0.1366,6.427,0,Metamorphics,IND2497,314,299.0,349.0,5.433058738708496,2.43,30.43,33.81,32.31,35.61,1.4129,1.1712,1.2064,0.5376,0.7077,50.0,28.0,3.3,Original Dataset / MOIL Ltd / IBM IMYB,original_v1
Sitapatore,Madhya Pradesh,21.623161,79.645477,0.1546,0.1731,0.199,0.2926,0.4043,0.3193,0.1904,5.311,0,Metamorphics,IND2497,325,310.0,360.0,4.73276948928833,1.73,29.73,32.81,31.31,34.61,1.3817,1.0913,1.2662,0.4922,0.7237,50.0,28.0,3.3,Original Dataset / MOIL Ltd / IBM IMYB,original_v1
Sitapatore,Madhya Pradesh,21.651873,79.626275,0.1659,0.1877,0.2096,0.301,0.421,0.3369,0.179,4.492,0,Metamorphics,IND2497,335,320.0,370.0,1.8543341159820557,0.0,26.85,33.910000000000025,32.41,35.71,1.3987,1.1193,1.2496,0.4979,0.715,50.0,26.85,3.3,Original Dataset / MOIL Ltd / IBM IMYB,original_v1
Sitapatore,Madhya Pradesh,21.676418,79.64178,0.1699,0.1921,0.2144,0.2908,0.4282,0.379,0.1512,2.8,0,Metamorphics,IND2497,341,326.0,376.0,1.3622344732284546,0.0,26.36,33.63000000000005,32.13,35.43,1.4725,1.3033,1.1298,0.5007,0.6791,50.0,26.36,3.3,Original Dataset / MOIL Ltd / IBM IMYB,original_v1
Sitapatore,Madhya Pradesh,21.636547,79.632323,0.1533,0.1794,0.2011,0.3105,0.4321,0.3336,0.2138,4.883,0,Metamorphics,IND2497,332,317.0,367.0,4.0905585289001465,1.09,29.09,33.170000000000016,31.67,34.97,1.3916,1.0744,1.2953,0.4654,0.7186,50.0,28.0,3.3,Original Dataset / MOIL Ltd / IBM IMYB,original_v1
Sitapatore,Madhya Pradesh,21.644962,79.706264,0.1909,0.2264,0.2689,0.3498,0.4943,0.4163,0.1308,4.749,0,Metamorphics,IND2497,316,301.0,351.0,1.3620755672454834,0.0,26.36,33.89000000000004,32.39,35.69,1.4131,1.1901,1.1874,0.544,0.7077,50.0,26.36,3.3,Original Dataset / MOIL Ltd / IBM IMYB,original_v1
Sitapatore,Madhya Pradesh,21.630676,79.651297,0.1451,0.166,0.159,0.2983,0.2591,0.1979,0.3046,4.305,0,Metamorphics,IND2497,323,308.0,358.0,2.199437379837036,0.0,27.2,32.29000000000002,30.79,34.09,0.8686,0.6634,1.3092,0.6137,1.1513,50.0,27.2,3.3,Original Dataset / MOIL Ltd / IBM IMYB,original_v1
Sitapatore,Madhya Pradesh,21.663484,79.73582,0.154,0.1792,0.2045,0.305,0.4264,0.3371,0.1973,7.159,0,Metamorphics,IND2497,323,308.0,358.0,1.9951516389846802,0.0,27.0,33.47000000000003,31.97,35.27,1.398,1.1052,1.2649,0.4796,0.7153,50.0,27.0,3.3,Original Dataset / MOIL Ltd / IBM IMYB,original_v1
Sitapatore,Madhya Pradesh,21.683496,79.68404,0.1588,0.1824,0.2075,0.2939,0.4156,0.3305,0.1723,2.599,0,Metamorphics,IND2497,332,317.0,367.0,4.732856750488281,1.73,29.73,33.690000000000055,32.19,35.49,1.4141,1.1245,1.2575,0.4993,0.7072,50.0,28.0,3.3,Original Dataset / MOIL Ltd / IBM IMYB,original_v1
Sitapatore,Madhya Pradesh,21.726374,79.651522,0.1676,0.1946,0.222,0.3471,0.4525,0.3558,0.2198,6.837,0,Metamorphics,IND2497,352,337.0,387.0,3.420762538909912,0.42,28.42,34.410000000000025,32.91,36.21,1.3037,1.0251,1.2718,0.4906,0.7671,50.0,28.0,3.3,Original Dataset / MOIL Ltd / IBM IMYB,original_v1
Sitapatore,Madhya Pradesh,21.638708,79.651195,0.1716,0.2015,0.2193,0.3534,0.4333,0.3467,0.2342,3.495,0,Metamorphics,IND2497,330,315.0,365.0,4.090618133544922,1.09,29.09,32.39000000000004,30.89,34.19,1.2261,0.981,1.2498,0.5061,0.8156,50.0,28.0,3.3,Original Dataset / MOIL Ltd / IBM IMYB,original_v1
Sitapatore,Madhya Pradesh,21.690165,79.716111,0.1944,0.2317,0.2752,0.3654,0.4887,0.4063,0.1408,5.746,0,Metamorphics,IND2497,322,307.0,357.0,3.420471429824829,0.42,28.42,33.650000000000034,32.15,35.45,1.3374,1.1119,1.2028,0.5631,0.7477,50.0,28.0,3.3,Original Dataset / MOIL Ltd / IBM IMYB,original_v1
Sitapatore,Madhya Pradesh,21.631323,79.715567,0.1681,0.1976,0.2279,0.3216,0.4324,0.3557,0.1705,6.402,0,Metamorphics,IND2497,311,296.0,346.0,5.307268142700195,2.31,30.31,33.710000000000036,32.21,35.51,1.3445,1.106,1.2156,0.5271,0.7438,50.0,28.0,3.3,Original Dataset / MOIL Ltd / IBM IMYB,original_v1
Sitapatore,Madhya Pradesh,21.614068,79.671151,0.1661,0.1927,0.2238,0.3694,0.4723,0.3681,0.2454,5.866,0,Metamorphics,IND2497,337,322.0,372.0,2.199232339859009,0.0,27.2,32.43000000000001,30.93,34.23,1.2786,0.9965,1.2831,0.4739,0.7821,50.0,27.2,3.3,Original Dataset / MOIL Ltd / IBM IMYB,original_v1
Sitapatore,Madhya Pradesh,21.709312,79.6285,0.1863,0.2205,0.2633,0.3658,0.4986,0.3989,0.1629,6.183,0,Metamorphics,IND2497,359,344.0,394.0,1.8543341159820557,0.0,26.85,34.190000000000055,32.69,35.99,1.363,1.0905,1.2499,0.5281,0.7337,50.0,26.85,3.3,Original Dataset / MOIL Ltd / IBM IMYB,original_v1
Sitapatore,Madhya Pradesh,21.657598,79.708166,0.1613,0.1883,0.2142,0.347,0.4435,0.3403,0.2366,4.405,0,Metamorphics,IND2497,324,309.0,359.0,2.1054325103759766,0.0,27.11,33.73000000000002,32.23,35.53,1.2781,0.9807,1.3033,0.483,0.7824,50.0,27.11,3.3,Original Dataset / MOIL Ltd / IBM IMYB,original_v1
Sitapatore,Madhya Pradesh,21.697793,79.709886,0.1377,0.1534,0.1412,0.1356,0.1522,0.1446,-0.0202,5.659,0,Metamorphics,IND2497,330,315.0,365.0,4.092205047607422,1.09,29.09,33.59000000000003,32.09,35.39,1.1224,1.0664,1.0526,0.9277,0.8909,50.0,28.0,3.3,Original Dataset / MOIL Ltd / IBM IMYB,original_v1
Sitapatore,Madhya Pradesh,21.677237,79.636534,0.1573,0.178,0.1982,0.2786,0.3894,0.3275,0.1686,3.338,0,Metamorphics,IND2497,338,323.0,373.0,3.1314642429351807,0.13,28.13,33.57000000000005,32.07,35.37,1.3977,1.1755,1.189,0.509,0.7155,50.0,28.0,3.3,Original Dataset / MOIL Ltd / IBM IMYB,original_v1
Sitapatore,Madhya Pradesh,21.641073,79.636977,0.155,0.1759,0.1977,0.2923,0.3907,0.3181,0.1931,4.187,0,Metamorphics,IND2497,333,318.0,368.0,6.0359416007995605,3.04,31.04,33.170000000000016,31.67,34.97,1.3366,1.0883,1.2282,0.506,0.7481,50.0,28.0,3.3,Original Dataset / MOIL Ltd / IBM IMYB,original_v1
Sitapatore,Madhya Pradesh,21.694622,79.62459,0.1636,0.1855,0.2238,0.3292,0.4592,0.3522,0.1906,5.358,0,Metamorphics,IND2497,351,336.0,386.0,1.3623274564743042,0.0,26.36,34.03000000000003,32.53,35.83,1.3949,1.0699,1.3038,0.4874,0.7169,50.0,26.36,3.3,Original Dataset / MOIL Ltd / IBM IMYB,original_v1
Sitapatore,Madhya Pradesh,21.680077,79.690199,0.1812,0.2161,0.2537,0.358,0.471,0.3851,0.1705,2.857,0,Metamorphics,IND2497,332,317.0,367.0,0.9274099469184875,0.0,25.93,33.33000000000004,31.83,35.13,1.3156,1.0757,1.2231,0.5386,0.7601,50.0,25.93,3.3,Original Dataset / MOIL Ltd / IBM IMYB,original_v1
Sitapatore,Madhya Pradesh,21.653257,79.698833,0.1676,0.1973,0.2099,0.3435,0.3628,0.2915,0.2414,3.641,0,Metamorphics,IND2497,317,302.0,352.0,4.756250381469727,1.76,29.76,33.670000000000016,32.17,35.47,1.0562,0.8486,1.2446,0.5786,0.9468,50.0,28.0,3.3,Original Dataset / MOIL Ltd / IBM IMYB,original_v1
Sitapatore,Madhya Pradesh,21.662706,79.704716,0.1755,0.1977,0.233,0.3122,0.4575,0.3742,0.1453,3.957,0,Metamorphics,IND2497,331,316.0,366.0,0.9274099469184875,0.0,25.93,33.79000000000002,32.29,35.59,1.4654,1.1986,1.2226,0.5093,0.6824,50.0,25.93,3.3,Original Dataset / MOIL Ltd / IBM IMYB,original_v1
Sitapatore,Madhya Pradesh,21.659757,79.721529,0.1431,0.166,0.1644,0.3674,0.3616,0.2811,0.3817,5.723,0,Metamorphics,IND2497,317,302.0,352.0,4.091183662414551,1.09,29.09,33.51000000000005,32.01,35.31,0.9842,0.7651,1.2864,0.4546,1.016,50.0,28.0,3.3,Original Dataset / MOIL Ltd / IBM IMYB,original_v1
Sitapatore,Madhya Pradesh,21.694225,79.632032,0.1663,0.1862,0.2253,0.3114,0.4567,0.381,0.1604,4.724,0,Metamorphics,IND2497,349,334.0,384.0,3.1317994594573975,0.13,28.13,34.09000000000003,32.59,35.89,1.4666,1.2235,1.1987,0.4933,0.6818,50.0,28.0,3.3,Original Dataset / MOIL Ltd / IBM IMYB,original_v1
Sitapatore,Madhya Pradesh,21.63347,79.645033,0.1407,0.1606,0.1464,0.3251,0.2497,0.1896,0.379,4.316,0,Metamorphics,IND2497,318,303.0,353.0,4.090484142303467,1.09,29.09,32.39000000000004,30.89,34.19,0.7681,0.5832,1.317,0.5863,1.302,50.0,28.0,3.3,Original Dataset / MOIL Ltd / IBM IMYB,original_v1
Sitapatore,Madhya Pradesh,21.610156,79.703141,0.1886,0.2233,0.2587,0.3589,0.4699,0.3995,0.1622,7.328,0,Metamorphics,IND2497,316,301.0,351.0,0.0,0.0,25.0,33.39000000000004,31.89,35.19,1.3093,1.1131,1.1762,0.5505,0.7638,50.0,25.0,3.3,Original Dataset / MOIL Ltd / IBM IMYB,original_v1
Sitapatore,Madhya Pradesh,21.696994,79.671481,0.165,0.1947,0.2185,0.3465,0.4242,0.3544,0.2265,3.419,0,Metamorphics,IND2497,338,323.0,373.0,1.3623387813568115,0.0,26.36,33.77000000000004,32.27,35.57,1.2242,1.0228,1.197,0.5151,0.8168,50.0,26.36,3.3,Original Dataset / MOIL Ltd / IBM IMYB,original_v1
Sitapatore,Madhya Pradesh,21.637645,79.616199,0.1563,0.1801,0.2008,0.3181,0.4175,0.3243,0.2261,6.139,0,Metamorphics,IND2497,333,318.0,368.0,2.1053671836853027,0.0,27.11,33.33000000000004,31.83,35.13,1.3125,1.0195,1.2874,0.481,0.7619,50.0,27.11,3.3,Original Dataset / MOIL Ltd / IBM IMYB,original_v1
Sitapatore,Madhya Pradesh,21.646877,79.600397,0.1558,0.1737,0.1837,0.2943,0.377,0.303,0.2314,7.202,0,Metamorphics,IND2497,344,329.0,379.0,2.7802884578704834,0.0,27.78,33.23000000000002,31.73,35.03,1.281,1.0296,1.2442,0.4873,0.7806,50.0,27.78,3.3,Original Dataset / MOIL Ltd / IBM IMYB,original_v1
Sitapatore,Madhya Pradesh,21.679592,79.691,0.1778,0.2127,0.2461,0.3774,0.4713,0.3814,0.2106,2.9,0,Metamorphics,IND2497,329,314.0,364.0,1.3622514009475708,0.0,26.36,33.33000000000004,31.83,35.13,1.2488,1.0106,1.2357,0.5222,0.8008,50.0,26.36,3.3,Original Dataset / MOIL Ltd / IBM IMYB,original_v1
Sitapatore,Madhya Pradesh,21.691538,79.678071,0.1998,0.2313,0.2741,0.3617,0.5152,0.4401,0.1378,3.015,0,Metamorphics,IND2497,328,313.0,363.0,2.105543613433838,0.0,27.11,33.870000000000005,32.37,35.67,1.4244,1.2168,1.1706,0.532,0.7021,50.0,27.11,3.3,Original Dataset / MOIL Ltd / IBM IMYB,original_v1
Sitapatore,Madhya Pradesh,21.607521,79.646734,0.2086,0.2423,0.2872,0.398,0.5248,0.4345,0.1617,6.893,0,Metamorphics,IND2497,323,308.0,358.0,4.204868793487549,1.2,29.2,31.850000000000023,30.35,33.65,1.3186,1.0917,1.2078,0.5473,0.7584,50.0,28.0,3.3,Original Dataset / MOIL Ltd / IBM IMYB,original_v1
Sitapatore,Madhya Pradesh,21.647737,79.682037,0.1637,0.1907,0.198,0.3171,0.4374,0.3285,0.2312,2.632,0,Metamorphics,IND2497,316,301.0,351.0,2.199652910232544,0.0,27.2,33.33000000000004,31.83,35.13,1.3794,1.036,1.3315,0.4527,0.725,50.0,27.2,3.3,Original Dataset / MOIL Ltd / IBM IMYB,original_v1
Sitapatore,Madhya Pradesh,21.715821,79.697241,0.1702,0.1982,0.2263,0.3363,0.4562,0.3667,0.1955,6.325,0,Metamorphics,IND2497,341,326.0,376.0,2.9535346031188965,0.0,27.95,33.950000000000045,32.45,35.75,1.3565,1.0904,1.2441,0.4961,0.7372,50.0,27.95,3.3,Original Dataset / MOIL Ltd / IBM IMYB,original_v1
Sitapatore,Madhya Pradesh,21.6858,79.697213,0.1615,0.1876,0.2098,0.3197,0.3972,0.3381,0.2076,3.812,0,Metamorphics,IND2497,335,320.0,370.0,3.131634473800659,0.13,28.13,33.410000000000025,31.91,35.21,1.2424,1.0576,1.1748,0.5282,0.8049,50.0,28.0,3.3,Original Dataset / MOIL Ltd / IBM IMYB,original_v1
Sitapatore,Madhya Pradesh,21.70561,79.629914,0.1757,0.2028,0.2258,0.3524,0.4495,0.3358,0.219,5.774,0,Metamorphics,IND2497,363,348.0,398.0,2.7232260704040527,0.0,27.72,34.25000000000006,32.75,36.05,1.2755,0.9529,1.3386,0.5023,0.784,50.0,27.72,3.3,Original Dataset / MOIL Ltd / IBM IMYB,original_v1
Sitapatore,Madhya Pradesh,21.667195,79.705812,0.2045,0.2414,0.2867,0.3852,0.5127,0.4175,0.1466,4.047,0,Metamorphics,IND2497,322,307.0,357.0,5.062280654907227,2.06,30.06,33.39000000000004,31.89,35.19,1.331,1.0839,1.228,0.5592,0.7513,50.0,28.0,3.3,Original Dataset / MOIL Ltd / IBM IMYB,original_v1
Kandri,Maharashtra,21.41293,79.281158,0.1803,0.2115,0.2477,0.3833,0.4769,0.3862,0.2149,0.122,1,Metamorphics,IND2497,337,322.0,372.0,3.1262729167938232,0.13,28.13,34.99000000000001,33.49,36.79,1.2442,1.0076,1.2349,0.5194,0.8037,50.0,28.0,3.3,Original Dataset / MOIL Ltd / IBM IMYB,original_v1
Kandri,Maharashtra,21.414019,79.281449,0.164,0.189,0.227,0.3291,0.4405,0.3639,0.1836,0.067,1,Metamorphics,IND2497,337,322.0,372.0,1.9917290210723877,0.0,26.99,34.99000000000001,33.49,36.79,1.3385,1.1057,1.2105,0.5153,0.7471,50.0,26.99,3.3,Original Dataset / MOIL Ltd / IBM IMYB,original_v1
Kandri,Maharashtra,21.413559,79.28175,0.1662,0.1901,0.2293,0.327,0.4448,0.3591,0.1756,0.03,1,Metamorphics,IND2497,336,321.0,371.0,1.3609130382537842,0.0,26.36,34.99000000000001,33.49,36.79,1.3602,1.0982,1.2387,0.5155,0.7352,50.0,26.36,3.3,Original Dataset / MOIL Ltd / IBM IMYB,original_v1
Kandri,Maharashtra,21.412352,79.284833,0.1968,0.2316,0.2725,0.3772,0.4902,0.4119,0.1612,0.33,1,Metamorphics,IND2497,335,320.0,370.0,3.5132124423980713,0.51,28.51,34.99000000000001,33.49,36.79,1.2996,1.092,1.1901,0.5559,0.7695,50.0,28.0,3.3,Original Dataset / MOIL Ltd / IBM IMYB,original_v1
Kandri,Maharashtra,21.415398,79.281711,0.1715,0.1951,0.2336,0.3536,0.4622,0.3671,0.2044,0.191,1,Metamorphics,IND2497,334,319.0,369.0,0.9961767792701721,0.0,26.0,34.79000000000002,33.29,36.59,1.3071,1.0382,1.2591,0.5054,0.765,50.0,26.0,3.3,Original Dataset / MOIL Ltd / IBM IMYB,original_v1
Kandri,Maharashtra,21.413429,79.28405,0.2038,0.2391,0.2803,0.405,0.5074,0.4189,0.182,0.215,1,Metamorphics,IND2497,333,318.0,368.0,1.3609117269515991,0.0,26.36,34.99000000000001,33.49,36.79,1.2528,1.0343,1.2113,0.5524,0.7982,50.0,26.36,3.3,Original Dataset / MOIL Ltd / IBM IMYB,original_v1
Kandri,Maharashtra,21.415289,79.281669,0.1676,0.1926,0.2305,0.347,0.4571,0.3651,0.2017,0.18,1,Metamorphics,IND2497,334,319.0,369.0,0.9961748719215393,0.0,26.0,34.79000000000002,33.29,36.59,1.3173,1.0522,1.252,0.5043,0.7591,50.0,26.0,3.3,Original Dataset / MOIL Ltd / IBM IMYB,original_v1
Kandri,Maharashtra,21.414778,79.284346,0.1922,0.2248,0.2582,0.3886,0.4831,0.3955,0.2016,0.271,1,Metamorphics,IND2497,331,316.0,366.0,5.0538201332092285,2.05,30.05,34.99000000000001,33.49,36.79,1.2432,1.0178,1.2215,0.5345,0.8044,50.0,28.0,3.3,Original Dataset / MOIL Ltd / IBM IMYB,original_v1
Kandri,Maharashtra,21.412264,79.280336,0.1918,0.2364,0.2878,0.407,0.5161,0.4308,0.1716,0.235,1,Metamorphics,IND2497,338,323.0,373.0,0.9961540699005127,0.0,26.0,34.79000000000002,33.29,36.59,1.2681,1.0585,1.198,0.5576,0.7886,50.0,26.0,3.3,Original Dataset / MOIL Ltd / IBM IMYB,original_v1
Kandri,Maharashtra,21.411642,79.28106,0.1681,0.1909,0.2207,0.326,0.4404,0.3453,0.1926,0.249,1,Metamorphics,IND2497,334,319.0,369.0,1.8543341159820557,0.0,26.85,34.99000000000001,33.49,36.79,1.3509,1.0592,1.2754,0.5011,0.7402,50.0,26.85,3.3,Original Dataset / MOIL Ltd / IBM IMYB,original_v1
Kandri,Maharashtra,21.412502,79.280454,0.1977,0.2397,0.2949,0.3763,0.5053,0.4223,0.1213,0.208,1,Metamorphics,IND2497,337,322.0,372.0,1.3609075546264648,0.0,26.36,34.79000000000002,33.29,36.59,1.3428,1.1222,1.1965,0.5836,0.7447,50.0,26.36,3.3,Original Dataset / MOIL Ltd / IBM IMYB,original_v1
Kandri,Maharashtra,21.413023,79.283039,0.2012,0.2431,0.2814,0.4094,0.5112,0.4138,0.1853,0.131,1,Metamorphics,IND2497,335,320.0,370.0,4.0846171379089355,1.08,29.08,34.99000000000001,33.49,36.79,1.2487,1.0107,1.2354,0.5505,0.8009,50.0,28.0,3.3,Original Dataset / MOIL Ltd / IBM IMYB,original_v1
Kandri,Maharashtra,21.414349,79.280053,0.1631,0.1891,0.2142,0.3353,0.3874,0.31,0.2204,0.214,1,Metamorphics,IND2497,338,323.0,373.0,3.4182722568511963,0.42,28.42,34.79000000000002,33.29,36.59,1.1554,0.9245,1.2497,0.5529,0.8655,50.0,28.0,3.3,Original Dataset / MOIL Ltd / IBM IMYB,original_v1
Kandri,Maharashtra,21.41263,79.28329,0.1993,0.2384,0.2757,0.4022,0.5054,0.4104,0.1866,0.179,1,Metamorphics,IND2497,335,320.0,370.0,1.3609075546264648,0.0,26.36,34.99000000000001,33.49,36.79,1.2566,1.0204,1.2315,0.5455,0.7958,50.0,26.36,3.3,Original Dataset / MOIL Ltd / IBM IMYB,original_v1
Kandri,Maharashtra,21.413363,79.283034,0.205,0.2438,0.2899,0.4073,0.5125,0.4176,0.1684,0.114,1,Metamorphics,IND2497,336,321.0,371.0,4.084624290466309,1.08,29.08,34.99000000000001,33.49,36.79,1.2583,1.0253,1.2273,0.5657,0.7947,50.0,28.0,3.3,Original Dataset / MOIL Ltd / IBM IMYB,original_v1
Kandri,Maharashtra,21.413772,79.281823,0.1858,0.2177,0.251,0.3619,0.456,0.3734,0.1809,0.02,1,Metamorphics,IND2497,337,322.0,372.0,3.4182679653167725,0.42,28.42,34.99000000000001,33.49,36.79,1.26,1.0318,1.2212,0.5504,0.7936,50.0,28.0,3.3,Original Dataset / MOIL Ltd / IBM IMYB,original_v1
Kandri,Maharashtra,21.412075,79.284608,0.1979,0.2361,0.2801,0.3886,0.5098,0.4213,0.1623,0.325,1,Metamorphics,IND2497,335,320.0,370.0,3.8356592655181885,0.84,28.84,34.99000000000001,33.49,36.79,1.3119,1.0841,1.2101,0.5494,0.7623,50.0,28.0,3.3,Original Dataset / MOIL Ltd / IBM IMYB,original_v1
Kandri,Maharashtra,21.415395,79.282095,0.1722,0.1976,0.2333,0.3561,0.451,0.3634,0.2083,0.189,1,Metamorphics,IND2497,334,319.0,369.0,2.9528393745422363,0.0,27.95,34.79000000000002,33.29,36.59,1.2665,1.0205,1.2411,0.5173,0.7896,50.0,27.95,3.3,Original Dataset / MOIL Ltd / IBM IMYB,original_v1
Kandri,Maharashtra,21.416688,79.280889,0.1894,0.2181,0.2624,0.3977,0.4667,0.3914,0.205,0.352,1,Metamorphics,IND2497,333,318.0,368.0,0.9274099469184875,0.0,25.93,34.79000000000002,33.29,36.59,1.1735,0.9842,1.1924,0.5622,0.8522,50.0,25.93,3.3,Original Dataset / MOIL Ltd / IBM IMYB,original_v1
Kandri,Maharashtra,21.41542,79.282106,0.1722,0.1976,0.2333,0.3561,0.451,0.3634,0.2083,0.192,1,Metamorphics,IND2497,334,319.0,369.0,2.9528393745422363,0.0,27.95,34.79000000000002,33.29,36.59,1.2665,1.0205,1.2411,0.5173,0.7896,50.0,27.95,3.3,Original Dataset / MOIL Ltd / IBM IMYB,original_v1
Kandri,Maharashtra,21.413281,79.283627,0.2017,0.2398,0.2775,0.4074,0.4972,0.4105,0.1897,0.175,1,Metamorphics,IND2497,334,319.0,369.0,0.9274099469184875,0.0,25.93,34.99000000000001,33.49,36.79,1.2204,1.0076,1.2112,0.5581,0.8194,50.0,25.93,3.3,Original Dataset / MOIL Ltd / IBM IMYB,original_v1
Kandri,Maharashtra,21.414626,79.282045,0.1671,0.1946,0.2274,0.3448,0.4344,0.3549,0.2052,0.103,1,Metamorphics,IND2497,335,320.0,370.0,1.8543341159820557,0.0,26.85,34.99000000000001,33.49,36.79,1.2599,1.0293,1.224,0.5235,0.7937,50.0,26.85,3.3,Original Dataset / MOIL Ltd / IBM IMYB,original_v1
Kandri,Maharashtra,21.41252,79.282785,0.199,0.2378,0.2772,0.4014,0.512,0.4164,0.183,0.155,1,Metamorphics,IND2497,337,322.0,372.0,2.986062526702881,0.0,27.99,34.99000000000001,33.49,36.79,1.2755,1.0374,1.2296,0.5414,0.784,50.0,27.99,3.3,Original Dataset / MOIL Ltd / IBM IMYB,original_v1
Kandri,Maharashtra,21.412128,79.283314,0.202,0.241,0.282,0.4073,0.5182,0.4213,0.1818,0.222,1,Metamorphics,IND2497,334,319.0,369.0,0.9961521625518799,0.0,26.0,34.99000000000001,33.49,36.79,1.2723,1.0344,1.23,0.5442,0.786,50.0,26.0,3.3,Original Dataset / MOIL Ltd / IBM IMYB,original_v1
Kandri,Maharashtra,21.413643,79.281242,0.1647,0.1898,0.226,0.3292,0.4511,0.3599,0.1859,0.079,1,Metamorphics,IND2497,337,322.0,372.0,1.3609130382537842,0.0,26.36,34.79000000000002,33.29,36.59,1.3703,1.0933,1.2534,0.501,0.7298,50.0,26.36,3.3,Original Dataset / MOIL Ltd / IBM IMYB,original_v1
Kandri,Maharashtra,21.412661,79.28307,0.1986,0.2344,0.2724,0.4018,0.5071,0.4105,0.1919,0.16,1,Metamorphics,IND2497,335,320.0,370.0,1.9917100667953491,0.0,26.99,34.99000000000001,33.49,36.79,1.2621,1.0217,1.2353,0.5372,0.7923,50.0,26.99,3.3,Original Dataset / MOIL Ltd / IBM IMYB,original_v1
Kandri,Maharashtra,21.41279,79.282519,0.1986,0.2379,0.2952,0.4013,0.5331,0.4478,0.1523,0.115,1,Metamorphics,IND2497,338,323.0,373.0,2.9860682487487793,0.0,27.99,34.99000000000001,33.49,36.79,1.3284,1.1159,1.1905,0.5537,0.7528,50.0,27.99,3.3,Original Dataset / MOIL Ltd / IBM IMYB,original_v1
Kandri,Maharashtra,21.413787,79.280979,0.161,0.1847,0.2154,0.3288,0.426,0.3439,0.2084,0.106,1,Metamorphics,IND2497,337,322.0,372.0,1.8543341159820557,0.0,26.85,34.79000000000002,33.29,36.59,1.2956,1.0459,1.2387,0.5056,0.7718,50.0,26.85,3.3,Original Dataset / MOIL Ltd / IBM IMYB,original_v1
Kandri,Maharashtra,21.414805,79.278863,0.1741,0.2012,0.219,0.363,0.4236,0.3368,0.2474,0.348,1,Metamorphics,IND2497,338,323.0,373.0,0.9961711168289185,0.0,26.0,34.79000000000002,33.29,36.59,1.1669,0.9278,1.2577,0.517,0.8569,50.0,26.0,3.3,Original Dataset / MOIL Ltd / IBM IMYB,original_v1
Kandri,Maharashtra,21.413183,79.28451,0.1992,0.2381,0.2796,0.3916,0.4971,0.4112,0.1669,0.266,1,Metamorphics,IND2497,333,318.0,368.0,0.0,0.0,25.0,34.99000000000001,33.49,36.79,1.2694,1.0501,1.2089,0.5625,0.7878,50.0,25.0,3.3,Original Dataset / MOIL Ltd / IBM IMYB,original_v1
Kandri,Maharashtra,21.414633,79.279414,0.1771,0.2085,0.2307,0.3246,0.3854,0.3148,0.1691,0.287,1,Metamorphics,IND2497,338,323.0,373.0,0.9961711168289185,0.0,26.0,34.79000000000002,33.29,36.59,1.1873,0.9698,1.2243,0.5986,0.8422,50.0,26.0,3.3,Original Dataset / MOIL Ltd / IBM IMYB,original_v1
Kandri,Maharashtra,21.414617,79.280705,0.1757,0.2035,0.2345,0.3244,0.3805,0.3143,0.1609,0.169,1,Metamorphics,IND2497,338,323.0,373.0,0.9961711168289185,0.0,26.0,34.79000000000002,33.29,36.59,1.1729,0.9689,1.2106,0.6163,0.8526,50.0,26.0,3.3,Original Dataset / MOIL Ltd / IBM IMYB,original_v1
Kandri,Maharashtra,21.413511,79.282801,0.1993,0.2391,0.2751,0.4016,0.4894,0.4006,0.1869,0.086,1,Metamorphics,IND2497,337,322.0,372.0,2.720292329788208,0.0,27.72,34.99000000000001,33.49,36.79,1.2186,0.9975,1.2217,0.5621,0.8206,50.0,27.72,3.3,Original Dataset / MOIL Ltd / IBM IMYB,original_v1
Kandri,Maharashtra,21.412046,79.280379,0.181,0.2138,0.2652,0.3562,0.4853,0.3966,0.1464,0.249,1,Metamorphics,IND2497,337,322.0,372.0,2.720275640487671,0.0,27.72,34.99000000000001,33.49,36.79,1.3624,1.1134,1.2237,0.5465,0.734,50.0,27.72,3.3,Original Dataset / MOIL Ltd / IBM IMYB,original_v1
Kandri,Maharashtra,21.41294,79.281207,0.1803,0.2115,0.2477,0.3833,0.4769,0.3862,0.2149,0.118,1,Metamorphics,IND2497,337,322.0,372.0,3.1262729167938232,0.13,28.13,34.99000000000001,33.49,36.79,1.2442,1.0076,1.2349,0.5194,0.8037,50.0,28.0,3.3,Original Dataset / MOIL Ltd / IBM IMYB,original_v1
Kandri,Maharashtra,21.414481,79.282103,0.1933,0.2265,0.2576,0.3944,0.4696,0.3793,0.2098,0.088,1,Metamorphics,IND2497,335,320.0,370.0,0.9961692094802856,0.0,26.0,34.99000000000001,33.49,36.79,1.1907,0.9617,1.2381,0.5486,0.8399,50.0,26.0,3.3,Original Dataset / MOIL Ltd / IBM IMYB,original_v1
Kandri,Maharashtra,21.413368,79.28192,0.1997,0.2375,0.2754,0.3932,0.5004,0.4112,0.1762,0.038,1,Metamorphics,IND2497,338,323.0,373.0,1.3609117269515991,0.0,26.36,34.99000000000001,33.49,36.79,1.2726,1.0458,1.2169,0.5504,0.7858,50.0,26.36,3.3,Original Dataset / MOIL Ltd / IBM IMYB,original_v1
Kandri,Maharashtra,21.414325,79.282503,0.1933,0.231,0.265,0.3969,0.4842,0.3939,0.1993,0.087,1,Metamorphics,IND2497,335,320.0,370.0,0.9274099469184875,0.0,25.93,34.99000000000001,33.49,36.79,1.22,0.9924,1.2292,0.5473,0.8197,50.0,25.93,3.3,Original Dataset / MOIL Ltd / IBM IMYB,original_v1
Kandri,Maharashtra,21.413472,79.280899,0.1678,0.1938,0.2324,0.3471,0.4579,0.3577,0.1979,0.117,1,Metamorphics,IND2497,335,320.0,370.0,2.986079692840576,0.0,27.99,34.79000000000002,33.29,36.59,1.3192,1.0305,1.2801,0.5075,0.758,50.0,27.99,3.3,Original Dataset / MOIL Ltd / IBM IMYB,original_v1
Kandri,Maharashtra,21.413973,79.284703,0.1977,0.2343,0.2696,0.4029,0.5072,0.426,0.1982,0.282,1,Metamorphics,IND2497,331,316.0,366.0,2.7202951908111572,0.0,27.72,34.99000000000001,33.49,36.79,1.2589,1.0573,1.1906,0.5315,0.7944,50.0,27.72,3.3,Original Dataset / MOIL Ltd / IBM IMYB,original_v1
Kandri,Maharashtra,21.413034,79.282029,0.1984,0.2339,0.2889,0.3866,0.5227,0.4364,0.1446,0.074,1,Metamorphics,IND2497,339,324.0,374.0,0.9274099469184875,0.0,25.93,34.99000000000001,33.49,36.79,1.352,1.1288,1.1978,0.5527,0.7396,50.0,25.93,3.3,Original Dataset / MOIL Ltd / IBM IMYB,original_v1
Kandri,Maharashtra,21.413215,79.283279,0.2013,0.2394,0.276,0.4079,0.5062,0.41,0.1929,0.143,1,Metamorphics,IND2497,333,318.0,368.0,0.9961597323417664,0.0,26.0,34.99000000000001,33.49,36.79,1.241,1.0051,1.2346,0.5452,0.8058,50.0,26.0,3.3,Original Dataset / MOIL Ltd / IBM IMYB,original_v1
Kandri,Maharashtra,21.416465,79.281962,0.1702,0.1987,0.2048,0.406,0.3968,0.3064,0.3294,0.308,1,Metamorphics,IND2497,332,317.0,367.0,0.0,0.0,25.0,34.79000000000002,33.29,36.59,0.9773,0.7547,1.295,0.5161,1.0232,50.0,25.0,3.3,Original Dataset / MOIL Ltd / IBM IMYB,original_v1
Kandri,Maharashtra,21.414132,79.280257,0.165,0.1961,0.227,0.3264,0.3992,0.3331,0.1796,0.187,1,Metamorphics,IND2497,340,325.0,375.0,0.9961673021316528,0.0,26.0,34.79000000000002,33.29,36.59,1.223,1.0205,1.1984,0.5686,0.8176,50.0,26.0,3.3,Original Dataset / MOIL Ltd / IBM IMYB,original_v1
Kandri,Maharashtra,21.414392,79.280885,0.1515,0.1756,0.1851,0.3546,0.3963,0.3093,0.3141,0.139,1,Metamorphics,IND2497,338,323.0,373.0,1.3609172105789185,0.0,26.36,34.79000000000002,33.29,36.59,1.1176,0.8723,1.2813,0.4671,0.8948,50.0,26.36,3.3,Original Dataset / MOIL Ltd / IBM IMYB,original_v1
Kandri,Maharashtra,21.474901,79.306153,0.1589,0.1839,0.2051,0.3295,0.3982,0.3071,0.2327,7.258,0,Metamorphics,IND2497,371,356.0,406.0,9.171442985534668,6.17,34.17,34.27000000000004,32.77,36.07,1.2085,0.932,1.2966,0.5151,0.8275,50.0,28.0,3.3,Original Dataset / MOIL Ltd / IBM IMYB,original_v1
Kandri,Maharashtra,21.465329,79.308688,0.1786,0.2118,0.2505,0.346,0.463,0.3764,0.1601,6.378,0,Metamorphics,IND2497,341,326.0,376.0,2.9871408939361572,0.0,27.99,34.79000000000002,33.29,36.59,1.3382,1.0879,1.2301,0.541,0.7473,50.0,27.99,3.3,Original Dataset / MOIL Ltd / IBM IMYB,original_v1
Kandri,Maharashtra,21.429181,79.325752,0.1961,0.2397,0.2807,0.404,0.4637,0.3999,0.1801,4.851,0,Metamorphics,IND2497,323,308.0,358.0,5.054300785064697,2.05,30.05,34.75000000000006,33.25,36.55,1.1478,0.9899,1.1595,0.6053,0.8713,50.0,28.0,3.3,Original Dataset / MOIL Ltd / IBM IMYB,original_v1
Kandri,Maharashtra,21.43841,79.222969,0.1637,0.1972,0.21,0.379,0.3872,0.3053,0.2869,6.708,0,Metamorphics,IND2497,314,299.0,349.0,2.1047203540802,0.0,27.1,34.83000000000004,33.33,36.63,1.0216,0.8055,1.2683,0.5424,0.9788,50.0,27.1,3.3,Original Dataset / MOIL Ltd / IBM IMYB,original_v1
Kandri,Maharashtra,21.456683,79.32644,0.15,0.1736,0.1736,0.3714,0.3381,0.2467,0.3629,6.641,0,Metamorphics,IND2497,340,325.0,375.0,2.72072172164917,0.0,27.72,35.03000000000003,33.53,36.83,0.9103,0.6642,1.3705,0.5135,1.0985,50.0,27.72,3.3,Original Dataset / MOIL Ltd / IBM IMYB,original_v1
Kandri,Maharashtra,21.414071,79.343182,0.1721,0.2008,0.1981,0.3706,0.3867,0.2928,0.3033,6.341,0,Metamorphics,IND2497,318,303.0,353.0,0.9961673021316528,0.0,26.0,31.79000000000002,30.29,33.59,1.0434,0.7901,1.3207,0.5123,0.9584,50.0,26.0,3.3,Original Dataset / MOIL Ltd / IBM IMYB,original_v1
Kandri,Maharashtra,21.36023,79.303513,0.1779,0.2083,0.24,0.3478,0.424,0.3578,0.1834,6.356,0,Metamorphics,IND2497,301,286.0,336.0,1.360647439956665,0.0,26.36,36.05000000000001,34.55,37.85,1.2191,1.0288,1.185,0.566,0.8203,50.0,26.36,3.3,Original Dataset / MOIL Ltd / IBM IMYB,original_v1
Kandri,Maharashtra,21.468061,79.294479,0.1749,0.211,0.2103,0.3369,0.3509,0.2758,0.2314,6.188,0,Metamorphics,IND2497,348,333.0,383.0,2.9871978759765625,0.0,27.99,34.39000000000004,32.89,36.19,1.0416,0.8186,1.2723,0.5993,0.9601,50.0,27.99,3.3,Original Dataset / MOIL Ltd / IBM IMYB,original_v1
Kandri,Maharashtra,21.419377,79.236046,0.1525,0.1814,0.1825,0.3492,0.3526,0.2739,0.3135,4.804,0,Metamorphics,IND2497,353,338.0,388.0,12.781412124633789,9.78,37.78,34.870000000000005,33.37,36.67,1.0097,0.7844,1.2873,0.5176,0.9904,50.0,28.0,3.3,Original Dataset / MOIL Ltd / IBM IMYB,original_v1
Kandri,Maharashtra,21.459276,79.276476,0.1626,0.1952,0.2249,0.3669,0.4422,0.3253,0.2399,5.106,0,Metamorphics,IND2497,365,350.0,400.0,3.1271777153015137,0.13,28.13,35.03000000000003,33.53,36.83,1.2052,0.8866,1.3594,0.5086,0.8297,50.0,28.0,3.3,Original Dataset / MOIL Ltd / IBM IMYB,original_v1
Kandri,Maharashtra,21.395455,79.239353,0.1458,0.1664,0.1716,0.3468,0.3472,0.2611,0.338,4.864,0,Metamorphics,IND2497,326,311.0,361.0,2.1045825481414795,0.0,27.1,36.710000000000036,35.21,38.51,1.0012,0.7529,1.3298,0.4942,0.9988,50.0,27.1,3.3,Original Dataset / MOIL Ltd / IBM IMYB,original_v1
Kandri,Maharashtra,21.397537,79.317124,0.1574,0.187,0.1926,0.3838,0.37,0.2781,0.3317,4.061,0,Metamorphics,IND2497,319,304.0,354.0,4.076374053955078,1.08,29.08,34.09000000000003,32.59,35.89,0.964,0.7246,1.3305,0.5205,1.0373,50.0,28.0,3.3,Original Dataset / MOIL Ltd / IBM IMYB,original_v1
Kandri,Maharashtra,21.462646,79.296271,0.1519,0.1773,0.2029,0.3405,0.4005,0.294,0.2532,5.646,0,Metamorphics,IND2497,356,341.0,391.0,2.1973495483398438,0.0,27.2,34.83000000000004,33.33,36.63,1.1762,0.8634,1.3622,0.5066,0.8502,50.0,27.2,3.3,Original Dataset / MOIL Ltd / IBM IMYB,original_v1
Kandri,Maharashtra,21.349695,79.272908,0.1635,0.1906,0.221,0.3642,0.36,0.3268,0.2447,7.187,0,Metamorphics,IND2497,303,288.0,338.0,2.1959543228149414,0.0,27.2,35.93000000000001,34.43,37.73,0.9885,0.8973,1.1016,0.6139,1.0117,50.0,27.2,3.3,Original Dataset / MOIL Ltd / IBM IMYB,original_v1
Kandri,Maharashtra,21.391891,79.254213,0.1589,0.188,0.205,0.3531,0.3836,0.3272,0.2654,3.767,0,Metamorphics,IND2497,321,306.0,356.0,4.084059238433838,1.08,29.08,35.910000000000025,34.41,37.71,1.0864,0.9266,1.1724,0.5344,0.9205,50.0,28.0,3.3,Original Dataset / MOIL Ltd / IBM IMYB,original_v1
Kandri,Maharashtra,21.437567,79.26011,0.1776,0.2118,0.2469,0.3048,0.3857,0.3423,0.1049,3.494,0,Metamorphics,IND2497,343,328.0,378.0,1.3610323667526245,0.0,26.36,36.49000000000001,34.99,38.29,1.2654,1.123,1.1268,0.6401,0.7903,50.0,26.36,3.3,Original Dataset / MOIL Ltd / IBM IMYB,original_v1
Kandri,Maharashtra,21.426012,79.346448,0.186,0.2202,0.2626,0.314,0.4246,0.368,0.0891,6.818,0,Metamorphics,IND2497,320,305.0,355.0,0.0,0.0,25.0,33.59000000000003,32.09,35.39,1.3522,1.172,1.1538,0.6185,0.7395,50.0,25.0,3.3,Original Dataset / MOIL Ltd / IBM IMYB,original_v1
Kandri,Maharashtra,21.395224,79.260077,0.2257,0.2617,0.2957,0.3557,0.3999,0.3623,0.0921,3.065,0,Metamorphics,IND2497,328,313.0,363.0,1.3608217239379883,0.0,26.36,35.910000000000025,34.41,37.71,1.1243,1.0186,1.1038,0.7394,0.8895,50.0,26.36,3.3,Original Dataset / MOIL Ltd / IBM IMYB,original_v1
Kandri,Maharashtra,21.432077,79.316536,0.1649,0.1892,0.2081,0.3421,0.3868,0.3241,0.2435,4.123,0,Metamorphics,IND2497,325,310.0,360.0,1.3610045909881592,0.0,26.36,35.47000000000003,33.97,37.27,1.1307,0.9474,1.1935,0.538,0.8844,50.0,26.36,3.3,Original Dataset / MOIL Ltd / IBM IMYB,original_v1
Kandri,Maharashtra,21.439164,79.307572,0.1774,0.2099,0.2458,0.3042,0.4044,0.3566,0.1062,3.881,0,Metamorphics,IND2497,329,314.0,364.0,2.1970572471618652,0.0,27.2,35.93000000000001,34.43,37.73,1.3294,1.1723,1.134,0.6078,0.7522,50.0,27.2,3.3,Original Dataset / MOIL Ltd / IBM IMYB,original_v1
Kandri,Maharashtra,21.471511,79.285488,0.1531,0.1724,0.193,0.3062,0.3947,0.2984,0.2268,6.446,0,Metamorphics,IND2497,362,347.0,397.0,0.9965599775314331,0.0,26.0,34.07000000000005,32.57,35.87,1.289,0.9745,1.3227,0.489,0.7758,50.0,26.0,3.3,Original Dataset / MOIL Ltd / IBM IMYB,original_v1
Kandri,Maharashtra,21.418783,79.256427,0.1586,0.1769,0.2028,0.3141,0.3989,0.3271,0.2153,2.71,0,Metamorphics,IND2497,390,375.0,425.0,13.218270301818848,10.22,38.22,34.79000000000002,33.29,36.59,1.27,1.0414,1.2195,0.5084,0.7874,50.0,28.0,3.3,Original Dataset / MOIL Ltd / IBM IMYB,original_v1
Kandri,Maharashtra,21.377658,79.255257,0.1844,0.2147,0.2656,0.3689,0.4672,0.3795,0.1628,4.876,0,Metamorphics,IND2497,311,296.0,346.0,4.847928524017334,1.85,29.85,36.79000000000002,35.29,38.59,1.2665,1.0287,1.2311,0.5685,0.7896,50.0,28.0,3.3,Original Dataset / MOIL Ltd / IBM IMYB,original_v1
Kandri,Maharashtra,21.446815,79.304411,0.2035,0.2404,0.2742,0.3879,0.4454,0.38,0.1717,4.357,0,Metamorphics,IND2497,337,322.0,372.0,0.9963890910148621,0.0,26.0,35.63000000000005,34.13,37.43,1.1482,0.9796,1.1721,0.6156,0.8709,50.0,26.0,3.3,Original Dataset / MOIL Ltd / IBM IMYB,original_v1
Kandri,Maharashtra,21.438502,79.299238,0.2059,0.2469,0.2982,0.4292,0.5079,0.4073,0.1801,3.288,0,Metamorphics,IND2497,331,316.0,366.0,2.197046995162964,0.0,27.2,35.93000000000001,34.43,37.73,1.1834,0.949,1.247,0.5871,0.845,50.0,27.2,3.3,Original Dataset / MOIL Ltd / IBM IMYB,original_v1
Kandri,Maharashtra,21.459276,79.259281,0.1738,0.2062,0.2442,0.3316,0.4182,0.353,0.1518,5.593,0,Metamorphics,IND2497,354,339.0,389.0,2.987015962600708,0.0,27.99,35.25000000000006,33.75,37.05,1.2612,1.0645,1.1847,0.5839,0.7929,50.0,27.99,3.3,Original Dataset / MOIL Ltd / IBM IMYB,original_v1
Kandri,Maharashtra,21.366196,79.230888,0.238,0.2869,0.3553,0.4506,0.492,0.4076,0.1183,7.485,0,Metamorphics,IND2497,314,299.0,349.0,1.3606765270233154,0.0,26.36,36.35000000000002,34.85,38.15,1.0919,0.9046,1.2071,0.7222,0.9159,50.0,26.36,3.3,Original Dataset / MOIL Ltd / IBM IMYB,original_v1
Kandri,Maharashtra,21.398237,79.260705,0.2224,0.2515,0.2736,0.3302,0.4108,0.3654,0.0937,2.799,0,Metamorphics,IND2497,329,314.0,364.0,3.512971878051758,0.51,28.51,35.910000000000025,34.41,37.71,1.2441,1.1066,1.1242,0.666,0.8038,50.0,28.0,3.3,Original Dataset / MOIL Ltd / IBM IMYB,original_v1
Kandri,Maharashtra,21.4276,79.225997,0.1529,0.1802,0.1924,0.3394,0.3874,0.2866,0.2764,6.007,0,Metamorphics,IND2497,331,316.0,366.0,3.8356871604919434,0.84,28.84,34.93000000000001,33.43,36.73,1.1414,0.8444,1.3517,0.4966,0.8761,50.0,28.0,3.3,Original Dataset / MOIL Ltd / IBM IMYB,original_v1
Kandri,Maharashtra,21.416754,79.312015,0.1774,0.2058,0.2389,0.3936,0.4153,0.3318,0.2446,3.129,0,Metamorphics,IND2497,325,310.0,360.0,1.3609297275543213,0.0,26.36,34.950000000000045,33.45,36.75,1.0551,0.843,1.2517,0.5752,0.9477,50.0,26.36,3.3,Original Dataset / MOIL Ltd / IBM IMYB,original_v1
Kandri,Maharashtra,21.429667,79.212603,0.2243,0.2647,0.3181,0.3809,0.4467,0.4073,0.0898,7.408,0,Metamorphics,IND2497,309,294.0,344.0,0.0,0.0,25.0,35.25000000000006,33.75,37.05,1.1727,1.0693,1.0967,0.7121,0.8527,50.0,25.0,3.3,Original Dataset / MOIL Ltd / IBM IMYB,original_v1
Kandri,Maharashtra,21.432995,79.225022,0.1527,0.1779,0.1995,0.3213,0.4005,0.3118,0.2339,6.283,0,Metamorphics,IND2497,331,316.0,366.0,1.8543341159820557,0.0,26.85,34.93000000000001,33.43,36.73,1.2465,0.9704,1.2845,0.4981,0.8022,50.0,26.85,3.3,Original Dataset / MOIL Ltd / IBM IMYB,original_v1
Kandri,Maharashtra,21.428488,79.324412,0.1598,0.1854,0.1995,0.3561,0.3932,0.2987,0.2819,4.694,0,Metamorphics,IND2497,326,311.0,361.0,2.1969234943389893,0.0,27.2,35.150000000000034,33.65,36.95,1.1042,0.8388,1.3164,0.5074,0.9056,50.0,27.2,3.3,Original Dataset / MOIL Ltd / IBM IMYB,original_v1
Kandri,Maharashtra,21.380128,79.326628,0.2059,0.2473,0.2926,0.3497,0.4359,0.3925,0.0889,5.946,0,Metamorphics,IND2497,309,294.0,344.0,0.9274099469184875,0.0,25.93,35.25000000000006,33.75,37.05,1.2465,1.1224,1.1106,0.6713,0.8022,50.0,25.93,3.3,Original Dataset / MOIL Ltd / IBM IMYB,original_v1
Kandri,Maharashtra,21.436623,79.263793,0.1685,0.1944,0.2274,0.3097,0.39,0.325,0.1532,3.174,0,Metamorphics,IND2497,344,329.0,379.0,2.197026491165161,0.0,27.2,36.49000000000001,34.99,38.29,1.2593,1.0494,1.2,0.5831,0.7941,50.0,27.2,3.3,Original Dataset / MOIL Ltd / IBM IMYB,original_v1
Kandri,Maharashtra,21.372813,79.300192,0.1861,0.2243,0.2538,0.3808,0.419,0.3439,0.2001,4.927,0,Metamorphics,IND2497,312,297.0,347.0,0.9274099469184875,0.0,25.93,36.49000000000001,34.99,38.29,1.1003,0.9031,1.2184,0.6057,0.9088,50.0,25.93,3.3,Original Dataset / MOIL Ltd / IBM IMYB,original_v1
Kandri,Maharashtra,21.40204,79.245762,0.1715,0.1958,0.2121,0.346,0.3964,0.3154,0.2399,3.974,0,Metamorphics,IND2497,328,313.0,363.0,2.7201762199401855,0.0,27.72,35.25000000000006,33.75,37.05,1.1457,0.9116,1.2568,0.5351,0.8729,50.0,27.72,3.3,Original Dataset / MOIL Ltd / IBM IMYB,original_v1
Kandri,Maharashtra,21.425713,79.312675,0.1951,0.2287,0.2783,0.3879,0.4811,0.3936,0.1645,3.449,0,Metamorphics,IND2497,332,317.0,367.0,4.203695297241211,1.2,29.2,35.47000000000003,33.97,37.27,1.2403,1.0147,1.2223,0.5785,0.8063,50.0,28.0,3.3,Original Dataset / MOIL Ltd / IBM IMYB,original_v1
Kandri,Maharashtra,21.409499,79.241353,0.1728,0.2069,0.2403,0.378,0.4562,0.3535,0.2227,4.238,0,Metamorphics,IND2497,325,310.0,360.0,1.9916722774505615,0.0,26.99,35.25000000000006,33.75,37.05,1.2069,0.9352,1.2905,0.5267,0.8286,50.0,26.99,3.3,Original Dataset / MOIL Ltd / IBM IMYB,original_v1
Kandri,Maharashtra,21.430735,79.249375,0.1725,0.1995,0.2362,0.3342,0.48,0.39,0.1718,3.877,0,Metamorphics,IND2497,336,321.0,371.0,2.952873945236206,0.0,27.95,34.870000000000005,33.37,36.67,1.4363,1.167,1.2308,0.4921,0.6962,50.0,27.95,3.3,Original Dataset / MOIL Ltd / IBM IMYB,original_v1
Kandri,Maharashtra,21.353859,79.259077,0.1601,0.1794,0.2014,0.3399,0.3525,0.3366,0.2559,7.072,0,Metamorphics,IND2497,304,289.0,339.0,3.4177939891815186,0.42,28.42,35.870000000000005,34.37,37.67,1.0371,0.9903,1.0472,0.5713,0.9643,50.0,28.0,3.3,Original Dataset / MOIL Ltd / IBM IMYB,original_v1
Kandri,Maharashtra,21.428059,79.304703,0.1938,0.2234,0.268,0.3689,0.4884,0.4,0.1584,2.844,0,Metamorphics,IND2497,332,317.0,367.0,0.9962620735168457,0.0,26.0,35.75000000000006,34.25,37.55,1.3239,1.0843,1.221,0.5487,0.7553,50.0,26.0,3.3,Original Dataset / MOIL Ltd / IBM IMYB,original_v1
Kandri,Maharashtra,21.410706,79.320253,0.176,0.207,0.2348,0.366,0.424,0.3592,0.2184,3.978,0,Metamorphics,IND2497,321,306.0,356.0,0.9274099469184875,0.0,25.93,34.650000000000034,33.15,36.45,1.1585,0.9814,1.1804,0.5538,0.8632,50.0,25.93,3.3,Original Dataset / MOIL Ltd / IBM IMYB,original_v1
Kandri,Maharashtra,21.452646,79.282189,0.2098,0.2512,0.3013,0.4164,0.4753,0.3691,0.1604,4.336,0,Metamorphics,IND2497,344,329.0,379.0,3.979712724685669,0.98,28.98,35.49000000000001,33.99,37.29,1.1415,0.8864,1.2877,0.6339,0.8761,50.0,28.0,3.3,Original Dataset / MOIL Ltd / IBM IMYB,original_v1
Kandri,Maharashtra,21.37665,79.319825,0.1839,0.2144,0.2681,0.3925,0.4338,0.3925,0.1883,5.69,0,Metamorphics,IND2497,311,296.0,346.0,2.7802884578704834,0.0,27.78,35.77000000000004,34.27,37.57,1.1052,1.0,1.1052,0.618,0.9048,50.0,27.78,3.3,Original Dataset / MOIL Ltd / IBM IMYB,original_v1
Munsar,Maharashtra,21.402274,79.281198,0.171,0.1929,0.2263,0.3109,0.401,0.3319,0.1575,0.087,1,Metamorphics,IND2497,396,381.0,431.0,9.441522598266602,6.44,34.44,34.35000000000002,32.85,36.15,1.2898,1.0675,1.2082,0.5643,0.7753,50.0,28.0,3.3,Original Dataset / MOIL Ltd / IBM IMYB,original_v1
Munsar,Maharashtra,21.40198,79.277973,0.1902,0.2097,0.2347,0.2747,0.3716,0.3825,0.0785,0.328,1,Metamorphics,IND2497,343,328.0,378.0,8.75601863861084,5.76,33.76,34.35000000000002,32.85,36.15,1.3527,1.3924,0.9715,0.6316,0.7392,50.0,28.0,3.3,Original Dataset / MOIL Ltd / IBM IMYB,original_v1
Munsar,Maharashtra,21.401328,79.280095,0.185,0.1962,0.2103,0.2398,0.3675,0.3917,0.0655,0.106,1,Metamorphics,IND2497,349,334.0,384.0,8.865269660949707,5.87,33.87,34.35000000000002,32.85,36.15,1.5325,1.6334,0.9382,0.5722,0.6525,50.0,28.0,3.3,Original Dataset / MOIL Ltd / IBM IMYB,original_v1
Munsar,Maharashtra,21.39926,79.280499,0.1755,0.2083,0.2276,0.384,0.3871,0.3192,0.2557,0.257,1,Metamorphics,IND2497,339,324.0,374.0,2.1965668201446533,0.0,27.2,34.670000000000016,33.17,36.47,1.0081,0.8312,1.2127,0.588,0.992,50.0,27.2,3.3,Original Dataset / MOIL Ltd / IBM IMYB,original_v1
Munsar,Maharashtra,21.400084,79.280868,0.1537,0.1772,0.1704,0.3165,0.3195,0.262,0.3001,0.159,1,Metamorphics,IND2497,339,324.0,374.0,3.4181602001190186,0.42,28.42,34.35000000000002,32.85,36.15,1.0095,0.8278,1.2195,0.5333,0.9906,50.0,28.0,3.3,Original Dataset / MOIL Ltd / IBM IMYB,original_v1
Munsar,Maharashtra,21.399804,79.28049,0.1516,0.1768,0.18,0.3586,0.3422,0.2768,0.3316,0.199,1,Metamorphics,IND2497,339,324.0,374.0,1.9915398359298706,0.0,26.99,34.670000000000016,33.17,36.47,0.9543,0.7719,1.2363,0.526,1.0479,50.0,26.99,3.3,Original Dataset / MOIL Ltd / IBM IMYB,original_v1
Munsar,Maharashtra,21.400548,79.283185,0.1685,0.1973,0.2127,0.3596,0.3795,0.3077,0.2567,0.241,1,Metamorphics,IND2497,358,343.0,393.0,13.820871353149414,10.82,38.82,34.63000000000005,33.13,36.43,1.0553,0.8557,1.2333,0.5605,0.9476,50.0,28.0,3.3,Original Dataset / MOIL Ltd / IBM IMYB,original_v1
Munsar,Maharashtra,21.403231,79.282647,0.1524,0.1712,0.187,0.3137,0.3399,0.2835,0.253,0.251,1,Metamorphics,IND2497,384,369.0,419.0,22.623695373535156,19.62,47.62,34.35000000000002,32.85,36.15,1.0835,0.9037,1.1989,0.5502,0.9229,50.0,28.0,3.3,Original Dataset / MOIL Ltd / IBM IMYB,original_v1
Munsar,Maharashtra,21.40321,79.281918,0.155,0.172,0.1971,0.3126,0.3613,0.3083,0.2266,0.208,1,Metamorphics,IND2497,407,392.0,442.0,9.304892539978027,6.3,34.3,34.35000000000002,32.85,36.15,1.1558,0.9862,1.1719,0.5455,0.8652,50.0,28.0,3.3,Original Dataset / MOIL Ltd / IBM IMYB,original_v1
Munsar,Maharashtra,21.403475,79.283352,0.1823,0.2042,0.2257,0.3216,0.3777,0.3439,0.1752,0.321,1,Metamorphics,IND2497,361,346.0,396.0,16.052846908569336,13.05,41.05,34.35000000000002,32.85,36.15,1.1744,1.0693,1.0983,0.5976,0.8515,50.0,28.0,3.3,Original Dataset / MOIL Ltd / IBM IMYB,original_v1
Munsar,Maharashtra,21.402391,79.284182,0.1456,0.1695,0.1544,0.4442,0.3152,0.2182,0.4841,0.334,1,Metamorphics,IND2497,363,348.0,398.0,21.454730987548828,18.45,46.45,34.63000000000005,33.13,36.43,0.7096,0.4912,1.4445,0.4898,1.4093,50.0,28.0,3.3,Original Dataset / MOIL Ltd / IBM IMYB,original_v1
Munsar,Maharashtra,21.402923,79.282192,0.1483,0.1689,0.1796,0.3324,0.3441,0.2954,0.2984,0.195,1,Metamorphics,IND2497,405,390.0,440.0,6.564183235168457,3.56,31.56,34.35000000000002,32.85,36.15,1.0352,0.8887,1.1649,0.5219,0.966,50.0,28.0,3.3,Original Dataset / MOIL Ltd / IBM IMYB,original_v1
Munsar,Maharashtra,21.402546,79.279236,0.1694,0.1953,0.2274,0.3217,0.4101,0.3501,0.1717,0.226,1,Metamorphics,IND2497,375,360.0,410.0,17.175983428955078,14.18,42.18,34.35000000000002,32.85,36.15,1.2748,1.0883,1.1714,0.5545,0.7844,50.0,28.0,3.3,Original Dataset / MOIL Ltd / IBM IMYB,original_v1
Munsar,Maharashtra,21.399223,79.2807,0.1755,0.2083,0.2276,0.384,0.3871,0.3192,0.2557,0.257,1,Metamorphics,IND2497,339,324.0,374.0,2.1965668201446533,0.0,27.2,34.670000000000016,33.17,36.47,1.0081,0.8312,1.2127,0.588,0.992,50.0,27.2,3.3,Original Dataset / MOIL Ltd / IBM IMYB,original_v1
Munsar,Maharashtra,21.401409,79.283727,0.2218,0.2503,0.2766,0.3383,0.3937,0.3665,0.1003,0.272,1,Metamorphics,IND2497,375,360.0,410.0,6.291238307952881,3.29,31.29,34.63000000000005,33.13,36.43,1.1638,1.0834,1.0742,0.7026,0.8593,50.0,28.0,3.3,Original Dataset / MOIL Ltd / IBM IMYB,original_v1
Munsar,Maharashtra,21.400427,79.280195,0.1507,0.1817,0.1712,0.3929,0.3454,0.286,0.393,0.152,1,Metamorphics,IND2497,342,327.0,377.0,2.7802884578704834,0.0,27.78,34.35000000000002,32.85,36.15,0.8791,0.7279,1.2077,0.4957,1.1375,50.0,27.78,3.3,Original Dataset / MOIL Ltd / IBM IMYB,original_v1
Munsar,Maharashtra,21.40187,79.280914,0.1783,0.2004,0.2382,0.3234,0.4296,0.3507,0.1517,0.046,1,Metamorphics,IND2497,375,360.0,410.0,18.742631912231445,15.74,43.74,34.35000000000002,32.85,36.15,1.3284,1.0844,1.225,0.5545,0.7528,50.0,28.0,3.3,Original Dataset / MOIL Ltd / IBM IMYB,original_v1
Munsar,Maharashtra,21.400647,79.28115,0.1887,0.218,0.2363,0.3276,0.3909,0.3448,0.1619,0.095,1,Metamorphics,IND2497,352,337.0,387.0,14.461955070495605,11.46,39.46,34.35000000000002,32.85,36.15,1.1932,1.0525,1.1337,0.6045,0.8381,50.0,28.0,3.3,Original Dataset / MOIL Ltd / IBM IMYB,original_v1
Munsar,Maharashtra,21.404179,79.282681,0.155,0.1801,0.1795,0.3914,0.3495,0.2708,0.3712,0.34,1,Metamorphics,IND2497,368,353.0,403.0,11.785322189331055,8.79,36.79,34.35000000000002,32.85,36.15,0.8929,0.6919,1.2906,0.5136,1.1199,50.0,28.0,3.3,Original Dataset / MOIL Ltd / IBM IMYB,original_v1
Munsar,Maharashtra,21.404071,79.282207,0.1487,0.173,0.1835,0.3582,0.377,0.2889,0.3225,0.308,1,Metamorphics,IND2497,379,364.0,414.0,11.162529945373535,8.16,36.16,34.35000000000002,32.85,36.15,1.0525,0.8065,1.3049,0.4867,0.9501,50.0,28.0,3.3,Original Dataset / MOIL Ltd / IBM IMYB,original_v1
Munsar,Maharashtra,21.403337,79.280294,0.1627,0.187,0.203,0.3521,0.3811,0.3166,0.2686,0.221,1,Metamorphics,IND2497,393,378.0,428.0,14.644222259521484,11.64,39.64,34.35000000000002,32.85,36.15,1.0824,0.8992,1.2037,0.5327,0.9239,50.0,28.0,3.3,Original Dataset / MOIL Ltd / IBM IMYB,original_v1
Munsar,Maharashtra,21.400463,79.2823,0.1821,0.202,0.2244,0.2723,0.3573,0.3243,0.0964,0.17,1,Metamorphics,IND2497,351,336.0,386.0,11.163371086120605,8.16,36.16,34.35000000000002,32.85,36.15,1.3122,1.191,1.1018,0.628,0.7621,50.0,28.0,3.3,Original Dataset / MOIL Ltd / IBM IMYB,original_v1
Munsar,Maharashtra,21.402603,79.278725,0.1685,0.1903,0.2161,0.3092,0.3938,0.3408,0.1772,0.275,1,Metamorphics,IND2497,367,352.0,402.0,13.663612365722656,10.66,38.66,34.35000000000002,32.85,36.15,1.2736,1.1022,1.1555,0.5488,0.7852,50.0,28.0,3.3,Original Dataset / MOIL Ltd / IBM IMYB,original_v1
Munsar,Maharashtra,21.402506,79.281382,0.1719,0.1923,0.2145,0.2934,0.3679,0.3157,0.1553,0.116,1,Metamorphics,IND2497,398,383.0,433.0,2.9528095722198486,0.0,27.95,34.35000000000002,32.85,36.15,1.2539,1.076,1.1653,0.583,0.7975,50.0,27.95,3.3,Original Dataset / MOIL Ltd / IBM IMYB,original_v1
Munsar,Maharashtra,21.401365,79.281513,0.1705,0.1932,0.2251,0.3238,0.3904,0.3173,0.1798,0.045,1,Metamorphics,IND2497,361,346.0,396.0,15.846272468566895,12.85,40.85,34.35000000000002,32.85,36.15,1.2057,0.9799,1.2304,0.5766,0.8294,50.0,28.0,3.3,Original Dataset / MOIL Ltd / IBM IMYB,original_v1
Munsar,Maharashtra,21.404636,79.280248,0.1531,0.1781,0.1924,0.3621,0.3607,0.2746,0.306,0.36,1,Metamorphics,IND2497,381,366.0,416.0,7.5217485427856445,4.52,32.52,34.35000000000002,32.85,36.15,0.9961,0.7584,1.3135,0.5334,1.0039,50.0,28.0,3.3,Original Dataset / MOIL Ltd / IBM IMYB,original_v1
Munsar,Maharashtra,21.401423,79.280576,0.1707,0.1913,0.2202,0.3,0.3919,0.3316,0.1534,0.055,1,Metamorphics,IND2497,363,348.0,398.0,15.633397102355957,12.63,40.63,34.35000000000002,32.85,36.15,1.3063,1.1053,1.1818,0.5619,0.7655,50.0,28.0,3.3,Original Dataset / MOIL Ltd / IBM IMYB,original_v1
Munsar,Maharashtra,21.402205,79.282994,0.147,0.1692,0.1806,0.3487,0.3523,0.2695,0.3176,0.211,1,Metamorphics,IND2497,391,376.0,426.0,6.9996819496154785,4.0,32.0,34.35000000000002,32.85,36.15,1.0103,0.7729,1.3072,0.5126,0.9898,50.0,28.0,3.3,Original Dataset / MOIL Ltd / IBM IMYB,original_v1
Munsar,Maharashtra,21.401515,79.283121,0.1656,0.1967,0.205,0.3607,0.3687,0.2971,0.2752,0.209,1,Metamorphics,IND2497,377,362.0,412.0,20.4416561126709,17.44,45.44,34.35000000000002,32.85,36.15,1.0222,0.8237,1.241,0.556,0.9783,50.0,28.0,3.3,Original Dataset / MOIL Ltd / IBM IMYB,original_v1
Munsar,Maharashtra,21.402451,79.283233,0.1374,0.1576,0.1459,0.3999,0.3055,0.2164,0.4654,0.245,1,Metamorphics,IND2497,388,373.0,423.0,10.856565475463867,7.86,35.86,34.35000000000002,32.85,36.15,0.7639,0.5411,1.4117,0.4776,1.309,50.0,28.0,3.3,Original Dataset / MOIL Ltd / IBM IMYB,original_v1
Munsar,Maharashtra,21.399258,79.28252,0.1632,0.1935,0.2116,0.3879,0.4116,0.3165,0.2941,0.29,1,Metamorphics,IND2497,338,323.0,373.0,8.127424240112305,5.13,33.13,34.690000000000055,33.19,36.49,1.0611,0.8159,1.3005,0.5141,0.9424,50.0,28.0,3.3,Original Dataset / MOIL Ltd / IBM IMYB,original_v1
Munsar,Maharashtra,21.401165,79.280672,0.1763,0.1898,0.2099,0.2565,0.3549,0.3416,0.0999,0.058,1,Metamorphics,IND2497,354,339.0,389.0,18.301044464111328,15.3,43.3,34.35000000000002,32.85,36.15,1.3836,1.3318,1.0389,0.5914,0.7227,50.0,28.0,3.3,Original Dataset / MOIL Ltd / IBM IMYB,original_v1
Munsar,Maharashtra,21.400207,79.281468,0.2559,0.2419,0.2518,0.335,0.4181,0.4008,0.1418,0.149,1,Metamorphics,IND2497,344,329.0,379.0,6.186549186706543,3.19,31.19,34.35000000000002,32.85,36.15,1.2481,1.1964,1.0432,0.6022,0.8012,50.0,28.0,3.3,Original Dataset / MOIL Ltd / IBM IMYB,original_v1
Munsar,Maharashtra,21.403227,79.279419,0.1659,0.1863,0.2147,0.3068,0.4015,0.3569,0.1766,0.259,1,Metamorphics,IND2497,386,371.0,421.0,9.62887954711914,6.63,34.63,34.35000000000002,32.85,36.15,1.3087,1.1633,1.125,0.5347,0.7641,50.0,28.0,3.3,Original Dataset / MOIL Ltd / IBM IMYB,original_v1
Munsar,Maharashtra,21.401805,79.2818,0.1664,0.1912,0.2211,0.3302,0.411,0.338,0.1979,0.08,1,Metamorphics,IND2497,386,371.0,421.0,20.35966682434082,17.36,45.36,34.35000000000002,32.85,36.15,1.2447,1.0236,1.216,0.538,0.8034,50.0,28.0,3.3,Original Dataset / MOIL Ltd / IBM IMYB,original_v1
Munsar,Maharashtra,21.400728,79.282454,0.1861,0.2033,0.2121,0.3193,0.3859,0.3529,0.2017,0.165,1,Metamorphics,IND2497,360,345.0,395.0,15.415703773498535,12.42,40.42,34.35000000000002,32.85,36.15,1.2086,1.1052,1.0935,0.5496,0.8274,50.0,28.0,3.3,Original Dataset / MOIL Ltd / IBM IMYB,original_v1
Munsar,Maharashtra,21.402191,79.281093,0.171,0.1929,0.2263,0.3109,0.401,0.3319,0.1575,0.077,1,Metamorphics,IND2497,396,381.0,431.0,9.441522598266602,6.44,34.44,34.35000000000002,32.85,36.15,1.2898,1.0675,1.2082,0.5643,0.7753,50.0,28.0,3.3,Original Dataset / MOIL Ltd / IBM IMYB,original_v1
Munsar,Maharashtra,21.400533,79.282486,0.1739,0.1946,0.2085,0.3149,0.3533,0.3132,0.2033,0.179,1,Metamorphics,IND2497,352,337.0,387.0,12.76917839050293,9.77,37.77,34.35000000000002,32.85,36.15,1.1219,0.9946,1.128,0.5902,0.8913,50.0,28.0,3.3,Original Dataset / MOIL Ltd / IBM IMYB,original_v1
Munsar,Maharashtra,21.402697,79.281031,0.1487,0.1735,0.174,0.3201,0.3539,0.2792,0.2957,0.133,1,Metamorphics,IND2497,398,383.0,433.0,4.203545570373535,1.2,29.2,34.35000000000002,32.85,36.15,1.1056,0.8722,1.2676,0.4917,0.9045,50.0,28.0,3.3,Original Dataset / MOIL Ltd / IBM IMYB,original_v1
Munsar,Maharashtra,21.400649,79.282053,0.2277,0.2475,0.265,0.3524,0.3907,0.3528,0.1416,0.137,1,Metamorphics,IND2497,356,341.0,391.0,15.647114753723145,12.65,40.65,34.35000000000002,32.85,36.15,1.1087,1.0011,1.1074,0.6783,0.902,50.0,28.0,3.3,Original Dataset / MOIL Ltd / IBM IMYB,original_v1
Munsar,Maharashtra,21.399097,79.282303,0.1554,0.1841,0.1774,0.3952,0.3759,0.2724,0.3804,0.295,1,Metamorphics,IND2497,335,320.0,370.0,4.386688709259033,1.39,29.39,34.670000000000016,33.17,36.47,0.9512,0.6893,1.38,0.4719,1.0513,50.0,28.0,3.3,Original Dataset / MOIL Ltd / IBM IMYB,original_v1
Munsar,Maharashtra,21.399537,79.279391,0.1444,0.174,0.167,0.3924,0.3489,0.2672,0.4029,0.281,1,Metamorphics,IND2497,337,322.0,372.0,0.0,0.0,25.0,34.670000000000016,33.17,36.47,0.8891,0.6809,1.3058,0.4786,1.1247,50.0,25.0,3.3,Original Dataset / MOIL Ltd / IBM IMYB,original_v1
Munsar,Maharashtra,21.40195,79.283194,0.1488,0.1731,0.1693,0.4099,0.3266,0.2403,0.4154,0.223,1,Metamorphics,IND2497,387,372.0,422.0,6.999851703643799,4.0,32.0,34.35000000000002,32.85,36.15,0.7968,0.5862,1.3591,0.5184,1.2551,50.0,28.0,3.3,Original Dataset / MOIL Ltd / IBM IMYB,original_v1
Munsar,Maharashtra,21.403875,79.279823,0.1637,0.1894,0.2146,0.3695,0.3955,0.3164,0.2652,0.296,1,Metamorphics,IND2497,375,360.0,410.0,19.19378089904785,16.19,44.19,34.35000000000002,32.85,36.15,1.0704,0.8563,1.25,0.5426,0.9343,50.0,28.0,3.3,Original Dataset / MOIL Ltd / IBM IMYB,original_v1
Munsar,Maharashtra,21.402472,79.280843,0.1944,0.2224,0.2557,0.3176,0.3718,0.3373,0.108,0.111,1,Metamorphics,IND2497,396,381.0,431.0,8.128034591674805,5.13,33.13,34.35000000000002,32.85,36.15,1.1707,1.062,1.1023,0.6877,0.8542,50.0,28.0,3.3,Original Dataset / MOIL Ltd / IBM IMYB,original_v1
Munsar,Maharashtra,21.367533,79.308639,0.1641,0.1886,0.2098,0.3478,0.3623,0.3261,0.2475,4.737,0,Metamorphics,IND2497,309,294.0,344.0,0.9274099368611016,0.0,25.93,36.43000000000001,34.93,38.23,1.0417,0.9376,1.111,0.5791,0.96,50.0,25.93,3.3,Original Dataset / MOIL Ltd / IBM IMYB,original_v1
Munsar,Maharashtra,21.456265,79.274777,0.1733,0.2108,0.2578,0.3761,0.472,0.367,0.1866,6.132,0,Metamorphics,IND2497,349,334.0,384.0,5.500652313232422,2.5,30.5,35.81,34.31,37.61,1.255,0.9758,1.2861,0.5462,0.7968,50.0,28.0,3.3,Original Dataset / MOIL Ltd / IBM IMYB,original_v1
Munsar,Maharashtra,21.352584,79.275263,0.1753,0.2029,0.2392,0.3796,0.3942,0.3662,0.2269,5.479,0,Metamorphics,IND2497,306,291.0,341.0,4.203225612640381,1.2,29.2,35.85000000000002,34.35,37.65,1.0385,0.9647,1.0765,0.6068,0.963,50.0,28.0,3.3,Original Dataset / MOIL Ltd / IBM IMYB,original_v1
Munsar,Maharashtra,21.380035,79.349357,0.2032,0.2406,0.279,0.4335,0.5137,0.3992,0.2168,7.467,0,Metamorphics,IND2497,315,300.0,350.0,2.7199578285217285,0.0,27.72,35.31,33.81,37.11,1.185,0.9209,1.2868,0.5431,0.8439,50.0,27.72,3.3,Original Dataset / MOIL Ltd / IBM IMYB,original_v1
Munsar,Maharashtra,21.407817,79.319109,0.1685,0.1965,0.2149,0.4046,0.4066,0.3187,0.3062,4.002,0,Metamorphics,IND2497,325,310.0,360.0,1.9916456937789917,0.0,26.99,34.99000000000001,33.49,36.79,1.0049,0.7877,1.2758,0.5285,0.9951,50.0,26.99,3.3,Original Dataset / MOIL Ltd / IBM IMYB,original_v1
Munsar,Maharashtra,21.461828,79.28999,0.1928,0.223,0.2474,0.384,0.4487,0.3515,0.2163,6.779,0,Metamorphics,IND2497,348,333.0,383.0,1.361154556274414,0.0,26.36,34.83000000000004,33.33,36.63,1.1685,0.9154,1.2765,0.5514,0.8558,50.0,26.36,3.3,Original Dataset / MOIL Ltd / IBM IMYB,original_v1
Munsar,Maharashtra,21.379545,79.221847,0.1669,0.1946,0.2304,0.3279,0.3898,0.3304,0.1746,6.61,0,Metamorphics,IND2497,321,306.0,356.0,0.9274099469184875,0.0,25.93,36.53000000000003,35.03,38.33,1.1888,1.0076,1.1798,0.5911,0.8412,50.0,25.93,3.3,Original Dataset / MOIL Ltd / IBM IMYB,original_v1
Munsar,Maharashtra,21.36861,79.268716,0.1776,0.2062,0.2399,0.3415,0.376,0.3362,0.1748,3.88,0,Metamorphics,IND2497,311,296.0,346.0,2.1961867809295654,0.0,27.2,36.03000000000003,34.53,37.83,1.101,0.9845,1.1184,0.638,0.9082,50.0,27.2,3.3,Original Dataset / MOIL Ltd / IBM IMYB,original_v1
Munsar,Maharashtra,21.443898,79.258229,0.1825,0.2118,0.2487,0.3507,0.4644,0.3792,0.1702,5.282,0,Metamorphics,IND2497,341,326.0,376.0,2.952904462814331,0.0,27.95,36.190000000000055,34.69,37.99,1.3242,1.0813,1.2247,0.5355,0.7552,50.0,27.95,3.3,Original Dataset / MOIL Ltd / IBM IMYB,original_v1
Munsar,Maharashtra,21.430084,79.288519,0.1705,0.2009,0.2112,0.3403,0.3656,0.2924,0.2341,3.274,0,Metamorphics,IND2497,333,318.0,368.0,0.9962753057479858,0.0,26.0,36.170000000000016,34.67,37.97,1.0743,0.8592,1.2503,0.5777,0.9308,50.0,26.0,3.3,Original Dataset / MOIL Ltd / IBM IMYB,original_v1
Munsar,Maharashtra,21.426293,79.312641,0.199,0.2324,0.2846,0.3779,0.4822,0.3897,0.1408,4.278,0,Metamorphics,IND2497,335,320.0,370.0,0.9962506890296936,0.0,26.0,35.47000000000003,33.97,37.27,1.276,1.0312,1.2374,0.5902,0.7837,50.0,26.0,3.3,Original Dataset / MOIL Ltd / IBM IMYB,original_v1
Munsar,Maharashtra,21.367629,79.260454,0.1757,0.2052,0.2444,0.3227,0.4091,0.3535,0.1381,4.335,0,Metamorphics,IND2497,309,294.0,344.0,2.1961731910705566,0.0,27.2,36.39000000000004,34.89,38.19,1.2677,1.0954,1.1573,0.5974,0.7888,50.0,27.2,3.3,Original Dataset / MOIL Ltd / IBM IMYB,original_v1
Munsar,Maharashtra,21.413826,79.248311,0.151,0.1765,0.1901,0.3261,0.359,0.2899,0.2635,3.665,0,Metamorphics,IND2497,354,339.0,389.0,7.000226020812988,4.0,32.0,34.89000000000004,33.39,36.69,1.1009,0.889,1.2384,0.5295,0.9084,50.0,28.0,3.3,Original Dataset / MOIL Ltd / IBM IMYB,original_v1
Munsar,Maharashtra,21.380012,79.297913,0.1657,0.1981,0.2003,0.4173,0.368,0.2797,0.3514,2.96,0,Metamorphics,IND2497,315,300.0,350.0,1.9912678003311157,0.0,26.99,36.51000000000005,35.01,38.31,0.8819,0.6703,1.3157,0.5443,1.134,50.0,26.99,3.3,Original Dataset / MOIL Ltd / IBM IMYB,original_v1
Munsar,Maharashtra,21.395214,79.213032,0.1845,0.2162,0.2604,0.3524,0.4573,0.3972,0.1501,7.089,0,Metamorphics,IND2497,310,295.0,345.0,2.104581594467163,0.0,27.1,36.23000000000002,34.73,38.03,1.2977,1.1271,1.1513,0.5694,0.7706,50.0,27.1,3.3,Original Dataset / MOIL Ltd / IBM IMYB,original_v1
Munsar,Maharashtra,21.416136,79.224204,0.1708,0.2029,0.2344,0.3869,0.4598,0.3659,0.2455,6.118,0,Metamorphics,IND2497,334,319.0,369.0,3.8356666564941406,0.84,28.84,35.910000000000025,34.41,37.71,1.1884,0.9457,1.2566,0.5098,0.8415,50.0,28.0,3.3,Original Dataset / MOIL Ltd / IBM IMYB,original_v1
Munsar,Maharashtra,21.415341,79.252242,0.1669,0.1913,0.227,0.3041,0.4175,0.3601,0.1452,3.365,0,Metamorphics,IND2497,355,340.0,390.0,1.3609213829040527,0.0,26.36,34.89000000000004,33.39,36.69,1.3729,1.1841,1.1594,0.5437,0.7284,50.0,26.36,3.3,Original Dataset / MOIL Ltd / IBM IMYB,original_v1
Munsar,Maharashtra,21.354082,79.254651,0.1894,0.2264,0.266,0.3865,0.4313,0.3321,0.1847,5.948,0,Metamorphics,IND2497,312,297.0,347.0,3.1251332759857178,0.13,28.13,36.29000000000002,34.79,38.09,1.1159,0.8592,1.2987,0.6167,0.8961,50.0,28.0,3.3,Original Dataset / MOIL Ltd / IBM IMYB,original_v1
Munsar,Maharashtra,21.349259,79.242848,0.2005,0.2413,0.2752,0.3422,0.4429,0.3808,0.1085,7.038,0,Metamorphics,IND2497,313,298.0,348.0,0.9957250356674194,0.0,26.0,35.85000000000002,34.35,37.65,1.2943,1.1128,1.1631,0.6214,0.7726,50.0,26.0,3.3,Original Dataset / MOIL Ltd / IBM IMYB,original_v1
Munsar,Maharashtra,21.397171,79.242768,0.175,0.2064,0.2164,0.3132,0.3701,0.3042,0.1828,4.002,0,Metamorphics,IND2497,326,311.0,361.0,1.360831379890442,0.0,26.36,36.710000000000036,35.21,38.51,1.1817,0.9713,1.2166,0.5847,0.8463,50.0,26.36,3.3,Original Dataset / MOIL Ltd / IBM IMYB,original_v1
Munsar,Maharashtra,21.444083,79.305677,0.1647,0.1898,0.203,0.3426,0.4261,0.324,0.2559,5.381,0,Metamorphics,IND2497,332,317.0,367.0,0.0,0.0,25.0,35.63000000000005,34.13,37.43,1.2437,0.9457,1.3151,0.4764,0.804,50.0,25.0,3.3,Original Dataset / MOIL Ltd / IBM IMYB,original_v1
Munsar,Maharashtra,21.40477,79.254512,0.1661,0.1933,0.2249,0.3615,0.4317,0.323,0.2329,2.78,0,Metamorphics,IND2497,333,318.0,368.0,5.30004358291626,2.3,30.3,35.03000000000003,33.53,36.83,1.1942,0.8935,1.3365,0.521,0.8374,50.0,28.0,3.3,Original Dataset / MOIL Ltd / IBM IMYB,original_v1
Munsar,Maharashtra,21.417094,79.24378,0.1576,0.1851,0.196,0.3332,0.3924,0.3102,0.2593,4.24,0,Metamorphics,IND2497,355,340.0,390.0,9.441901206970215,6.44,34.44,34.63000000000005,33.13,36.43,1.1777,0.931,1.265,0.4995,0.8491,50.0,28.0,3.3,Original Dataset / MOIL Ltd / IBM IMYB,original_v1
Munsar,Maharashtra,21.429269,79.248459,0.1578,0.1846,0.2094,0.3332,0.4302,0.3308,0.2282,4.583,0,Metamorphics,IND2497,340,325.0,375.0,4.076846122741699,1.08,29.08,34.870000000000005,33.37,36.67,1.2911,0.9928,1.3005,0.4868,0.7745,50.0,28.0,3.3,Original Dataset / MOIL Ltd / IBM IMYB,original_v1
Munsar,Maharashtra,21.410468,79.346475,0.1348,0.1365,0.1258,0.1131,0.1139,0.1149,-0.0532,6.849,0,Metamorphics,IND2497,314,299.0,349.0,0.0,0.0,25.0,29.930000000000007,28.43,31.73,1.0071,1.0159,0.9913,1.1045,0.993,50.0,25.0,3.3,Original Dataset / MOIL Ltd / IBM IMYB,original_v1
Munsar,Maharashtra,21.360055,79.247765,0.1775,0.2126,0.2562,0.3405,0.3984,0.3548,0.1413,5.764,0,Metamorphics,IND2497,309,294.0,344.0,1.36064612865448,0.0,26.36,36.39000000000004,34.89,38.19,1.17,1.042,1.1229,0.6431,0.8547,50.0,26.36,3.3,Original Dataset / MOIL Ltd / IBM IMYB,original_v1
Munsar,Maharashtra,21.405438,79.256793,0.1685,0.1934,0.2297,0.3116,0.3936,0.3347,0.1513,2.557,0,Metamorphics,IND2497,349,334.0,384.0,4.7530694007873535,1.75,29.75,35.03000000000003,33.53,36.83,1.2632,1.0741,1.176,0.5836,0.7917,50.0,28.0,3.3,Original Dataset / MOIL Ltd / IBM IMYB,original_v1
Munsar,Maharashtra,21.388124,79.321176,0.1619,0.1891,0.2098,0.3746,0.4183,0.3243,0.282,4.412,0,Metamorphics,IND2497,311,296.0,346.0,2.7200379371643066,0.0,27.72,34.450000000000045,32.95,36.25,1.1167,0.8657,1.2899,0.5016,0.8955,50.0,27.72,3.3,Original Dataset / MOIL Ltd / IBM IMYB,original_v1
Munsar,Maharashtra,21.377953,79.274618,0.1797,0.2027,0.2316,0.385,0.4004,0.3553,0.2488,2.706,0,Metamorphics,IND2497,315,300.0,350.0,2.9527535438537598,0.0,27.95,36.35000000000002,34.85,38.15,1.04,0.9229,1.1269,0.5784,0.9615,50.0,27.95,3.3,Original Dataset / MOIL Ltd / IBM IMYB,original_v1
Munsar,Maharashtra,21.372327,79.280627,0.1675,0.195,0.2112,0.3308,0.3914,0.3067,0.2207,3.248,0,Metamorphics,IND2497,307,292.0,342.0,0.9274099469184875,0.0,25.93,36.01000000000005,34.51,37.81,1.1832,0.9271,1.2762,0.5396,0.8452,50.0,25.93,3.3,Original Dataset / MOIL Ltd / IBM IMYB,original_v1
Munsar,Maharashtra,21.432258,79.291953,0.1739,0.2088,0.242,0.3194,0.3994,0.3383,0.1379,3.604,0,Metamorphics,IND2497,333,318.0,368.0,0.9274099469184875,0.0,25.93,35.89000000000004,34.39,37.69,1.2505,1.0592,1.1806,0.6059,0.7997,50.0,25.93,3.3,Original Dataset / MOIL Ltd / IBM IMYB,original_v1
Munsar,Maharashtra,21.358246,79.318136,0.1812,0.2101,0.2509,0.333,0.3999,0.3437,0.1406,6.158,0,Metamorphics,IND2497,303,288.0,338.0,2.104461908340454,0.0,27.1,35.77000000000004,34.27,37.57,1.2009,1.0321,1.1635,0.6274,0.8327,50.0,27.1,3.3,Original Dataset / MOIL Ltd / IBM IMYB,original_v1
Munsar,Maharashtra,21.366391,79.255427,0.1953,0.2311,0.2764,0.4098,0.471,0.3897,0.1944,4.728,0,Metamorphics,IND2497,312,297.0,347.0,2.7802884578704834,0.0,27.78,36.39000000000004,34.89,38.19,1.1493,0.951,1.2086,0.5868,0.8701,50.0,27.78,3.3,Original Dataset / MOIL Ltd / IBM IMYB,original_v1
Munsar,Maharashtra,21.409375,79.328827,0.1765,0.218,0.2414,0.4126,0.4237,0.3375,0.2618,5.024,0,Metamorphics,IND2497,324,309.0,359.0,1.3608922958374023,0.0,26.36,34.09000000000003,32.59,35.89,1.0269,0.818,1.2554,0.5697,0.9738,50.0,26.36,3.3,Original Dataset / MOIL Ltd / IBM IMYB,original_v1
Munsar,Maharashtra,21.373563,79.30458,0.1706,0.1995,0.232,0.3241,0.3954,0.3384,0.1656,3.949,0,Metamorphics,IND2497,315,300.0,350.0,0.9274099469184875,0.0,25.93,36.43000000000001,34.93,38.23,1.22,1.0441,1.1684,0.5867,0.8197,50.0,25.93,3.3,Original Dataset / MOIL Ltd / IBM IMYB,original_v1
Munsar,Maharashtra,21.426161,79.296218,0.1812,0.2081,0.2455,0.3586,0.4832,0.3966,0.1872,3.161,0,Metamorphics,IND2497,338,323.0,373.0,4.849001407623291,1.85,29.85,35.89000000000004,34.39,37.69,1.3475,1.106,1.2184,0.5081,0.7421,50.0,28.0,3.3,Original Dataset / MOIL Ltd / IBM IMYB,original_v1
Munsar,Maharashtra,21.447333,79.29686,0.1448,0.1711,0.1543,0.3136,0.2978,0.221,0.3405,5.357,0,Metamorphics,IND2497,334,319.0,369.0,2.1971569061279297,0.0,27.2,35.610000000000014,34.11,37.41,0.9496,0.7047,1.3475,0.5181,1.0531,50.0,27.2,3.3,Original Dataset / MOIL Ltd / IBM IMYB,original_v1
Munsar,Maharashtra,21.436253,79.3032,0.1644,0.1881,0.2197,0.3317,0.3919,0.3296,0.2031,4.496,0,Metamorphics,IND2497,333,318.0,368.0,3.5136311054229736,0.51,28.51,35.93000000000001,34.43,37.73,1.1815,0.9937,1.189,0.5606,0.8464,50.0,28.0,3.3,Original Dataset / MOIL Ltd / IBM IMYB,original_v1
Munsar,Maharashtra,21.408211,79.233311,0.2084,0.2535,0.3079,0.3957,0.5403,0.4658,0.1248,5.009,0,Metamorphics,IND2497,322,307.0,357.0,0.0,0.0,25.0,36.410000000000025,34.91,38.21,1.3654,1.1772,1.1599,0.5699,0.7324,50.0,25.0,3.3,Original Dataset / MOIL Ltd / IBM IMYB,original_v1
Munsar,Maharashtra,21.420241,79.303895,0.1841,0.2211,0.2605,0.3471,0.4251,0.3576,0.1425,3.152,0,Metamorphics,IND2497,333,318.0,368.0,3.5133519172668457,0.51,28.51,35.43000000000001,33.93,37.23,1.2247,1.0303,1.1888,0.6128,0.8165,50.0,28.0,3.3,Original Dataset / MOIL Ltd / IBM IMYB,original_v1
Munsar,Maharashtra,21.354059,79.284994,0.1647,0.181,0.21,0.3196,0.3458,0.3432,0.2069,5.296,0,Metamorphics,IND2497,303,288.0,338.0,1.3606171607971191,0.0,26.36,35.89000000000004,34.39,37.69,1.082,1.0738,1.0076,0.6073,0.9242,50.0,26.36,3.3,Original Dataset / MOIL Ltd / IBM IMYB,original_v1
Munsar,Maharashtra,21.418694,79.333529,0.1539,0.1812,0.1826,0.3414,0.3466,0.2649,0.3031,5.761,0,Metamorphics,IND2497,319,304.0,354.0,0.0,0.0,25.0,33.670000000000016,32.17,35.47,1.0152,0.7759,1.3084,0.5268,0.985,50.0,25.0,3.3,Original Dataset / MOIL Ltd / IBM IMYB,original_v1
Munsar,Maharashtra,21.396992,79.22748,0.1739,0.2104,0.2539,0.3426,0.4267,0.3688,0.1487,5.58,0,Metamorphics,IND2497,315,300.0,350.0,1.8543341159820557,0.0,26.85,36.670000000000016,35.17,38.47,1.2455,1.0765,1.157,0.595,0.8029,50.0,26.85,3.3,Original Dataset / MOIL Ltd / IBM IMYB,original_v1
Munsar,Maharashtra,21.431679,79.296764,0.1782,0.212,0.2461,0.3247,0.4085,0.3522,0.1377,3.731,0,Metamorphics,IND2497,331,316.0,366.0,2.7204723358154297,0.0,27.72,35.89000000000004,34.39,37.69,1.2581,1.0847,1.1599,0.6024,0.7949,50.0,27.72,3.3,Original Dataset / MOIL Ltd / IBM IMYB,original_v1
Munsar,Maharashtra,21.375976,79.336257,0.1681,0.1931,0.2287,0.3573,0.3821,0.3561,0.2195,6.384,0,Metamorphics,IND2497,310,295.0,345.0,2.1962757110595703,0.0,27.2,35.13000000000005,33.63,36.93,1.0694,0.9966,1.073,0.5985,0.9351,50.0,27.2,3.3,Original Dataset / MOIL Ltd / IBM IMYB,original_v1
Gumgaon_MOIL,Maharashtra,21.400379,78.975216,0.1652,0.1883,0.2005,0.313,0.345,0.2811,0.2191,0.353,1,Metamorphics,IND2497,306,291.0,341.0,2.196580410003662,0.0,27.2,36.09000000000003,34.59,37.89,1.1022,0.8981,1.2273,0.5812,0.9072,50.0,27.2,3.3,Original Dataset / MOIL Ltd / IBM IMYB,original_v1
Gumgaon_MOIL,Maharashtra,21.395614,78.974567,0.1659,0.1819,0.2025,0.2734,0.3166,0.2643,0.149,0.262,1,Metamorphics,IND2497,316,301.0,351.0,1.3608230352401733,0.0,26.36,36.49000000000001,34.99,38.29,1.158,0.9667,1.1979,0.6396,0.8636,50.0,26.36,3.3,Original Dataset / MOIL Ltd / IBM IMYB,original_v1
Gumgaon_MOIL,Maharashtra,21.397138,78.974666,0.1746,0.1945,0.2219,0.3185,0.3543,0.2902,0.1788,0.145,1,Metamorphics,IND2497,313,298.0,348.0,1.991502046585083,0.0,26.99,36.49000000000001,34.99,38.29,1.1124,0.9111,1.2209,0.6263,0.899,50.0,26.99,3.3,Original Dataset / MOIL Ltd / IBM IMYB,original_v1
Gumgaon_MOIL,Maharashtra,21.399776,78.973742,0.1841,0.2161,0.2608,0.3531,0.4433,0.3483,0.1504,0.234,1,Metamorphics,IND2497,308,293.0,343.0,2.196573495864868,0.0,27.2,36.49000000000001,34.99,38.29,1.2555,0.9864,1.2728,0.5883,0.7965,50.0,27.2,3.3,Original Dataset / MOIL Ltd / IBM IMYB,original_v1
Gumgaon_MOIL,Maharashtra,21.398862,78.973303,0.1765,0.1988,0.2326,0.3419,0.3801,0.3014,0.1903,0.13,1,Metamorphics,IND2497,308,293.0,343.0,2.104593276977539,0.0,27.1,36.49000000000001,34.99,38.29,1.1117,0.8815,1.2611,0.6119,0.8995,50.0,27.1,3.3,Original Dataset / MOIL Ltd / IBM IMYB,original_v1
Gumgaon_MOIL,Maharashtra,21.399868,78.973256,0.1841,0.2145,0.263,0.3554,0.4126,0.3316,0.1494,0.242,1,Metamorphics,IND2497,309,294.0,344.0,0.9274099469184875,0.0,25.93,36.49000000000001,34.99,38.29,1.1609,0.933,1.2443,0.6374,0.8614,50.0,25.93,3.3,Original Dataset / MOIL Ltd / IBM IMYB,original_v1
Gumgaon_MOIL,Maharashtra,21.39868,78.974772,0.1727,0.1989,0.2265,0.3402,0.3584,0.2941,0.2006,0.179,1,Metamorphics,IND2497,312,297.0,347.0,2.9857850074768066,0.0,27.99,36.49000000000001,34.99,38.29,1.0535,0.8645,1.2186,0.632,0.9492,50.0,27.99,3.3,Original Dataset / MOIL Ltd / IBM IMYB,original_v1
Gumgaon_MOIL,Maharashtra,21.397835,78.973083,0.1708,0.1952,0.224,0.317,0.3596,0.2941,0.1719,0.036,1,Metamorphics,IND2497,314,299.0,349.0,2.985762357711792,0.0,27.99,36.49000000000001,34.99,38.29,1.1344,0.9278,1.2227,0.6229,0.8815,50.0,27.99,3.3,Original Dataset / MOIL Ltd / IBM IMYB,original_v1
Gumgaon_MOIL,Maharashtra,21.397121,78.974032,0.1727,0.1941,0.229,0.3147,0.3637,0.3051,0.1576,0.092,1,Metamorphics,IND2497,312,297.0,347.0,2.1965394020080566,0.0,27.2,36.49000000000001,34.99,38.29,1.1557,0.9695,1.1921,0.6296,0.8653,50.0,27.2,3.3,Original Dataset / MOIL Ltd / IBM IMYB,original_v1
Gumgaon_MOIL,Maharashtra,21.399283,78.971144,0.1758,0.1994,0.2353,0.3362,0.3906,0.3116,0.1766,0.293,1,Metamorphics,IND2497,308,293.0,343.0,0.9274099469184875,0.0,25.93,36.49000000000001,34.99,38.29,1.1618,0.9268,1.2535,0.6024,0.8607,50.0,25.93,3.3,Original Dataset / MOIL Ltd / IBM IMYB,original_v1
Gumgaon_MOIL,Maharashtra,21.398211,78.973596,0.1666,0.1878,0.2111,0.3184,0.3635,0.2914,0.2026,0.06,1,Metamorphics,IND2497,308,293.0,343.0,1.991517186164856,0.0,26.99,36.49000000000001,34.99,38.29,1.1416,0.9152,1.2474,0.5807,0.8759,50.0,26.99,3.3,Original Dataset / MOIL Ltd / IBM IMYB,original_v1
Gumgaon_MOIL,Maharashtra,21.40061,78.97185,0.1755,0.1972,0.2304,0.3248,0.3685,0.3033,0.17,0.362,1,Metamorphics,IND2497,311,296.0,346.0,2.7201650142669678,0.0,27.72,36.09000000000003,34.59,37.89,1.1345,0.9338,1.215,0.6252,0.8814,50.0,27.72,3.3,Original Dataset / MOIL Ltd / IBM IMYB,original_v1
Gumgaon_MOIL,Maharashtra,21.398975,78.970496,0.1726,0.1924,0.2247,0.3184,0.3712,0.3081,0.1725,0.333,1,Metamorphics,IND2497,309,294.0,344.0,1.3608410358428955,0.0,26.36,36.49000000000001,34.99,38.29,1.1658,0.9677,1.2048,0.6053,0.8578,50.0,26.36,3.3,Original Dataset / MOIL Ltd / IBM IMYB,original_v1
Gumgaon_MOIL,Maharashtra,21.397623,78.973174,0.1708,0.1952,0.224,0.317,0.3596,0.2941,0.1719,0.025,1,Metamorphics,IND2497,314,299.0,349.0,2.985762357711792,0.0,27.99,36.49000000000001,34.99,38.29,1.1344,0.9278,1.2227,0.6229,0.8815,50.0,27.99,3.3,Original Dataset / MOIL Ltd / IBM IMYB,original_v1
Gumgaon_MOIL,Maharashtra,21.397187,78.973579,0.1682,0.1865,0.2098,0.3235,0.3434,0.281,0.2132,0.06,1,Metamorphics,IND2497,313,298.0,348.0,2.1045877933502197,0.0,27.1,36.49000000000001,34.99,38.29,1.0615,0.8686,1.2221,0.6109,0.9421,50.0,27.1,3.3,Original Dataset / MOIL Ltd / IBM IMYB,original_v1
Gumgaon_MOIL,Maharashtra,21.397765,78.973663,0.1638,0.187,0.2034,0.328,0.3487,0.2784,0.2345,0.028,1,Metamorphics,IND2497,309,294.0,344.0,3.835634231567383,0.84,28.84,36.49000000000001,34.99,38.29,1.0631,0.8488,1.2525,0.5833,0.9406,50.0,28.0,3.3,Original Dataset / MOIL Ltd / IBM IMYB,original_v1
Gumgaon_MOIL,Maharashtra,21.398249,78.975375,0.1858,0.2094,0.232,0.3216,0.3595,0.3054,0.1618,0.214,1,Metamorphics,IND2497,310,295.0,345.0,2.1045913696289062,0.0,27.1,36.49000000000001,34.99,38.29,1.1178,0.9496,1.1771,0.6453,0.8946,50.0,27.1,3.3,Original Dataset / MOIL Ltd / IBM IMYB,original_v1
Gumgaon_MOIL,Maharashtra,21.397598,78.975407,0.1729,0.1905,0.2119,0.3039,0.3313,0.2783,0.1784,0.208,1,Metamorphics,IND2497,314,299.0,349.0,2.9527981281280518,0.0,27.95,36.49000000000001,34.99,38.29,1.0902,0.9158,1.1904,0.6396,0.9173,50.0,27.95,3.3,Original Dataset / MOIL Ltd / IBM IMYB,original_v1
Gumgaon_MOIL,Maharashtra,21.397481,78.971544,0.1643,0.1832,0.2019,0.3047,0.3445,0.2767,0.2029,0.194,1,Metamorphics,IND2497,313,298.0,348.0,1.9915058612823486,0.0,26.99,36.49000000000001,34.99,38.29,1.1306,0.9081,1.245,0.5861,0.8845,50.0,26.99,3.3,Original Dataset / MOIL Ltd / IBM IMYB,original_v1
Gumgaon_MOIL,Maharashtra,21.397498,78.972751,0.1675,0.1892,0.2157,0.3019,0.3504,0.2884,0.1665,0.071,1,Metamorphics,IND2497,314,299.0,349.0,1.3608328104019165,0.0,26.36,36.49000000000001,34.99,38.29,1.1606,0.9553,1.215,0.6156,0.8616,50.0,26.36,3.3,Original Dataset / MOIL Ltd / IBM IMYB,original_v1
Gumgaon_MOIL,Maharashtra,21.397493,78.973272,0.1591,0.1802,0.1925,0.3174,0.3398,0.2732,0.2449,0.027,1,Metamorphics,IND2497,312,297.0,347.0,2.104588747024536,0.0,27.1,36.49000000000001,34.99,38.29,1.0706,0.8607,1.2438,0.5665,0.9341,50.0,27.1,3.3,Original Dataset / MOIL Ltd / IBM IMYB,original_v1
Gumgaon_MOIL,Maharashtra,21.399939,78.974074,0.1694,0.1938,0.2077,0.3247,0.3504,0.2819,0.2198,0.259,1,Metamorphics,IND2497,307,292.0,342.0,0.0,0.0,25.0,36.49000000000001,34.99,38.29,1.0791,0.8682,1.243,0.5928,0.9267,50.0,25.0,3.3,Original Dataset / MOIL Ltd / IBM IMYB,original_v1
Gumgaon_MOIL,Maharashtra,21.397545,78.974167,0.1786,0.2026,0.2414,0.3273,0.3898,0.3215,0.151,0.081,1,Metamorphics,IND2497,312,297.0,347.0,0.0,0.0,25.0,36.49000000000001,34.99,38.29,1.191,0.9823,1.2124,0.6193,0.8397,50.0,25.0,3.3,Original Dataset / MOIL Ltd / IBM IMYB,original_v1
Gumgaon_MOIL,Maharashtra,21.395685,78.971419,0.1565,0.1751,0.1947,0.3107,0.3367,0.2697,0.2295,0.304,1,Metamorphics,IND2497,314,299.0,349.0,2.196518898010254,0.0,27.2,36.49000000000001,34.99,38.29,1.0837,0.868,1.2484,0.5783,0.9228,50.0,27.2,3.3,Original Dataset / MOIL Ltd / IBM IMYB,original_v1
Gumgaon_MOIL,Maharashtra,21.397502,78.973088,0.1711,0.1939,0.2225,0.3154,0.3618,0.2967,0.1727,0.039,1,Metamorphics,IND2497,313,298.0,348.0,2.196542739868164,0.0,27.2,36.49000000000001,34.99,38.29,1.1471,0.9407,1.2194,0.615,0.8718,50.0,27.2,3.3,Original Dataset / MOIL Ltd / IBM IMYB,original_v1
Gumgaon_MOIL,Maharashtra,21.397542,78.973543,0.1668,0.1904,0.2196,0.3186,0.3495,0.2857,0.1839,0.023,1,Metamorphics,IND2497,312,297.0,347.0,3.704791784286499,0.7,28.7,36.49000000000001,34.99,38.29,1.097,0.8967,1.2233,0.6283,0.9116,50.0,28.0,3.3,Original Dataset / MOIL Ltd / IBM IMYB,original_v1
Gumgaon_MOIL,Maharashtra,21.398332,78.97249,0.1789,0.2092,0.2445,0.3346,0.3763,0.3069,0.1556,0.118,1,Metamorphics,IND2497,311,296.0,346.0,1.8543341159820557,0.0,26.85,36.49000000000001,34.99,38.29,1.1246,0.9172,1.2261,0.6497,0.8892,50.0,26.85,3.3,Original Dataset / MOIL Ltd / IBM IMYB,original_v1
Gumgaon_MOIL,Maharashtra,21.399223,78.971528,0.1757,0.2006,0.235,0.3366,0.3905,0.3135,0.1777,0.258,1,Metamorphics,IND2497,308,293.0,343.0,0.0,0.0,25.0,36.49000000000001,34.99,38.29,1.1601,0.9314,1.2456,0.6018,0.862,50.0,25.0,3.3,Original Dataset / MOIL Ltd / IBM IMYB,original_v1
Gumgaon_MOIL,Maharashtra,21.397862,78.973208,0.1708,0.1952,0.224,0.317,0.3596,0.2941,0.1719,0.027,1,Metamorphics,IND2497,314,299.0,349.0,2.985762357711792,0.0,27.99,36.49000000000001,34.99,38.29,1.1344,0.9278,1.2227,0.6229,0.8815,50.0,27.99,3.3,Original Dataset / MOIL Ltd / IBM IMYB,original_v1
Gumgaon_MOIL,Maharashtra,21.397969,78.975831,0.2155,0.234,0.2531,0.3359,0.3794,0.3462,0.1406,0.254,1,Metamorphics,IND2497,312,297.0,347.0,2.720137357711792,0.0,27.72,36.49000000000001,34.99,38.29,1.1295,1.0307,1.0959,0.6671,0.8853,50.0,27.72,3.3,Original Dataset / MOIL Ltd / IBM IMYB,original_v1
Gumgaon_MOIL,Maharashtra,21.399096,78.973178,0.1597,0.1784,0.1868,0.3166,0.341,0.266,0.2578,0.157,1,Metamorphics,IND2497,308,293.0,343.0,0.9960651397705078,0.0,26.0,36.49000000000001,34.99,38.29,1.0771,0.8402,1.282,0.5478,0.9284,50.0,26.0,3.3,Original Dataset / MOIL Ltd / IBM IMYB,original_v1
Gumgaon_MOIL,Maharashtra,21.397499,78.973894,0.1722,0.195,0.2333,0.3162,0.3762,0.3127,0.1509,0.056,1,Metamorphics,IND2497,312,297.0,347.0,1.8543341159820557,0.0,26.85,36.49000000000001,34.99,38.29,1.1898,0.9889,1.2031,0.6201,0.8405,50.0,26.85,3.3,Original Dataset / MOIL Ltd / IBM IMYB,original_v1
Gumgaon_MOIL,Maharashtra,21.394776,78.972769,0.1723,0.1934,0.2222,0.2608,0.3226,0.2875,0.0799,0.332,1,Metamorphics,IND2497,314,299.0,349.0,2.1965084075927734,0.0,27.2,36.49000000000001,34.99,38.29,1.237,1.1024,1.1221,0.6888,0.8084,50.0,27.2,3.3,Original Dataset / MOIL Ltd / IBM IMYB,original_v1
Gumgaon_MOIL,Maharashtra,21.396917,78.973397,0.1552,0.1743,0.1819,0.3106,0.328,0.2497,0.2613,0.087,1,Metamorphics,IND2497,314,299.0,349.0,2.1045868396759033,0.0,27.1,36.49000000000001,34.99,38.29,1.056,0.8039,1.3136,0.5546,0.947,50.0,27.1,3.3,Original Dataset / MOIL Ltd / IBM IMYB,original_v1
Gumgaon_MOIL,Maharashtra,21.399186,78.972604,0.1613,0.1801,0.1985,0.3144,0.3483,0.2847,0.226,0.185,1,Metamorphics,IND2497,308,293.0,343.0,1.3608410358428955,0.0,26.36,36.49000000000001,34.99,38.29,1.1078,0.9055,1.2234,0.5699,0.9027,50.0,26.36,3.3,Original Dataset / MOIL Ltd / IBM IMYB,original_v1
Gumgaon_MOIL,Maharashtra,21.397704,78.973668,0.1638,0.187,0.2034,0.328,0.3487,0.2784,0.2345,0.028,1,Metamorphics,IND2497,309,294.0,344.0,3.835634231567383,0.84,28.84,36.49000000000001,34.99,38.29,1.0631,0.8488,1.2525,0.5833,0.9406,50.0,28.0,3.3,Original Dataset / MOIL Ltd / IBM IMYB,original_v1
Gumgaon_MOIL,Maharashtra,21.396752,78.975158,0.1709,0.1896,0.208,0.302,0.3407,0.2741,0.1843,0.211,1,Metamorphics,IND2497,315,300.0,350.0,1.9914945363998413,0.0,26.99,36.49000000000001,34.99,38.29,1.1281,0.9076,1.243,0.6105,0.8864,50.0,26.99,3.3,Original Dataset / MOIL Ltd / IBM IMYB,original_v1
Gumgaon_MOIL,Maharashtra,21.398501,78.974701,0.1787,0.2098,0.2517,0.3386,0.3943,0.3252,0.1472,0.162,1,Metamorphics,IND2497,312,297.0,347.0,0.9960613250732422,0.0,26.0,36.49000000000001,34.99,38.29,1.1645,0.9604,1.2125,0.6383,0.8587,50.0,26.0,3.3,Original Dataset / MOIL Ltd / IBM IMYB,original_v1
Gumgaon_MOIL,Maharashtra,21.396923,78.974521,0.1659,0.1883,0.2129,0.3211,0.3482,0.289,0.2026,0.145,1,Metamorphics,IND2497,311,296.0,346.0,2.19653582572937,0.0,27.2,36.49000000000001,34.99,38.29,1.0844,0.9,1.2048,0.6114,0.9222,50.0,27.2,3.3,Original Dataset / MOIL Ltd / IBM IMYB,original_v1
Gumgaon_MOIL,Maharashtra,21.397891,78.975756,0.2155,0.234,0.2531,0.3359,0.3794,0.3462,0.1406,0.245,1,Metamorphics,IND2497,312,297.0,347.0,2.720137357711792,0.0,27.72,36.49000000000001,34.99,38.29,1.1295,1.0307,1.0959,0.6671,0.8853,50.0,27.72,3.3,Original Dataset / MOIL Ltd / IBM IMYB,original_v1
Gumgaon_MOIL,Maharashtra,21.394357,78.973372,0.1632,0.1784,0.2002,0.2978,0.3402,0.2781,0.196,0.372,1,Metamorphics,IND2497,314,299.0,349.0,0.9274099469184875,0.0,25.93,36.49000000000001,34.99,38.29,1.1424,0.9338,1.2233,0.5885,0.8754,50.0,25.93,3.3,Original Dataset / MOIL Ltd / IBM IMYB,original_v1
Gumgaon_MOIL,Maharashtra,21.395726,78.971259,0.1676,0.1837,0.21,0.288,0.3364,0.2746,0.1566,0.312,1,Metamorphics,IND2497,313,298.0,348.0,2.1965222358703613,0.0,27.2,36.49000000000001,34.99,38.29,1.1681,0.9535,1.2251,0.6243,0.8561,50.0,27.2,3.3,Original Dataset / MOIL Ltd / IBM IMYB,original_v1
Gumgaon_MOIL,Maharashtra,21.400033,78.971338,0.1722,0.1954,0.2254,0.3123,0.3481,0.2798,0.1616,0.336,1,Metamorphics,IND2497,310,295.0,345.0,2.9528043270111084,0.0,27.95,36.09000000000003,34.59,37.89,1.1146,0.8959,1.2441,0.6475,0.8972,50.0,27.95,3.3,Original Dataset / MOIL Ltd / IBM IMYB,original_v1
Gumgaon_MOIL,Maharashtra,21.400467,78.973957,0.1637,0.1834,0.2023,0.3253,0.3548,0.2839,0.2331,0.313,1,Metamorphics,IND2497,308,293.0,343.0,3.12603497505188,0.13,28.13,36.09000000000003,34.59,37.89,1.0907,0.8727,1.2497,0.5702,0.9169,50.0,28.0,3.3,Original Dataset / MOIL Ltd / IBM IMYB,original_v1
Gumgaon_MOIL,Maharashtra,21.397328,78.975482,0.1702,0.189,0.2125,0.295,0.328,0.2753,0.1626,0.22,1,Metamorphics,IND2497,315,300.0,350.0,0.9274099469184875,0.0,25.93,36.49000000000001,34.99,38.29,1.1119,0.9332,1.1914,0.6479,0.8994,50.0,25.93,3.3,Original Dataset / MOIL Ltd / IBM IMYB,original_v1
Gumgaon_MOIL,Maharashtra,21.421072,78.954472,0.1712,0.1949,0.2299,0.3221,0.3614,0.2958,0.167,3.259,0,Metamorphics,IND2497,314,299.0,349.0,0.9274099469184875,0.0,25.93,36.170000000000016,34.67,37.97,1.122,0.9183,1.2218,0.6361,0.8913,50.0,25.93,3.3,Original Dataset / MOIL Ltd / IBM IMYB,original_v1
Gumgaon_MOIL,Maharashtra,21.441956,79.002649,0.168,0.1974,0.214,0.3717,0.3823,0.3049,0.2693,5.785,0,Metamorphics,IND2497,310,295.0,345.0,1.8543341159820557,0.0,26.85,35.33000000000004,33.83,37.13,1.0285,0.8203,1.2539,0.5598,0.9723,50.0,26.85,3.3,Original Dataset / MOIL Ltd / IBM IMYB,original_v1
Gumgaon_MOIL,Maharashtra,21.436117,78.962973,0.1699,0.1869,0.2238,0.3081,0.3593,0.3078,0.1585,4.411,0,Metamorphics,IND2497,321,306.0,356.0,0.9274099469184875,0.0,25.93,36.05000000000001,34.55,37.85,1.1662,0.999,1.1673,0.6229,0.8575,50.0,25.93,3.3,Original Dataset / MOIL Ltd / IBM IMYB,original_v1
Gumgaon_MOIL,Maharashtra,21.362485,78.935328,0.144,0.1582,0.1447,0.3656,0.2678,0.1945,0.4329,5.562,0,Metamorphics,IND2497,316,301.0,351.0,3.512352705001831,0.51,28.51,35.33000000000004,33.83,37.13,0.7325,0.532,1.3769,0.5403,1.3652,50.0,28.0,3.3,Original Dataset / MOIL Ltd / IBM IMYB,original_v1
Gumgaon_MOIL,Maharashtra,21.399678,79.008427,0.1755,0.202,0.2469,0.3415,0.4216,0.3557,0.1608,3.637,0,Metamorphics,IND2497,309,294.0,344.0,2.952803134918213,0.0,27.95,35.07000000000005,33.57,36.87,1.2346,1.0416,1.1853,0.5856,0.81,50.0,27.95,3.3,Original Dataset / MOIL Ltd / IBM IMYB,original_v1
Gumgaon_MOIL,Maharashtra,21.426518,78.967604,0.1613,0.1826,0.2065,0.2922,0.3215,0.2681,0.1718,3.264,0,Metamorphics,IND2497,317,302.0,352.0,1.3609782457351685,0.0,26.36,36.55000000000001,35.05,38.35,1.1003,0.9175,1.1992,0.6423,0.9089,50.0,26.36,3.3,Original Dataset / MOIL Ltd / IBM IMYB,original_v1
Gumgaon_MOIL,Maharashtra,21.367445,79.033141,0.1898,0.2218,0.2626,0.3339,0.385,0.3449,0.1195,7.049,0,Metamorphics,IND2497,308,293.0,343.0,2.7198336124420166,0.0,27.72,35.97000000000003,34.47,37.77,1.153,1.0329,1.1163,0.6821,0.8673,50.0,27.72,3.3,Original Dataset / MOIL Ltd / IBM IMYB,original_v1
Gumgaon_MOIL,Maharashtra,21.410263,79.021834,0.1626,0.1861,0.2067,0.3066,0.3467,0.2866,0.1946,5.211,0,Metamorphics,IND2497,310,295.0,345.0,1.360895037651062,0.0,26.36,34.99000000000001,33.49,36.79,1.1308,0.9348,1.2097,0.5962,0.8843,50.0,26.36,3.3,Original Dataset / MOIL Ltd / IBM IMYB,original_v1
Gumgaon_MOIL,Maharashtra,21.369981,78.965485,0.1646,0.1856,0.2091,0.2487,0.2752,0.2413,0.0865,3.193,0,Metamorphics,IND2497,315,300.0,350.0,0.995866596698761,0.0,26.0,36.25000000000006,34.75,38.05,1.1066,0.9702,1.1405,0.7598,0.9037,50.0,26.0,3.3,Original Dataset / MOIL Ltd / IBM IMYB,original_v1
Gumgaon_MOIL,Maharashtra,21.435649,78.925731,0.1697,0.199,0.2247,0.3395,0.3672,0.2935,0.2035,6.501,0,Metamorphics,IND2497,320,305.0,355.0,0.9963151216506958,0.0,26.0,36.55000000000001,35.05,38.35,1.0816,0.8645,1.2511,0.6119,0.9246,50.0,26.0,3.3,Original Dataset / MOIL Ltd / IBM IMYB,original_v1
Gumgaon_MOIL,Maharashtra,21.387592,78.935914,0.1669,0.1854,0.212,0.2519,0.2742,0.2424,0.086,4.045,0,Metamorphics,IND2497,323,308.0,358.0,1.3607829809188843,0.0,26.36,35.450000000000045,33.95,37.25,1.0885,0.9623,1.1312,0.7732,0.9187,50.0,26.36,3.3,Original Dataset / MOIL Ltd / IBM IMYB,original_v1
Gumgaon_MOIL,Maharashtra,21.428056,79.010499,0.1679,0.1916,0.2148,0.3156,0.3524,0.2912,0.19,5.119,0,Metamorphics,IND2497,312,297.0,347.0,3.513486623764038,0.51,28.51,35.47000000000003,33.97,37.27,1.1166,0.9227,1.2102,0.6095,0.8956,50.0,28.0,3.3,Original Dataset / MOIL Ltd / IBM IMYB,original_v1
Gumgaon_MOIL,Maharashtra,21.464103,78.962461,0.1631,0.1866,0.2077,0.3286,0.3511,0.2886,0.2254,7.478,0,Metamorphics,IND2497,319,304.0,354.0,1.8543341159820557,0.0,26.85,35.75000000000006,34.25,37.55,1.0685,0.8783,1.2166,0.5916,0.9359,50.0,26.85,3.3,Original Dataset / MOIL Ltd / IBM IMYB,original_v1
Gumgaon_MOIL,Maharashtra,21.42415,78.960687,0.163,0.1839,0.2084,0.2997,0.3399,0.2806,0.1797,3.226,0,Metamorphics,IND2497,314,299.0,349.0,2.720397472381592,0.0,27.72,36.170000000000016,34.67,37.97,1.1341,0.9363,1.2113,0.6131,0.8817,50.0,27.72,3.3,Original Dataset / MOIL Ltd / IBM IMYB,original_v1
Gumgaon_MOIL,Maharashtra,21.371508,79.035707,0.1637,0.1947,0.2068,0.3776,0.3645,0.2803,0.2923,7.086,0,Metamorphics,IND2497,305,290.0,340.0,2.1045055389404297,0.0,27.1,35.97000000000003,34.47,37.77,0.9653,0.7423,1.3004,0.5674,1.0359,50.0,27.1,3.3,Original Dataset / MOIL Ltd / IBM IMYB,original_v1
Gumgaon_MOIL,Maharashtra,21.442736,78.957212,0.1598,0.1873,0.1973,0.3408,0.3285,0.2616,0.2667,5.287,0,Metamorphics,IND2497,315,300.0,350.0,3.9794407441753377,0.98,28.98,35.610000000000014,34.11,37.41,0.9639,0.7676,1.2557,0.6006,1.0374,50.0,28.0,3.3,Original Dataset / MOIL Ltd / IBM IMYB,original_v1
Gumgaon_MOIL,Maharashtra,21.386255,79.000581,0.1684,0.1945,0.2194,0.352,0.3641,0.3006,0.2321,3.092,0,Metamorphics,IND2497,310,295.0,345.0,2.1045520305633545,0.0,27.1,35.77000000000004,34.27,37.57,1.0344,0.854,1.2112,0.6026,0.9668,50.0,27.1,3.3,Original Dataset / MOIL Ltd / IBM IMYB,original_v1
Gumgaon_MOIL,Maharashtra,21.388807,78.907534,0.1796,0.2054,0.2314,0.3415,0.3984,0.317,0.1922,6.898,0,Metamorphics,IND2497,324,309.0,359.0,3.977977752685547,0.98,28.98,36.33000000000004,34.83,38.13,1.1666,0.9283,1.2568,0.5808,0.8572,50.0,28.0,3.3,Original Dataset / MOIL Ltd / IBM IMYB,original_v1
Gumgaon_MOIL,Maharashtra,21.439165,78.931648,0.1865,0.2121,0.2516,0.3417,0.3799,0.314,0.1519,6.327,0,Metamorphics,IND2497,318,303.0,353.0,1.9920735359191895,0.0,26.99,36.35000000000002,34.85,38.15,1.1118,0.9189,1.2099,0.6623,0.8994,50.0,26.99,3.3,Original Dataset / MOIL Ltd / IBM IMYB,original_v1
Gumgaon_MOIL,Maharashtra,21.362864,78.996733,0.1749,0.1977,0.2247,0.313,0.3492,0.2912,0.1642,4.57,0,Metamorphics,IND2497,306,291.0,341.0,0.9274099469184875,0.0,25.93,36.07000000000005,34.57,37.87,1.1157,0.9304,1.1992,0.6435,0.8963,50.0,25.93,3.3,Original Dataset / MOIL Ltd / IBM IMYB,original_v1
Gumgaon_MOIL,Maharashtra,21.436441,78.955011,0.1593,0.1805,0.206,0.3135,0.3481,0.2785,0.2069,4.715,0,Metamorphics,IND2497,314,299.0,349.0,0.9274099469184875,0.0,25.93,36.25000000000006,34.75,38.05,1.1104,0.8884,1.2499,0.5918,0.9006,50.0,25.93,3.3,Original Dataset / MOIL Ltd / IBM IMYB,original_v1
Gumgaon_MOIL,Maharashtra,21.454891,78.946013,0.1672,0.1932,0.2165,0.3387,0.38,0.2998,0.2201,6.971,0,Metamorphics,IND2497,320,305.0,355.0,2.1047741240930393,0.0,27.1,36.09000000000003,34.59,37.89,1.1219,0.8851,1.2675,0.5697,0.8913,50.0,27.1,3.3,Original Dataset / MOIL Ltd / IBM IMYB,original_v1
Gumgaon_MOIL,Maharashtra,21.404021,78.936694,0.1578,0.1863,0.1996,0.3279,0.3249,0.2615,0.2432,3.869,0,Metamorphics,IND2497,320,305.0,355.0,1.3608646392822266,0.0,26.36,35.450000000000045,33.95,37.25,0.9909,0.7975,1.2424,0.6143,1.0092,50.0,26.36,3.3,Original Dataset / MOIL Ltd / IBM IMYB,original_v1
Gumgaon_MOIL,Maharashtra,21.408563,79.000245,0.1795,0.2083,0.2477,0.3496,0.4569,0.3636,0.1706,3.034,0,Metamorphics,IND2497,318,303.0,353.0,8.850794792175293,5.85,33.85,35.43000000000001,33.93,37.23,1.3069,1.04,1.2566,0.5421,0.7652,50.0,28.0,3.3,Original Dataset / MOIL Ltd / IBM IMYB,original_v1
Gumgaon_MOIL,Maharashtra,21.354463,78.933999,0.1605,0.1799,0.1984,0.2747,0.364,0.306,0.1613,6.312,0,Metamorphics,IND2497,331,316.0,366.0,4.083070278167725,1.08,29.08,36.170000000000016,34.67,37.97,1.3251,1.1139,1.1895,0.5451,0.7547,50.0,28.0,3.3,Original Dataset / MOIL Ltd / IBM IMYB,original_v1
Gumgaon_MOIL,Maharashtra,21.366267,78.958273,0.1488,0.166,0.1745,0.2625,0.2991,0.2441,0.2014,3.834,0,Metamorphics,IND2497,312,297.0,347.0,0.0,0.0,25.0,35.85000000000002,34.35,37.65,1.1394,0.9299,1.2253,0.5834,0.8776,50.0,25.0,3.3,Original Dataset / MOIL Ltd / IBM IMYB,original_v1
Gumgaon_MOIL,Maharashtra,21.401368,79.008439,0.1662,0.1904,0.2107,0.3363,0.3814,0.2933,0.2296,3.655,0,Metamorphics,IND2497,309,294.0,344.0,4.732451915740967,1.73,29.73,34.870000000000005,33.37,36.67,1.1341,0.8721,1.3004,0.5524,0.8818,50.0,28.0,3.3,Original Dataset / MOIL Ltd / IBM IMYB,original_v1
Gumgaon_MOIL,Maharashtra,21.363896,79.017704,0.1576,0.1877,0.1864,0.3236,0.3104,0.2585,0.269,5.937,0,Metamorphics,IND2497,306,291.0,341.0,2.1961286067962646,0.0,27.2,35.49000000000001,33.99,37.29,0.9592,0.7988,1.2008,0.6005,1.0425,50.0,27.2,3.3,Original Dataset / MOIL Ltd / IBM IMYB,original_v1
Gumgaon_MOIL,Maharashtra,21.34491,78.981796,0.1649,0.1841,0.2052,0.2897,0.3136,0.2621,0.1707,5.941,0,Metamorphics,IND2497,313,298.0,348.0,1.8543341159820557,0.0,26.85,36.710000000000036,35.21,38.51,1.0825,0.9047,1.1965,0.6543,0.9238,50.0,26.85,3.3,Original Dataset / MOIL Ltd / IBM IMYB,original_v1
Gumgaon_MOIL,Maharashtra,21.362077,78.943833,0.184,0.1997,0.2306,0.3145,0.3378,0.2846,0.1539,5.012,0,Metamorphics,IND2497,316,301.0,351.0,2.104475259780884,0.0,27.1,35.77000000000004,34.27,37.57,1.0741,0.9049,1.1869,0.6827,0.931,50.0,27.1,3.3,Original Dataset / MOIL Ltd / IBM IMYB,original_v1
Gumgaon_MOIL,Maharashtra,21.359459,79.015013,0.1773,0.201,0.2205,0.3396,0.3833,0.3065,0.2126,6.06,0,Metamorphics,IND2497,309,294.0,344.0,1.8543341159820557,0.0,26.85,35.49000000000001,33.99,37.29,1.1287,0.9025,1.2506,0.5753,0.886,50.0,26.85,3.3,Original Dataset / MOIL Ltd / IBM IMYB,original_v1
Gumgaon_MOIL,Maharashtra,21.337056,78.976904,0.1814,0.2059,0.2389,0.3215,0.374,0.3051,0.1474,6.761,0,Metamorphics,IND2497,308,293.0,343.0,2.1043951511383057,0.0,27.1,36.710000000000036,35.21,38.51,1.1633,0.949,1.2258,0.6388,0.8596,50.0,27.1,3.3,Original Dataset / MOIL Ltd / IBM IMYB,original_v1
Gumgaon_MOIL,Maharashtra,21.407693,79.00222,0.1727,0.2041,0.2355,0.3406,0.3981,0.3249,0.1824,3.188,0,Metamorphics,IND2497,307,292.0,342.0,5.053589344024658,2.05,30.05,35.27000000000004,33.77,37.07,1.1688,0.9539,1.2253,0.5916,0.8556,50.0,28.0,3.3,Original Dataset / MOIL Ltd / IBM IMYB,original_v1
Gumgaon_MOIL,Maharashtra,21.399881,78.947832,0.1737,0.1933,0.2181,0.2991,0.3252,0.2772,0.1566,2.661,0,Metamorphics,IND2497,326,311.0,361.0,0.9274099469184875,0.0,25.93,35.73000000000002,34.23,37.53,1.0873,0.9268,1.1732,0.6707,0.9197,50.0,25.93,3.3,Original Dataset / MOIL Ltd / IBM IMYB,original_v1
Gumgaon_MOIL,Maharashtra,21.394821,78.998052,0.1506,0.1728,0.1861,0.3103,0.3406,0.2625,0.2502,2.575,0,Metamorphics,IND2497,308,293.0,343.0,4.6273674964904785,1.63,29.63,35.51000000000005,34.01,37.31,1.0976,0.846,1.2975,0.5464,0.911,50.0,28.0,3.3,Original Dataset / MOIL Ltd / IBM IMYB,original_v1
Gumgaon_MOIL,Maharashtra,21.395734,78.929405,0.1696,0.187,0.2054,0.3012,0.3068,0.2544,0.1891,4.565,0,Metamorphics,IND2497,326,311.0,361.0,1.360824465751648,0.0,26.36,36.01000000000005,34.51,37.81,1.0186,0.8446,1.206,0.6695,0.9817,50.0,26.36,3.3,Original Dataset / MOIL Ltd / IBM IMYB,original_v1
Gumgaon_MOIL,Maharashtra,21.400965,78.901692,0.1738,0.1852,0.1972,0.2548,0.2716,0.2302,0.1274,7.441,0,Metamorphics,IND2497,333,318.0,368.0,0.9274099469184875,0.0,25.93,36.27000000000004,34.77,38.07,1.0659,0.9035,1.1798,0.7261,0.9381,50.0,25.93,3.3,Original Dataset / MOIL Ltd / IBM IMYB,original_v1
Gumgaon_MOIL,Maharashtra,21.420507,78.961324,0.1626,0.1841,0.207,0.3096,0.3455,0.2801,0.1986,2.831,0,Metamorphics,IND2497,316,301.0,351.0,1.3609462976455688,0.0,26.36,36.170000000000016,34.67,37.97,1.116,0.9047,1.2335,0.5991,0.8961,50.0,26.36,3.3,Original Dataset / MOIL Ltd / IBM IMYB,original_v1
Gumgaon_MOIL,Maharashtra,21.442493,78.92028,0.1633,0.1848,0.2015,0.3233,0.3498,0.2863,0.2321,7.428,0,Metamorphics,IND2497,316,301.0,351.0,1.8543341159820557,0.0,26.85,37.05000000000001,35.55,38.85,1.082,0.8856,1.2218,0.576,0.9242,50.0,26.85,3.3,Original Dataset / MOIL Ltd / IBM IMYB,original_v1
Gumgaon_MOIL,Maharashtra,21.37754,79.015965,0.1429,0.1695,0.1538,0.3851,0.2929,0.2149,0.4292,4.95,0,Metamorphics,IND2497,306,291.0,341.0,2.196296215057373,0.0,27.2,36.170000000000016,34.67,37.97,0.7606,0.558,1.363,0.5251,1.3148,50.0,27.2,3.3,Original Dataset / MOIL Ltd / IBM IMYB,original_v1
Gumgaon_MOIL,Maharashtra,21.398569,79.019583,0.1603,0.1801,0.1996,0.3005,0.3369,0.2732,0.2018,4.788,0,Metamorphics,IND2497,310,295.0,345.0,1.3608382940292358,0.0,26.36,34.97000000000003,33.47,36.77,1.1211,0.9092,1.2332,0.5925,0.892,50.0,26.36,3.3,Original Dataset / MOIL Ltd / IBM IMYB,original_v1
Gumgaon_MOIL,Maharashtra,21.436947,78.98474,0.1827,0.2104,0.2444,0.3316,0.3526,0.3079,0.1514,4.524,0,Metamorphics,IND2497,311,296.0,346.0,2.1047158241271973,0.0,27.1,35.81,34.31,37.61,1.0633,0.9285,1.1452,0.6931,0.9404,50.0,27.1,3.3,Original Dataset / MOIL Ltd / IBM IMYB,original_v1
Gumgaon_MOIL,Maharashtra,21.357164,79.014092,0.1644,0.1866,0.2071,0.3078,0.3289,0.263,0.1956,6.177,0,Metamorphics,IND2497,307,292.0,342.0,0.9274099469184875,0.0,25.93,35.55000000000001,34.05,37.35,1.0686,0.8545,1.2506,0.6297,0.9358,50.0,25.93,3.3,Original Dataset / MOIL Ltd / IBM IMYB,original_v1
Gumgaon_MOIL,Maharashtra,21.369789,78.948119,0.1579,0.1923,0.1924,0.3717,0.328,0.2677,0.3179,4.064,0,Metamorphics,IND2497,315,300.0,350.0,3.1254353523254395,0.13,28.13,35.83000000000004,34.33,37.63,0.8824,0.7202,1.2253,0.5866,1.1332,50.0,28.0,3.3,Original Dataset / MOIL Ltd / IBM IMYB,original_v1
Gumgaon_MOIL,Maharashtra,21.35131,78.940083,0.1719,0.2,0.2368,0.3521,0.4301,0.3377,0.1958,6.212,0,Metamorphics,IND2497,333,318.0,368.0,3.125079393386841,0.13,28.13,36.23000000000002,34.73,38.03,1.2215,0.9591,1.2736,0.5506,0.8186,50.0,28.0,3.3,Original Dataset / MOIL Ltd / IBM IMYB,original_v1
Gumgaon_South,Maharashtra,21.318335,79.048581,0.1933,0.2082,0.2242,0.2664,0.2937,0.2606,0.086,0.209,1,Metamorphics,IND2497,298,283.0,333.0,2.7802884578704834,0.0,27.78,34.870000000000005,33.37,36.67,1.1025,0.9782,1.127,0.7634,0.907,50.0,27.78,3.3,Geological Survey of India / Maharashtra DGM Manganese Mineral Belt,newly_added_v2
Gumgaon_South,Maharashtra,21.314298,79.049622,0.1687,0.1881,0.2084,0.3065,0.3306,0.2686,0.1905,0.303,1,Metamorphics,IND2497,295,280.0,330.0,1.8543341159820557,0.0,26.85,34.670000000000016,33.17,36.47,1.0786,0.8763,1.2308,0.6304,0.9271,50.0,26.85,3.3,Geological Survey of India / Maharashtra DGM Manganese Mineral Belt,newly_added_v2
Gumgaon_South,Maharashtra,21.317763,79.048442,0.1912,0.2099,0.2187,0.323,0.3552,0.3284,0.1925,0.183,1,Metamorphics,IND2497,300,285.0,335.0,1.8543341159820557,0.0,26.85,34.870000000000005,33.37,36.67,1.0997,1.0167,1.0816,0.6157,0.9093,50.0,26.85,3.3,Geological Survey of India / Maharashtra DGM Manganese Mineral Belt,newly_added_v2
Gumgaon_South,Maharashtra,21.317317,79.049991,0.1584,0.1814,0.1813,0.3147,0.2778,0.2228,0.269,0.035,1,Metamorphics,IND2497,301,286.0,336.0,2.952615261077881,0.0,27.95,34.870000000000005,33.37,36.67,0.8827,0.708,1.2469,0.6526,1.1328,50.0,27.95,3.3,Geological Survey of India / Maharashtra DGM Manganese Mineral Belt,newly_added_v2
Gumgaon_South,Maharashtra,21.315528,79.051216,0.1769,0.2088,0.2138,0.3876,0.3633,0.297,0.289,0.207,1,Metamorphics,IND2497,301,286.0,336.0,2.7193186283111572,0.0,27.72,34.670000000000016,33.17,36.47,0.9373,0.7663,1.2232,0.5885,1.0669,50.0,27.72,3.3,Geological Survey of India / Maharashtra DGM Manganese Mineral Belt,newly_added_v2
Gumgaon_South,Maharashtra,21.314609,79.049026,0.1541,0.1727,0.1808,0.3174,0.323,0.2515,0.2742,0.285,1,Metamorphics,IND2497,293,278.0,328.0,2.7802884578704834,0.0,27.78,34.670000000000016,33.17,36.47,1.0176,0.7924,1.2843,0.5598,0.9827,50.0,27.78,3.3,Geological Survey of India / Maharashtra DGM Manganese Mineral Belt,newly_added_v2
Gumgaon_South,Maharashtra,21.31574,79.048548,0.1631,0.1831,0.1958,0.3123,0.3276,0.258,0.2293,0.206,1,Metamorphics,IND2497,298,283.0,333.0,5.033873558044434,2.03,30.03,34.79000000000002,33.29,36.59,1.049,0.8261,1.2698,0.5977,0.9533,50.0,28.0,3.3,Geological Survey of India / Maharashtra DGM Manganese Mineral Belt,newly_added_v2
Gumgaon_South,Maharashtra,21.316913,79.050352,0.1579,0.181,0.1835,0.3075,0.2832,0.2333,0.2525,0.038,1,Metamorphics,IND2497,303,288.0,338.0,1.9904121160507202,0.0,26.99,34.99000000000001,33.49,36.79,0.921,0.7587,1.2139,0.648,1.0858,50.0,26.99,3.3,Geological Survey of India / Maharashtra DGM Manganese Mineral Belt,newly_added_v2
Gumgaon_South,Maharashtra,21.316507,79.051483,0.1821,0.1974,0.2077,0.2848,0.2998,0.2508,0.1565,0.163,1,Metamorphics,IND2497,300,285.0,335.0,1.8543341159820557,0.0,26.85,34.670000000000016,33.17,36.47,1.0527,0.8806,1.1954,0.6928,0.95,50.0,26.85,3.3,Geological Survey of India / Maharashtra DGM Manganese Mineral Belt,newly_added_v2
Gumgaon_South,Maharashtra,21.314228,79.050737,0.2006,0.2254,0.2493,0.3038,0.3171,0.2736,0.0985,0.318,1,Metamorphics,IND2497,290,275.0,325.0,2.1955175399780273,0.0,27.2,34.670000000000016,33.17,36.47,1.0438,0.9006,1.159,0.7862,0.9581,50.0,27.2,3.3,Geological Survey of India / Maharashtra DGM Manganese Mineral Belt,newly_added_v2
Gumgaon_South,Maharashtra,21.315829,79.048917,0.1606,0.1818,0.189,0.3059,0.3176,0.2499,0.2362,0.172,1,Metamorphics,IND2497,298,283.0,333.0,6.464860916137695,3.46,31.46,34.79000000000002,33.29,36.59,1.0382,0.8169,1.2709,0.5951,0.9632,50.0,28.0,3.3,Geological Survey of India / Maharashtra DGM Manganese Mineral Belt,newly_added_v2
Gumgaon_South,Maharashtra,21.316646,79.049959,0.1764,0.203,0.2227,0.3187,0.3522,0.2985,0.1773,0.04,1,Metamorphics,IND2497,305,290.0,340.0,5.033878326416016,2.03,30.03,34.670000000000016,33.17,36.47,1.1051,0.9366,1.1799,0.6323,0.9049,50.0,28.0,3.3,Geological Survey of India / Maharashtra DGM Manganese Mineral Belt,newly_added_v2
Gumgaon_South,Maharashtra,21.317308,79.049398,0.1792,0.2001,0.2193,0.3048,0.3315,0.2834,0.1631,0.071,1,Metamorphics,IND2497,299,284.0,334.0,1.8543341159820557,0.0,26.85,34.870000000000005,33.37,36.67,1.0876,0.9298,1.1697,0.6615,0.9195,50.0,26.85,3.3,Geological Survey of India / Maharashtra DGM Manganese Mineral Belt,newly_added_v2
Gumgaon_South,Maharashtra,21.316719,79.048265,0.1924,0.2119,0.2332,0.2922,0.3351,0.3068,0.1123,0.183,1,Metamorphics,IND2497,303,288.0,338.0,1.8543341159820557,0.0,26.85,34.79000000000002,33.29,36.59,1.1468,1.05,1.0922,0.6959,0.872,50.0,26.85,3.3,Geological Survey of India / Maharashtra DGM Manganese Mineral Belt,newly_added_v2
Gumgaon_South,Maharashtra,21.317098,79.049424,0.1794,0.2023,0.228,0.2906,0.3413,0.2945,0.1207,0.061,1,Metamorphics,IND2497,298,283.0,333.0,0.0,0.0,25.0,34.870000000000005,33.37,36.67,1.1745,1.0134,1.1589,0.668,0.8515,50.0,25.0,3.3,Geological Survey of India / Maharashtra DGM Manganese Mineral Belt,newly_added_v2
Gumgaon_South,Maharashtra,21.315933,79.046747,0.1673,0.1886,0.2098,0.3014,0.3404,0.2753,0.1792,0.358,1,Metamorphics,IND2497,295,280.0,330.0,0.0,0.0,25.0,34.79000000000002,33.29,36.59,1.1294,0.9134,1.2365,0.6163,0.8854,50.0,25.0,3.3,Geological Survey of India / Maharashtra DGM Manganese Mineral Belt,newly_added_v2
Gumgaon_South,Maharashtra,21.316472,79.050342,0.1739,0.1962,0.2084,0.3287,0.3403,0.2869,0.224,0.069,1,Metamorphics,IND2497,304,289.0,339.0,4.082069396972656,1.08,29.08,34.670000000000016,33.17,36.47,1.0353,0.8728,1.1861,0.6124,0.9659,50.0,28.0,3.3,Geological Survey of India / Maharashtra DGM Manganese Mineral Belt,newly_added_v2
Gumgaon_South,Maharashtra,21.317708,79.051585,0.1534,0.171,0.1753,0.3126,0.3224,0.242,0.2814,0.182,1,Metamorphics,IND2497,300,285.0,335.0,2.104332685470581,0.0,27.1,34.99000000000001,33.49,36.79,1.0313,0.7742,1.3322,0.5437,0.9696,50.0,27.1,3.3,Geological Survey of India / Maharashtra DGM Manganese Mineral Belt,newly_added_v2
Gumgaon_South,Maharashtra,21.316514,79.047819,0.2094,0.2318,0.2572,0.322,0.373,0.3428,0.1119,0.233,1,Metamorphics,IND2497,302,287.0,337.0,0.9274099469184875,0.0,25.93,34.79000000000002,33.29,36.59,1.1584,1.0646,1.0881,0.6895,0.8633,50.0,25.93,3.3,Geological Survey of India / Maharashtra DGM Manganese Mineral Belt,newly_added_v2
Gumgaon_South,Maharashtra,21.316201,79.050251,0.1743,0.1926,0.1918,0.3225,0.2951,0.2407,0.2541,0.093,1,Metamorphics,IND2497,305,290.0,340.0,3.417496681213379,0.42,28.42,34.670000000000016,33.17,36.47,0.915,0.7464,1.226,0.6499,1.0928,50.0,28.0,3.3,Geological Survey of India / Maharashtra DGM Manganese Mineral Belt,newly_added_v2
Gumgaon_South,Maharashtra,21.316646,79.049009,0.1856,0.2109,0.2394,0.3134,0.3505,0.2944,0.1339,0.11,1,Metamorphics,IND2497,300,285.0,335.0,2.952613353729248,0.0,27.95,34.79000000000002,33.29,36.59,1.1184,0.9394,1.1906,0.683,0.8942,50.0,27.95,3.3,Geological Survey of India / Maharashtra DGM Manganese Mineral Belt,newly_added_v2
Gumgaon_South,Maharashtra,21.317896,79.0468,0.1734,0.1955,0.214,0.3178,0.362,0.2903,0.1952,0.347,1,Metamorphics,IND2497,301,286.0,336.0,0.995513916015625,0.0,26.0,34.870000000000005,33.37,36.67,1.1391,0.9135,1.247,0.5912,0.8779,50.0,26.0,3.3,Geological Survey of India / Maharashtra DGM Manganese Mineral Belt,newly_added_v2
Gumgaon_South,Maharashtra,21.318786,79.051882,0.1519,0.1664,0.1736,0.2999,0.32,0.2444,0.2667,0.279,1,Metamorphics,IND2497,295,280.0,330.0,3.835495948791504,0.84,28.84,34.99000000000001,33.49,36.79,1.067,0.8149,1.3093,0.5425,0.9372,50.0,28.0,3.3,Geological Survey of India / Maharashtra DGM Manganese Mineral Belt,newly_added_v2
Gumgaon_South,Maharashtra,21.316479,79.050184,0.1678,0.1881,0.1953,0.2874,0.3037,0.2614,0.1908,0.061,1,Metamorphics,IND2497,305,290.0,340.0,1.9904046058654785,0.0,26.99,34.670000000000016,33.17,36.47,1.0567,0.9095,1.1618,0.6431,0.9463,50.0,26.99,3.3,Geological Survey of India / Maharashtra DGM Manganese Mineral Belt,newly_added_v2
Gumgaon_South,Maharashtra,21.315662,79.049783,0.1703,0.1912,0.2039,0.3165,0.3281,0.2586,0.2164,0.151,1,Metamorphics,IND2497,297,282.0,332.0,9.247058868408203,6.25,34.25,34.670000000000016,33.17,36.47,1.0367,0.8171,1.2688,0.6215,0.9646,50.0,28.0,3.3,Geological Survey of India / Maharashtra DGM Manganese Mineral Belt,newly_added_v2
Gumgaon_South,Maharashtra,21.317363,79.048524,0.1866,0.2056,0.22,0.2956,0.3256,0.2878,0.1466,0.158,1,Metamorphics,IND2497,301,286.0,336.0,1.8543341159820557,0.0,26.85,34.870000000000005,33.37,36.67,1.1015,0.9736,1.1313,0.6757,0.9079,50.0,26.85,3.3,Geological Survey of India / Maharashtra DGM Manganese Mineral Belt,newly_added_v2
Gumgaon_South,Maharashtra,21.318744,79.049389,0.1673,0.1839,0.1994,0.2961,0.3227,0.2657,0.1952,0.204,1,Metamorphics,IND2497,295,280.0,330.0,2.7193517684936523,0.0,27.72,34.870000000000005,33.37,36.67,1.0898,0.8973,1.2145,0.6179,0.9176,50.0,27.72,3.3,Geological Survey of India / Maharashtra DGM Manganese Mineral Belt,newly_added_v2
Gumgaon_South,Maharashtra,21.315973,79.051028,0.1782,0.2019,0.2242,0.3337,0.3588,0.3042,0.1963,0.156,1,Metamorphics,IND2497,300,285.0,335.0,0.9955007433891296,0.0,26.0,34.670000000000016,33.17,36.47,1.0752,0.9116,1.1795,0.6249,0.93,50.0,26.0,3.3,Geological Survey of India / Maharashtra DGM Manganese Mineral Belt,newly_added_v2
Gumgaon_South,Maharashtra,21.319269,79.048502,0.1757,0.1962,0.2294,0.3148,0.35,0.2845,0.1569,0.297,1,Metamorphics,IND2497,296,281.0,331.0,2.952619791030884,0.0,27.95,34.870000000000005,33.37,36.67,1.1118,0.9037,1.2302,0.6554,0.8994,50.0,27.95,3.3,Geological Survey of India / Maharashtra DGM Manganese Mineral Belt,newly_added_v2
Gumgaon_South,Maharashtra,21.315919,79.048183,0.1614,0.1826,0.193,0.3156,0.3258,0.2584,0.2411,0.224,1,Metamorphics,IND2497,296,281.0,331.0,5.499114513397217,2.5,30.5,34.79000000000002,33.29,36.59,1.0323,0.8188,1.2608,0.5924,0.9687,50.0,28.0,3.3,Geological Survey of India / Maharashtra DGM Manganese Mineral Belt,newly_added_v2
Gumgaon_South,Maharashtra,21.317452,79.049476,0.1792,0.2001,0.2193,0.3048,0.3315,0.2834,0.1631,0.074,1,Metamorphics,IND2497,299,284.0,334.0,1.8543341159820557,0.0,26.85,34.870000000000005,33.37,36.67,1.0876,0.9298,1.1697,0.6615,0.9195,50.0,26.85,3.3,Geological Survey of India / Maharashtra DGM Manganese Mineral Belt,newly_added_v2
Gumgaon_South,Maharashtra,21.316821,79.049209,0.1864,0.2106,0.2392,0.305,0.3513,0.2988,0.1209,0.084,1,Metamorphics,IND2497,299,284.0,334.0,1.3604322671890259,0.0,26.36,34.870000000000005,33.37,36.67,1.1518,0.9797,1.1757,0.6809,0.8682,50.0,26.36,3.3,Geological Survey of India / Maharashtra DGM Manganese Mineral Belt,newly_added_v2
Gumgaon_South,Maharashtra,21.316439,79.051535,0.175,0.2005,0.2235,0.3216,0.329,0.2734,0.18,0.171,1,Metamorphics,IND2497,301,286.0,336.0,1.3604295253753662,0.0,26.36,34.670000000000016,33.17,36.47,1.023,0.8501,1.2034,0.6793,0.9775,50.0,26.36,3.3,Geological Survey of India / Maharashtra DGM Manganese Mineral Belt,newly_added_v2
Gumgaon_South,Maharashtra,21.314485,79.050948,0.1665,0.1882,0.1894,0.2866,0.2928,0.2341,0.2042,0.297,1,Metamorphics,IND2497,291,276.0,326.0,6.810822010040283,3.81,31.81,34.670000000000016,33.17,36.47,1.0216,0.8168,1.2507,0.6469,0.9788,50.0,28.0,3.3,Geological Survey of India / Maharashtra DGM Manganese Mineral Belt,newly_added_v2
Gumgaon_South,Maharashtra,21.318631,79.051594,0.1531,0.1716,0.1737,0.3125,0.3197,0.2439,0.2855,0.246,1,Metamorphics,IND2497,297,282.0,332.0,2.7802884578704834,0.0,27.78,34.99000000000001,33.49,36.79,1.023,0.7805,1.3108,0.5433,0.9775,50.0,27.78,3.3,Geological Survey of India / Maharashtra DGM Manganese Mineral Belt,newly_added_v2
Gumgaon_South,Maharashtra,21.317177,79.050621,0.1824,0.1999,0.215,0.2669,0.2856,0.2472,0.1077,0.067,1,Metamorphics,IND2497,302,287.0,337.0,2.7193350791931152,0.0,27.72,34.99000000000001,33.49,36.79,1.0701,0.9262,1.1553,0.7528,0.9345,50.0,27.72,3.3,Geological Survey of India / Maharashtra DGM Manganese Mineral Belt,newly_added_v2
Gumgaon_South,Maharashtra,21.316957,79.052354,0.1899,0.2123,0.2284,0.3296,0.3463,0.2976,0.1814,0.244,1,Metamorphics,IND2497,299,284.0,334.0,2.195551633834839,0.0,27.2,34.99000000000001,33.49,36.79,1.0507,0.9029,1.1636,0.6595,0.9518,50.0,27.2,3.3,Geological Survey of India / Maharashtra DGM Manganese Mineral Belt,newly_added_v2
Gumgaon_South,Maharashtra,21.318023,79.048592,0.191,0.2048,0.2184,0.307,0.3439,0.3219,0.1686,0.185,1,Metamorphics,IND2497,299,284.0,334.0,1.8543341159820557,0.0,26.85,34.870000000000005,33.37,36.67,1.1202,1.0485,1.0683,0.6351,0.8927,50.0,26.85,3.3,Geological Survey of India / Maharashtra DGM Manganese Mineral Belt,newly_added_v2
Gumgaon_South,Maharashtra,21.318936,79.050075,0.1761,0.1952,0.2225,0.3193,0.3482,0.2909,0.1787,0.216,1,Metamorphics,IND2497,297,282.0,332.0,0.9274099469184875,0.0,25.93,34.870000000000005,33.37,36.67,1.0905,0.9111,1.197,0.639,0.917,50.0,25.93,3.3,Geological Survey of India / Maharashtra DGM Manganese Mineral Belt,newly_added_v2
Gumgaon_South,Maharashtra,21.317231,79.053248,0.1816,0.211,0.2368,0.3444,0.3797,0.316,0.1851,0.338,1,Metamorphics,IND2497,296,281.0,331.0,1.3604336977005005,0.0,26.36,34.99000000000001,33.49,36.79,1.1025,0.9175,1.2016,0.6237,0.907,50.0,26.36,3.3,Geological Survey of India / Maharashtra DGM Manganese Mineral Belt,newly_added_v2
Gumgaon_South,Maharashtra,21.31494,79.05034,0.1682,0.1907,0.197,0.3201,0.3214,0.2489,0.2381,0.232,1,Metamorphics,IND2497,292,277.0,327.0,6.771684646606445,3.77,31.77,34.670000000000016,33.17,36.47,1.0041,0.7776,1.2913,0.6129,0.996,50.0,28.0,3.3,Geological Survey of India / Maharashtra DGM Manganese Mineral Belt,newly_added_v2
Gumgaon_South,Maharashtra,21.318322,79.050774,0.1544,0.1723,0.1775,0.3085,0.3238,0.2458,0.2695,0.168,1,Metamorphics,IND2497,295,280.0,330.0,2.7802884578704834,0.0,27.78,34.99000000000001,33.49,36.79,1.0496,0.7968,1.3173,0.5482,0.9527,50.0,27.78,3.3,Geological Survey of India / Maharashtra DGM Manganese Mineral Belt,newly_added_v2
Gumgaon_South,Maharashtra,21.31707,79.052275,0.1669,0.1876,0.2106,0.2991,0.3504,0.2896,0.1736,0.236,1,Metamorphics,IND2497,298,283.0,333.0,1.3604336977005005,0.0,26.36,34.99000000000001,33.49,36.79,1.1715,0.9682,1.2099,0.601,0.8536,50.0,26.36,3.3,Geological Survey of India / Maharashtra DGM Manganese Mineral Belt,newly_added_v2
Gumgaon_South,Maharashtra,21.315577,79.04857,0.1591,0.1827,0.1891,0.3286,0.3073,0.2404,0.2695,0.217,1,Metamorphics,IND2497,294,279.0,329.0,6.539780139923096,3.54,31.54,34.79000000000002,33.29,36.59,0.9352,0.7316,1.2783,0.6154,1.0693,50.0,28.0,3.3,Geological Survey of India / Maharashtra DGM Manganese Mineral Belt,newly_added_v2
Gumgaon_South,Maharashtra,21.317903,79.048105,0.1846,0.2002,0.2135,0.3022,0.3354,0.2919,0.172,0.221,1,Metamorphics,IND2497,299,284.0,334.0,0.995513916015625,0.0,26.0,34.870000000000005,33.37,36.67,1.1099,0.9659,1.149,0.6366,0.901,50.0,26.0,3.3,Geological Survey of India / Maharashtra DGM Manganese Mineral Belt,newly_added_v2
Gumgaon_South,Maharashtra,21.33171,79.071239,0.1779,0.2018,0.2289,0.307,0.3464,0.3077,0.1457,2.745,0,Metamorphics,IND2497,303,288.0,338.0,1.9906116724014282,0.0,26.99,35.33000000000004,33.83,37.13,1.1283,1.0023,1.1258,0.6608,0.8863,50.0,26.99,3.3,Geological Survey of India / Maharashtra DGM Manganese Mineral Belt,newly_added_v2
Gumgaon_South,Maharashtra,21.367427,79.062716,0.1813,0.2107,0.2468,0.3499,0.3753,0.3164,0.1728,5.766,0,Metamorphics,IND2497,302,287.0,337.0,0.0,0.0,25.0,35.01000000000005,33.51,36.81,1.0726,0.9043,1.1862,0.6576,0.9323,50.0,25.0,3.3,Geological Survey of India / Maharashtra DGM Manganese Mineral Belt,newly_added_v2
Gumgaon_South,Maharashtra,21.286705,78.993404,0.1666,0.1888,0.2096,0.3015,0.3538,0.287,0.1798,6.769,0,Metamorphics,IND2497,307,292.0,342.0,3.975215196609497,0.98,28.98,36.370000000000005,34.87,38.17,1.1735,0.9519,1.2328,0.5924,0.8522,50.0,28.0,3.3,Geological Survey of India / Maharashtra DGM Manganese Mineral Belt,newly_added_v2
Gumgaon_South,Maharashtra,21.298989,79.111546,0.165,0.188,0.2216,0.3412,0.4082,0.3308,0.2125,6.69,0,Metamorphics,IND2497,298,283.0,333.0,1.3603441715240479,0.0,26.36,35.650000000000034,34.15,37.45,1.1964,0.9695,1.234,0.5429,0.8359,50.0,26.36,3.3,Geological Survey of India / Maharashtra DGM Manganese Mineral Belt,newly_added_v2
Gumgaon_South,Maharashtra,21.377794,79.070766,0.1537,0.1774,0.1738,0.3366,0.3538,0.2656,0.319,7.102,0,Metamorphics,IND2497,303,288.0,338.0,0.9274099469184875,0.0,25.93,34.710000000000036,33.21,36.51,1.0511,0.7891,1.3321,0.4912,0.9514,50.0,25.93,3.3,Geological Survey of India / Maharashtra DGM Manganese Mineral Belt,newly_added_v2
Gumgaon_South,Maharashtra,21.334945,79.089793,0.1728,0.199,0.223,0.3344,0.3704,0.3041,0.1999,4.585,0,Metamorphics,IND2497,297,282.0,332.0,0.9956288933753967,0.0,26.0,35.39000000000004,33.89,37.19,1.1077,0.9094,1.218,0.6021,0.9028,50.0,26.0,3.3,Geological Survey of India / Maharashtra DGM Manganese Mineral Belt,newly_added_v2
Gumgaon_South,Maharashtra,21.276667,79.013681,0.1765,0.195,0.2174,0.3008,0.3616,0.2982,0.1609,5.86,0,Metamorphics,IND2497,310,295.0,345.0,0.0,0.0,25.0,36.650000000000034,35.15,38.45,1.2021,0.9914,1.2126,0.6012,0.8319,50.0,25.0,3.3,Geological Survey of India / Maharashtra DGM Manganese Mineral Belt,newly_added_v2
Gumgaon_South,Maharashtra,21.272731,79.017719,0.1734,0.1939,0.2162,0.2972,0.3526,0.2879,0.1578,5.958,0,Metamorphics,IND2497,311,296.0,346.0,0.9952074289321899,0.0,26.0,36.710000000000036,35.21,38.51,1.1864,0.9687,1.2247,0.6132,0.8429,50.0,26.0,3.3,Geological Survey of India / Maharashtra DGM Manganese Mineral Belt,newly_added_v2
Gumgaon_South,Maharashtra,21.342464,79.105724,0.176,0.2025,0.2296,0.3271,0.3756,0.3183,0.1751,6.437,0,Metamorphics,IND2497,301,286.0,336.0,1.9907585382461548,0.0,26.99,36.25000000000006,34.75,38.05,1.1483,0.9731,1.18,0.6113,0.8709,50.0,26.99,3.3,Geological Survey of India / Maharashtra DGM Manganese Mineral Belt,newly_added_v2
Gumgaon_South,Maharashtra,21.279265,79.028073,0.172,0.1946,0.2201,0.3024,0.3584,0.2904,0.1575,4.777,0,Metamorphics,IND2497,306,291.0,341.0,1.9899009466171265,0.0,26.99,36.610000000000014,35.11,38.41,1.1852,0.9603,1.2342,0.6141,0.8437,50.0,26.99,3.3,Geological Survey of India / Maharashtra DGM Manganese Mineral Belt,newly_added_v2
Gumgaon_South,Maharashtra,21.3706,79.088119,0.1655,0.1844,0.2002,0.3351,0.3408,0.2864,0.252,7.157,0,Metamorphics,IND2497,307,292.0,342.0,3.1254515647888184,0.13,28.13,35.450000000000045,33.95,37.25,1.017,0.8547,1.1899,0.5874,0.9833,50.0,28.0,3.3,Geological Survey of India / Maharashtra DGM Manganese Mineral Belt,newly_added_v2
Gumgaon_South,Maharashtra,21.29266,79.078329,0.2186,0.236,0.2475,0.3537,0.3866,0.344,0.1766,3.996,0,Metamorphics,IND2497,297,282.0,332.0,3.835449695587158,0.84,28.84,34.47000000000003,32.97,36.27,1.093,0.9726,1.1238,0.6402,0.9149,50.0,28.0,3.3,Geological Survey of India / Maharashtra DGM Manganese Mineral Belt,newly_added_v2
Gumgaon_South,Maharashtra,21.352963,79.067479,0.1644,0.1873,0.2106,0.3222,0.3359,0.2752,0.2095,4.395,0,Metamorphics,IND2497,296,281.0,331.0,6.936868190765381,3.94,31.94,34.85000000000002,33.35,36.65,1.0425,0.8541,1.2206,0.627,0.9592,50.0,28.0,3.3,Geological Survey of India / Maharashtra DGM Manganese Mineral Belt,newly_added_v2
Gumgaon_South,Maharashtra,21.277426,79.036058,0.1693,0.1917,0.2135,0.2982,0.3418,0.284,0.1655,4.637,0,Metamorphics,IND2497,308,293.0,343.0,0.9274099469184875,0.0,25.93,36.39000000000004,34.89,38.19,1.1462,0.9524,1.2035,0.6246,0.8724,50.0,25.93,3.3,Geological Survey of India / Maharashtra DGM Manganese Mineral Belt,newly_added_v2
Gumgaon_South,Maharashtra,21.340626,79.078601,0.1967,0.2345,0.2584,0.3932,0.4018,0.3392,0.2069,3.964,0,Metamorphics,IND2497,286,271.0,321.0,4.075528144836426,1.08,29.08,35.13000000000005,33.63,36.93,1.0219,0.8627,1.1846,0.6431,0.9786,50.0,28.0,3.3,Geological Survey of India / Maharashtra DGM Manganese Mineral Belt,newly_added_v2
Gumgaon_South,Maharashtra,21.3088,79.106921,0.1699,0.2046,0.24,0.3064,0.3596,0.3048,0.1215,5.973,0,Metamorphics,IND2497,295,280.0,330.0,0.995451807975769,0.0,26.0,35.73000000000002,34.23,37.53,1.1736,0.9948,1.1798,0.6674,0.8521,50.0,26.0,3.3,Geological Survey of India / Maharashtra DGM Manganese Mineral Belt,newly_added_v2
Gumgaon_South,Maharashtra,21.271421,79.042362,0.1928,0.2223,0.254,0.3332,0.3757,0.3148,0.1349,5.135,0,Metamorphics,IND2497,305,290.0,340.0,2.194993019104004,0.0,27.19,36.49000000000001,34.99,38.29,1.1276,0.9448,1.1935,0.6761,0.8869,50.0,27.19,3.3,Geological Survey of India / Maharashtra DGM Manganese Mineral Belt,newly_added_v2
Gumgaon_South,Maharashtra,21.27606,79.012679,0.1677,0.188,0.2046,0.3034,0.3674,0.2909,0.1945,5.979,0,Metamorphics,IND2497,312,297.0,347.0,2.1950509548187256,0.0,27.2,36.650000000000034,35.15,38.45,1.2109,0.9588,1.263,0.5569,0.8258,50.0,27.2,3.3,Geological Survey of India / Maharashtra DGM Manganese Mineral Belt,newly_added_v2
Gumgaon_South,Maharashtra,21.313524,79.020861,0.1713,0.1938,0.217,0.323,0.3529,0.2862,0.1963,3.047,0,Metamorphics,IND2497,300,285.0,335.0,0.9274099469184875,0.0,25.93,34.83000000000004,33.33,36.63,1.0926,0.8861,1.2331,0.6149,0.9153,50.0,25.93,3.3,Geological Survey of India / Maharashtra DGM Manganese Mineral Belt,newly_added_v2
Gumgaon_South,Maharashtra,21.367545,79.045623,0.1757,0.1986,0.2226,0.3152,0.3526,0.2911,0.1722,5.645,0,Metamorphics,IND2497,301,286.0,336.0,2.7198336124420166,0.0,27.72,35.950000000000045,34.45,37.75,1.1187,0.9235,1.2113,0.6313,0.8939,50.0,27.72,3.3,Geological Survey of India / Maharashtra DGM Manganese Mineral Belt,newly_added_v2
Gumgaon_South,Maharashtra,21.300389,79.006053,0.1843,0.2036,0.2341,0.3252,0.3291,0.2735,0.1629,4.918,0,Metamorphics,IND2497,302,287.0,337.0,0.9953953623771667,0.0,26.0,35.31,33.81,37.11,1.012,0.841,1.2033,0.7113,0.9881,50.0,26.0,3.3,Geological Survey of India / Maharashtra DGM Manganese Mineral Belt,newly_added_v2
Gumgaon_South,Maharashtra,21.381165,79.044047,0.1728,0.1973,0.2313,0.3222,0.3831,0.313,0.1642,7.169,0,Metamorphics,IND2497,306,291.0,341.0,0.9274099469184875,0.0,25.93,35.59000000000003,34.09,37.39,1.189,0.9714,1.224,0.6038,0.841,50.0,25.93,3.3,Geological Survey of India / Maharashtra DGM Manganese Mineral Belt,newly_added_v2
Gumgaon_South,Maharashtra,21.289594,79.02602,0.1762,0.1997,0.229,0.2985,0.3553,0.2858,0.1318,3.936,0,Metamorphics,IND2497,304,289.0,339.0,0.995322048664093,0.0,26.0,36.410000000000025,34.91,38.21,1.1903,0.9575,1.2432,0.6445,0.8401,50.0,26.0,3.3,Geological Survey of India / Maharashtra DGM Manganese Mineral Belt,newly_added_v2
Gumgaon_South,Maharashtra,21.280793,79.043746,0.1659,0.1922,0.1992,0.2965,0.3132,0.2464,0.1963,4.082,0,Metamorphics,IND2497,303,288.0,338.0,3.510946273803711,0.51,28.51,36.13000000000005,34.63,37.93,1.0563,0.831,1.2711,0.636,0.9467,50.0,28.0,3.3,Geological Survey of India / Maharashtra DGM Manganese Mineral Belt,newly_added_v2
Gumgaon_South,Maharashtra,21.276227,79.107272,0.1697,0.1976,0.2146,0.3293,0.3432,0.2842,0.2109,7.475,0,Metamorphics,IND2497,291,276.0,326.0,1.989859700202942,0.0,26.99,33.950000000000045,32.45,35.75,1.0422,0.863,1.2076,0.6253,0.9595,50.0,26.99,3.3,Geological Survey of India / Maharashtra DGM Manganese Mineral Belt,newly_added_v2
Gumgaon_South,Maharashtra,21.290878,79.038358,0.1758,0.2023,0.2304,0.2952,0.3611,0.3001,0.1233,3.149,0,Metamorphics,IND2497,304,289.0,339.0,1.3603029251098633,0.0,26.36,35.670000000000016,34.17,37.47,1.2232,1.0166,1.2033,0.6381,0.8175,50.0,26.36,3.3,Geological Survey of India / Maharashtra DGM Manganese Mineral Belt,newly_added_v2
Gumgaon_South,Maharashtra,21.286039,79.01377,0.1654,0.1785,0.1958,0.2934,0.3475,0.281,0.1995,5.099,0,Metamorphics,IND2497,311,296.0,346.0,0.9952976107597351,0.0,26.0,36.39000000000004,34.89,38.19,1.1844,0.9577,1.2367,0.5635,0.8443,50.0,26.0,3.3,Geological Survey of India / Maharashtra DGM Manganese Mineral Belt,newly_added_v2
Gumgaon_South,Maharashtra,21.336004,79.093287,0.1721,0.1987,0.2291,0.3272,0.3594,0.3044,0.1763,4.963,0,Metamorphics,IND2497,298,283.0,333.0,0.9274099469184875,0.0,25.93,35.39000000000004,33.89,37.19,1.0984,0.9303,1.1807,0.6375,0.9104,50.0,25.93,3.3,Geological Survey of India / Maharashtra DGM Manganese Mineral Belt,newly_added_v2
Gumgaon_South,Maharashtra,21.30418,78.998311,0.1654,0.1862,0.204,0.2852,0.3316,0.2803,0.166,5.547,0,Metamorphics,IND2497,308,293.0,343.0,4.846301555633545,1.85,29.85,35.79000000000002,34.29,37.59,1.1627,0.9828,1.183,0.6152,0.8601,50.0,28.0,3.3,Geological Survey of India / Maharashtra DGM Manganese Mineral Belt,newly_added_v2
Gumgaon_South,Maharashtra,21.383438,79.050708,0.1588,0.1811,0.1916,0.3112,0.3197,0.2563,0.2379,7.396,0,Metamorphics,IND2497,308,293.0,343.0,0.9959573149681091,0.0,26.0,34.93000000000001,33.43,36.73,1.0273,0.8236,1.2474,0.5993,0.9734,50.0,26.0,3.3,Geological Survey of India / Maharashtra DGM Manganese Mineral Belt,newly_added_v2
Gumgaon_South,Maharashtra,21.300406,79.032084,0.1732,0.1985,0.2302,0.3227,0.3771,0.3136,0.1673,2.62,0,Metamorphics,IND2497,310,295.0,345.0,0.9953953623771667,0.0,26.0,35.13000000000005,33.63,36.93,1.1686,0.9718,1.2025,0.6104,0.8557,50.0,26.0,3.3,Geological Survey of India / Maharashtra DGM Manganese Mineral Belt,newly_added_v2
Gumgaon_South,Maharashtra,21.33304,79.025687,0.1703,0.1921,0.2133,0.2853,0.2996,0.2552,0.1444,3.09,0,Metamorphics,IND2497,301,286.0,336.0,2.719491958618164,0.0,27.72,35.01000000000005,33.51,36.81,1.0501,0.8945,1.174,0.7119,0.9523,50.0,27.72,3.3,Geological Survey of India / Maharashtra DGM Manganese Mineral Belt,newly_added_v2
Gumgaon_South,Maharashtra,21.375369,79.049601,0.1778,0.2015,0.2289,0.327,0.3825,0.3004,0.1765,6.498,0,Metamorphics,IND2497,301,286.0,336.0,1.9912035465240479,0.0,26.99,35.43000000000001,33.93,37.23,1.1697,0.9187,1.2733,0.5984,0.8549,50.0,26.99,3.3,Geological Survey of India / Maharashtra DGM Manganese Mineral Belt,newly_added_v2
Gumgaon_South,Maharashtra,21.29637,79.088102,0.1909,0.2375,0.2806,0.3577,0.4267,0.3813,0.1208,4.57,0,Metamorphics,IND2497,294,279.0,329.0,1.3603304624557495,0.0,26.36,34.950000000000045,33.45,36.75,1.1929,1.066,1.1191,0.6576,0.8383,50.0,26.36,3.3,Geological Survey of India / Maharashtra DGM Manganese Mineral Belt,newly_added_v2
Gumgaon_South,Maharashtra,21.286068,79.011122,0.1804,0.2018,0.2326,0.3033,0.3547,0.2971,0.1319,5.302,0,Metamorphics,IND2497,307,292.0,342.0,0.9274099469184875,0.0,25.93,36.39000000000004,34.89,38.19,1.1695,0.9796,1.1939,0.6558,0.8551,50.0,25.93,3.3,Geological Survey of India / Maharashtra DGM Manganese Mineral Belt,newly_added_v2
Gumgaon_South,Maharashtra,21.323934,79.073501,0.1658,0.1863,0.2142,0.2668,0.3043,0.2729,0.1094,2.556,0,Metamorphics,IND2497,300,285.0,335.0,0.9955534934997559,0.0,26.0,35.210000000000036,33.71,37.01,1.1406,1.0229,1.1151,0.7039,0.8768,50.0,26.0,3.3,Geological Survey of India / Maharashtra DGM Manganese Mineral Belt,newly_added_v2
Gumgaon_South,Maharashtra,21.325773,79.01351,0.1593,0.1764,0.1895,0.3018,0.2813,0.2287,0.2286,3.908,0,Metamorphics,IND2497,301,286.0,336.0,1.3604763746261597,0.0,26.36,35.09000000000003,33.59,36.89,0.9321,0.7578,1.23,0.6737,1.0729,50.0,26.36,3.3,Geological Survey of India / Maharashtra DGM Manganese Mineral Belt,newly_added_v2
Gumgaon_South,Maharashtra,21.28075,79.048363,0.1789,0.2031,0.2312,0.2985,0.3546,0.3116,0.1271,4.039,0,Metamorphics,IND2497,294,279.0,329.0,2.718975305557251,0.0,27.72,36.13000000000005,34.63,37.93,1.1879,1.0439,1.138,0.652,0.8418,50.0,27.72,3.3,Geological Survey of India / Maharashtra DGM Manganese Mineral Belt,newly_added_v2
Gumgaon_South,Maharashtra,21.35398,79.05153,0.163,0.1856,0.2067,0.308,0.3344,0.2671,0.1968,4.12,0,Metamorphics,IND2497,303,288.0,338.0,1.3606171607971191,0.0,26.36,35.77000000000004,34.27,37.57,1.0857,0.8672,1.252,0.6181,0.9211,50.0,26.36,3.3,Geological Survey of India / Maharashtra DGM Manganese Mineral Belt,newly_added_v2
Gumgaon_South,Maharashtra,21.288077,79.09801,0.2095,0.2493,0.2956,0.3737,0.4361,0.3867,0.1167,5.929,0,Metamorphics,IND2497,295,280.0,330.0,2.195197343826294,0.0,27.2,34.650000000000034,33.15,36.45,1.167,1.0348,1.1277,0.6778,0.8569,50.0,27.2,3.3,Geological Survey of India / Maharashtra DGM Manganese Mineral Belt,newly_added_v2
Gumgaon_South,Maharashtra,21.275976,79.010685,0.1743,0.1932,0.2158,0.2824,0.3493,0.2885,0.1337,6.122,0,Metamorphics,IND2497,312,297.0,347.0,1.3602287769317627,0.0,26.36,36.650000000000034,35.15,38.45,1.2369,1.0216,1.2107,0.6178,0.8085,50.0,26.36,3.3,Geological Survey of India / Maharashtra DGM Manganese Mineral Belt,newly_added_v2
Gumgaon_South,Maharashtra,21.327706,79.072776,0.1724,0.1954,0.216,0.3304,0.3493,0.2776,0.2094,2.646,0,Metamorphics,IND2497,302,287.0,337.0,1.8543341159820557,0.0,26.85,35.33000000000004,33.83,37.13,1.0572,0.8402,1.2583,0.6184,0.9459,50.0,26.85,3.3,Geological Survey of India / Maharashtra DGM Manganese Mineral Belt,newly_added_v2
Gumgaon_South,Maharashtra,21.297422,79.084084,0.1492,0.1742,0.164,0.4104,0.3266,0.2366,0.429,4.153,0,Metamorphics,IND2497,298,283.0,333.0,1.8543341159820557,0.0,26.85,34.47000000000003,32.97,36.27,0.7958,0.5765,1.3804,0.5021,1.2566,50.0,26.85,3.3,Geological Survey of India / Maharashtra DGM Manganese Mineral Belt,newly_added_v2
Gumgaon_South,Maharashtra,21.362523,79.02158,0.1714,0.1912,0.2144,0.2964,0.3308,0.2759,0.1605,5.862,0,Metamorphics,IND2497,309,294.0,344.0,1.8543341159820557,0.0,26.85,35.53000000000003,34.03,37.33,1.1161,0.9308,1.199,0.6481,0.896,50.0,26.85,3.3,Geological Survey of India / Maharashtra DGM Manganese Mineral Belt,newly_added_v2
Gumgaon_South,Maharashtra,21.281477,79.000422,0.177,0.1983,0.2239,0.3071,0.3667,0.3021,0.1567,6.486,0,Metamorphics,IND2497,308,293.0,343.0,2.952533721923828,0.0,27.95,36.51000000000005,35.01,38.31,1.1941,0.9837,1.2138,0.6106,0.8375,50.0,27.95,3.3,Geological Survey of India / Maharashtra DGM Manganese Mineral Belt,newly_added_v2
Junewani,Maharashtra,21.448789,79.265662,0.1878,0.2276,0.2733,0.3978,0.464,0.3713,0.1855,0.193,1,Metamorphics,IND2497,347,332.0,382.0,3.12697172164917,0.13,28.13,36.35000000000002,34.85,38.15,1.1664,0.9334,1.2497,0.589,0.8573,50.0,28.0,3.3,Geological Survey of India / Sausar Group Junewani Formation (Fermor 1909),newly_added_v2
Junewani,Maharashtra,21.447018,79.266242,0.1569,0.1851,0.1972,0.3781,0.3919,0.3027,0.3144,0.341,1,Metamorphics,IND2497,344,329.0,379.0,2.104748010635376,0.0,27.1,36.35000000000002,34.85,38.15,1.0365,0.8006,1.2947,0.5032,0.9648,50.0,27.1,3.3,Geological Survey of India / Sausar Group Junewani Formation (Fermor 1909),newly_added_v2
Junewani,Maharashtra,21.450268,79.265673,0.1757,0.205,0.2253,0.386,0.4209,0.3257,0.2629,0.141,1,Metamorphics,IND2497,344,329.0,379.0,0.9274099469184875,0.0,25.93,35.81,34.31,37.61,1.0904,0.8438,1.2923,0.5353,0.9171,50.0,25.93,3.3,Geological Survey of India / Sausar Group Junewani Formation (Fermor 1909),newly_added_v2
Junewani,Maharashtra,21.449929,79.26537,0.1709,0.1955,0.2065,0.3572,0.4111,0.3212,0.2673,0.169,1,Metamorphics,IND2497,343,328.0,378.0,1.3610948324203491,0.0,26.36,35.81,34.31,37.61,1.1509,0.8992,1.2799,0.5023,0.8689,50.0,26.36,3.3,Geological Survey of India / Sausar Group Junewani Formation (Fermor 1909),newly_added_v2
Junewani,Maharashtra,21.449121,79.269947,0.1945,0.2281,0.2713,0.3702,0.4559,0.3731,0.1542,0.321,1,Metamorphics,IND2497,346,331.0,381.0,2.9529166221618652,0.0,27.95,36.35000000000002,34.85,38.15,1.2315,1.0078,1.2219,0.5951,0.812,50.0,27.95,3.3,Geological Survey of India / Sausar Group Junewani Formation (Fermor 1909),newly_added_v2
Junewani,Maharashtra,21.44899,79.269486,0.184,0.2174,0.258,0.3706,0.4466,0.3631,0.1791,0.281,1,Metamorphics,IND2497,344,329.0,379.0,1.9922062158584595,0.0,26.99,36.35000000000002,34.85,38.15,1.2051,0.9798,1.23,0.5777,0.8298,50.0,26.99,3.3,Geological Survey of India / Sausar Group Junewani Formation (Fermor 1909),newly_added_v2
Junewani,Maharashtra,21.450496,79.268985,0.1785,0.2105,0.2506,0.3959,0.4466,0.3563,0.2247,0.213,1,Metamorphics,IND2497,344,329.0,379.0,1.3610975742340088,0.0,26.36,35.81,34.31,37.61,1.1281,0.9,1.2534,0.5611,0.8865,50.0,26.36,3.3,Geological Survey of India / Sausar Group Junewani Formation (Fermor 1909),newly_added_v2
Junewani,Maharashtra,21.450734,79.264549,0.1744,0.2029,0.2313,0.3553,0.4077,0.3337,0.2114,0.267,1,Metamorphics,IND2497,345,330.0,380.0,0.0,0.0,25.0,36.190000000000055,34.69,37.99,1.1475,0.9392,1.2218,0.5673,0.8715,50.0,25.0,3.3,Geological Survey of India / Sausar Group Junewani Formation (Fermor 1909),newly_added_v2
Junewani,Maharashtra,21.448151,79.269608,0.1799,0.2142,0.2558,0.3541,0.4518,0.3719,0.1612,0.34,1,Metamorphics,IND2497,344,329.0,379.0,2.1047515869140625,0.0,27.1,36.35000000000002,34.85,38.15,1.2759,1.0503,1.2148,0.5662,0.7838,50.0,27.1,3.3,Geological Survey of India / Sausar Group Junewani Formation (Fermor 1909),newly_added_v2
Junewani,Maharashtra,21.449369,79.270497,0.1836,0.2156,0.2477,0.3582,0.4431,0.3625,0.1824,0.369,1,Metamorphics,IND2497,346,331.0,381.0,0.9964080452919006,0.0,26.0,36.35000000000002,34.85,38.15,1.237,1.012,1.2223,0.559,0.8084,50.0,26.0,3.3,Geological Survey of India / Sausar Group Junewani Formation (Fermor 1909),newly_added_v2
Junewani,Maharashtra,21.450279,79.266969,0.1585,0.185,0.2049,0.3703,0.4031,0.3388,0.2876,0.031,1,Metamorphics,IND2497,346,331.0,381.0,1.3610961437225342,0.0,26.36,35.81,34.31,37.61,1.0886,0.9149,1.1898,0.5083,0.9186,50.0,26.36,3.3,Geological Survey of India / Sausar Group Junewani Formation (Fermor 1909),newly_added_v2
Junewani,Maharashtra,21.45121,79.265018,0.183,0.2214,0.2519,0.3705,0.4036,0.3278,0.1906,0.246,1,Metamorphics,IND2497,345,330.0,380.0,1.8543341159820557,0.0,26.85,36.190000000000055,34.69,37.99,1.0893,0.8848,1.2312,0.6241,0.918,50.0,26.85,3.3,Geological Survey of India / Sausar Group Junewani Formation (Fermor 1909),newly_added_v2
Junewani,Maharashtra,21.448442,79.268392,0.1956,0.2282,0.2654,0.396,0.4418,0.3665,0.1975,0.226,1,Metamorphics,IND2497,344,329.0,379.0,1.8543341159820557,0.0,26.85,36.35000000000002,34.85,38.15,1.1157,0.9255,1.2055,0.6007,0.8963,50.0,26.85,3.3,Geological Survey of India / Sausar Group Junewani Formation (Fermor 1909),newly_added_v2
Junewani,Maharashtra,21.451388,79.2653,0.1771,0.2153,0.247,0.3176,0.3822,0.3235,0.125,0.234,1,Metamorphics,IND2497,347,332.0,382.0,2.104762554168701,0.0,27.1,36.190000000000055,34.69,37.99,1.2034,1.0186,1.1815,0.6463,0.831,50.0,27.1,3.3,Geological Survey of India / Sausar Group Junewani Formation (Fermor 1909),newly_added_v2
Junewani,Maharashtra,21.449276,79.264306,0.1482,0.1743,0.1767,0.3688,0.3664,0.2686,0.3522,0.291,1,Metamorphics,IND2497,344,329.0,379.0,1.3610906600952148,0.0,26.36,36.190000000000055,34.69,37.99,0.9935,0.7283,1.3641,0.4823,1.0066,50.0,26.36,3.3,Geological Survey of India / Sausar Group Junewani Formation (Fermor 1909),newly_added_v2
Junewani,Maharashtra,21.451173,79.267254,0.1621,0.1843,0.2095,0.3552,0.3836,0.3383,0.258,0.133,1,Metamorphics,IND2497,347,332.0,382.0,2.1047616004943848,0.0,27.1,35.81,34.31,37.61,1.08,0.9524,1.1339,0.5461,0.926,50.0,27.1,3.3,Geological Survey of India / Sausar Group Junewani Formation (Fermor 1909),newly_added_v2
Junewani,Maharashtra,21.448482,79.26703,0.197,0.2376,0.2807,0.4075,0.4745,0.3702,0.1842,0.169,1,Metamorphics,IND2497,344,329.0,379.0,0.0,0.0,25.0,36.35000000000002,34.85,38.15,1.1644,0.9085,1.2817,0.5916,0.8588,50.0,25.0,3.3,Geological Survey of India / Sausar Group Junewani Formation (Fermor 1909),newly_added_v2
Junewani,Maharashtra,21.449095,79.267303,0.1848,0.2247,0.2368,0.4025,0.4632,0.3646,0.2592,0.106,1,Metamorphics,IND2497,345,330.0,380.0,1.3610906600952148,0.0,26.36,36.35000000000002,34.85,38.15,1.1508,0.9058,1.2704,0.5112,0.869,50.0,26.36,3.3,Geological Survey of India / Sausar Group Junewani Formation (Fermor 1909),newly_added_v2
Junewani,Maharashtra,21.450687,79.270418,0.1657,0.1973,0.208,0.391,0.4031,0.3159,0.3055,0.362,1,Metamorphics,IND2497,346,331.0,381.0,2.9529197216033936,0.0,27.95,35.81,34.31,37.61,1.0309,0.8079,1.276,0.516,0.97,50.0,27.95,3.3,Geological Survey of India / Sausar Group Junewani Formation (Fermor 1909),newly_added_v2
Junewani,Maharashtra,21.450881,79.267806,0.1675,0.1929,0.2129,0.3266,0.3945,0.3495,0.2108,0.129,1,Metamorphics,IND2497,346,331.0,381.0,1.8543341159820557,0.0,26.85,35.81,34.31,37.61,1.2079,1.0701,1.1288,0.5397,0.8279,50.0,26.85,3.3,Geological Survey of India / Sausar Group Junewani Formation (Fermor 1909),newly_added_v2
Junewani,Maharashtra,21.450472,79.264124,0.1619,0.1892,0.214,0.3643,0.384,0.2949,0.2599,0.303,1,Metamorphics,IND2497,346,331.0,381.0,1.3610975742340088,0.0,26.36,36.190000000000055,34.69,37.99,1.0541,0.8095,1.3021,0.5573,0.9487,50.0,26.36,3.3,Geological Survey of India / Sausar Group Junewani Formation (Fermor 1909),newly_added_v2
Junewani,Maharashtra,21.44706,79.268165,0.1733,0.2114,0.2227,0.4007,0.4104,0.324,0.2855,0.349,1,Metamorphics,IND2497,342,327.0,377.0,1.3610795736312866,0.0,26.36,36.35000000000002,34.85,38.15,1.0242,0.8086,1.2667,0.5426,0.9764,50.0,26.36,3.3,Geological Survey of India / Sausar Group Junewani Formation (Fermor 1909),newly_added_v2
Junewani,Maharashtra,21.449741,79.26703,0.1929,0.2235,0.2621,0.3821,0.4821,0.3949,0.1863,0.029,1,Metamorphics,IND2497,345,330.0,380.0,0.9274099469184875,0.0,25.93,36.35000000000002,34.85,38.15,1.2617,1.0335,1.2208,0.5437,0.7926,50.0,25.93,3.3,Geological Survey of India / Sausar Group Junewani Formation (Fermor 1909),newly_added_v2
Junewani,Maharashtra,21.450659,79.268796,0.1836,0.2197,0.2531,0.383,0.4637,0.3652,0.2042,0.2,1,Metamorphics,IND2497,345,330.0,380.0,1.3610975742340088,0.0,26.36,35.81,34.31,37.61,1.2107,0.9535,1.2697,0.5458,0.826,50.0,26.36,3.3,Geological Survey of India / Sausar Group Junewani Formation (Fermor 1909),newly_added_v2
Junewani,Maharashtra,21.449651,79.263618,0.1695,0.2046,0.2183,0.3307,0.3782,0.3183,0.2047,0.353,1,Metamorphics,IND2497,344,329.0,379.0,2.7206523418426514,0.0,27.72,36.190000000000055,34.69,37.99,1.1436,0.9625,1.1882,0.5772,0.8744,50.0,27.72,3.3,Geological Survey of India / Sausar Group Junewani Formation (Fermor 1909),newly_added_v2
Junewani,Maharashtra,21.450299,79.265013,0.1745,0.2054,0.2253,0.3893,0.416,0.3269,0.2668,0.209,1,Metamorphics,IND2497,345,330.0,380.0,1.992225170135498,0.0,26.99,36.190000000000055,34.69,37.99,1.0686,0.8397,1.2726,0.5416,0.9358,50.0,26.99,3.3,Geological Survey of India / Sausar Group Junewani Formation (Fermor 1909),newly_added_v2
Junewani,Maharashtra,21.450445,79.266502,0.1697,0.1946,0.2294,0.3458,0.4286,0.3452,0.2024,0.072,1,Metamorphics,IND2497,345,330.0,380.0,2.1971981525421143,0.0,27.2,35.81,34.31,37.61,1.2394,0.9983,1.2416,0.5352,0.8068,50.0,27.2,3.3,Geological Survey of India / Sausar Group Junewani Formation (Fermor 1909),newly_added_v2
Junewani,Maharashtra,21.452626,79.265842,0.1764,0.2138,0.2493,0.3138,0.392,0.341,0.1145,0.316,1,Metamorphics,IND2497,347,332.0,382.0,1.8543341159820557,0.0,26.85,36.190000000000055,34.69,37.99,1.2492,1.0867,1.1496,0.636,0.8005,50.0,26.85,3.3,Geological Survey of India / Sausar Group Junewani Formation (Fermor 1909),newly_added_v2
Junewani,Maharashtra,21.451591,79.268884,0.1993,0.2354,0.2736,0.3975,0.4617,0.37,0.1846,0.264,1,Metamorphics,IND2497,344,329.0,379.0,2.197211980819702,0.0,27.2,35.81,34.31,37.61,1.1615,0.9308,1.2478,0.5926,0.8609,50.0,27.2,3.3,Geological Survey of India / Sausar Group Junewani Formation (Fermor 1909),newly_added_v2
Junewani,Maharashtra,21.447559,79.267685,0.1639,0.2007,0.1996,0.3852,0.3658,0.2806,0.3174,0.281,1,Metamorphics,IND2497,342,327.0,377.0,1.8543341159820557,0.0,26.85,36.35000000000002,34.85,38.15,0.9496,0.7285,1.3036,0.5457,1.053,50.0,26.85,3.3,Geological Survey of India / Sausar Group Junewani Formation (Fermor 1909),newly_added_v2
Junewani,Maharashtra,21.447537,79.266626,0.1655,0.2062,0.2265,0.3785,0.4243,0.342,0.2512,0.277,1,Metamorphics,IND2497,343,328.0,378.0,2.104749917984009,0.0,27.1,36.35000000000002,34.85,38.15,1.121,0.9036,1.2406,0.5338,0.8921,50.0,27.1,3.3,Geological Survey of India / Sausar Group Junewani Formation (Fermor 1909),newly_added_v2
Junewani,Maharashtra,21.450176,79.266914,0.1585,0.185,0.2049,0.3703,0.4031,0.3388,0.2876,0.021,1,Metamorphics,IND2497,346,331.0,381.0,1.3610961437225342,0.0,26.36,35.81,34.31,37.61,1.0886,0.9149,1.1898,0.5083,0.9186,50.0,26.36,3.3,Geological Survey of India / Sausar Group Junewani Formation (Fermor 1909),newly_added_v2
Junewani,Maharashtra,21.448008,79.265559,0.1849,0.2193,0.2512,0.3246,0.4027,0.3295,0.1275,0.267,1,Metamorphics,IND2497,344,329.0,379.0,3.4185385704040527,0.42,28.42,36.35000000000002,34.85,38.15,1.2406,1.0151,1.2222,0.6238,0.8061,50.0,28.0,3.3,Geological Survey of India / Sausar Group Junewani Formation (Fermor 1909),newly_added_v2
Junewani,Maharashtra,21.449549,79.267102,0.2106,0.2493,0.2928,0.4137,0.505,0.4318,0.1711,0.051,1,Metamorphics,IND2497,346,331.0,381.0,0.9964080452919006,0.0,26.0,36.35000000000002,34.85,38.15,1.2207,1.0438,1.1695,0.5798,0.8192,50.0,26.0,3.3,Geological Survey of India / Sausar Group Junewani Formation (Fermor 1909),newly_added_v2
Junewani,Maharashtra,21.449674,79.266954,0.1956,0.2257,0.2606,0.3824,0.4746,0.3891,0.1894,0.037,1,Metamorphics,IND2497,345,330.0,380.0,0.9274099469184875,0.0,25.93,36.35000000000002,34.85,38.15,1.2411,1.0175,1.2197,0.5491,0.8057,50.0,25.93,3.3,Geological Survey of India / Sausar Group Junewani Formation (Fermor 1909),newly_added_v2
Junewani,Maharashtra,21.449116,79.269294,0.1696,0.2041,0.242,0.3567,0.4598,0.3921,0.1916,0.257,1,Metamorphics,IND2497,344,329.0,379.0,0.9964061975479126,0.0,26.0,36.35000000000002,34.85,38.15,1.289,1.0992,1.1727,0.5263,0.7758,50.0,26.0,3.3,Geological Survey of India / Sausar Group Junewani Formation (Fermor 1909),newly_added_v2
Junewani,Maharashtra,21.449221,79.269034,0.1866,0.2196,0.2598,0.348,0.4611,0.386,0.1451,0.228,1,Metamorphics,IND2497,344,329.0,379.0,0.9964061975479126,0.0,26.0,36.35000000000002,34.85,38.15,1.325,1.1092,1.1946,0.5634,0.7547,50.0,26.0,3.3,Geological Survey of India / Sausar Group Junewani Formation (Fermor 1909),newly_added_v2
Junewani,Maharashtra,21.44868,79.269972,0.1629,0.1956,0.1997,0.3742,0.3839,0.3054,0.3041,0.341,1,Metamorphics,IND2497,347,332.0,382.0,0.9274099469184875,0.0,25.93,36.35000000000002,34.85,38.15,1.0259,0.8161,1.257,0.5202,0.9747,50.0,25.93,3.3,Geological Survey of India / Sausar Group Junewani Formation (Fermor 1909),newly_added_v2
Junewani,Maharashtra,21.449866,79.26785,0.1849,0.2174,0.2445,0.3816,0.4686,0.3762,0.219,0.089,1,Metamorphics,IND2497,346,331.0,381.0,2.197187900543213,0.0,27.2,36.35000000000002,34.85,38.15,1.228,0.9858,1.2456,0.5218,0.8143,50.0,27.2,3.3,Geological Survey of India / Sausar Group Junewani Formation (Fermor 1909),newly_added_v2
Junewani,Maharashtra,21.44887,79.267471,0.1903,0.2303,0.2586,0.3865,0.4641,0.3717,0.1983,0.135,1,Metamorphics,IND2497,344,329.0,379.0,2.1971776485443115,0.0,27.2,36.35000000000002,34.85,38.15,1.2008,0.9617,1.2486,0.5572,0.8328,50.0,27.2,3.3,Geological Survey of India / Sausar Group Junewani Formation (Fermor 1909),newly_added_v2
Junewani,Maharashtra,21.450331,79.267485,0.1642,0.1888,0.215,0.3712,0.4159,0.3481,0.2665,0.062,1,Metamorphics,IND2497,345,330.0,380.0,0.9964137673377991,0.0,26.0,35.81,34.31,37.61,1.1204,0.9378,1.1948,0.517,0.8925,50.0,26.0,3.3,Geological Survey of India / Sausar Group Junewani Formation (Fermor 1909),newly_added_v2
Junewani,Maharashtra,21.45106,79.267109,0.1639,0.1862,0.2113,0.3492,0.3777,0.3283,0.246,0.119,1,Metamorphics,IND2497,346,331.0,381.0,0.9964194297790527,0.0,26.0,35.81,34.31,37.61,1.0816,0.9401,1.1505,0.5594,0.9245,50.0,26.0,3.3,Geological Survey of India / Sausar Group Junewani Formation (Fermor 1909),newly_added_v2
Junewani,Maharashtra,21.447814,79.266792,0.1717,0.2033,0.2329,0.3708,0.4276,0.342,0.2284,0.244,1,Metamorphics,IND2497,344,329.0,379.0,0.9274099469184875,0.0,25.93,36.35000000000002,34.85,38.15,1.1532,0.9223,1.2503,0.5447,0.8672,50.0,25.93,3.3,Geological Survey of India / Sausar Group Junewani Formation (Fermor 1909),newly_added_v2
Junewani,Maharashtra,21.4495,79.267736,0.1811,0.2137,0.2422,0.3627,0.4507,0.3676,0.1992,0.094,1,Metamorphics,IND2497,344,329.0,379.0,0.9274099469184875,0.0,25.93,36.35000000000002,34.85,38.15,1.2426,1.0135,1.2261,0.5374,0.8047,50.0,25.93,3.3,Geological Survey of India / Sausar Group Junewani Formation (Fermor 1909),newly_added_v2
Junewani,Maharashtra,21.450762,79.268009,0.1675,0.1929,0.2129,0.3266,0.3945,0.3495,0.2108,0.135,1,Metamorphics,IND2497,346,331.0,381.0,1.8543341159820557,0.0,26.85,35.81,34.31,37.61,1.2079,1.0701,1.1288,0.5397,0.8279,50.0,26.85,3.3,Geological Survey of India / Sausar Group Junewani Formation (Fermor 1909),newly_added_v2
Junewani,Maharashtra,21.438775,79.323855,0.2517,0.3093,0.3691,0.4177,0.4751,0.4567,0.0618,6.022,0,Metamorphics,IND2497,324,309.0,359.0,1.3610378503799438,0.0,26.36,35.35000000000002,33.85,37.15,1.1374,1.0934,1.0403,0.7769,0.8792,50.0,26.36,3.3,Geological Survey of India / Sausar Group Junewani Formation (Fermor 1909),newly_added_v2
Junewani,Maharashtra,21.480158,79.282558,0.1605,0.1824,0.1962,0.3138,0.3618,0.2804,0.2306,3.724,0,Metamorphics,IND2497,379,364.0,414.0,12.015409469604492,9.02,37.02,33.39000000000004,31.89,35.19,1.153,0.8936,1.2903,0.5423,0.8673,50.0,28.0,3.3,Geological Survey of India / Sausar Group Junewani Formation (Fermor 1909),newly_added_v2
Junewani,Maharashtra,21.423543,79.312587,0.1638,0.1906,0.2156,0.3473,0.3757,0.325,0.234,5.566,0,Metamorphics,IND2497,329,314.0,364.0,1.360962986946106,0.0,26.36,35.43000000000001,33.93,37.23,1.0818,0.9358,1.156,0.5739,0.9244,50.0,26.36,3.3,Geological Survey of India / Sausar Group Junewani Formation (Fermor 1909),newly_added_v2
Junewani,Maharashtra,21.479,79.300211,0.1548,0.1806,0.2103,0.332,0.3963,0.2943,0.2244,4.718,0,Metamorphics,IND2497,385,370.0,420.0,7.002500534057617,4.0,32.0,33.81,32.31,35.61,1.1937,0.8864,1.3466,0.5307,0.8377,50.0,28.0,3.3,Geological Survey of India / Sausar Group Junewani Formation (Fermor 1909),newly_added_v2
Junewani,Maharashtra,21.430327,79.225194,0.1512,0.1735,0.1851,0.2992,0.3914,0.2932,0.2356,4.854,0,Metamorphics,IND2497,324,309.0,359.0,1.9919523000717163,0.0,26.99,34.93000000000001,33.43,36.73,1.3082,0.9799,1.3349,0.4729,0.7644,50.0,26.99,3.3,Geological Survey of India / Sausar Group Junewani Formation (Fermor 1909),newly_added_v2
Junewani,Maharashtra,21.475675,79.276697,0.1422,0.1695,0.1709,0.3513,0.3633,0.2663,0.3455,3.03,0,Metamorphics,IND2497,372,357.0,407.0,4.753962993621826,1.75,29.75,33.670000000000016,32.17,35.47,1.0342,0.758,1.3643,0.4704,0.967,50.0,28.0,3.3,Geological Survey of India / Sausar Group Junewani Formation (Fermor 1909),newly_added_v2
Junewani,Maharashtra,21.467958,79.307332,0.1547,0.1785,0.2013,0.318,0.4083,0.3122,0.2247,4.632,0,Metamorphics,IND2497,348,333.0,383.0,3.8357582092285156,0.84,28.84,34.27000000000004,32.77,36.07,1.284,0.9818,1.3078,0.493,0.7788,50.0,28.0,3.3,Geological Survey of India / Sausar Group Junewani Formation (Fermor 1909),newly_added_v2
Junewani,Maharashtra,21.408894,79.237887,0.1707,0.1997,0.2304,0.3506,0.43,0.3434,0.2069,5.481,0,Metamorphics,IND2497,322,307.0,357.0,1.9916608333587646,0.0,26.99,35.25000000000006,33.75,37.05,1.2265,0.9795,1.2522,0.5358,0.8153,50.0,26.99,3.3,Geological Survey of India / Sausar Group Junewani Formation (Fermor 1909),newly_added_v2
Junewani,Maharashtra,21.431227,79.205755,0.1825,0.2249,0.2747,0.381,0.4488,0.3991,0.1621,6.681,0,Metamorphics,IND2497,311,296.0,346.0,1.361000418663025,0.0,26.36,35.610000000000014,34.11,37.41,1.178,1.0475,1.1245,0.6121,0.8489,50.0,26.36,3.3,Geological Survey of India / Sausar Group Junewani Formation (Fermor 1909),newly_added_v2
Junewani,Maharashtra,21.43083,79.316778,0.1629,0.1876,0.2123,0.3321,0.399,0.3395,0.2201,5.582,0,Metamorphics,IND2497,337,322.0,372.0,7.444352626800537,4.44,32.44,35.47000000000003,33.97,37.27,1.2014,1.0223,1.1753,0.5321,0.8323,50.0,28.0,3.3,Geological Survey of India / Sausar Group Junewani Formation (Fermor 1909),newly_added_v2
Junewani,Maharashtra,21.43633,79.205142,0.1845,0.2163,0.2593,0.3776,0.4747,0.3992,0.1857,6.587,0,Metamorphics,IND2497,311,296.0,346.0,1.3610267639160156,0.0,26.36,35.450000000000045,33.95,37.25,1.2572,1.0572,1.1891,0.5462,0.7954,50.0,26.36,3.3,Geological Survey of India / Sausar Group Junewani Formation (Fermor 1909),newly_added_v2
Junewani,Maharashtra,21.398569,79.2552,0.1795,0.2077,0.2423,0.3819,0.4738,0.3775,0.2236,5.854,0,Metamorphics,IND2497,324,309.0,359.0,1.3608382940292358,0.0,26.36,35.910000000000025,34.41,37.71,1.2406,0.9885,1.2551,0.5114,0.806,50.0,26.36,3.3,Geological Survey of India / Sausar Group Junewani Formation (Fermor 1909),newly_added_v2
Junewani,Maharashtra,21.452388,79.195929,0.1599,0.1855,0.222,0.3531,0.4254,0.3318,0.228,7.368,0,Metamorphics,IND2497,323,308.0,358.0,7.851388931274414,4.85,32.85,33.610000000000014,32.11,35.41,1.2048,0.9397,1.2821,0.5219,0.83,50.0,28.0,3.3,Geological Survey of India / Sausar Group Junewani Formation (Fermor 1909),newly_added_v2
Junewani,Maharashtra,21.479334,79.30133,0.1611,0.1871,0.221,0.3354,0.4337,0.3324,0.2056,4.828,0,Metamorphics,IND2497,393,378.0,428.0,3.83577823638916,0.84,28.84,33.81,32.31,35.61,1.2931,0.9911,1.3048,0.5096,0.7733,50.0,28.0,3.3,Geological Survey of India / Sausar Group Junewani Formation (Fermor 1909),newly_added_v2
Junewani,Maharashtra,21.501618,79.23637,0.1613,0.186,0.2179,0.329,0.4387,0.3283,0.2031,6.564,0,Metamorphics,IND2497,382,367.0,417.0,2.7211689949035645,0.0,27.72,34.370000000000005,32.87,36.17,1.3334,0.9979,1.3363,0.4967,0.7499,50.0,27.72,3.3,Geological Survey of India / Sausar Group Junewani Formation (Fermor 1909),newly_added_v2
Junewani,Maharashtra,21.408192,79.279872,0.1764,0.2147,0.2275,0.3696,0.3832,0.3096,0.238,4.841,0,Metamorphics,IND2497,335,320.0,370.0,0.9961275458335876,0.0,26.0,34.35000000000002,32.85,36.15,1.0368,0.8377,1.2377,0.5937,0.9645,50.0,26.0,3.3,Geological Survey of India / Sausar Group Junewani Formation (Fermor 1909),newly_added_v2
Junewani,Maharashtra,21.436839,79.211616,0.1761,0.206,0.2446,0.3526,0.4797,0.3859,0.1808,5.922,0,Metamorphics,IND2497,315,300.0,350.0,0.0,0.0,25.0,35.450000000000045,33.95,37.25,1.3605,1.0944,1.2431,0.5099,0.735,50.0,25.0,3.3,Geological Survey of India / Sausar Group Junewani Formation (Fermor 1909),newly_added_v2
Junewani,Maharashtra,21.454976,79.31328,0.1831,0.2176,0.2582,0.3579,0.4697,0.3891,0.1618,4.827,0,Metamorphics,IND2497,338,323.0,373.0,2.952929973602295,0.0,27.95,35.23000000000002,33.73,37.03,1.3124,1.0872,1.2071,0.5497,0.762,50.0,27.95,3.3,Geological Survey of India / Sausar Group Junewani Formation (Fermor 1909),newly_added_v2
Junewani,Maharashtra,21.470894,79.240241,0.1673,0.1928,0.2193,0.3357,0.4248,0.3252,0.2097,3.619,0,Metamorphics,IND2497,377,362.0,412.0,14.650681495666504,11.65,39.65,33.43000000000001,31.93,35.23,1.2654,0.9687,1.3063,0.5162,0.7903,50.0,28.0,3.3,Geological Survey of India / Sausar Group Junewani Formation (Fermor 1909),newly_added_v2
Junewani,Maharashtra,21.492835,79.238941,0.1525,0.1732,0.1898,0.2973,0.4013,0.3074,0.2207,5.585,0,Metamorphics,IND2497,364,349.0,399.0,5.689349174499512,2.69,30.69,34.01000000000005,32.51,35.81,1.3498,1.034,1.3055,0.473,0.7408,50.0,28.0,3.3,Geological Survey of India / Sausar Group Junewani Formation (Fermor 1909),newly_added_v2
Junewani,Maharashtra,21.437526,79.226089,0.1544,0.1753,0.1998,0.2983,0.4217,0.3379,0.1978,4.46,0,Metamorphics,IND2497,317,302.0,352.0,0.0,0.0,25.0,34.59000000000003,33.09,36.39,1.4137,1.1328,1.248,0.4738,0.7074,50.0,25.0,3.3,Geological Survey of India / Sausar Group Junewani Formation (Fermor 1909),newly_added_v2
Junewani,Maharashtra,21.462626,79.212431,0.1609,0.1872,0.2213,0.3307,0.4415,0.3394,0.1982,5.826,0,Metamorphics,IND2497,361,346.0,396.0,8.28909969329834,5.29,33.29,32.450000000000045,30.95,34.25,1.335,1.0263,1.3008,0.5012,0.749,50.0,28.0,3.3,Geological Survey of India / Sausar Group Junewani Formation (Fermor 1909),newly_added_v2
Junewani,Maharashtra,21.390564,79.286302,0.207,0.2443,0.2888,0.3554,0.4351,0.3872,0.1034,6.912,0,Metamorphics,IND2497,318,303.0,353.0,4.076271057128906,1.08,29.08,35.650000000000034,34.15,37.45,1.2243,1.0895,1.1237,0.6638,0.8168,50.0,28.0,3.3,Geological Survey of India / Sausar Group Junewani Formation (Fermor 1909),newly_added_v2
Junewani,Maharashtra,21.426468,79.27095,0.1697,0.2047,0.2309,0.3731,0.4272,0.3502,0.2354,2.651,0,Metamorphics,IND2497,342,327.0,377.0,2.1969027519226074,0.0,27.2,36.51000000000005,35.01,38.31,1.145,0.9386,1.2199,0.5405,0.8734,50.0,27.2,3.3,Geological Survey of India / Sausar Group Junewani Formation (Fermor 1909),newly_added_v2
Junewani,Maharashtra,21.412885,79.276908,0.1952,0.2348,0.2947,0.3794,0.5286,0.4238,0.1256,4.257,0,Metamorphics,IND2497,347,332.0,382.0,9.99205493927002,6.99,34.99,34.79000000000002,33.29,36.59,1.3933,1.117,1.2473,0.5575,0.7177,50.0,28.0,3.3,Geological Survey of India / Sausar Group Junewani Formation (Fermor 1909),newly_added_v2
Junewani,Maharashtra,21.453389,79.234834,0.1604,0.1869,0.2134,0.3323,0.4168,0.3205,0.2179,3.354,0,Metamorphics,IND2497,350,335.0,385.0,12.80549144744873,9.81,37.81,34.690000000000055,33.19,36.49,1.2543,0.9645,1.3005,0.512,0.7973,50.0,28.0,3.3,Geological Survey of India / Sausar Group Junewani Formation (Fermor 1909),newly_added_v2
Junewani,Maharashtra,21.484546,79.30525,0.1502,0.1768,0.1887,0.322,0.3738,0.2719,0.261,5.522,0,Metamorphics,IND2497,389,374.0,424.0,5.056143760681152,2.06,30.06,33.85000000000002,32.35,35.65,1.1609,0.8444,1.3748,0.5048,0.8614,50.0,28.0,3.3,Geological Survey of India / Sausar Group Junewani Formation (Fermor 1909),newly_added_v2
Junewani,Maharashtra,21.461152,79.240485,0.1608,0.1873,0.2261,0.3429,0.4272,0.3258,0.2053,3.015,0,Metamorphics,IND2497,374,359.0,409.0,12.805495262145996,9.81,37.81,34.170000000000016,32.67,35.97,1.2458,0.9501,1.3112,0.5293,0.8027,50.0,28.0,3.3,Geological Survey of India / Sausar Group Junewani Formation (Fermor 1909),newly_added_v2
Junewani,Maharashtra,21.423274,79.322602,0.1598,0.1846,0.2142,0.3144,0.3652,0.3065,0.1896,6.484,0,Metamorphics,IND2497,327,312.0,362.0,2.196861743927002,0.0,27.2,34.690000000000055,33.19,36.49,1.1616,0.9749,1.1915,0.5865,0.8609,50.0,27.2,3.3,Geological Survey of India / Sausar Group Junewani Formation (Fermor 1909),newly_added_v2
Junewani,Maharashtra,21.463602,79.213489,0.1523,0.1804,0.1966,0.3239,0.4064,0.317,0.2446,5.747,0,Metamorphics,IND2497,371,356.0,406.0,10.412578582763672,7.41,35.41,32.450000000000045,30.95,34.25,1.2547,0.9787,1.282,0.4838,0.797,50.0,28.0,3.3,Geological Survey of India / Sausar Group Junewani Formation (Fermor 1909),newly_added_v2
Junewani,Maharashtra,21.412333,79.296087,0.1852,0.2157,0.2462,0.3425,0.4461,0.3598,0.1636,5.164,0,Metamorphics,IND2497,328,313.0,363.0,4.848692893981934,1.85,29.85,35.29000000000002,33.79,37.09,1.3025,1.0505,1.2399,0.5519,0.7678,50.0,28.0,3.3,Geological Survey of India / Sausar Group Junewani Formation (Fermor 1909),newly_added_v2
Junewani,Maharashtra,21.420247,79.236648,0.1558,0.1855,0.1965,0.346,0.3741,0.311,0.2756,4.567,0,Metamorphics,IND2497,362,347.0,397.0,4.387207508087158,1.39,29.39,34.870000000000005,33.37,36.67,1.0812,0.8988,1.2029,0.5253,0.9249,50.0,28.0,3.3,Geological Survey of India / Sausar Group Junewani Formation (Fermor 1909),newly_added_v2
Junewani,Maharashtra,21.496437,79.258741,0.1608,0.1864,0.2057,0.3151,0.4111,0.3209,0.2101,5.24,0,Metamorphics,IND2497,380,365.0,415.0,4.3890838623046875,1.39,29.39,34.150000000000034,32.65,35.95,1.3047,1.0184,1.2811,0.5004,0.7665,50.0,28.0,3.3,Geological Survey of India / Sausar Group Junewani Formation (Fermor 1909),newly_added_v2
Junewani,Maharashtra,21.428579,79.302909,0.1919,0.2266,0.2588,0.3656,0.4368,0.357,0.171,4.419,0,Metamorphics,IND2497,330,315.0,365.0,2.7204389572143555,0.0,27.72,35.75000000000006,34.25,37.55,1.1947,0.9765,1.2235,0.5925,0.837,50.0,27.72,3.3,Geological Survey of India / Sausar Group Junewani Formation (Fermor 1909),newly_added_v2
Junewani,Maharashtra,21.400365,79.232699,0.1942,0.2234,0.2676,0.3776,0.4631,0.3951,0.1705,6.57,0,Metamorphics,IND2497,316,301.0,351.0,1.8543341159820557,0.0,26.85,35.910000000000025,34.41,37.71,1.2264,1.0463,1.1721,0.5778,0.8154,50.0,26.85,3.3,Geological Survey of India / Sausar Group Junewani Formation (Fermor 1909),newly_added_v2
Junewani,Maharashtra,21.397008,79.291488,0.1653,0.1892,0.2066,0.322,0.3968,0.3135,0.2183,6.422,0,Metamorphics,IND2497,317,302.0,352.0,5.034305572509766,2.03,30.03,34.77000000000004,33.27,36.57,1.2323,0.9736,1.2657,0.5207,0.8115,50.0,28.0,3.3,Geological Survey of India / Sausar Group Junewani Formation (Fermor 1909),newly_added_v2
Junewani,Maharashtra,21.394427,79.249845,0.1727,0.2015,0.2356,0.3706,0.4307,0.3438,0.2227,6.437,0,Metamorphics,IND2497,324,309.0,359.0,0.9960329532623291,0.0,26.0,36.39000000000004,34.89,38.19,1.1622,0.9277,1.2528,0.547,0.8605,50.0,26.0,3.3,Geological Survey of India / Sausar Group Junewani Formation (Fermor 1909),newly_added_v2
Junewani,Maharashtra,21.432744,79.236697,0.1517,0.1759,0.1957,0.3276,0.3865,0.2935,0.2521,3.681,0,Metamorphics,IND2497,331,316.0,366.0,0.0,0.0,25.0,34.55000000000001,33.05,36.35,1.1798,0.8959,1.3169,0.5063,0.8476,50.0,25.0,3.3,Geological Survey of India / Sausar Group Junewani Formation (Fermor 1909),newly_added_v2
Junewani,Maharashtra,21.473546,79.255263,0.1403,0.1446,0.1474,0.135,0.1426,0.1278,-0.0439,2.889,0,Metamorphics,IND2497,361,346.0,396.0,5.5008416175842285,2.5,30.5,34.25000000000006,32.75,36.05,1.0563,0.9467,1.1158,1.0337,0.9467,50.0,28.0,3.3,Geological Survey of India / Sausar Group Junewani Formation (Fermor 1909),newly_added_v2
Junewani,Maharashtra,21.401922,79.27135,0.1669,0.1963,0.2222,0.3497,0.3846,0.3029,0.2229,5.371,0,Metamorphics,IND2497,340,325.0,375.0,9.401201248168945,6.4,34.4,34.53000000000003,33.03,36.33,1.0998,0.8662,1.2697,0.5777,0.9093,50.0,28.0,3.3,Geological Survey of India / Sausar Group Junewani Formation (Fermor 1909),newly_added_v2
Junewani,Maharashtra,21.402271,79.279172,0.1711,0.1933,0.2221,0.3171,0.3974,0.3449,0.1762,5.461,0,Metamorphics,IND2497,367,352.0,402.0,18.030887603759766,15.03,43.03,34.35000000000002,32.85,36.15,1.2532,1.0877,1.1522,0.5589,0.7979,50.0,28.0,3.3,Geological Survey of India / Sausar Group Junewani Formation (Fermor 1909),newly_added_v2
Junewani,Maharashtra,21.470721,79.221209,0.1613,0.1879,0.2005,0.3408,0.4035,0.3066,0.2592,5.275,0,Metamorphics,IND2497,379,364.0,414.0,13.681886672973633,10.68,38.68,32.150000000000034,30.65,33.95,1.184,0.8996,1.316,0.4969,0.8446,50.0,28.0,3.3,Geological Survey of India / Sausar Group Junewani Formation (Fermor 1909),newly_added_v2
Junewani,Maharashtra,21.479211,79.25807,0.1624,0.1914,0.2194,0.3312,0.4389,0.329,0.2031,3.381,0,Metamorphics,IND2497,375,360.0,410.0,8.363290786743164,5.36,33.36,34.05000000000001,32.55,35.85,1.3252,0.9934,1.334,0.4999,0.7546,50.0,28.0,3.3,Geological Survey of India / Sausar Group Junewani Formation (Fermor 1909),newly_added_v2
Junewani,Maharashtra,21.469841,79.284354,0.1786,0.2152,0.2574,0.367,0.4682,0.3899,0.1755,2.848,0,Metamorphics,IND2497,359,344.0,394.0,0.9274099469184875,0.0,25.93,34.07000000000005,32.57,35.87,1.2757,1.0624,1.2008,0.5498,0.7839,50.0,25.93,3.3,Geological Survey of India / Sausar Group Junewani Formation (Fermor 1909),newly_added_v2
Junewani,Maharashtra,21.457891,79.204155,0.1514,0.1762,0.1932,0.3195,0.3777,0.2888,0.2463,6.57,0,Metamorphics,IND2497,330,315.0,365.0,5.03463077545166,2.03,30.03,33.610000000000014,32.11,35.41,1.1822,0.9039,1.3078,0.5115,0.8459,50.0,28.0,3.3,Geological Survey of India / Sausar Group Junewani Formation (Fermor 1909),newly_added_v2
Beldongri,Maharashtra,21.338896,79.292554,0.2127,0.2553,0.3272,0.4358,0.5083,0.3926,0.1423,0.156,1,Metamorphics,IND2497,297,282.0,332.0,0.9274099469184875,0.0,25.93,35.79000000000002,34.29,37.59,1.1664,0.9009,1.2947,0.6437,0.8574,50.0,25.93,3.3,Original Dataset / MOIL Ltd / IBM IMYB,original_v1
Beldongri,Maharashtra,21.34225,79.293839,0.1721,0.1965,0.2214,0.3366,0.404,0.3215,0.2065,0.258,1,Metamorphics,IND2497,301,286.0,336.0,0.9274099469184875,0.0,25.93,35.77000000000004,34.27,37.57,1.2002,0.9551,1.2566,0.548,0.8332,50.0,25.93,3.3,Original Dataset / MOIL Ltd / IBM IMYB,original_v1
Beldongri,Maharashtra,21.342443,79.290529,0.1768,0.2029,0.2287,0.3864,0.4045,0.3334,0.2564,0.314,1,Metamorphics,IND2497,302,287.0,337.0,1.9907585382461548,0.0,26.99,35.77000000000004,34.27,37.57,1.0468,0.8628,1.2133,0.5654,0.9553,50.0,26.99,3.3,Original Dataset / MOIL Ltd / IBM IMYB,original_v1
Beldongri,Maharashtra,21.338266,79.289987,0.1781,0.1999,0.2269,0.2963,0.3447,0.2955,0.1326,0.345,1,Metamorphics,IND2497,300,285.0,335.0,2.719541549682617,0.0,27.72,35.79000000000002,34.29,37.59,1.1633,0.9973,1.1665,0.6583,0.8596,50.0,27.72,3.3,Original Dataset / MOIL Ltd / IBM IMYB,original_v1
Beldongri,Maharashtra,21.340409,79.292654,0.2025,0.2409,0.2837,0.4099,0.4871,0.3889,0.1819,0.02,1,Metamorphics,IND2497,299,284.0,334.0,5.889734268188477,2.89,30.89,35.79000000000002,34.29,37.59,1.1883,0.9488,1.2525,0.5824,0.8415,50.0,28.0,3.3,Original Dataset / MOIL Ltd / IBM IMYB,original_v1
Beldongri,Maharashtra,21.339651,79.292361,0.2144,0.2538,0.319,0.4472,0.517,0.4058,0.1673,0.074,1,Metamorphics,IND2497,299,284.0,334.0,0.9274099469184875,0.0,25.93,35.79000000000002,34.29,37.59,1.1561,0.9074,1.274,0.617,0.865,50.0,25.93,3.3,Original Dataset / MOIL Ltd / IBM IMYB,original_v1
Beldongri,Maharashtra,21.339028,79.291772,0.212,0.2457,0.2893,0.4092,0.4983,0.3983,0.1717,0.16,1,Metamorphics,IND2497,300,285.0,335.0,1.3605412244796753,0.0,26.36,35.79000000000002,34.29,37.59,1.2177,0.9734,1.2511,0.5806,0.8212,50.0,26.36,3.3,Original Dataset / MOIL Ltd / IBM IMYB,original_v1
Beldongri,Maharashtra,21.339961,79.291707,0.1562,0.1835,0.1873,0.3333,0.3635,0.2729,0.2804,0.09,1,Metamorphics,IND2497,301,286.0,336.0,5.499378204345703,2.5,30.5,35.79000000000002,34.29,37.59,1.0906,0.8188,1.332,0.5153,0.9169,50.0,28.0,3.3,Original Dataset / MOIL Ltd / IBM IMYB,original_v1
Beldongri,Maharashtra,21.339212,79.291948,0.2162,0.2573,0.3081,0.404,0.5027,0.3959,0.1347,0.134,1,Metamorphics,IND2497,301,286.0,336.0,0.9274099469184875,0.0,25.93,35.79000000000002,34.29,37.59,1.2443,0.98,1.2698,0.6129,0.8037,50.0,25.93,3.3,Original Dataset / MOIL Ltd / IBM IMYB,original_v1
Beldongri,Maharashtra,21.339247,79.295668,0.2173,0.2608,0.3155,0.4411,0.5084,0.4156,0.166,0.349,1,Metamorphics,IND2497,298,283.0,333.0,0.9956571459770203,0.0,26.0,35.710000000000036,34.21,37.51,1.1526,0.9422,1.2233,0.6206,0.8676,50.0,26.0,3.3,Original Dataset / MOIL Ltd / IBM IMYB,original_v1
Beldongri,Maharashtra,21.337338,79.293883,0.1969,0.2328,0.2855,0.4034,0.4878,0.3814,0.1711,0.36,1,Metamorphics,IND2497,293,278.0,328.0,2.104395866394043,0.0,27.1,35.710000000000036,34.21,37.51,1.2092,0.9455,1.279,0.5853,0.827,50.0,27.1,3.3,Original Dataset / MOIL Ltd / IBM IMYB,original_v1
Beldongri,Maharashtra,21.338426,79.29549,0.1754,0.2066,0.2497,0.3398,0.4454,0.3645,0.1528,0.374,1,Metamorphics,IND2497,300,285.0,335.0,2.7195444107055664,0.0,27.72,35.710000000000036,34.21,37.51,1.3108,1.0727,1.2219,0.5606,0.7629,50.0,27.72,3.3,Original Dataset / MOIL Ltd / IBM IMYB,original_v1
Beldongri,Maharashtra,21.340768,79.292526,0.1636,0.185,0.1999,0.3047,0.3658,0.3454,0.2077,0.052,1,Metamorphics,IND2497,308,293.0,343.0,5.547544956207275,2.55,30.55,35.79000000000002,34.29,37.59,1.2005,1.1336,1.0591,0.5465,0.833,50.0,28.0,3.3,Original Dataset / MOIL Ltd / IBM IMYB,original_v1
Beldongri,Maharashtra,21.337523,79.294549,0.178,0.2084,0.2427,0.3855,0.4406,0.339,0.2273,0.375,1,Metamorphics,IND2497,295,280.0,330.0,3.4176650047302246,0.42,28.42,35.710000000000036,34.21,37.51,1.1429,0.8794,1.2997,0.5508,0.8749,50.0,28.0,3.3,Original Dataset / MOIL Ltd / IBM IMYB,original_v1
Beldongri,Maharashtra,21.340138,79.293111,0.193,0.2307,0.2755,0.4119,0.4799,0.3615,0.1984,0.066,1,Metamorphics,IND2497,298,283.0,333.0,0.9956628084182739,0.0,26.0,35.79000000000002,34.29,37.59,1.1651,0.8776,1.3275,0.5741,0.8583,50.0,26.0,3.3,Original Dataset / MOIL Ltd / IBM IMYB,original_v1
Beldongri,Maharashtra,21.338991,79.292054,0.2178,0.2547,0.3069,0.4116,0.5175,0.4035,0.1457,0.153,1,Metamorphics,IND2497,298,283.0,333.0,3.5119454860687256,0.51,28.51,35.79000000000002,34.29,37.59,1.2573,0.9803,1.2825,0.593,0.7954,50.0,28.0,3.3,Original Dataset / MOIL Ltd / IBM IMYB,original_v1
Beldongri,Maharashtra,21.340198,79.292139,0.2113,0.2516,0.2974,0.3997,0.499,0.4008,0.1468,0.039,1,Metamorphics,IND2497,299,284.0,334.0,2.1044039726257324,0.0,27.1,35.79000000000002,34.29,37.59,1.2484,1.0028,1.245,0.596,0.801,50.0,27.1,3.3,Original Dataset / MOIL Ltd / IBM IMYB,original_v1
Beldongri,Maharashtra,21.338504,79.294853,0.1857,0.2127,0.251,0.3524,0.4409,0.3481,0.168,0.315,1,Metamorphics,IND2497,300,285.0,335.0,2.195814371109009,0.0,27.2,35.710000000000036,34.21,37.51,1.2511,0.9878,1.2666,0.5693,0.7993,50.0,27.2,3.3,Original Dataset / MOIL Ltd / IBM IMYB,original_v1
Beldongri,Maharashtra,21.34227,79.290121,0.1828,0.2169,0.2564,0.3846,0.4174,0.3566,0.2,0.33,1,Metamorphics,IND2497,302,287.0,337.0,1.3605577945709229,0.0,26.36,35.77000000000004,34.27,37.57,1.0853,0.9272,1.1705,0.6143,0.9214,50.0,26.36,3.3,Original Dataset / MOIL Ltd / IBM IMYB,original_v1
Beldongri,Maharashtra,21.340022,79.291536,0.1562,0.1835,0.1873,0.3333,0.3635,0.2729,0.2804,0.105,1,Metamorphics,IND2497,301,286.0,336.0,5.499378204345703,2.5,30.5,35.79000000000002,34.29,37.59,1.0906,0.8188,1.332,0.5153,0.9169,50.0,28.0,3.3,Original Dataset / MOIL Ltd / IBM IMYB,original_v1
Beldongri,Maharashtra,21.339696,79.293921,0.1831,0.2164,0.2529,0.398,0.4682,0.3562,0.2229,0.162,1,Metamorphics,IND2497,300,285.0,335.0,1.3605453968048096,0.0,26.36,35.79000000000002,34.29,37.59,1.1764,0.895,1.3144,0.5402,0.8501,50.0,26.36,3.3,Original Dataset / MOIL Ltd / IBM IMYB,original_v1
Beldongri,Maharashtra,21.339257,79.293531,0.186,0.2203,0.2516,0.409,0.462,0.3614,0.2383,0.158,1,Metamorphics,IND2497,299,284.0,334.0,1.8543341159820557,0.0,26.85,35.79000000000002,34.29,37.59,1.1296,0.8836,1.2784,0.5446,0.8853,50.0,26.85,3.3,Original Dataset / MOIL Ltd / IBM IMYB,original_v1
Beldongri,Maharashtra,21.339285,79.290722,0.1599,0.1862,0.1944,0.3724,0.3886,0.2947,0.314,0.216,1,Metamorphics,IND2497,299,284.0,334.0,1.3605425357818604,0.0,26.36,35.79000000000002,34.29,37.59,1.0435,0.7914,1.3186,0.5003,0.9583,50.0,26.36,3.3,Original Dataset / MOIL Ltd / IBM IMYB,original_v1
Beldongri,Maharashtra,21.340949,79.294205,0.1984,0.233,0.2771,0.422,0.4841,0.3784,0.2073,0.191,1,Metamorphics,IND2497,299,284.0,334.0,2.1044065952301025,0.0,27.1,35.79000000000002,34.29,37.59,1.1472,0.8967,1.2793,0.5724,0.8717,50.0,27.1,3.3,Original Dataset / MOIL Ltd / IBM IMYB,original_v1
Beldongri,Maharashtra,21.341566,79.291802,0.1889,0.2157,0.2543,0.3244,0.4168,0.3731,0.1211,0.158,1,Metamorphics,IND2497,309,294.0,344.0,2.9526703357696533,0.0,27.95,35.77000000000004,34.27,37.57,1.2848,1.1501,1.1171,0.6101,0.7783,50.0,27.95,3.3,Original Dataset / MOIL Ltd / IBM IMYB,original_v1
Beldongri,Maharashtra,21.341939,79.295063,0.2192,0.2632,0.3188,0.4238,0.5159,0.415,0.1414,0.322,1,Metamorphics,IND2497,301,286.0,336.0,0.9956759810447693,0.0,26.0,35.77000000000004,34.27,37.57,1.2173,0.9792,1.2431,0.6179,0.8215,50.0,26.0,3.3,Original Dataset / MOIL Ltd / IBM IMYB,original_v1
Beldongri,Maharashtra,21.338661,79.289295,0.1539,0.1784,0.1767,0.3566,0.3522,0.2673,0.3373,0.379,1,Metamorphics,IND2497,302,287.0,337.0,0.9274099469184875,0.0,25.93,35.79000000000002,34.29,37.59,0.9877,0.7496,1.3176,0.5017,1.0125,50.0,25.93,3.3,Original Dataset / MOIL Ltd / IBM IMYB,original_v1
Beldongri,Maharashtra,21.340853,79.292787,0.1625,0.1833,0.2028,0.3014,0.3656,0.2987,0.1956,0.068,1,Metamorphics,IND2497,309,294.0,344.0,5.6350932121276855,2.64,30.64,35.79000000000002,34.29,37.59,1.213,0.991,1.224,0.5547,0.8244,50.0,28.0,3.3,Original Dataset / MOIL Ltd / IBM IMYB,original_v1
Beldongri,Maharashtra,21.340259,79.292257,0.1885,0.2258,0.2576,0.3779,0.4487,0.3553,0.1893,0.026,1,Metamorphics,IND2497,301,286.0,336.0,7.572455406188965,4.57,32.57,35.79000000000002,34.29,37.59,1.1874,0.9402,1.2629,0.5741,0.8422,50.0,28.0,3.3,Original Dataset / MOIL Ltd / IBM IMYB,original_v1
Beldongri,Maharashtra,21.338683,79.293229,0.2027,0.2354,0.2857,0.4161,0.4915,0.3995,0.1858,0.195,1,Metamorphics,IND2497,297,282.0,332.0,3.704791784286499,0.7,28.7,35.79000000000002,34.29,37.59,1.1812,0.9601,1.2303,0.5813,0.8466,50.0,28.0,3.3,Original Dataset / MOIL Ltd / IBM IMYB,original_v1
Beldongri,Maharashtra,21.343215,79.294342,0.1824,0.2199,0.2692,0.404,0.4676,0.3689,0.2002,0.376,1,Metamorphics,IND2497,302,287.0,337.0,2.104414701461792,0.0,27.1,35.77000000000004,34.27,37.57,1.1574,0.9131,1.2676,0.5757,0.864,50.0,27.1,3.3,Original Dataset / MOIL Ltd / IBM IMYB,original_v1
Beldongri,Maharashtra,21.338351,79.293722,0.1991,0.2329,0.2775,0.4093,0.4778,0.3855,0.1919,0.251,1,Metamorphics,IND2497,296,281.0,331.0,1.9907020330429077,0.0,26.99,35.79000000000002,34.29,37.59,1.1674,0.9419,1.2394,0.5808,0.8566,50.0,26.99,3.3,Original Dataset / MOIL Ltd / IBM IMYB,original_v1
Beldongri,Maharashtra,21.340701,79.290777,0.1613,0.1898,0.2089,0.3356,0.3876,0.3001,0.2327,0.184,1,Metamorphics,IND2497,294,279.0,329.0,13.333539962768555,10.33,38.33,35.79000000000002,34.29,37.59,1.1549,0.8942,1.2916,0.539,0.8658,50.0,28.0,3.3,Original Dataset / MOIL Ltd / IBM IMYB,original_v1
Beldongri,Maharashtra,21.338394,79.293531,0.2047,0.239,0.287,0.4351,0.4957,0.3962,0.2051,0.238,1,Metamorphics,IND2497,295,280.0,330.0,2.104398727416992,0.0,27.1,35.79000000000002,34.29,37.59,1.1393,0.9106,1.2511,0.579,0.8777,50.0,27.1,3.3,Original Dataset / MOIL Ltd / IBM IMYB,original_v1
Beldongri,Maharashtra,21.33954,79.292452,0.2144,0.2538,0.319,0.4472,0.517,0.4058,0.1673,0.085,1,Metamorphics,IND2497,299,284.0,334.0,0.9274099469184875,0.0,25.93,35.79000000000002,34.29,37.59,1.1561,0.9074,1.274,0.617,0.865,50.0,25.93,3.3,Original Dataset / MOIL Ltd / IBM IMYB,original_v1
Beldongri,Maharashtra,21.338431,79.293151,0.2085,0.2442,0.2911,0.4307,0.4989,0.3965,0.1934,0.219,1,Metamorphics,IND2497,295,280.0,330.0,2.7802884578704834,0.0,27.78,35.79000000000002,34.29,37.59,1.1583,0.9206,1.2583,0.5835,0.8633,50.0,27.78,3.3,Original Dataset / MOIL Ltd / IBM IMYB,original_v1
Beldongri,Maharashtra,21.340822,79.293812,0.1782,0.2062,0.233,0.3792,0.4355,0.3378,0.2388,0.148,1,Metamorphics,IND2497,301,286.0,336.0,2.195845127105713,0.0,27.2,35.79000000000002,34.29,37.59,1.1485,0.8908,1.2892,0.535,0.8707,50.0,27.2,3.3,Original Dataset / MOIL Ltd / IBM IMYB,original_v1
Beldongri,Maharashtra,21.338416,79.291422,0.201,0.2348,0.276,0.4208,0.4784,0.3805,0.2078,0.238,1,Metamorphics,IND2497,300,285.0,335.0,0.9274099469184875,0.0,25.93,35.79000000000002,34.29,37.59,1.1369,0.9042,1.2573,0.5769,0.8796,50.0,25.93,3.3,Original Dataset / MOIL Ltd / IBM IMYB,original_v1
Beldongri,Maharashtra,21.340543,79.295622,0.2076,0.2526,0.3129,0.4283,0.4748,0.3726,0.1557,0.325,1,Metamorphics,IND2497,299,284.0,334.0,2.7802884578704834,0.0,27.78,35.710000000000036,34.21,37.51,1.1086,0.87,1.2743,0.659,0.9021,50.0,27.78,3.3,Original Dataset / MOIL Ltd / IBM IMYB,original_v1
Beldongri,Maharashtra,21.338773,79.293528,0.2103,0.2466,0.2959,0.4388,0.5042,0.4046,0.1945,0.201,1,Metamorphics,IND2497,297,282.0,332.0,2.9526634216308594,0.0,27.95,35.79000000000002,34.29,37.59,1.149,0.9221,1.2462,0.5869,0.8703,50.0,27.95,3.3,Original Dataset / MOIL Ltd / IBM IMYB,original_v1
Beldongri,Maharashtra,21.338995,79.29405,0.1763,0.2109,0.2443,0.3991,0.4471,0.3533,0.2406,0.217,1,Metamorphics,IND2497,298,283.0,333.0,0.9274099469184875,0.0,25.93,35.79000000000002,34.29,37.59,1.1203,0.8852,1.2655,0.5464,0.8926,50.0,25.93,3.3,Original Dataset / MOIL Ltd / IBM IMYB,original_v1
Beldongri,Maharashtra,21.337259,79.29101,0.1538,0.1805,0.1967,0.3691,0.3682,0.2794,0.3047,0.372,1,Metamorphics,IND2497,302,287.0,337.0,3.124809741973877,0.12,28.12,35.79000000000002,34.29,37.59,0.9976,0.757,1.3178,0.5342,1.0024,50.0,28.0,3.3,Original Dataset / MOIL Ltd / IBM IMYB,original_v1
Beldongri,Maharashtra,21.342163,79.294223,0.1981,0.2373,0.282,0.4106,0.4779,0.3748,0.1857,0.274,1,Metamorphics,IND2497,300,285.0,335.0,2.1044111251831055,0.0,27.1,35.77000000000004,34.27,37.57,1.1639,0.9128,1.2751,0.5901,0.8592,50.0,27.1,3.3,Original Dataset / MOIL Ltd / IBM IMYB,original_v1
Beldongri,Maharashtra,21.339666,79.290764,0.1662,0.193,0.2067,0.3546,0.3897,0.3013,0.2635,0.193,1,Metamorphics,IND2497,298,283.0,333.0,13.792705535888672,10.79,38.79,35.79000000000002,34.29,37.59,1.099,0.8497,1.2934,0.5304,0.9099,50.0,28.0,3.3,Original Dataset / MOIL Ltd / IBM IMYB,original_v1
Beldongri,Maharashtra,21.340225,79.291819,0.1659,0.1905,0.2169,0.3258,0.4034,0.3164,0.2007,0.071,1,Metamorphics,IND2497,304,289.0,339.0,8.361536979675293,5.36,33.36,35.79000000000002,34.29,37.59,1.2382,0.9711,1.275,0.5377,0.8076,50.0,28.0,3.3,Original Dataset / MOIL Ltd / IBM IMYB,original_v1
Beldongri,Maharashtra,21.406585,79.285172,0.173,0.1865,0.2078,0.2602,0.3987,0.3136,0.112,7.418,0,Metamorphics,IND2497,333,318.0,368.0,0.9961162209510803,0.0,26.0,34.35000000000002,32.85,36.15,1.5323,1.2052,1.2714,0.5212,0.6526,50.0,26.0,3.3,Original Dataset / MOIL Ltd / IBM IMYB,original_v1
Beldongri,Maharashtra,21.284247,79.305977,0.1903,0.2186,0.2447,0.3577,0.4195,0.3461,0.1876,6.394,0,Metamorphics,IND2497,297,282.0,332.0,3.5110034942626953,0.51,28.51,35.870000000000005,34.37,37.67,1.1728,0.9676,1.2121,0.5833,0.8527,50.0,28.0,3.3,Original Dataset / MOIL Ltd / IBM IMYB,original_v1
Beldongri,Maharashtra,21.360303,79.274715,0.173,0.1938,0.2235,0.3527,0.381,0.3572,0.2242,2.891,0,Metamorphics,IND2497,303,288.0,338.0,2.1960842609405518,0.0,27.2,35.79000000000002,34.29,37.59,1.0802,1.0128,1.0666,0.5866,0.9257,50.0,27.2,3.3,Original Dataset / MOIL Ltd / IBM IMYB,original_v1
Beldongri,Maharashtra,21.314265,79.297387,0.1844,0.2071,0.2424,0.3732,0.387,0.3629,0.2125,2.942,0,Metamorphics,IND2497,301,286.0,336.0,1.3604185581207275,0.0,26.36,36.01000000000005,34.51,37.81,1.037,0.9724,1.0664,0.6264,0.9643,50.0,26.36,3.3,Original Dataset / MOIL Ltd / IBM IMYB,original_v1
Beldongri,Maharashtra,21.394355,79.277759,0.1764,0.2059,0.256,0.369,0.4743,0.3761,0.1808,6.208,0,Metamorphics,IND2497,327,312.0,362.0,5.299709320068359,2.3,30.3,34.670000000000016,33.17,36.47,1.2854,1.0192,1.2611,0.5397,0.778,50.0,28.0,3.3,Original Dataset / MOIL Ltd / IBM IMYB,original_v1
Beldongri,Maharashtra,21.322969,79.271742,0.1663,0.1898,0.2179,0.385,0.3457,0.3146,0.2772,2.89,0,Metamorphics,IND2497,302,287.0,337.0,2.9526278972625732,0.0,27.95,35.79000000000002,34.29,37.59,0.8979,0.8171,1.0989,0.6303,1.1137,50.0,27.95,3.3,Original Dataset / MOIL Ltd / IBM IMYB,original_v1
Beldongri,Maharashtra,21.317988,79.350332,0.1786,0.2018,0.2436,0.3662,0.4078,0.344,0.201,6.49,0,Metamorphics,IND2497,288,273.0,323.0,2.1955652236938477,0.0,27.2,35.63000000000005,34.13,37.43,1.1136,0.9394,1.1855,0.5974,0.898,50.0,27.2,3.3,Original Dataset / MOIL Ltd / IBM IMYB,original_v1
Beldongri,Maharashtra,21.326533,79.314682,0.1681,0.1935,0.2136,0.3836,0.362,0.3287,0.2847,2.764,0,Metamorphics,IND2497,293,278.0,328.0,1.360480546951294,0.0,26.36,36.01000000000005,34.51,37.81,0.9437,0.8569,1.1013,0.5901,1.0597,50.0,26.36,3.3,Original Dataset / MOIL Ltd / IBM IMYB,original_v1
Beldongri,Maharashtra,21.283969,79.304483,0.18,0.2077,0.2234,0.3284,0.3852,0.3191,0.1903,6.393,0,Metamorphics,IND2497,293,278.0,328.0,1.3602685928344727,0.0,26.36,35.870000000000005,34.37,37.67,1.173,0.9717,1.2071,0.58,0.8525,50.0,26.36,3.3,Original Dataset / MOIL Ltd / IBM IMYB,original_v1
Beldongri,Maharashtra,21.295663,79.301882,0.1696,0.1947,0.2251,0.3332,0.3819,0.3485,0.1936,5.063,0,Metamorphics,IND2497,295,280.0,330.0,0.9953615069389343,0.0,26.0,36.07000000000005,34.57,37.87,1.1462,1.0459,1.0958,0.5894,0.8725,50.0,26.0,3.3,Original Dataset / MOIL Ltd / IBM IMYB,original_v1
Beldongri,Maharashtra,21.291568,79.320829,0.1739,0.1965,0.2275,0.3311,0.3696,0.3299,0.1855,6.169,0,Metamorphics,IND2497,290,275.0,325.0,0.9274099469184875,0.0,25.93,35.73000000000002,34.23,37.53,1.1163,0.9964,1.1203,0.6155,0.8958,50.0,25.93,3.3,Original Dataset / MOIL Ltd / IBM IMYB,original_v1
Beldongri,Maharashtra,21.359875,79.225276,0.1712,0.1916,0.2207,0.2975,0.3914,0.3307,0.1482,7.303,0,Metamorphics,IND2497,309,294.0,344.0,0.0,0.0,25.0,36.35000000000002,34.85,38.15,1.3156,1.1116,1.1836,0.5639,0.7601,50.0,25.0,3.3,Original Dataset / MOIL Ltd / IBM IMYB,original_v1
Beldongri,Maharashtra,21.374878,79.300878,0.1775,0.2106,0.2471,0.3148,0.3916,0.3374,0.1205,3.946,0,Metamorphics,IND2497,315,300.0,350.0,2.1962621212005615,0.0,27.2,36.49000000000001,34.99,38.29,1.244,1.0718,1.1606,0.631,0.8039,50.0,27.2,3.3,Original Dataset / MOIL Ltd / IBM IMYB,original_v1
Beldongri,Maharashtra,21.340069,79.223887,0.1707,0.195,0.2191,0.3875,0.3882,0.3372,0.2776,7.114,0,Metamorphics,IND2497,309,294.0,344.0,1.3605467081069946,0.0,26.36,35.59000000000003,34.09,37.39,1.0018,0.8702,1.1512,0.5644,0.9982,50.0,26.36,3.3,Original Dataset / MOIL Ltd / IBM IMYB,original_v1
Beldongri,Maharashtra,21.289546,79.269444,0.1938,0.2271,0.2765,0.3788,0.4844,0.3867,0.1561,6.135,0,Metamorphics,IND2497,291,276.0,326.0,0.9274099469184875,0.0,25.93,35.55000000000001,34.05,37.35,1.2788,1.0209,1.2527,0.5708,0.782,50.0,25.93,3.3,Original Dataset / MOIL Ltd / IBM IMYB,original_v1
Beldongri,Maharashtra,21.315441,79.297044,0.1799,0.212,0.2393,0.3469,0.4113,0.3499,0.1836,2.807,0,Metamorphics,IND2497,298,283.0,333.0,1.3604254722595215,0.0,26.36,36.01000000000005,34.51,37.81,1.1856,1.0086,1.1755,0.5818,0.8434,50.0,26.36,3.3,Original Dataset / MOIL Ltd / IBM IMYB,original_v1
Beldongri,Maharashtra,21.368785,79.302782,0.1771,0.2053,0.2351,0.3676,0.3855,0.3201,0.2198,3.345,0,Metamorphics,IND2497,311,296.0,346.0,1.8543341159820557,0.0,26.85,36.43000000000001,34.93,38.23,1.0487,0.8708,1.2043,0.6099,0.9536,50.0,26.85,3.3,Original Dataset / MOIL Ltd / IBM IMYB,original_v1
Beldongri,Maharashtra,21.36451,79.225497,0.1816,0.2139,0.2417,0.3805,0.3841,0.3411,0.2231,7.452,0,Metamorphics,IND2497,309,294.0,344.0,3.5123910903930664,0.51,28.51,36.13000000000005,34.63,37.93,1.0095,0.8965,1.1261,0.6293,0.9906,50.0,28.0,3.3,Original Dataset / MOIL Ltd / IBM IMYB,original_v1
Beldongri,Maharashtra,21.328722,79.345273,0.1948,0.2223,0.2725,0.39,0.4608,0.4232,0.1774,5.622,0,Metamorphics,IND2497,291,276.0,326.0,1.3604902029037476,0.0,26.36,35.75000000000006,34.25,37.55,1.1815,1.0851,1.0888,0.5914,0.8464,50.0,26.36,3.3,Original Dataset / MOIL Ltd / IBM IMYB,original_v1
Beldongri,Maharashtra,21.314152,79.291513,0.2279,0.2759,0.3201,0.398,0.4835,0.4176,0.1085,2.913,0,Metamorphics,IND2497,301,286.0,336.0,0.9274099469184875,0.0,25.93,36.01000000000005,34.51,37.81,1.2148,1.0492,1.1578,0.662,0.8232,50.0,25.93,3.3,Original Dataset / MOIL Ltd / IBM IMYB,original_v1
Beldongri,Maharashtra,21.329733,79.356674,0.1851,0.2159,0.257,0.3879,0.4897,0.361,0.203,6.757,0,Metamorphics,IND2497,301,286.0,336.0,0.9274099469184875,0.0,25.93,35.73000000000002,34.23,37.53,1.2624,0.9307,1.3565,0.5248,0.7921,50.0,25.93,3.3,Original Dataset / MOIL Ltd / IBM IMYB,original_v1
Beldongri,Maharashtra,21.334806,79.322426,0.163,0.1786,0.2118,0.3285,0.3425,0.3195,0.216,3.163,0,Metamorphics,IND2497,295,280.0,330.0,1.3605204820632935,0.0,26.36,35.710000000000036,34.21,37.51,1.0426,0.9726,1.072,0.6184,0.9591,50.0,26.36,3.3,Original Dataset / MOIL Ltd / IBM IMYB,original_v1
Beldongri,Maharashtra,21.401046,79.298336,0.1962,0.228,0.2759,0.3843,0.4965,0.4049,0.1642,6.789,0,Metamorphics,IND2497,322,307.0,357.0,2.1965839862823486,0.0,27.2,35.150000000000034,33.65,36.95,1.292,1.0536,1.2262,0.5557,0.774,50.0,27.2,3.3,Original Dataset / MOIL Ltd / IBM IMYB,original_v1
Beldongri,Maharashtra,21.35283,79.318743,0.1973,0.2351,0.2735,0.3602,0.4432,0.3834,0.1368,3.058,0,Metamorphics,IND2497,304,289.0,339.0,2.7196874618530273,0.0,27.72,35.77000000000004,34.27,37.57,1.2304,1.0644,1.156,0.6171,0.8127,50.0,27.72,3.3,Original Dataset / MOIL Ltd / IBM IMYB,original_v1
Beldongri,Maharashtra,21.36884,79.335312,0.1826,0.2049,0.2348,0.3417,0.4205,0.3643,0.1854,5.459,0,Metamorphics,IND2497,303,288.0,338.0,1.3606903553009033,0.0,26.36,35.410000000000025,33.91,37.21,1.2306,1.0661,1.1543,0.5584,0.8126,50.0,26.36,3.3,Original Dataset / MOIL Ltd / IBM IMYB,original_v1
Beldongri,Maharashtra,21.355415,79.249832,0.1652,0.1947,0.1989,0.3757,0.3824,0.2917,0.3077,4.733,0,Metamorphics,IND2497,314,299.0,349.0,3.9770750999450684,0.98,28.98,36.29000000000002,34.79,38.09,1.0178,0.7764,1.3109,0.5201,0.9825,50.0,28.0,3.3,Original Dataset / MOIL Ltd / IBM IMYB,original_v1
Beldongri,Maharashtra,21.329893,79.257533,0.1797,0.2135,0.247,0.3488,0.3721,0.3411,0.1709,3.806,0,Metamorphics,IND2497,303,288.0,338.0,0.0,0.0,25.0,35.670000000000016,34.17,37.47,1.0668,0.9779,1.0909,0.6638,0.9374,50.0,25.0,3.3,Original Dataset / MOIL Ltd / IBM IMYB,original_v1
Beldongri,Maharashtra,21.353804,79.247272,0.197,0.236,0.2866,0.3509,0.4131,0.3417,0.1009,4.925,0,Metamorphics,IND2497,317,302.0,352.0,0.9957571029663086,0.0,26.0,36.33000000000004,34.83,38.13,1.1773,0.9738,1.209,0.6938,0.8494,50.0,26.0,3.3,Original Dataset / MOIL Ltd / IBM IMYB,original_v1
Beldongri,Maharashtra,21.306601,79.347316,0.1596,0.1876,0.2044,0.385,0.3769,0.2949,0.3064,6.81,0,Metamorphics,IND2497,286,271.0,321.0,2.9525907039642334,0.0,27.95,35.59000000000003,34.09,37.39,0.979,0.766,1.2781,0.5423,1.0215,50.0,27.95,3.3,Original Dataset / MOIL Ltd / IBM IMYB,original_v1
Beldongri,Maharashtra,21.356379,79.314775,0.1929,0.224,0.2653,0.3649,0.4387,0.3612,0.158,2.922,0,Metamorphics,IND2497,309,294.0,344.0,0.9957740902900696,0.0,26.0,35.77000000000004,34.27,37.57,1.2022,0.9899,1.2146,0.6047,0.8318,50.0,26.0,3.3,Original Dataset / MOIL Ltd / IBM IMYB,original_v1
Beldongri,Maharashtra,21.376786,79.349482,0.1715,0.2068,0.2379,0.2966,0.3726,0.3276,0.1098,7.17,0,Metamorphics,IND2497,315,300.0,350.0,2.1962859630584717,0.0,27.2,35.31,33.81,37.11,1.2562,1.1045,1.1374,0.6385,0.796,50.0,27.2,3.3,Original Dataset / MOIL Ltd / IBM IMYB,original_v1
Beldongri,Maharashtra,21.384997,79.290565,0.1811,0.2035,0.2428,0.3676,0.4066,0.3705,0.2045,4.98,0,Metamorphics,IND2497,314,299.0,349.0,0.9959686398506165,0.0,26.0,35.690000000000055,34.19,37.49,1.1061,1.0079,1.0974,0.5971,0.9041,50.0,26.0,3.3,Original Dataset / MOIL Ltd / IBM IMYB,original_v1
Beldongri,Maharashtra,21.344617,79.353584,0.1849,0.2231,0.2591,0.3756,0.4717,0.3829,0.1836,6.352,0,Metamorphics,IND2497,298,283.0,333.0,2.7196075916290283,0.0,27.72,35.83000000000004,34.33,37.63,1.2559,1.0194,1.2319,0.5493,0.7963,50.0,27.72,3.3,Original Dataset / MOIL Ltd / IBM IMYB,original_v1
Beldongri,Maharashtra,21.31289,79.258011,0.1679,0.1963,0.2162,0.3553,0.395,0.3341,0.2434,4.701,0,Metamorphics,IND2497,300,285.0,335.0,2.195500373840332,0.0,27.2,35.610000000000014,34.11,37.41,1.1117,0.9403,1.1823,0.5473,0.8995,50.0,27.2,3.3,Original Dataset / MOIL Ltd / IBM IMYB,original_v1
Beldongri,Maharashtra,21.337168,79.258387,0.1718,0.1989,0.2257,0.3376,0.429,0.3494,0.1987,3.554,0,Metamorphics,IND2497,308,293.0,343.0,0.9274099469184875,0.0,25.93,35.950000000000045,34.45,37.75,1.2707,1.035,1.2278,0.5261,0.7869,50.0,25.93,3.3,Original Dataset / MOIL Ltd / IBM IMYB,original_v1
Beldongri,Maharashtra,21.316523,79.260735,0.171,0.1953,0.2308,0.3484,0.3611,0.3322,0.203,4.225,0,Metamorphics,IND2497,302,287.0,337.0,2.1955480575561523,0.0,27.2,35.610000000000014,34.11,37.41,1.0365,0.9535,1.087,0.6392,0.9648,50.0,27.2,3.3,Original Dataset / MOIL Ltd / IBM IMYB,original_v1
Beldongri,Maharashtra,21.382366,79.33282,0.1826,0.2142,0.2446,0.3732,0.4025,0.3527,0.2082,6.277,0,Metamorphics,IND2497,308,293.0,343.0,0.0,0.0,25.0,35.25000000000006,33.75,37.05,1.0785,0.9451,1.1412,0.6077,0.9272,50.0,25.0,3.3,Original Dataset / MOIL Ltd / IBM IMYB,original_v1
Beldongri,Maharashtra,21.316181,79.311627,0.1708,0.2039,0.2392,0.3872,0.434,0.3583,0.2363,3.338,0,Metamorphics,IND2497,291,276.0,326.0,0.9955007433891296,0.0,26.0,36.01000000000005,34.51,37.81,1.1209,0.9254,1.2113,0.5512,0.8922,50.0,26.0,3.3,Original Dataset / MOIL Ltd / IBM IMYB,original_v1
Beldongri,Maharashtra,21.33943,79.253868,0.1898,0.2143,0.2399,0.3983,0.3729,0.3487,0.2482,4.007,0,Metamorphics,IND2497,310,295.0,345.0,0.9956590533256531,0.0,26.0,35.910000000000025,34.41,37.71,0.9362,0.8755,1.0694,0.6433,1.0681,50.0,26.0,3.3,Original Dataset / MOIL Ltd / IBM IMYB,original_v1
Beldongri,Maharashtra,21.285217,79.280245,0.1869,0.2096,0.2352,0.2967,0.3892,0.3525,0.1156,6.262,0,Metamorphics,IND2497,287,272.0,322.0,0.9274099469184875,0.0,25.93,35.53000000000003,34.03,37.33,1.3118,1.1881,1.1041,0.6043,0.7623,50.0,25.93,3.3,Original Dataset / MOIL Ltd / IBM IMYB,original_v1
Beldongri,Maharashtra,21.32942,79.251714,0.185,0.2153,0.2622,0.4128,0.3988,0.3823,0.2231,4.399,0,Metamorphics,IND2497,307,292.0,342.0,2.195704936981201,0.0,27.2,35.63000000000005,34.13,37.43,0.9661,0.9261,1.0432,0.6575,1.0351,50.0,27.2,3.3,Original Dataset / MOIL Ltd / IBM IMYB,original_v1
Beldongri,Maharashtra,21.367097,79.329662,0.176,0.2059,0.2472,0.3758,0.4391,0.3723,0.2064,4.873,0,Metamorphics,IND2497,303,288.0,338.0,0.0,0.0,25.0,35.410000000000025,33.91,37.21,1.1684,0.9907,1.1794,0.563,0.8558,50.0,25.0,3.3,Original Dataset / MOIL Ltd / IBM IMYB,original_v1
Beldongri,Maharashtra,21.401676,79.297421,0.1946,0.2309,0.2712,0.3782,0.4601,0.3879,0.1648,6.851,0,Metamorphics,IND2497,325,310.0,360.0,1.9915624856948853,0.0,26.99,35.150000000000034,33.65,36.95,1.2166,1.0256,1.1861,0.5894,0.822,50.0,26.99,3.3,Original Dataset / MOIL Ltd / IBM IMYB,original_v1
Beldongri,Maharashtra,21.279481,79.314252,0.1736,0.1981,0.2305,0.3575,0.3825,0.359,0.216,7.136,0,Metamorphics,IND2497,291,276.0,326.0,2.104210138320923,0.0,27.1,35.690000000000055,34.19,37.49,1.0699,1.0042,1.0655,0.6026,0.9346,50.0,27.1,3.3,Original Dataset / MOIL Ltd / IBM IMYB,original_v1
Beldongri,Maharashtra,21.391712,79.278978,0.2029,0.2404,0.2888,0.4112,0.4935,0.3815,0.1749,5.892,0,Metamorphics,IND2497,319,304.0,354.0,1.3608050346374512,0.0,26.36,34.690000000000055,33.19,36.49,1.2001,0.9278,1.2936,0.5852,0.8332,50.0,26.36,3.3,Original Dataset / MOIL Ltd / IBM IMYB,original_v1
Dongri_Buzurg,Maharashtra,21.550909,79.683454,0.2364,0.2682,0.306,0.349,0.4199,0.384,0.0656,0.266,1,Metamorphics,IND2480,371,356.0,406.0,17.198923110961914,14.2,42.2,31.650000000000034,30.15,33.45,1.2032,1.1003,1.0935,0.7287,0.8312,50.0,28.0,3.3,Original Dataset / MOIL Ltd / IBM IMYB,original_v1
Dongri_Buzurg,Maharashtra,21.546555,79.680228,0.233,0.259,0.2891,0.3076,0.3925,0.3647,0.031,0.35,1,Metamorphics,IND2480,349,334.0,384.0,7.948887825012207,4.95,32.95,31.950000000000045,30.45,33.75,1.276,1.1856,1.0762,0.7366,0.7837,50.0,28.0,3.3,Original Dataset / MOIL Ltd / IBM IMYB,original_v1
Dongri_Buzurg,Maharashtra,21.545624,79.684262,0.194,0.2161,0.2323,0.2547,0.3378,0.3353,0.046,0.364,1,Metamorphics,IND2480,350,335.0,385.0,2.953138828277588,0.0,27.95,31.950000000000045,30.45,33.75,1.3263,1.3165,1.0075,0.6877,0.754,50.0,27.95,3.3,Original Dataset / MOIL Ltd / IBM IMYB,original_v1
Dongri_Buzurg,Maharashtra,21.550582,79.68017,0.2224,0.2516,0.2812,0.3245,0.3826,0.3366,0.0715,0.35,1,Metamorphics,IND2480,348,333.0,383.0,3.835904359817505,0.84,28.84,31.650000000000034,30.15,33.45,1.179,1.0373,1.1367,0.735,0.8481,50.0,28.0,3.3,Original Dataset / MOIL Ltd / IBM IMYB,original_v1
Dongri_Buzurg,Maharashtra,21.548465,79.68415,0.2261,0.2549,0.2911,0.3201,0.411,0.3809,0.0474,0.141,1,Metamorphics,IND2480,334,319.0,369.0,25.368471145629883,22.37,50.37,31.950000000000045,30.45,33.75,1.284,1.1899,1.079,0.7083,0.7788,50.0,28.0,3.3,Original Dataset / MOIL Ltd / IBM IMYB,original_v1
Dongri_Buzurg,Maharashtra,21.548319,79.682359,0.2485,0.2726,0.2977,0.3169,0.4075,0.3992,0.0312,0.055,1,Metamorphics,IND2480,353,338.0,388.0,28.123607635498047,25.12,53.12,31.950000000000045,30.45,33.75,1.2859,1.2597,1.0208,0.7306,0.7777,50.0,28.0,3.3,Original Dataset / MOIL Ltd / IBM IMYB,original_v1
Dongri_Buzurg,Maharashtra,21.548809,79.681263,0.2245,0.2562,0.2896,0.3214,0.414,0.3934,0.052,0.161,1,Metamorphics,IND2480,384,369.0,419.0,4.078637599945068,1.08,29.08,31.950000000000045,30.45,33.75,1.2881,1.224,1.0524,0.6995,0.7763,50.0,28.0,3.3,Original Dataset / MOIL Ltd / IBM IMYB,original_v1
Dongri_Buzurg,Maharashtra,21.548344,79.680016,0.2022,0.2326,0.2694,0.3338,0.4235,0.3685,0.1068,0.29,1,Metamorphics,IND2480,387,372.0,422.0,8.855904579162598,5.86,33.86,31.950000000000045,30.45,33.75,1.2687,1.104,1.1493,0.6361,0.7882,50.0,28.0,3.3,Original Dataset / MOIL Ltd / IBM IMYB,original_v1
Dongri_Buzurg,Maharashtra,21.549307,79.684907,0.2169,0.2453,0.2766,0.3098,0.3929,0.3842,0.0566,0.232,1,Metamorphics,IND2480,369,354.0,404.0,22.910600662231445,19.91,47.91,31.950000000000045,30.45,33.75,1.2682,1.2402,1.0226,0.704,0.7885,50.0,28.0,3.3,Original Dataset / MOIL Ltd / IBM IMYB,original_v1
Dongri_Buzurg,Maharashtra,21.548134,79.681529,0.245,0.2659,0.2856,0.3052,0.3832,0.3728,0.0332,0.141,1,Metamorphics,IND2480,348,333.0,383.0,21.970355987548828,18.97,46.97,31.950000000000045,30.45,33.75,1.2556,1.2215,1.0279,0.7453,0.7965,50.0,28.0,3.3,Original Dataset / MOIL Ltd / IBM IMYB,original_v1
Dongri_Buzurg,Maharashtra,21.547872,79.682559,0.2406,0.272,0.3091,0.3394,0.4204,0.393,0.0467,0.085,1,Metamorphics,IND2480,328,313.0,363.0,9.631346702575684,6.63,34.63,31.950000000000045,30.45,33.75,1.2387,1.1579,1.0697,0.7353,0.8073,50.0,28.0,3.3,Original Dataset / MOIL Ltd / IBM IMYB,original_v1
Dongri_Buzurg,Maharashtra,21.549757,79.680594,0.1943,0.221,0.2542,0.3263,0.3912,0.328,0.1242,0.262,1,Metamorphics,IND2480,359,344.0,394.0,9.993659019470215,6.99,34.99,31.950000000000045,30.45,33.75,1.1989,1.0052,1.1927,0.6498,0.8341,50.0,28.0,3.3,Original Dataset / MOIL Ltd / IBM IMYB,original_v1
Dongri_Buzurg,Maharashtra,21.548778,79.682935,0.2368,0.2655,0.2977,0.3226,0.415,0.4022,0.0401,0.024,1,Metamorphics,IND2480,363,348.0,398.0,25.873210906982422,22.87,50.87,31.950000000000045,30.45,33.75,1.2864,1.2467,1.0318,0.7173,0.7773,50.0,28.0,3.3,Original Dataset / MOIL Ltd / IBM IMYB,original_v1
Dongri_Buzurg,Maharashtra,21.548114,79.682985,0.2256,0.2502,0.2805,0.3152,0.3949,0.3679,0.0583,0.057,1,Metamorphics,IND2480,334,319.0,369.0,19.081470489501953,16.08,44.08,31.950000000000045,30.45,33.75,1.2529,1.1672,1.0734,0.7103,0.7982,50.0,28.0,3.3,Original Dataset / MOIL Ltd / IBM IMYB,original_v1
Dongri_Buzurg,Maharashtra,21.548415,79.683735,0.2307,0.2598,0.2981,0.3269,0.418,0.3885,0.0461,0.099,1,Metamorphics,IND2480,334,319.0,369.0,25.368471145629883,22.37,50.37,31.950000000000045,30.45,33.75,1.2787,1.1884,1.0759,0.7132,0.7821,50.0,28.0,3.3,Original Dataset / MOIL Ltd / IBM IMYB,original_v1
Dongri_Buzurg,Maharashtra,21.549395,79.682928,0.2049,0.2334,0.2672,0.3223,0.4191,0.3718,0.0935,0.09,1,Metamorphics,IND2480,393,378.0,428.0,5.30464506149292,2.3,30.3,31.950000000000045,30.45,33.75,1.3003,1.1536,1.1272,0.6376,0.769,50.0,28.0,3.3,Original Dataset / MOIL Ltd / IBM IMYB,original_v1
Dongri_Buzurg,Maharashtra,21.549042,79.682607,0.2273,0.2582,0.2914,0.3209,0.4034,0.3893,0.0482,0.053,1,Metamorphics,IND2480,379,364.0,414.0,20.925912857055664,17.93,45.93,31.950000000000045,30.45,33.75,1.2571,1.2132,1.0362,0.7224,0.7955,50.0,28.0,3.3,Original Dataset / MOIL Ltd / IBM IMYB,original_v1
Dongri_Buzurg,Maharashtra,21.549778,79.680672,0.193,0.2194,0.2483,0.3101,0.3845,0.3257,0.1107,0.256,1,Metamorphics,IND2480,361,346.0,396.0,12.175189018249512,9.18,37.18,31.950000000000045,30.45,33.75,1.2399,1.0503,1.1805,0.6458,0.8065,50.0,28.0,3.3,Original Dataset / MOIL Ltd / IBM IMYB,original_v1
Dongri_Buzurg,Maharashtra,21.546496,79.680132,0.233,0.259,0.2891,0.3076,0.3925,0.3647,0.031,0.362,1,Metamorphics,IND2480,349,334.0,384.0,7.948887825012207,4.95,32.95,31.950000000000045,30.45,33.75,1.276,1.1856,1.0762,0.7366,0.7837,50.0,28.0,3.3,Original Dataset / MOIL Ltd / IBM IMYB,original_v1
Dongri_Buzurg,Maharashtra,21.5504,79.684617,0.165,0.1914,0.2108,0.333,0.3722,0.297,0.2247,0.275,1,Metamorphics,IND2480,385,370.0,420.0,20.181997299194336,17.18,45.18,31.650000000000034,30.15,33.45,1.1177,0.8919,1.2532,0.5664,0.8947,50.0,28.0,3.3,Original Dataset / MOIL Ltd / IBM IMYB,original_v1
Dongri_Buzurg,Maharashtra,21.55062,79.68511,0.2158,0.2552,0.2977,0.3733,0.4368,0.3883,0.1127,0.328,1,Metamorphics,IND2480,375,360.0,410.0,13.94814395904541,10.95,38.95,31.650000000000034,30.15,33.45,1.1701,1.0402,1.1249,0.6815,0.8546,50.0,28.0,3.3,Original Dataset / MOIL Ltd / IBM IMYB,original_v1
Dongri_Buzurg,Maharashtra,21.550462,79.681344,0.2123,0.238,0.2703,0.3182,0.3815,0.335,0.0814,0.256,1,Metamorphics,IND2480,349,334.0,384.0,9.14902114868164,6.15,34.15,31.650000000000034,30.15,33.45,1.1989,1.0528,1.1388,0.7085,0.8341,50.0,28.0,3.3,Original Dataset / MOIL Ltd / IBM IMYB,original_v1
Dongri_Buzurg,Maharashtra,21.550568,79.682357,0.1973,0.2286,0.2652,0.3636,0.4189,0.3492,0.1565,0.224,1,Metamorphics,IND2480,366,351.0,401.0,15.402539253234863,12.4,40.4,31.650000000000034,30.15,33.45,1.1521,0.9604,1.1996,0.6331,0.868,50.0,28.0,3.3,Original Dataset / MOIL Ltd / IBM IMYB,original_v1
Dongri_Buzurg,Maharashtra,21.54757,79.679683,0.2408,0.2669,0.2971,0.3251,0.4098,0.3788,0.045,0.343,1,Metamorphics,IND2480,378,363.0,413.0,15.282038688659668,12.28,40.28,31.950000000000045,30.45,33.75,1.2605,1.1652,1.0818,0.725,0.7933,50.0,28.0,3.3,Original Dataset / MOIL Ltd / IBM IMYB,original_v1
Dongri_Buzurg,Maharashtra,21.547623,79.683021,0.249,0.2842,0.3214,0.3513,0.4431,0.4182,0.0444,0.111,1,Metamorphics,IND2480,325,310.0,360.0,6.2926411628723145,3.29,31.29,31.950000000000045,30.45,33.75,1.2613,1.1904,1.0595,0.7253,0.7928,50.0,28.0,3.3,Original Dataset / MOIL Ltd / IBM IMYB,original_v1
Dongri_Buzurg,Maharashtra,21.546537,79.68016,0.233,0.259,0.2891,0.3076,0.3925,0.3647,0.031,0.357,1,Metamorphics,IND2480,349,334.0,384.0,7.948887825012207,4.95,32.95,31.950000000000045,30.45,33.75,1.276,1.1856,1.0762,0.7366,0.7837,50.0,28.0,3.3,Original Dataset / MOIL Ltd / IBM IMYB,original_v1
Dongri_Buzurg,Maharashtra,21.548078,79.686155,0.2652,0.2995,0.337,0.3757,0.4832,0.4649,0.0543,0.352,1,Metamorphics,IND2480,339,324.0,374.0,15.041095733642578,12.04,40.04,32.89000000000004,31.39,34.69,1.2861,1.2374,1.0394,0.6974,0.7775,50.0,28.0,3.3,Original Dataset / MOIL Ltd / IBM IMYB,original_v1
Dongri_Buzurg,Maharashtra,21.549882,79.681843,0.1801,0.2096,0.2276,0.3066,0.349,0.3127,0.1479,0.174,1,Metamorphics,IND2480,373,358.0,408.0,15.282064437866211,12.28,40.28,31.950000000000045,30.45,33.75,1.1383,1.0199,1.1161,0.6521,0.8785,50.0,28.0,3.3,Original Dataset / MOIL Ltd / IBM IMYB,original_v1
Dongri_Buzurg,Maharashtra,21.547412,79.68537,0.2674,0.3094,0.3594,0.3992,0.5079,0.4874,0.0525,0.297,1,Metamorphics,IND2480,335,320.0,370.0,14.552124977111816,11.55,39.55,31.950000000000045,30.45,33.75,1.2723,1.2209,1.0421,0.7076,0.786,50.0,28.0,3.3,Original Dataset / MOIL Ltd / IBM IMYB,original_v1
Dongri_Buzurg,Maharashtra,21.549229,79.683139,0.2216,0.254,0.2882,0.3194,0.4138,0.3974,0.0513,0.078,1,Metamorphics,IND2480,385,370.0,420.0,20.745254516601562,17.75,45.75,31.950000000000045,30.45,33.75,1.2956,1.2442,1.0413,0.6965,0.7719,50.0,28.0,3.3,Original Dataset / MOIL Ltd / IBM IMYB,original_v1
Dongri_Buzurg,Maharashtra,21.546605,79.684744,0.1992,0.2134,0.2252,0.2462,0.293,0.2782,0.0445,0.3,1,Metamorphics,IND2480,346,331.0,381.0,2.198387384414673,0.0,27.2,31.950000000000045,30.45,33.75,1.1901,1.13,1.0532,0.7686,0.8403,50.0,27.2,3.3,Original Dataset / MOIL Ltd / IBM IMYB,original_v1
Dongri_Buzurg,Maharashtra,21.549767,79.683297,0.179,0.2075,0.2417,0.3161,0.4052,0.3393,0.1334,0.14,1,Metamorphics,IND2480,395,380.0,430.0,10.766278266906738,7.77,35.77,31.950000000000045,30.45,33.75,1.2819,1.0734,1.1942,0.5965,0.7801,50.0,28.0,3.3,Original Dataset / MOIL Ltd / IBM IMYB,original_v1
Dongri_Buzurg,Maharashtra,21.548299,79.686301,0.2525,0.2875,0.3224,0.3518,0.4572,0.4438,0.0436,0.364,1,Metamorphics,IND2480,346,331.0,381.0,21.070371627807617,18.07,46.07,32.89000000000004,31.39,34.69,1.2996,1.2615,1.0302,0.7052,0.7695,50.0,28.0,3.3,Original Dataset / MOIL Ltd / IBM IMYB,original_v1
Dongri_Buzurg,Maharashtra,21.546998,79.68289,0.2566,0.292,0.3484,0.3881,0.4653,0.4312,0.0539,0.179,1,Metamorphics,IND2480,346,331.0,381.0,14.176312446594238,11.18,39.18,31.950000000000045,30.45,33.75,1.1989,1.1111,1.0791,0.7488,0.8341,50.0,28.0,3.3,Original Dataset / MOIL Ltd / IBM IMYB,original_v1
Dongri_Buzurg,Maharashtra,21.546152,79.680614,0.214,0.2416,0.2752,0.3081,0.3861,0.358,0.0564,0.354,1,Metamorphics,IND2480,344,329.0,379.0,5.547544956207275,2.55,30.55,31.950000000000045,30.45,33.75,1.2532,1.162,1.0785,0.7128,0.798,50.0,28.0,3.3,Original Dataset / MOIL Ltd / IBM IMYB,original_v1
Dongri_Buzurg,Maharashtra,21.547844,79.682841,0.245,0.2764,0.3154,0.3458,0.4269,0.3987,0.046,0.084,1,Metamorphics,IND2480,326,311.0,361.0,9.172285079956055,6.17,34.17,31.950000000000045,30.45,33.75,1.2345,1.153,1.0707,0.7388,0.81,50.0,28.0,3.3,Original Dataset / MOIL Ltd / IBM IMYB,original_v1
Dongri_Buzurg,Maharashtra,21.548676,79.682111,0.249,0.2764,0.3051,0.33,0.4182,0.4048,0.0392,0.072,1,Metamorphics,IND2480,371,356.0,406.0,27.437294006347656,24.44,52.44,31.950000000000045,30.45,33.75,1.2673,1.2267,1.0331,0.7296,0.7891,50.0,28.0,3.3,Original Dataset / MOIL Ltd / IBM IMYB,original_v1
Dongri_Buzurg,Maharashtra,21.54805,79.682054,0.2473,0.2717,0.2996,0.3191,0.3949,0.3812,0.0315,0.099,1,Metamorphics,IND2480,338,323.0,373.0,16.91434669494629,13.91,41.91,31.950000000000045,30.45,33.75,1.2375,1.1946,1.0359,0.7587,0.8081,50.0,28.0,3.3,Original Dataset / MOIL Ltd / IBM IMYB,original_v1
Dongri_Buzurg,Maharashtra,21.547925,79.679513,0.2268,0.2608,0.2983,0.3504,0.4274,0.395,0.0803,0.349,1,Metamorphics,IND2480,387,372.0,422.0,13.220499992370605,10.22,38.22,31.950000000000045,30.45,33.75,1.2197,1.1273,1.082,0.6979,0.8198,50.0,28.0,3.3,Original Dataset / MOIL Ltd / IBM IMYB,original_v1
Dongri_Buzurg,Maharashtra,21.549061,79.683044,0.2251,0.2539,0.2841,0.3185,0.4031,0.3747,0.0571,0.057,1,Metamorphics,IND2480,388,373.0,423.0,16.677217483520508,13.68,41.68,31.950000000000045,30.45,33.75,1.2656,1.1765,1.0758,0.7048,0.7901,50.0,28.0,3.3,Original Dataset / MOIL Ltd / IBM IMYB,original_v1
Dongri_Buzurg,Maharashtra,21.548592,79.68498,0.2484,0.273,0.301,0.3256,0.4114,0.4007,0.0393,0.226,1,Metamorphics,IND2480,341,326.0,376.0,23.625347137451172,20.63,48.63,31.950000000000045,30.45,33.75,1.2635,1.2307,1.0267,0.7316,0.7914,50.0,28.0,3.3,Original Dataset / MOIL Ltd / IBM IMYB,original_v1
Dongri_Buzurg,Maharashtra,21.549891,79.681745,0.1801,0.2096,0.2276,0.3066,0.349,0.3127,0.1479,0.181,1,Metamorphics,IND2480,373,358.0,408.0,15.282064437866211,12.28,40.28,31.950000000000045,30.45,33.75,1.1383,1.0199,1.1161,0.6521,0.8785,50.0,28.0,3.3,Original Dataset / MOIL Ltd / IBM IMYB,original_v1
Dongri_Buzurg,Maharashtra,21.54818,79.682251,0.2473,0.2717,0.2996,0.3191,0.3949,0.3812,0.0315,0.074,1,Metamorphics,IND2480,338,323.0,373.0,16.91434669494629,13.91,41.91,31.950000000000045,30.45,33.75,1.2375,1.1946,1.0359,0.7587,0.8081,50.0,28.0,3.3,Original Dataset / MOIL Ltd / IBM IMYB,original_v1
Dongri_Buzurg,Maharashtra,21.546966,79.679846,0.263,0.293,0.3294,0.3488,0.4448,0.419,0.0286,0.356,1,Metamorphics,IND2480,362,347.0,397.0,10.903688430786133,7.9,35.9,31.950000000000045,30.45,33.75,1.2752,1.2013,1.0616,0.7406,0.7842,50.0,28.0,3.3,Original Dataset / MOIL Ltd / IBM IMYB,original_v1
Dongri_Buzurg,Maharashtra,21.548279,79.681735,0.2463,0.2678,0.2957,0.316,0.3914,0.3829,0.0332,0.116,1,Metamorphics,IND2480,356,341.0,391.0,27.288211822509766,24.29,52.29,31.950000000000045,30.45,33.75,1.2386,1.2117,1.0222,0.7555,0.8074,50.0,28.0,3.3,Original Dataset / MOIL Ltd / IBM IMYB,original_v1
Dongri_Buzurg,Maharashtra,21.492323,79.652142,0.156,0.1784,0.1998,0.3302,0.3918,0.2933,0.246,7.023,0,Metamorphics,IND2480,324,309.0,359.0,3.835800886154175,0.84,28.84,31.950000000000045,30.45,33.75,1.1866,0.8882,1.3358,0.51,0.8428,50.0,28.0,3.3,Original Dataset / MOIL Ltd / IBM IMYB,original_v1
Dongri_Buzurg,Maharashtra,21.590994,79.664724,0.1766,0.2017,0.2359,0.3427,0.4728,0.3784,0.1846,5.077,0,Metamorphics,IND2480,313,298.0,348.0,1.8543341159820557,0.0,26.85,32.43000000000001,30.93,34.23,1.3796,1.1042,1.2495,0.4989,0.7248,50.0,26.85,3.3,Original Dataset / MOIL Ltd / IBM IMYB,original_v1
Dongri_Buzurg,Maharashtra,21.507646,79.701508,0.1415,0.1693,0.1624,0.3007,0.3456,0.2476,0.2986,4.953,0,Metamorphics,IND2480,326,311.0,361.0,0.9274099469184875,0.0,25.93,32.09000000000003,30.59,33.89,1.1493,0.8234,1.3958,0.4699,0.8701,50.0,25.93,3.3,Original Dataset / MOIL Ltd / IBM IMYB,original_v1
Dongri_Buzurg,Maharashtra,21.560261,79.619117,0.16,0.1872,0.1929,0.2797,0.3323,0.2804,0.1837,6.72,0,Metamorphics,IND2480,313,298.0,348.0,1.3616479635238647,0.0,26.36,33.150000000000034,31.65,34.95,1.1881,1.0025,1.1851,0.5805,0.8417,50.0,26.36,3.3,Original Dataset / MOIL Ltd / IBM IMYB,original_v1
Dongri_Buzurg,Maharashtra,21.492692,79.667315,0.1924,0.2278,0.2662,0.3746,0.4414,0.3695,0.1692,6.427,0,Metamorphics,IND2480,306,291.0,341.0,3.418891429901123,0.42,28.42,31.03000000000003,29.53,32.83,1.1783,0.9864,1.1946,0.6031,0.8487,50.0,28.0,3.3,Original Dataset / MOIL Ltd / IBM IMYB,original_v1
Dongri_Buzurg,Maharashtra,21.570275,79.675895,0.1456,0.1709,0.1582,0.325,0.2759,0.2069,0.3452,2.517,0,Metamorphics,IND2480,312,297.0,347.0,2.7802884578704834,0.0,27.78,30.950000000000045,29.45,32.75,0.8489,0.6366,1.3335,0.5734,1.178,50.0,27.78,3.3,Original Dataset / MOIL Ltd / IBM IMYB,original_v1
Dongri_Buzurg,Maharashtra,21.489778,79.689957,0.144,0.1719,0.1724,0.3174,0.3379,0.2438,0.296,6.59,0,Metamorphics,IND2480,305,290.0,340.0,0.0,0.0,25.0,31.150000000000034,29.65,32.95,1.0646,0.7681,1.386,0.5102,0.9393,50.0,25.0,3.3,Original Dataset / MOIL Ltd / IBM IMYB,original_v1
Dongri_Buzurg,Maharashtra,21.592598,79.662344,0.1684,0.197,0.2086,0.3488,0.369,0.3206,0.2515,5.336,0,Metamorphics,IND2480,316,301.0,351.0,1.9941747188568115,0.0,26.99,32.03000000000003,30.53,33.83,1.0579,0.9192,1.151,0.5653,0.9453,50.0,26.99,3.3,Original Dataset / MOIL Ltd / IBM IMYB,original_v1
Dongri_Buzurg,Maharashtra,21.532578,79.645069,0.1702,0.1982,0.2207,0.3622,0.4673,0.361,0.2428,4.295,0,Metamorphics,IND2480,341,326.0,376.0,3.128613233566284,0.13,28.13,32.57000000000005,31.07,34.37,1.2902,0.9967,1.2945,0.4723,0.7751,50.0,28.0,3.3,Original Dataset / MOIL Ltd / IBM IMYB,original_v1
Dongri_Buzurg,Maharashtra,21.521333,79.650674,0.1524,0.1796,0.1953,0.3248,0.3934,0.2882,0.249,4.503,0,Metamorphics,IND2480,350,335.0,385.0,0.9969005584716797,0.0,26.0,32.13000000000005,30.63,33.93,1.2112,0.8873,1.365,0.4964,0.8256,50.0,26.0,3.3,Original Dataset / MOIL Ltd / IBM IMYB,original_v1
Dongri_Buzurg,Maharashtra,21.603776,79.720797,0.1561,0.1836,0.1873,0.3039,0.3067,0.2594,0.2374,7.294,0,Metamorphics,IND2480,299,284.0,334.0,2.9532737731933594,0.0,27.95,32.73000000000002,31.23,34.53,1.0092,0.8536,1.1823,0.6107,0.9909,50.0,27.95,3.3,Original Dataset / MOIL Ltd / IBM IMYB,original_v1
Dongri_Buzurg,Maharashtra,21.593677,79.670656,0.2072,0.239,0.2839,0.3976,0.4995,0.4094,0.1668,5.173,0,Metamorphics,IND2480,310,295.0,345.0,2.722095012664795,0.0,27.72,32.110000000000014,30.61,33.91,1.2563,1.0297,1.2201,0.5684,0.796,50.0,27.72,3.3,Original Dataset / MOIL Ltd / IBM IMYB,original_v1
Dongri_Buzurg,Maharashtra,21.523362,79.689832,0.1986,0.2338,0.2732,0.3814,0.5035,0.4024,0.1653,2.902,0,Metamorphics,IND2480,339,324.0,374.0,1.8543341159820557,0.0,26.85,32.73000000000002,31.23,34.53,1.3201,1.0551,1.2512,0.5426,0.7575,50.0,26.85,3.3,Original Dataset / MOIL Ltd / IBM IMYB,original_v1
Dongri_Buzurg,Maharashtra,21.514528,79.633823,0.1482,0.176,0.1802,0.3292,0.3745,0.2716,0.2925,6.333,0,Metamorphics,IND2480,343,328.0,378.0,1.8543341159820557,0.0,26.85,31.83000000000004,30.33,33.63,1.1376,0.825,1.3789,0.4812,0.879,50.0,26.85,3.3,Original Dataset / MOIL Ltd / IBM IMYB,original_v1
Dongri_Buzurg,Maharashtra,21.578067,79.690793,0.1384,0.1619,0.1504,0.3268,0.2689,0.208,0.3697,3.383,0,Metamorphics,IND2480,303,288.0,338.0,4.204677581787109,1.2,29.2,31.690000000000055,30.19,33.49,0.8228,0.6365,1.2928,0.5593,1.2153,50.0,28.0,3.3,Original Dataset / MOIL Ltd / IBM IMYB,original_v1
Dongri_Buzurg,Maharashtra,21.562986,79.722597,0.1614,0.1782,0.2027,0.2696,0.3932,0.3521,0.1416,4.421,0,Metamorphics,IND2480,342,327.0,377.0,3.1292130947113037,0.13,28.13,32.43000000000001,30.93,34.23,1.4585,1.306,1.1167,0.5155,0.6857,50.0,28.0,3.3,Original Dataset / MOIL Ltd / IBM IMYB,original_v1
Dongri_Buzurg,Maharashtra,21.591343,79.647825,0.159,0.1827,0.1814,0.3346,0.3174,0.2682,0.2969,5.979,0,Metamorphics,IND2480,316,301.0,351.0,3.516326427459717,0.52,28.52,32.73000000000002,31.23,34.53,0.9486,0.8016,1.1834,0.5715,1.0542,50.0,28.0,3.3,Original Dataset / MOIL Ltd / IBM IMYB,original_v1
Dongri_Buzurg,Maharashtra,21.516412,79.72503,0.1496,0.1738,0.1827,0.3132,0.3451,0.2684,0.2632,5.653,0,Metamorphics,IND2480,316,301.0,351.0,1.3614274263381958,0.0,26.36,33.150000000000034,31.65,34.95,1.1019,0.857,1.2858,0.5294,0.9076,50.0,26.36,3.3,Original Dataset / MOIL Ltd / IBM IMYB,original_v1
Dongri_Buzurg,Maharashtra,21.530956,79.661876,0.1727,0.2018,0.2284,0.3617,0.4768,0.3662,0.2259,2.924,0,Metamorphics,IND2480,333,318.0,368.0,6.031487941741943,3.03,31.03,32.370000000000005,30.87,34.17,1.3182,1.0124,1.302,0.479,0.7586,50.0,28.0,3.3,Original Dataset / MOIL Ltd / IBM IMYB,original_v1
Dongri_Buzurg,Maharashtra,21.583983,79.728751,0.1548,0.1793,0.1822,0.3243,0.3373,0.2922,0.2806,6.177,0,Metamorphics,IND2480,308,293.0,343.0,2.198854446411133,0.0,27.2,30.79000000000002,29.29,32.59,1.0401,0.901,1.1543,0.5402,0.9615,50.0,27.2,3.3,Original Dataset / MOIL Ltd / IBM IMYB,original_v1
Dongri_Buzurg,Maharashtra,21.542717,79.649933,0.1702,0.1972,0.2246,0.3282,0.4496,0.3543,0.1874,3.465,0,Metamorphics,IND2480,327,312.0,362.0,2.7802884578704834,0.0,27.78,31.390000000000043,29.89,33.19,1.3699,1.0795,1.269,0.4996,0.73,50.0,27.78,3.3,Original Dataset / MOIL Ltd / IBM IMYB,original_v1
Dongri_Buzurg,Maharashtra,21.499622,79.686368,0.1648,0.193,0.2152,0.3286,0.39,0.2965,0.2085,5.465,0,Metamorphics,IND2480,301,286.0,336.0,4.086913585662842,1.09,29.09,31.29000000000002,29.79,33.09,1.1869,0.9023,1.3153,0.5518,0.8426,50.0,28.0,3.3,Original Dataset / MOIL Ltd / IBM IMYB,original_v1
Dongri_Buzurg,Maharashtra,21.524129,79.675947,0.1502,0.1829,0.1889,0.3432,0.3792,0.2741,0.29,2.815,0,Metamorphics,IND2480,378,363.0,413.0,5.034986972808838,2.03,30.03,32.25000000000006,30.75,34.05,1.1049,0.7987,1.3834,0.4982,0.9051,50.0,28.0,3.3,Original Dataset / MOIL Ltd / IBM IMYB,original_v1
Dongri_Buzurg,Maharashtra,21.513142,79.674545,0.1502,0.1754,0.1892,0.3234,0.3885,0.2879,0.2618,4.039,0,Metamorphics,IND2480,336,321.0,371.0,2.953063726425171,0.0,27.95,32.05000000000001,30.55,33.85,1.2013,0.8902,1.3494,0.487,0.8324,50.0,27.95,3.3,Original Dataset / MOIL Ltd / IBM IMYB,original_v1
Dongri_Buzurg,Maharashtra,21.491686,79.702977,0.1433,0.1694,0.1748,0.2953,0.3632,0.2694,0.2563,6.671,0,Metamorphics,IND2480,313,298.0,348.0,2.1048927307128906,0.0,27.1,31.710000000000036,30.21,33.51,1.2299,0.9123,1.3482,0.4813,0.8131,50.0,27.1,3.3,Original Dataset / MOIL Ltd / IBM IMYB,original_v1
Dongri_Buzurg,Maharashtra,21.613975,79.699461,0.1538,0.183,0.1889,0.3461,0.3998,0.2956,0.2938,7.479,0,Metamorphics,IND2480,323,308.0,358.0,2.105289936065674,0.0,27.11,33.370000000000005,31.87,35.17,1.1552,0.8541,1.3525,0.4725,0.8657,50.0,27.11,3.3,Original Dataset / MOIL Ltd / IBM IMYB,original_v1
Dongri_Buzurg,Maharashtra,21.554473,79.656701,0.1777,0.2083,0.2298,0.3417,0.4039,0.3202,0.1958,2.78,0,Metamorphics,IND2480,310,295.0,345.0,1.3616186380386353,0.0,26.36,31.010000000000048,29.51,32.81,1.182,0.9371,1.2614,0.569,0.846,50.0,26.36,3.3,Original Dataset / MOIL Ltd / IBM IMYB,original_v1
Dongri_Buzurg,Maharashtra,21.566562,79.700525,0.2006,0.2373,0.2843,0.3775,0.5516,0.4709,0.1408,2.714,0,Metamorphics,IND2480,324,309.0,359.0,0.0,0.0,25.0,33.05000000000001,31.55,34.85,1.4612,1.2474,1.1714,0.5154,0.6844,50.0,25.0,3.3,Original Dataset / MOIL Ltd / IBM IMYB,original_v1
Dongri_Buzurg,Maharashtra,21.519453,79.628007,0.1688,0.1989,0.2176,0.3163,0.4036,0.321,0.1849,6.536,0,Metamorphics,IND2480,330,315.0,365.0,2.7213497161865234,0.0,27.72,32.05000000000001,30.55,33.85,1.276,1.0149,1.2573,0.5391,0.7837,50.0,27.72,3.3,Original Dataset / MOIL Ltd / IBM IMYB,original_v1
Dongri_Buzurg,Maharashtra,21.529803,79.641165,0.162,0.1917,0.2211,0.3435,0.4541,0.3482,0.2168,4.792,0,Metamorphics,IND2480,340,325.0,375.0,0.9969577193260193,0.0,26.0,32.57000000000005,31.07,34.37,1.322,1.0137,1.3041,0.4869,0.7564,50.0,26.0,3.3,Original Dataset / MOIL Ltd / IBM IMYB,original_v1
Dongri_Buzurg,Maharashtra,21.585209,79.736232,0.1642,0.1958,0.199,0.3359,0.3716,0.2985,0.2559,6.871,0,Metamorphics,IND2480,310,295.0,345.0,1.8543341159820557,0.0,26.85,30.77000000000004,29.27,32.57,1.1063,0.8887,1.2449,0.5355,0.9039,50.0,26.85,3.3,Original Dataset / MOIL Ltd / IBM IMYB,original_v1
Dongri_Buzurg,Maharashtra,21.59177,79.659083,0.1567,0.1844,0.1854,0.3501,0.3378,0.2782,0.3076,5.397,0,Metamorphics,IND2480,314,299.0,349.0,2.198951482772827,0.0,27.2,32.03000000000003,30.53,33.83,0.9649,0.7946,1.2142,0.5488,1.0364,50.0,27.2,3.3,Original Dataset / MOIL Ltd / IBM IMYB,original_v1
Dongri_Buzurg,Maharashtra,21.563785,79.702941,0.163,0.1894,0.2255,0.3405,0.463,0.3536,0.2032,2.684,0,Metamorphics,IND2480,333,318.0,368.0,4.85206937789917,1.85,29.85,33.05000000000001,31.55,34.85,1.3598,1.0385,1.3094,0.487,0.7354,50.0,28.0,3.3,Original Dataset / MOIL Ltd / IBM IMYB,original_v1
Dongri_Buzurg,Maharashtra,21.49762,79.692821,0.1481,0.1791,0.1792,0.3384,0.363,0.2574,0.3076,5.769,0,Metamorphics,IND2480,324,309.0,359.0,1.8543341159820557,0.0,26.85,31.29000000000002,29.79,33.09,1.0727,0.7606,1.4103,0.4937,0.9322,50.0,26.85,3.3,Original Dataset / MOIL Ltd / IBM IMYB,original_v1
Dongri_Buzurg,Maharashtra,21.609672,79.702236,0.1713,0.2019,0.2278,0.3394,0.447,0.36,0.1968,7.09,0,Metamorphics,IND2480,313,298.0,348.0,1.3618957996368408,0.0,26.36,33.39000000000004,31.89,35.19,1.317,1.0607,1.2417,0.5096,0.7593,50.0,26.36,3.3,Original Dataset / MOIL Ltd / IBM IMYB,original_v1
Dongri_Buzurg,Maharashtra,21.585403,79.725223,0.1679,0.195,0.2,0.3118,0.3706,0.3402,0.2184,6.006,0,Metamorphics,IND2480,308,293.0,343.0,0.99733966588974,0.0,26.0,30.79000000000002,29.29,32.59,1.1886,1.0911,1.0894,0.5397,0.8413,50.0,26.0,3.3,Original Dataset / MOIL Ltd / IBM IMYB,original_v1
Dongri_Buzurg,Maharashtra,21.577319,79.692824,0.2092,0.2441,0.2904,0.3934,0.53,0.4426,0.1506,3.361,0,Metamorphics,IND2480,308,293.0,343.0,3.704791784286499,0.7,28.7,31.690000000000055,30.19,33.49,1.3472,1.1251,1.1975,0.5479,0.7423,50.0,28.0,3.3,Original Dataset / MOIL Ltd / IBM IMYB,original_v1
Dongri_Buzurg,Maharashtra,21.558431,79.645273,0.1557,0.1768,0.186,0.2978,0.332,0.2678,0.2311,4.037,0,Metamorphics,IND2480,312,297.0,347.0,0.9971542954444885,0.0,26.0,32.53000000000003,31.03,34.33,1.1148,0.8993,1.2397,0.5602,0.897,50.0,26.0,3.3,Original Dataset / MOIL Ltd / IBM IMYB,original_v1
Dongri_Buzurg,Maharashtra,21.569127,79.723359,0.1728,0.2014,0.2355,0.3903,0.477,0.371,0.2474,4.781,0,Metamorphics,IND2480,356,341.0,391.0,3.8359375,0.84,28.84,32.210000000000036,30.71,34.01,1.2221,0.9506,1.2857,0.4937,0.8182,50.0,28.0,3.3,Original Dataset / MOIL Ltd / IBM IMYB,original_v1
Dongri_Buzurg,Maharashtra,21.56885,79.634822,0.1608,0.1894,0.2034,0.3184,0.3815,0.2971,0.2204,5.455,0,Metamorphics,IND2480,327,312.0,362.0,0.0,0.0,25.0,33.47000000000003,31.97,35.27,1.1982,0.9331,1.2841,0.5332,0.8346,50.0,25.0,3.3,Original Dataset / MOIL Ltd / IBM IMYB,original_v1
Dongri_Buzurg,Maharashtra,21.521371,79.683325,0.1987,0.2324,0.2737,0.3909,0.5049,0.4084,0.1763,3.032,0,Metamorphics,IND2480,344,329.0,379.0,4.204310894012451,1.2,29.2,32.73000000000002,31.23,34.53,1.2916,1.0448,1.2363,0.5421,0.7742,50.0,28.0,3.3,Original Dataset / MOIL Ltd / IBM IMYB,original_v1
Dongri_Buzurg,Maharashtra,21.559328,79.744469,0.1836,0.2296,0.2734,0.3465,0.4822,0.4134,0.1179,6.496,0,Metamorphics,IND2480,312,297.0,347.0,1.3616437911987305,0.0,26.36,32.410000000000025,30.91,34.21,1.3916,1.1931,1.1664,0.567,0.7186,50.0,26.36,3.3,Original Dataset / MOIL Ltd / IBM IMYB,original_v1
Dongri_Buzurg,Maharashtra,21.496195,79.71097,0.1512,0.1793,0.1876,0.3506,0.3754,0.2646,0.3029,6.522,0,Metamorphics,IND2480,328,313.0,363.0,5.034836292266846,2.03,30.03,31.710000000000036,30.21,33.51,1.0707,0.7547,1.4187,0.4997,0.9339,50.0,28.0,3.3,Original Dataset / MOIL Ltd / IBM IMYB,original_v1
Dongri_Buzurg,Maharashtra,21.607139,79.675729,0.1385,0.1602,0.156,0.257,0.2489,0.1965,0.2446,6.558,0,Metamorphics,IND2480,318,303.0,353.0,0.9974908232688904,0.0,26.0,32.29000000000002,30.79,34.09,0.9685,0.7646,1.2667,0.6268,1.0325,50.0,26.0,3.3,Original Dataset / MOIL Ltd / IBM IMYB,original_v1
Dongri_Buzurg,Maharashtra,21.524798,79.733627,0.1617,0.1877,0.2058,0.333,0.4143,0.3318,0.2361,5.892,0,Metamorphics,IND2480,314,299.0,349.0,2.1049997806549072,0.0,27.1,33.650000000000034,32.15,35.45,1.2441,0.9964,1.2486,0.4967,0.8038,50.0,27.1,3.3,Original Dataset / MOIL Ltd / IBM IMYB,original_v1
Chikla,Maharashtra,21.540037,79.752253,0.1607,0.1849,0.2072,0.3416,0.3664,0.3002,0.2449,0.371,1,Metamorphics,IND2497,419,404.0,454.0,18.979583740234375,15.98,43.98,33.01000000000005,31.51,34.81,1.0726,0.8788,1.2205,0.5655,0.9323,50.0,28.0,3.3,Original Dataset / MOIL Ltd / IBM IMYB,original_v1
Chikla,Maharashtra,21.543322,79.753326,0.2006,0.2289,0.2574,0.3948,0.4158,0.3211,0.2107,0.069,1,Metamorphics,IND2497,380,365.0,415.0,22.84285545349121,19.84,47.84,32.650000000000034,31.15,34.45,1.0532,0.8133,1.2949,0.619,0.9495,50.0,28.0,3.3,Original Dataset / MOIL Ltd / IBM IMYB,original_v1
Chikla,Maharashtra,21.543245,79.750961,0.1596,0.1837,0.2148,0.3768,0.3668,0.268,0.2738,0.306,1,Metamorphics,IND2497,371,356.0,406.0,12.43696117401123,9.44,37.44,32.650000000000034,31.15,34.45,0.9735,0.7113,1.3687,0.5856,1.0273,50.0,28.0,3.3,Original Dataset / MOIL Ltd / IBM IMYB,original_v1
Chikla,Maharashtra,21.541926,79.755837,0.1506,0.1768,0.1864,0.3387,0.3678,0.284,0.29,0.234,1,Metamorphics,IND2497,361,346.0,396.0,7.9261860847473145,4.93,32.93,32.39000000000004,30.89,34.19,1.0859,0.8385,1.2951,0.5068,0.9209,50.0,28.0,3.3,Original Dataset / MOIL Ltd / IBM IMYB,original_v1
Chikla,Maharashtra,21.54336,79.754375,0.1764,0.204,0.2243,0.3806,0.4034,0.3117,0.2584,0.063,1,Metamorphics,IND2497,370,355.0,405.0,14.011194229125977,11.01,39.01,32.650000000000034,31.15,34.45,1.0599,0.819,1.2942,0.556,0.9435,50.0,28.0,3.3,Original Dataset / MOIL Ltd / IBM IMYB,original_v1
Chikla,Maharashtra,21.542496,79.752356,0.2119,0.2392,0.2592,0.406,0.4186,0.3272,0.2207,0.169,1,Metamorphics,IND2497,399,384.0,434.0,21.465362548828125,18.47,46.47,32.650000000000034,31.15,34.45,1.031,0.8059,1.2793,0.6192,0.9699,50.0,28.0,3.3,Original Dataset / MOIL Ltd / IBM IMYB,original_v1
Chikla,Maharashtra,21.541175,79.754696,0.1526,0.1744,0.1955,0.3478,0.356,0.2658,0.2803,0.219,1,Metamorphics,IND2497,389,374.0,424.0,21.018739700317383,18.02,46.02,32.55000000000001,31.05,34.35,1.0236,0.7642,1.3394,0.5492,0.977,50.0,28.0,3.3,Original Dataset / MOIL Ltd / IBM IMYB,original_v1
Chikla,Maharashtra,21.54607,79.754763,0.1502,0.1672,0.1616,0.3821,0.3219,0.254,0.4056,0.353,1,Metamorphics,IND2497,333,318.0,368.0,2.7216145992279053,0.0,27.72,32.650000000000034,31.15,34.45,0.8424,0.6647,1.2673,0.502,1.187,50.0,27.72,3.3,Original Dataset / MOIL Ltd / IBM IMYB,original_v1
Chikla,Maharashtra,21.543289,79.753457,0.1912,0.2204,0.2476,0.4069,0.4098,0.3123,0.2434,0.056,1,Metamorphics,IND2497,378,363.0,413.0,19.79572105407715,16.8,44.8,32.650000000000034,31.15,34.45,1.0071,0.7675,1.3122,0.6042,0.9929,50.0,28.0,3.3,Original Dataset / MOIL Ltd / IBM IMYB,original_v1
Chikla,Maharashtra,21.543374,79.751612,0.1793,0.2037,0.2312,0.3086,0.379,0.3168,0.1434,0.24,1,Metamorphics,IND2497,368,353.0,403.0,4.732655048370361,1.73,29.73,32.650000000000034,31.15,34.45,1.2281,1.0266,1.1963,0.61,0.8142,50.0,28.0,3.3,Original Dataset / MOIL Ltd / IBM IMYB,original_v1
Chikla,Maharashtra,21.542771,79.75392,0.1607,0.1836,0.207,0.3558,0.3738,0.2745,0.2644,0.026,1,Metamorphics,IND2497,399,384.0,434.0,22.71674919128418,19.72,47.72,32.650000000000034,31.15,34.45,1.0506,0.7715,1.3617,0.5538,0.9518,50.0,28.0,3.3,Original Dataset / MOIL Ltd / IBM IMYB,original_v1
Chikla,Maharashtra,21.543086,79.754094,0.1641,0.1886,0.2072,0.3496,0.3895,0.3002,0.2557,0.022,1,Metamorphics,IND2497,384,369.0,419.0,19.220693588256836,16.22,44.22,32.650000000000034,31.15,34.45,1.1141,0.8587,1.2975,0.532,0.8976,50.0,28.0,3.3,Original Dataset / MOIL Ltd / IBM IMYB,original_v1
Chikla,Maharashtra,21.542729,79.75349,0.1596,0.1788,0.188,0.3716,0.3662,0.2649,0.3281,0.052,1,Metamorphics,IND2497,404,389.0,439.0,23.9083194732666,20.91,48.91,32.650000000000034,31.15,34.45,0.9855,0.7129,1.3824,0.5134,1.0147,50.0,28.0,3.3,Original Dataset / MOIL Ltd / IBM IMYB,original_v1
Chikla,Maharashtra,21.540365,79.755546,0.1582,0.1793,0.2058,0.3066,0.3685,0.2905,0.1967,0.339,1,Metamorphics,IND2497,364,349.0,399.0,18.404935836791992,15.4,43.4,32.55000000000001,31.05,34.35,1.2019,0.9475,1.2685,0.5585,0.832,50.0,28.0,3.3,Original Dataset / MOIL Ltd / IBM IMYB,original_v1
Chikla,Maharashtra,21.543394,79.75093,0.1596,0.1837,0.2148,0.3768,0.3668,0.268,0.2738,0.311,1,Metamorphics,IND2497,371,356.0,406.0,12.43696117401123,9.44,37.44,32.650000000000034,31.15,34.45,0.9735,0.7113,1.3687,0.5856,1.0273,50.0,28.0,3.3,Original Dataset / MOIL Ltd / IBM IMYB,original_v1
Chikla,Maharashtra,21.543658,79.756402,0.1635,0.1882,0.229,0.3476,0.4304,0.3166,0.2057,0.269,1,Metamorphics,IND2497,387,372.0,422.0,12.175030708312988,9.18,37.18,32.39000000000004,30.89,34.19,1.2382,0.9108,1.3594,0.5321,0.8076,50.0,28.0,3.3,Original Dataset / MOIL Ltd / IBM IMYB,original_v1
Chikla,Maharashtra,21.540775,79.753551,0.1738,0.1976,0.2252,0.3428,0.3875,0.3119,0.207,0.25,1,Metamorphics,IND2497,419,404.0,454.0,12.87369441986084,9.87,37.87,33.01000000000005,31.51,34.81,1.1304,0.9099,1.2424,0.5812,0.8846,50.0,28.0,3.3,Original Dataset / MOIL Ltd / IBM IMYB,original_v1
Chikla,Maharashtra,21.544399,79.753283,0.23,0.2564,0.2896,0.3236,0.4349,0.4421,0.0554,0.168,1,Metamorphics,IND2497,351,336.0,386.0,12.873997688293457,9.87,37.87,32.650000000000034,31.15,34.45,1.3439,1.3662,0.9837,0.6659,0.7441,50.0,28.0,3.3,Original Dataset / MOIL Ltd / IBM IMYB,original_v1
Chikla,Maharashtra,21.545094,79.754442,0.185,0.21,0.2317,0.3486,0.3958,0.3454,0.2014,0.24,1,Metamorphics,IND2497,335,320.0,370.0,2.1050665378570557,0.0,27.11,32.650000000000034,31.15,34.45,1.1354,0.9908,1.1459,0.5854,0.8807,50.0,27.11,3.3,Original Dataset / MOIL Ltd / IBM IMYB,original_v1
Chikla,Maharashtra,21.542238,79.753901,0.1577,0.1793,0.2039,0.3289,0.3878,0.291,0.2346,0.085,1,Metamorphics,IND2497,414,399.0,449.0,18.424283981323242,15.42,43.42,32.650000000000034,31.15,34.45,1.1791,0.8848,1.3326,0.5258,0.8481,50.0,28.0,3.3,Original Dataset / MOIL Ltd / IBM IMYB,original_v1
Chikla,Maharashtra,21.540732,79.751393,0.1544,0.1757,0.183,0.3588,0.3633,0.2672,0.3245,0.362,1,Metamorphics,IND2497,411,396.0,446.0,20.5220947265625,17.52,45.52,33.01000000000005,31.51,34.81,1.0125,0.7447,1.3597,0.5037,0.9876,50.0,28.0,3.3,Original Dataset / MOIL Ltd / IBM IMYB,original_v1
Chikla,Maharashtra,21.541437,79.75628,0.1596,0.1873,0.2018,0.343,0.3814,0.2912,0.2592,0.302,1,Metamorphics,IND2497,353,338.0,388.0,8.364081382751465,5.36,33.36,32.55000000000001,31.05,34.35,1.112,0.849,1.3098,0.5291,0.8993,50.0,28.0,3.3,Original Dataset / MOIL Ltd / IBM IMYB,original_v1
Chikla,Maharashtra,21.543018,79.754108,0.1641,0.1886,0.2072,0.3496,0.3895,0.3002,0.2557,0.022,1,Metamorphics,IND2497,384,369.0,419.0,19.220693588256836,16.22,44.22,32.650000000000034,31.15,34.45,1.1141,0.8587,1.2975,0.532,0.8976,50.0,28.0,3.3,Original Dataset / MOIL Ltd / IBM IMYB,original_v1
Chikla,Maharashtra,21.54245,79.753787,0.1618,0.1865,0.2116,0.3385,0.3814,0.2885,0.2307,0.062,1,Metamorphics,IND2497,410,395.0,445.0,18.98236846923828,15.98,43.98,32.650000000000034,31.15,34.45,1.1267,0.8523,1.322,0.5548,0.8875,50.0,28.0,3.3,Original Dataset / MOIL Ltd / IBM IMYB,original_v1
Chikla,Maharashtra,21.542684,79.754301,0.1516,0.173,0.1854,0.3548,0.3601,0.2608,0.3136,0.054,1,Metamorphics,IND2497,384,369.0,419.0,21.13875389099121,18.14,46.14,32.650000000000034,31.15,34.45,1.0149,0.7351,1.3808,0.5149,0.9853,50.0,28.0,3.3,Original Dataset / MOIL Ltd / IBM IMYB,original_v1
Chikla,Maharashtra,21.540441,79.753199,0.155,0.1712,0.1972,0.2881,0.3449,0.283,0.1873,0.294,1,Metamorphics,IND2497,429,414.0,464.0,10.837342262268066,7.84,35.84,33.01000000000005,31.51,34.81,1.1972,0.9823,1.2187,0.5718,0.8353,50.0,28.0,3.3,Original Dataset / MOIL Ltd / IBM IMYB,original_v1
Chikla,Maharashtra,21.543113,79.752952,0.1868,0.216,0.2369,0.3968,0.4204,0.3234,0.2523,0.099,1,Metamorphics,IND2497,391,376.0,426.0,23.443586349487305,20.44,48.44,32.650000000000034,31.15,34.45,1.0595,0.815,1.2999,0.5635,0.9439,50.0,28.0,3.3,Original Dataset / MOIL Ltd / IBM IMYB,original_v1
Chikla,Maharashtra,21.542618,79.756351,0.1592,0.1826,0.2158,0.3525,0.3863,0.2962,0.2405,0.257,1,Metamorphics,IND2497,361,346.0,396.0,11.393610000610352,8.39,36.39,32.39000000000004,30.89,34.19,1.0959,0.8403,1.3042,0.5586,0.9125,50.0,28.0,3.3,Original Dataset / MOIL Ltd / IBM IMYB,original_v1
Chikla,Maharashtra,21.543233,79.75307,0.2412,0.2782,0.317,0.4014,0.438,0.3573,0.1175,0.09,1,Metamorphics,IND2497,379,364.0,414.0,22.486812591552734,19.49,47.49,32.650000000000034,31.15,34.45,1.0912,0.8901,1.2259,0.7237,0.9164,50.0,28.0,3.3,Original Dataset / MOIL Ltd / IBM IMYB,original_v1
Chikla,Maharashtra,21.545349,79.753395,0.2184,0.261,0.2988,0.359,0.4578,0.4112,0.0915,0.267,1,Metamorphics,IND2497,358,343.0,393.0,21.019323348999023,18.02,46.02,32.650000000000034,31.15,34.45,1.2752,1.1454,1.1133,0.6527,0.7842,50.0,28.0,3.3,Original Dataset / MOIL Ltd / IBM IMYB,original_v1
Chikla,Maharashtra,21.543765,79.755549,0.1731,0.198,0.2464,0.3884,0.4485,0.329,0.2237,0.191,1,Metamorphics,IND2497,371,356.0,406.0,13.365883827209473,10.37,38.37,32.39000000000004,30.89,34.19,1.1547,0.8471,1.3632,0.5494,0.866,50.0,28.0,3.3,Original Dataset / MOIL Ltd / IBM IMYB,original_v1
Chikla,Maharashtra,21.545261,79.754575,0.158,0.1767,0.1808,0.36,0.3504,0.2689,0.3314,0.261,1,Metamorphics,IND2497,335,320.0,370.0,1.361572504043579,0.0,26.36,32.650000000000034,31.15,34.45,0.9733,0.7469,1.3031,0.516,1.0274,50.0,26.36,3.3,Original Dataset / MOIL Ltd / IBM IMYB,original_v1
Chikla,Maharashtra,21.542505,79.756276,0.2282,0.2371,0.2594,0.3329,0.4126,0.3902,0.1241,0.252,1,Metamorphics,IND2497,359,344.0,394.0,3.4192895889282227,0.42,28.42,32.39000000000004,30.89,34.19,1.2394,1.1721,1.0574,0.6287,0.8068,50.0,28.0,3.3,Original Dataset / MOIL Ltd / IBM IMYB,original_v1
Chikla,Maharashtra,21.542199,79.755371,0.1678,0.1961,0.2088,0.3465,0.3585,0.2823,0.248,0.176,1,Metamorphics,IND2497,363,348.0,398.0,9.148634910583496,6.15,34.15,32.39000000000004,30.89,34.19,1.0346,0.8147,1.2699,0.5824,0.9665,50.0,28.0,3.3,Original Dataset / MOIL Ltd / IBM IMYB,original_v1
Chikla,Maharashtra,21.543147,79.750912,0.1596,0.1837,0.2148,0.3768,0.3668,0.268,0.2738,0.31,1,Metamorphics,IND2497,371,356.0,406.0,12.43696117401123,9.44,37.44,32.650000000000034,31.15,34.45,0.9735,0.7113,1.3687,0.5856,1.0273,50.0,28.0,3.3,Original Dataset / MOIL Ltd / IBM IMYB,original_v1
Chikla,Maharashtra,21.542981,79.753557,0.1644,0.1834,0.1955,0.3658,0.3708,0.2709,0.3034,0.036,1,Metamorphics,IND2497,389,374.0,424.0,23.257230758666992,20.26,48.26,32.650000000000034,31.15,34.45,1.0137,0.7406,1.3688,0.5272,0.9865,50.0,28.0,3.3,Original Dataset / MOIL Ltd / IBM IMYB,original_v1
Chikla,Maharashtra,21.544424,79.756946,0.1665,0.1918,0.2323,0.3581,0.43,0.3196,0.2131,0.353,1,Metamorphics,IND2497,393,378.0,428.0,19.57638931274414,16.58,44.58,32.39000000000004,30.89,34.19,1.2008,0.8925,1.3454,0.5402,0.8328,50.0,28.0,3.3,Original Dataset / MOIL Ltd / IBM IMYB,original_v1
Chikla,Maharashtra,21.540292,79.754174,0.1628,0.183,0.2162,0.3174,0.3708,0.3052,0.1897,0.303,1,Metamorphics,IND2497,408,393.0,443.0,17.296052932739258,14.3,42.3,32.55000000000001,31.05,34.35,1.1682,0.9616,1.2149,0.5831,0.856,50.0,28.0,3.3,Original Dataset / MOIL Ltd / IBM IMYB,original_v1
Chikla,Maharashtra,21.543439,79.753535,0.1635,0.1872,0.1942,0.3765,0.3739,0.2786,0.3194,0.062,1,Metamorphics,IND2497,367,352.0,402.0,19.68862533569336,16.69,44.69,32.650000000000034,31.15,34.45,0.9931,0.74,1.3421,0.5194,1.007,50.0,28.0,3.3,Original Dataset / MOIL Ltd / IBM IMYB,original_v1
Chikla,Maharashtra,21.540902,79.752414,0.162,0.1833,0.2106,0.3118,0.3782,0.3143,0.1937,0.28,1,Metamorphics,IND2497,445,430.0,480.0,3.5154478549957275,0.52,28.52,33.01000000000005,31.51,34.81,1.213,1.008,1.2033,0.5568,0.8244,50.0,28.0,3.3,Original Dataset / MOIL Ltd / IBM IMYB,original_v1
Chikla,Maharashtra,21.54339,79.755158,0.2108,0.2337,0.2659,0.329,0.4082,0.3688,0.1061,0.137,1,Metamorphics,IND2497,366,351.0,401.0,3.8358914852142334,0.84,28.84,32.39000000000004,30.89,34.19,1.2407,1.121,1.1068,0.6514,0.806,50.0,28.0,3.3,Original Dataset / MOIL Ltd / IBM IMYB,original_v1
Chikla,Maharashtra,21.541916,79.756164,0.245,0.2435,0.2555,0.3782,0.4287,0.3868,0.1936,0.264,1,Metamorphics,IND2497,357,342.0,392.0,5.058067321777344,2.06,30.06,32.39000000000004,30.89,34.19,1.1335,1.0227,1.1083,0.596,0.8822,50.0,28.0,3.3,Original Dataset / MOIL Ltd / IBM IMYB,original_v1
Chikla,Maharashtra,21.541758,79.756476,0.1773,0.1998,0.213,0.3264,0.3616,0.2968,0.2102,0.3,1,Metamorphics,IND2497,354,339.0,389.0,6.093667984008789,3.09,31.09,32.55000000000001,31.05,34.35,1.1078,0.9093,1.2183,0.589,0.9027,50.0,28.0,3.3,Original Dataset / MOIL Ltd / IBM IMYB,original_v1
Chikla,Maharashtra,21.542962,79.753367,0.1823,0.2105,0.2275,0.3866,0.404,0.2957,0.2591,0.055,1,Metamorphics,IND2497,392,377.0,427.0,23.675220489501953,20.68,48.68,32.650000000000034,31.15,34.45,1.045,0.7649,1.3662,0.5631,0.9569,50.0,28.0,3.3,Original Dataset / MOIL Ltd / IBM IMYB,original_v1
Chikla,Maharashtra,21.540877,79.756168,0.209,0.233,0.2567,0.33,0.3978,0.3545,0.1249,0.333,1,Metamorphics,IND2497,346,331.0,381.0,3.5154478549957275,0.52,28.52,32.55000000000001,31.05,34.35,1.2055,1.0742,1.1221,0.6453,0.8296,50.0,28.0,3.3,Original Dataset / MOIL Ltd / IBM IMYB,original_v1
Chikla,Maharashtra,21.511167,79.760208,0.151,0.1711,0.1863,0.3101,0.3758,0.281,0.2494,3.603,0,Metamorphics,IND2497,314,299.0,349.0,2.1049556732177734,0.0,27.1,32.370000000000005,30.87,34.17,1.2119,0.9062,1.3374,0.4957,0.8252,50.0,27.1,3.3,Original Dataset / MOIL Ltd / IBM IMYB,original_v1
Chikla,Maharashtra,21.577155,79.723712,0.1848,0.217,0.2606,0.366,0.5067,0.4028,0.1682,4.922,0,Metamorphics,IND2497,326,311.0,361.0,0.9274099469184875,0.0,25.93,31.190000000000055,29.69,32.99,1.3844,1.1005,1.2579,0.5143,0.7223,50.0,25.93,3.3,Original Dataset / MOIL Ltd / IBM IMYB,original_v1
Chikla,Maharashtra,21.569045,79.740267,0.2012,0.2266,0.2559,0.3528,0.4275,0.3698,0.1592,3.225,0,Metamorphics,IND2497,318,303.0,353.0,2.721848964691162,0.0,27.72,33.27000000000004,31.77,35.07,1.2117,1.0482,1.156,0.5986,0.8253,50.0,27.72,3.3,Original Dataset / MOIL Ltd / IBM IMYB,original_v1
Chikla,Maharashtra,21.510413,79.783887,0.1354,0.1618,0.1412,0.399,0.2543,0.183,0.4772,4.775,0,Metamorphics,IND2497,300,285.0,335.0,2.1049530506134033,0.0,27.1,29.710000000000036,28.21,31.51,0.6373,0.4586,1.3896,0.5552,1.569,50.0,27.1,3.3,Original Dataset / MOIL Ltd / IBM IMYB,original_v1
Chikla,Maharashtra,21.537612,79.72372,0.1783,0.2128,0.2405,0.3822,0.4744,0.3672,0.2276,3.182,0,Metamorphics,IND2497,324,309.0,359.0,2.953120231628418,0.0,27.95,33.99000000000001,32.49,35.79,1.2412,0.9608,1.2919,0.507,0.8056,50.0,27.95,3.3,Original Dataset / MOIL Ltd / IBM IMYB,original_v1
Chikla,Maharashtra,21.593247,79.745537,0.1719,0.2029,0.2143,0.3384,0.374,0.3154,0.2245,5.66,0,Metamorphics,IND2497,292,277.0,327.0,0.9973931908607483,0.0,26.0,31.49000000000001,29.99,33.29,1.1052,0.932,1.1858,0.573,0.9048,50.0,26.0,3.3,Original Dataset / MOIL Ltd / IBM IMYB,original_v1
Chikla,Maharashtra,21.56499,79.778208,0.1313,0.1374,0.1267,0.1125,0.1197,0.1164,-0.0594,3.511,0,Metamorphics,IND2497,295,280.0,330.0,0.0,0.0,25.0,30.390000000000043,28.89,32.19,1.064,1.0347,1.0284,1.0585,0.9398,50.0,25.0,3.3,Original Dataset / MOIL Ltd / IBM IMYB,original_v1
Chikla,Maharashtra,21.592831,79.774976,0.1481,0.1744,0.1723,0.3488,0.3286,0.2617,0.3387,5.961,0,Metamorphics,IND2497,286,271.0,321.0,2.7220866680145264,0.0,27.72,33.450000000000045,31.95,35.25,0.9421,0.7503,1.2556,0.5243,1.0615,50.0,27.72,3.3,Original Dataset / MOIL Ltd / IBM IMYB,original_v1
Chikla,Maharashtra,21.560043,79.729223,0.1716,0.2056,0.2374,0.3685,0.4538,0.3518,0.2164,3.183,0,Metamorphics,IND2497,327,312.0,362.0,3.419429302215576,0.42,28.42,33.23000000000002,31.73,35.03,1.2315,0.9547,1.2899,0.5231,0.812,50.0,28.0,3.3,Original Dataset / MOIL Ltd / IBM IMYB,original_v1
Chikla,Maharashtra,21.563457,79.79463,0.1809,0.212,0.2326,0.3796,0.4422,0.3644,0.2401,4.793,0,Metamorphics,IND2497,291,276.0,326.0,0.9274099469184875,0.0,25.93,32.35000000000002,30.85,34.15,1.1649,0.96,1.2135,0.526,0.8584,50.0,25.93,3.3,Original Dataset / MOIL Ltd / IBM IMYB,original_v1
Chikla,Maharashtra,21.571642,79.727233,0.1762,0.2076,0.249,0.3706,0.4883,0.3796,0.1963,4.218,0,Metamorphics,IND2497,347,332.0,382.0,1.9938881397247314,0.0,26.99,33.47000000000003,31.97,35.27,1.3176,1.0243,1.2864,0.5099,0.759,50.0,26.99,3.3,Original Dataset / MOIL Ltd / IBM IMYB,original_v1
Chikla,Maharashtra,21.555191,79.702243,0.1599,0.188,0.206,0.3617,0.4055,0.2994,0.2743,5.518,0,Metamorphics,IND2497,377,362.0,412.0,5.431185245513916,2.43,30.43,32.35000000000002,30.85,34.15,1.1211,0.8278,1.3544,0.508,0.892,50.0,28.0,3.3,Original Dataset / MOIL Ltd / IBM IMYB,original_v1
Chikla,Maharashtra,21.503931,79.718467,0.1436,0.1732,0.1728,0.3332,0.3327,0.2324,0.317,5.69,0,Metamorphics,IND2497,338,323.0,373.0,0.9967805743217468,0.0,26.0,32.23000000000002,30.73,34.03,0.9985,0.6975,1.4316,0.5194,1.0015,50.0,26.0,3.3,Original Dataset / MOIL Ltd / IBM IMYB,original_v1
Chikla,Maharashtra,21.572562,79.747865,0.2218,0.2567,0.2786,0.3662,0.413,0.361,0.1359,3.35,0,Metamorphics,IND2497,316,301.0,351.0,2.1051552295684814,0.0,27.11,32.370000000000005,30.87,34.17,1.1278,0.9858,1.144,0.6746,0.8867,50.0,27.11,3.3,Original Dataset / MOIL Ltd / IBM IMYB,original_v1
Chikla,Maharashtra,21.595096,79.787728,0.1566,0.182,0.1813,0.3242,0.3294,0.2744,0.2827,6.775,0,Metamorphics,IND2497,285,270.0,320.0,1.3618229627609253,0.0,26.36,33.43000000000001,31.93,35.23,1.016,0.8464,1.2004,0.5504,0.9842,50.0,26.36,3.3,Original Dataset / MOIL Ltd / IBM IMYB,original_v1
Chikla,Maharashtra,21.482191,79.758338,0.1494,0.1743,0.1668,0.3692,0.3228,0.2362,0.3776,6.785,0,Metamorphics,IND2497,339,324.0,374.0,14.009822845458984,11.01,39.01,32.99000000000001,31.49,34.79,0.8743,0.6398,1.3666,0.5167,1.1437,50.0,28.0,3.3,Original Dataset / MOIL Ltd / IBM IMYB,original_v1
Chikla,Maharashtra,21.48664,79.714597,0.152,0.1776,0.1883,0.3142,0.3812,0.2792,0.2505,7.478,0,Metamorphics,IND2497,313,298.0,348.0,1.8543341159820557,0.0,26.85,31.950000000000045,30.45,33.75,1.2132,0.8886,1.3653,0.494,0.8242,50.0,26.85,3.3,Original Dataset / MOIL Ltd / IBM IMYB,original_v1
Chikla,Maharashtra,21.532055,79.81738,0.14,0.1648,0.1666,0.3002,0.3554,0.2559,0.2862,6.685,0,Metamorphics,IND2497,302,287.0,337.0,3.1286022663116455,0.13,28.13,30.05000000000001,28.55,31.85,1.1839,0.8524,1.3888,0.4688,0.8447,50.0,28.0,3.3,Original Dataset / MOIL Ltd / IBM IMYB,original_v1
Chikla,Maharashtra,21.538208,79.694728,0.1464,0.1734,0.177,0.3176,0.3762,0.2762,0.2843,6.15,0,Metamorphics,IND2497,350,335.0,385.0,4.204418659210205,1.2,29.2,33.49000000000001,31.99,35.29,1.1845,0.8696,1.3621,0.4705,0.8442,50.0,28.0,3.3,Original Dataset / MOIL Ltd / IBM IMYB,original_v1
Chikla,Maharashtra,21.527345,79.785786,0.1518,0.1759,0.19,0.331,0.3876,0.2796,0.2706,3.733,0,Metamorphics,IND2497,318,303.0,353.0,2.9884164333343506,0.0,27.99,31.890000000000043,30.39,33.69,1.171,0.8447,1.3863,0.4902,0.854,50.0,27.99,3.3,Original Dataset / MOIL Ltd / IBM IMYB,original_v1
Chikla,Maharashtra,21.58071,79.721136,0.1792,0.21,0.2174,0.3508,0.3968,0.3364,0.2348,5.397,0,Metamorphics,IND2497,317,302.0,352.0,2.1988162994384766,0.0,27.2,31.010000000000048,29.51,32.81,1.1311,0.959,1.1795,0.5479,0.8841,50.0,27.2,3.3,Original Dataset / MOIL Ltd / IBM IMYB,original_v1
Chikla,Maharashtra,21.57208,79.79635,0.2243,0.2632,0.3202,0.4116,0.5939,0.4996,0.1249,5.459,0,Metamorphics,IND2497,297,282.0,332.0,1.361708164215088,0.0,26.36,32.670000000000016,31.17,34.47,1.4429,1.2138,1.1888,0.5391,0.693,50.0,26.36,3.3,Original Dataset / MOIL Ltd / IBM IMYB,original_v1
Chikla,Maharashtra,21.591201,79.755554,0.1792,0.2083,0.2306,0.3467,0.4184,0.3454,0.2011,5.369,0,Metamorphics,IND2497,293,278.0,328.0,1.3618032932281494,0.0,26.36,30.670000000000016,29.17,32.47,1.2068,0.9963,1.2113,0.5511,0.8286,50.0,26.36,3.3,Original Dataset / MOIL Ltd / IBM IMYB,original_v1
Chikla,Maharashtra,21.607388,79.771701,0.2514,0.2814,0.315,0.3854,0.4713,0.426,0.1005,7.401,0,Metamorphics,IND2497,305,290.0,340.0,3.836005687713623,0.84,28.84,32.170000000000016,30.67,33.97,1.2229,1.1053,1.1063,0.6684,0.8177,50.0,28.0,3.3,Original Dataset / MOIL Ltd / IBM IMYB,original_v1
Chikla,Maharashtra,21.548085,79.707348,0.1559,0.1806,0.1948,0.3367,0.3924,0.311,0.267,4.853,0,Metamorphics,IND2497,371,356.0,406.0,11.210270881652832,8.21,36.21,32.650000000000034,31.15,34.45,1.1654,0.9237,1.2617,0.4964,0.8581,50.0,28.0,3.3,Original Dataset / MOIL Ltd / IBM IMYB,original_v1
Chikla,Maharashtra,21.519489,79.748893,0.1447,0.1688,0.1584,0.377,0.2715,0.2024,0.4083,2.668,0,Metamorphics,IND2497,312,297.0,347.0,3.8358490467071533,0.84,28.84,33.170000000000016,31.67,34.97,0.7202,0.5369,1.3414,0.5834,1.3886,50.0,28.0,3.3,Original Dataset / MOIL Ltd / IBM IMYB,original_v1
Chikla,Maharashtra,21.55607,79.708748,0.1522,0.184,0.1869,0.3746,0.3758,0.2744,0.3343,4.896,0,Metamorphics,IND2497,369,354.0,404.0,10.283655166625977,7.28,35.28,32.370000000000005,30.87,34.17,1.0032,0.7325,1.3695,0.4973,0.9968,50.0,28.0,3.3,Original Dataset / MOIL Ltd / IBM IMYB,original_v1
Chikla,Maharashtra,21.486283,79.772683,0.1639,0.183,0.2308,0.324,0.4149,0.3309,0.168,6.606,0,Metamorphics,IND2497,432,417.0,467.0,14.282512664794922,11.28,39.28,32.950000000000045,31.45,34.75,1.2806,1.0213,1.2539,0.5563,0.7809,50.0,28.0,3.3,Original Dataset / MOIL Ltd / IBM IMYB,original_v1
Chikla,Maharashtra,21.51196,79.741053,0.1462,0.169,0.1847,0.3048,0.4099,0.3041,0.2454,3.703,0,Metamorphics,IND2497,314,299.0,349.0,4.204249858856201,1.2,29.2,32.89000000000004,31.39,34.69,1.3448,0.9977,1.3479,0.4506,0.7436,50.0,28.0,3.3,Original Dataset / MOIL Ltd / IBM IMYB,original_v1
Chikla,Maharashtra,21.540372,79.729318,0.1848,0.2128,0.2522,0.3654,0.4917,0.3832,0.1833,2.562,0,Metamorphics,IND2497,327,312.0,362.0,4.851546764373779,1.85,29.85,33.83000000000004,32.33,35.63,1.3456,1.0487,1.2831,0.5129,0.7431,50.0,28.0,3.3,Original Dataset / MOIL Ltd / IBM IMYB,original_v1
Chikla,Maharashtra,21.586765,79.805749,0.1408,0.161,0.1541,0.1362,0.1446,0.135,-0.0617,7.25,0,Metamorphics,IND2497,290,275.0,325.0,3.5162487030029297,0.52,28.52,33.07000000000005,31.57,34.87,1.0617,0.9912,1.0711,1.0657,0.9419,50.0,28.0,3.3,Original Dataset / MOIL Ltd / IBM IMYB,original_v1
Chikla,Maharashtra,21.521564,79.72315,0.2127,0.255,0.3186,0.408,0.4823,0.4253,0.123,3.979,0,Metamorphics,IND2497,333,318.0,368.0,0.9969005584716797,0.0,26.0,33.55000000000001,32.05,35.35,1.1821,1.0424,1.134,0.6606,0.8459,50.0,26.0,3.3,Original Dataset / MOIL Ltd / IBM IMYB,original_v1
Chikla,Maharashtra,21.516681,79.757514,0.1487,0.1773,0.1885,0.3296,0.3951,0.2932,0.2723,2.954,0,Metamorphics,IND2497,309,294.0,344.0,4.754489898681641,1.75,29.75,32.47000000000003,30.97,34.27,1.1987,0.8896,1.3475,0.4771,0.8342,50.0,28.0,3.3,Original Dataset / MOIL Ltd / IBM IMYB,original_v1
Chikla,Maharashtra,21.532545,79.716696,0.1824,0.2178,0.2566,0.3641,0.4782,0.3826,0.1732,4.024,0,Metamorphics,IND2497,335,320.0,370.0,0.9969767928123474,0.0,26.0,33.950000000000045,32.45,35.75,1.3134,1.0508,1.2499,0.5366,0.7614,50.0,26.0,3.3,Original Dataset / MOIL Ltd / IBM IMYB,original_v1
Chikla,Maharashtra,21.54196,79.688337,0.2062,0.2137,0.2236,0.3093,0.3791,0.355,0.1608,6.79,0,Metamorphics,IND2497,352,337.0,387.0,5.890653133392334,2.89,30.89,32.89000000000004,31.39,34.69,1.2257,1.1478,1.0679,0.5898,0.8159,50.0,28.0,3.3,Original Dataset / MOIL Ltd / IBM IMYB,original_v1
Chikla,Maharashtra,21.520388,79.760989,0.1549,0.183,0.188,0.3595,0.2992,0.2216,0.3132,2.622,0,Metamorphics,IND2497,306,291.0,341.0,2.721358060836792,0.0,27.72,32.27000000000004,30.77,34.07,0.8323,0.6164,1.3502,0.6283,1.2015,50.0,27.72,3.3,Original Dataset / MOIL Ltd / IBM IMYB,original_v1
Chikla,Maharashtra,21.58319,79.710255,0.146,0.1631,0.1513,0.26,0.2065,0.1697,0.2643,6.359,0,Metamorphics,IND2497,307,292.0,342.0,2.9895591735839844,0.0,27.99,31.130000000000052,29.63,32.93,0.7942,0.6527,1.2169,0.7327,1.2591,50.0,27.99,3.3,Original Dataset / MOIL Ltd / IBM IMYB,original_v1
Chikla,Maharashtra,21.553078,79.711545,0.1562,0.1843,0.2098,0.3495,0.4136,0.3043,0.2498,4.527,0,Metamorphics,IND2497,373,358.0,408.0,6.760324001312256,3.76,31.76,32.370000000000005,30.87,34.17,1.1834,0.8707,1.3592,0.5073,0.845,50.0,28.0,3.3,Original Dataset / MOIL Ltd / IBM IMYB,original_v1
Chikla,Maharashtra,21.504884,79.76325,0.155,0.182,0.1958,0.3249,0.3995,0.2952,0.2479,4.352,0,Metamorphics,IND2497,326,311.0,361.0,2.104935884475708,0.0,27.1,32.05000000000001,30.55,33.85,1.2296,0.9086,1.3533,0.4901,0.8133,50.0,27.1,3.3,Original Dataset / MOIL Ltd / IBM IMYB,original_v1
Chikla,Maharashtra,21.575544,79.711813,0.142,0.1648,0.1571,0.2989,0.2424,0.1951,0.311,5.667,0,Metamorphics,IND2497,315,300.0,350.0,0.0,0.0,25.0,31.010000000000048,29.51,32.81,0.811,0.6527,1.2424,0.6481,1.2331,50.0,25.0,3.3,Original Dataset / MOIL Ltd / IBM IMYB,original_v1
Chikla,Maharashtra,21.563099,79.736796,0.1583,0.1836,0.1744,0.2322,0.2324,0.1877,0.1422,2.853,0,Metamorphics,IND2497,316,301.0,351.0,0.9274099469184875,0.0,25.93,33.23000000000002,31.73,35.03,1.0009,0.8084,1.2381,0.7504,0.9991,50.0,25.93,3.3,Original Dataset / MOIL Ltd / IBM IMYB,original_v1
Chikla,Maharashtra,21.579623,79.762109,0.1762,0.206,0.227,0.3695,0.4208,0.335,0.2389,4.165,0,Metamorphics,IND2497,303,288.0,338.0,1.3617459535598755,0.0,26.36,31.010000000000048,29.51,32.81,1.1388,0.9066,1.2561,0.5394,0.8781,50.0,26.36,3.3,Original Dataset / MOIL Ltd / IBM IMYB,original_v1
Chikla,Maharashtra,21.537842,79.798266,0.1494,0.1785,0.1813,0.3302,0.3601,0.2638,0.2911,4.63,0,Metamorphics,IND2497,310,295.0,345.0,0.9970130324363708,0.0,26.0,31.710000000000036,30.21,33.51,1.0906,0.7989,1.365,0.5035,0.917,50.0,26.0,3.3,Original Dataset / MOIL Ltd / IBM IMYB,original_v1
Chikla,Maharashtra,21.480343,79.735501,0.1519,0.1744,0.1774,0.3162,0.3578,0.2828,0.2812,7.23,0,Metamorphics,IND2497,319,304.0,354.0,2.1975698471069336,0.0,27.2,32.29000000000002,30.79,34.09,1.1316,0.8944,1.2652,0.4958,0.8837,50.0,27.2,3.3,Original Dataset / MOIL Ltd / IBM IMYB,original_v1
Chikla,Maharashtra,21.556641,79.693136,0.1365,0.1616,0.165,0.2955,0.3436,0.2478,0.2834,6.472,0,Metamorphics,IND2497,335,320.0,370.0,3.704791784286499,0.7,28.7,32.710000000000036,31.21,34.51,1.1628,0.8386,1.3866,0.4802,0.86,50.0,28.0,3.3,Original Dataset / MOIL Ltd / IBM IMYB,original_v1
